# step, loss_train, loss_test, metrics_test
0.000000000000000000e+00 1.871130615472793579e-01 7.425489276647567749e-02 4.275597265625000000e+04 1.871130615472793579e-01 7.425489276647567749e-02 4.275597265625000000e+04
1.000000000000000000e+03 4.546212963759899139e-03 2.737603615969419479e-03 9.004587890625000000e+03 4.546212963759899139e-03 2.737603615969419479e-03 9.004587890625000000e+03
2.000000000000000000e+03 4.900748608633875847e-04 8.846515265759080648e-05 3.832338623046875000e+03 4.900748608633875847e-04 8.846515265759080648e-05 3.832338623046875000e+03
3.000000000000000000e+03 2.086492750095203519e-04 2.248215241706930101e-05 1.392212280273437500e+03 2.086492750095203519e-04 2.248215241706930101e-05 1.392212280273437500e+03
4.000000000000000000e+03 1.631706545595079660e-04 1.266505842067999765e-05 5.029237365722656250e+02 1.631706545595079660e-04 1.266505842067999765e-05 5.029237365722656250e+02
5.000000000000000000e+03 1.502616214565932751e-04 8.071839693002402782e-05 2.496670532226562500e+02 1.502616214565932751e-04 8.071839693002402782e-05 2.496670532226562500e+02
6.000000000000000000e+03 7.358785951510071754e-04 8.306403178721666336e-04 1.560752563476562500e+02 7.358785951510071754e-04 8.306403178721666336e-04 1.560752563476562500e+02
7.000000000000000000e+03 6.419032579287886620e-04 7.924298988655209541e-04 1.240240936279296875e+02 6.419032579287886620e-04 7.924298988655209541e-04 1.240240936279296875e+02
8.000000000000000000e+03 3.048900747671723366e-03 9.270764421671628952e-04 1.088916397094726562e+02 3.048900747671723366e-03 9.270764421671628952e-04 1.088916397094726562e+02
9.000000000000000000e+03 4.488106817007064819e-03 2.002015244215726852e-03 9.991049957275390625e+01 4.488106817007064819e-03 2.002015244215726852e-03 9.991049957275390625e+01
1.000000000000000000e+04 1.898739114403724670e-02 4.393426235765218735e-03 9.482085418701171875e+01 1.898739114403724670e-02 4.393426235765218735e-03 9.482085418701171875e+01
1.100000000000000000e+04 1.101590394973754883e-01 1.764576323330402374e-02 8.190846252441406250e+01 1.101590394973754883e-01 1.764576323330402374e-02 8.190846252441406250e+01
1.200000000000000000e+04 2.601535618305206299e-01 2.170586399734020233e-02 7.357472991943359375e+01 2.601535618305206299e-01 2.170586399734020233e-02 7.357472991943359375e+01
1.300000000000000000e+04 7.442255020141601562e-01 2.249490842223167419e-02 3.824681091308593750e+01 7.442255020141601562e-01 2.249490842223167419e-02 3.824681091308593750e+01
1.400000000000000000e+04 8.051975369453430176e-01 1.616270281374454498e-02 1.347713947296142578e+01 8.051975369453430176e-01 1.616270281374454498e-02 1.347713947296142578e+01
1.500000000000000000e+04 6.317932009696960449e-01 9.494720026850700378e-03 8.421893119812011719e+00 6.317932009696960449e-01 9.494720026850700378e-03 8.421893119812011719e+00
1.600000000000000000e+04 4.692053496837615967e-01 6.830404978245496750e-03 6.024958133697509766e+00 4.692053496837615967e-01 6.830404978245496750e-03 6.024958133697509766e+00
1.700000000000000000e+04 3.966815769672393799e-01 7.935889996588230133e-03 4.725183010101318359e+00 3.966815769672393799e-01 7.935889996588230133e-03 4.725183010101318359e+00
1.800000000000000000e+04 3.374316394329071045e-01 8.203987963497638702e-03 3.774226903915405273e+00 3.374316394329071045e-01 8.203987963497638702e-03 3.774226903915405273e+00
1.900000000000000000e+04 3.148778676986694336e-01 8.224594406783580780e-03 2.946973800659179688e+00 3.148778676986694336e-01 8.224594406783580780e-03 2.946973800659179688e+00
2.000000000000000000e+04 2.910237610340118408e-01 8.495794609189033508e-03 2.067357778549194336e+00 2.910237610340118408e-01 8.495794609189033508e-03 2.067357778549194336e+00
2.100000000000000000e+04 2.753936946392059326e-01 8.660960942506790161e-03 1.676256060600280762e+00 2.753936946392059326e-01 8.660960942506790161e-03 1.676256060600280762e+00
2.200000000000000000e+04 2.482242882251739502e-01 9.193691425025463104e-03 1.480772137641906738e+00 2.482242882251739502e-01 9.193691425025463104e-03 1.480772137641906738e+00
2.300000000000000000e+04 2.250674068927764893e-01 9.388657286763191223e-03 1.378178834915161133e+00 2.250674068927764893e-01 9.388657286763191223e-03 1.378178834915161133e+00
2.400000000000000000e+04 2.067251652479171753e-01 9.227367118000984192e-03 1.314906239509582520e+00 2.067251652479171753e-01 9.227367118000984192e-03 1.314906239509582520e+00
2.500000000000000000e+04 1.890734136104583740e-01 8.913313969969749451e-03 1.268764734268188477e+00 1.890734136104583740e-01 8.913313969969749451e-03 1.268764734268188477e+00
2.600000000000000000e+04 1.741250455379486084e-01 8.518908172845840454e-03 1.232930898666381836e+00 1.741250455379486084e-01 8.518908172845840454e-03 1.232930898666381836e+00
2.700000000000000000e+04 1.652461141347885132e-01 8.161378093063831329e-03 1.204603314399719238e+00 1.652461141347885132e-01 8.161378093063831329e-03 1.204603314399719238e+00
2.800000000000000000e+04 1.551147699356079102e-01 7.908235304057598114e-03 1.171536564826965332e+00 1.551147699356079102e-01 7.908235304057598114e-03 1.171536564826965332e+00
2.900000000000000000e+04 1.514595746994018555e-01 7.743619382381439209e-03 1.128569602966308594e+00 1.514595746994018555e-01 7.743619382381439209e-03 1.128569602966308594e+00
3.000000000000000000e+04 1.542873829603195190e-01 7.746602408587932587e-03 1.062753081321716309e+00 1.542873829603195190e-01 7.746602408587932587e-03 1.062753081321716309e+00
3.100000000000000000e+04 1.497883796691894531e-01 7.858671247959136963e-03 9.848490357398986816e-01 1.497883796691894531e-01 7.858671247959136963e-03 9.848490357398986816e-01
3.200000000000000000e+04 1.480382382869720459e-01 8.095953613519668579e-03 9.276656508445739746e-01 1.480382382869720459e-01 8.095953613519668579e-03 9.276656508445739746e-01
3.300000000000000000e+04 1.430746614933013916e-01 8.336910046637058258e-03 8.948277831077575684e-01 1.430746614933013916e-01 8.336910046637058258e-03 8.948277831077575684e-01
3.400000000000000000e+04 1.333044767379760742e-01 8.500290103256702423e-03 8.654187321662902832e-01 1.333044767379760742e-01 8.500290103256702423e-03 8.654187321662902832e-01
3.500000000000000000e+04 1.269600391387939453e-01 8.500727824866771698e-03 8.460234999656677246e-01 1.269600391387939453e-01 8.500727824866771698e-03 8.460234999656677246e-01
3.600000000000000000e+04 1.259927004575729370e-01 8.377996273338794708e-03 8.262122273445129395e-01 1.259927004575729370e-01 8.377996273338794708e-03 8.262122273445129395e-01
3.700000000000000000e+04 1.157131940126419067e-01 8.171719498932361603e-03 8.092724680900573730e-01 1.157131940126419067e-01 8.171719498932361603e-03 8.092724680900573730e-01
3.800000000000000000e+04 1.226630136370658875e-01 8.019189350306987762e-03 7.946385741233825684e-01 1.226630136370658875e-01 8.019189350306987762e-03 7.946385741233825684e-01
3.900000000000000000e+04 1.083210185170173645e-01 7.796140853315591812e-03 7.813820838928222656e-01 1.083210185170173645e-01 7.796140853315591812e-03 7.813820838928222656e-01
4.000000000000000000e+04 1.092383712530136108e-01 7.636705413460731506e-03 7.637455463409423828e-01 1.092383712530136108e-01 7.636705413460731506e-03 7.637455463409423828e-01
4.100000000000000000e+04 1.023265793919563293e-01 7.481071632355451584e-03 7.515246868133544922e-01 1.023265793919563293e-01 7.481071632355451584e-03 7.515246868133544922e-01
4.200000000000000000e+04 1.008766517043113708e-01 7.371045183390378952e-03 7.373515963554382324e-01 1.008766517043113708e-01 7.371045183390378952e-03 7.373515963554382324e-01
4.300000000000000000e+04 9.844010323286056519e-02 7.256738375872373581e-03 7.297405600547790527e-01 9.844010323286056519e-02 7.256738375872373581e-03 7.297405600547790527e-01
4.400000000000000000e+04 9.651255607604980469e-02 7.170566823333501816e-03 7.150995135307312012e-01 9.651255607604980469e-02 7.170566823333501816e-03 7.150995135307312012e-01
4.500000000000000000e+04 9.554219245910644531e-02 7.098968606442213058e-03 7.027816176414489746e-01 9.554219245910644531e-02 7.098968606442213058e-03 7.027816176414489746e-01
4.600000000000000000e+04 9.647633880376815796e-02 7.022410165518522263e-03 6.890010833740234375e-01 9.647633880376815796e-02 7.022410165518522263e-03 6.890010833740234375e-01
4.700000000000000000e+04 9.455733001232147217e-02 6.984947714954614639e-03 6.786205172538757324e-01 9.455733001232147217e-02 6.984947714954614639e-03 6.786205172538757324e-01
4.800000000000000000e+04 9.443644434213638306e-02 6.930136587470769882e-03 6.668030023574829102e-01 9.443644434213638306e-02 6.930136587470769882e-03 6.668030023574829102e-01
4.900000000000000000e+04 9.468798339366912842e-02 6.898371502757072449e-03 6.543453335762023926e-01 9.468798339366912842e-02 6.898371502757072449e-03 6.543453335762023926e-01
5.000000000000000000e+04 9.287608414888381958e-02 6.872717756778001785e-03 6.438612937927246094e-01 9.287608414888381958e-02 6.872717756778001785e-03 6.438612937927246094e-01
5.100000000000000000e+04 9.225804358720779419e-02 6.809081882238388062e-03 6.315661668777465820e-01 9.225804358720779419e-02 6.809081882238388062e-03 6.315661668777465820e-01
5.200000000000000000e+04 9.445625543594360352e-02 6.769493222236633301e-03 6.218836903572082520e-01 9.445625543594360352e-02 6.769493222236633301e-03 6.218836903572082520e-01
5.300000000000000000e+04 9.264036267995834351e-02 6.762624718248844147e-03 6.124193072319030762e-01 9.264036267995834351e-02 6.762624718248844147e-03 6.124193072319030762e-01
5.400000000000000000e+04 9.106290340423583984e-02 6.704901345074176788e-03 6.038650274276733398e-01 9.106290340423583984e-02 6.704901345074176788e-03 6.038650274276733398e-01
5.500000000000000000e+04 9.567684680223464966e-02 6.677631754428148270e-03 5.977222919464111328e-01 9.567684680223464966e-02 6.677631754428148270e-03 5.977222919464111328e-01
5.600000000000000000e+04 8.969707041978836060e-02 6.660451181232929230e-03 5.862656235694885254e-01 8.969707041978836060e-02 6.660451181232929230e-03 5.862656235694885254e-01
5.700000000000000000e+04 9.457977116107940674e-02 6.616857368499040604e-03 5.782477855682373047e-01 9.457977116107940674e-02 6.616857368499040604e-03 5.782477855682373047e-01
5.800000000000000000e+04 8.806835860013961792e-02 6.606442388147115707e-03 5.690398216247558594e-01 8.806835860013961792e-02 6.606442388147115707e-03 5.690398216247558594e-01
5.900000000000000000e+04 8.953113108873367310e-02 6.578791420906782150e-03 5.635343194007873535e-01 8.953113108873367310e-02 6.578791420906782150e-03 5.635343194007873535e-01
6.000000000000000000e+04 8.622653037309646606e-02 6.569478195160627365e-03 5.587713122367858887e-01 8.622653037309646606e-02 6.569478195160627365e-03 5.587713122367858887e-01
6.100000000000000000e+04 8.762750029563903809e-02 6.578449159860610962e-03 5.490240454673767090e-01 8.762750029563903809e-02 6.578449159860610962e-03 5.490240454673767090e-01
6.200000000000000000e+04 8.920034766197204590e-02 6.591507699340581894e-03 5.431012511253356934e-01 8.920034766197204590e-02 6.591507699340581894e-03 5.431012511253356934e-01
6.300000000000000000e+04 8.462784439325332642e-02 6.563698872923851013e-03 5.374939441680908203e-01 8.462784439325332642e-02 6.563698872923851013e-03 5.374939441680908203e-01
6.400000000000000000e+04 8.416084200143814087e-02 6.583136972039937973e-03 5.308885574340820312e-01 8.416084200143814087e-02 6.583136972039937973e-03 5.308885574340820312e-01
6.500000000000000000e+04 8.584714680910110474e-02 6.622722838073968887e-03 5.261678099632263184e-01 8.584714680910110474e-02 6.622722838073968887e-03 5.261678099632263184e-01
6.600000000000000000e+04 8.455011993646621704e-02 6.627692840993404388e-03 5.216162800788879395e-01 8.455011993646621704e-02 6.627692840993404388e-03 5.216162800788879395e-01
6.700000000000000000e+04 8.156493306159973145e-02 6.621915381401777267e-03 5.143660902976989746e-01 8.156493306159973145e-02 6.621915381401777267e-03 5.143660902976989746e-01
6.800000000000000000e+04 8.165252953767776489e-02 6.655189208686351776e-03 5.096267461776733398e-01 8.165252953767776489e-02 6.655189208686351776e-03 5.096267461776733398e-01
6.900000000000000000e+04 7.972595840692520142e-02 6.681316532194614410e-03 5.035691857337951660e-01 7.972595840692520142e-02 6.681316532194614410e-03 5.035691857337951660e-01
7.000000000000000000e+04 7.938060164451599121e-02 6.696597207337617874e-03 4.979456663131713867e-01 7.938060164451599121e-02 6.696597207337617874e-03 4.979456663131713867e-01
7.100000000000000000e+04 7.888796180486679077e-02 6.755809765309095383e-03 4.921429455280303955e-01 7.888796180486679077e-02 6.755809765309095383e-03 4.921429455280303955e-01
7.200000000000000000e+04 7.687088102102279663e-02 6.761662196367979050e-03 4.905038475990295410e-01 7.687088102102279663e-02 6.761662196367979050e-03 4.905038475990295410e-01
7.300000000000000000e+04 7.732753455638885498e-02 6.788834463804960251e-03 4.836897253990173340e-01 7.732753455638885498e-02 6.788834463804960251e-03 4.836897253990173340e-01
7.400000000000000000e+04 7.436229288578033447e-02 6.819041445851325989e-03 4.780025780200958252e-01 7.436229288578033447e-02 6.819041445851325989e-03 4.780025780200958252e-01
7.500000000000000000e+04 7.380180060863494873e-02 6.851505953818559647e-03 4.737634658813476562e-01 7.380180060863494873e-02 6.851505953818559647e-03 4.737634658813476562e-01
7.600000000000000000e+04 7.550808787345886230e-02 6.897663697600364685e-03 4.760390520095825195e-01 7.550808787345886230e-02 6.897663697600364685e-03 4.760390520095825195e-01
7.700000000000000000e+04 7.646765559911727905e-02 6.918858736753463745e-03 4.642275273799896240e-01 7.646765559911727905e-02 6.918858736753463745e-03 4.642275273799896240e-01
7.800000000000000000e+04 7.163648307323455811e-02 6.970283109694719315e-03 4.579850137233734131e-01 7.163648307323455811e-02 6.970283109694719315e-03 4.579850137233734131e-01
7.900000000000000000e+04 7.164914906024932861e-02 7.029382511973381042e-03 4.573893845081329346e-01 7.164914906024932861e-02 7.029382511973381042e-03 4.573893845081329346e-01
8.000000000000000000e+04 6.993259489536285400e-02 7.055244874209165573e-03 4.513382911682128906e-01 6.993259489536285400e-02 7.055244874209165573e-03 4.513382911682128906e-01
8.100000000000000000e+04 6.885443627834320068e-02 7.074571680277585983e-03 4.453647434711456299e-01 6.885443627834320068e-02 7.074571680277585983e-03 4.453647434711456299e-01
8.200000000000000000e+04 6.929558515548706055e-02 7.153241895139217377e-03 4.428558051586151123e-01 6.929558515548706055e-02 7.153241895139217377e-03 4.428558051586151123e-01
8.300000000000000000e+04 6.692262738943099976e-02 7.188658230006694794e-03 4.371619820594787598e-01 6.692262738943099976e-02 7.188658230006694794e-03 4.371619820594787598e-01
8.400000000000000000e+04 6.543254852294921875e-02 7.241020444780588150e-03 4.334471523761749268e-01 6.543254852294921875e-02 7.241020444780588150e-03 4.334471523761749268e-01
8.500000000000000000e+04 6.501994282007217407e-02 7.248257286846637726e-03 4.300173819065093994e-01 6.501994282007217407e-02 7.248257286846637726e-03 4.300173819065093994e-01
8.600000000000000000e+04 6.423753499984741211e-02 7.350244559347629547e-03 4.268271327018737793e-01 6.423753499984741211e-02 7.350244559347629547e-03 4.268271327018737793e-01
8.700000000000000000e+04 6.928908824920654297e-02 7.376304827630519867e-03 4.268496632575988770e-01 6.928908824920654297e-02 7.376304827630519867e-03 4.268496632575988770e-01
8.800000000000000000e+04 6.248636171221733093e-02 7.431127596646547318e-03 4.214700758457183838e-01 6.248636171221733093e-02 7.431127596646547318e-03 4.214700758457183838e-01
8.900000000000000000e+04 6.237202137708663940e-02 7.495261728763580322e-03 4.180119335651397705e-01 6.237202137708663940e-02 7.495261728763580322e-03 4.180119335651397705e-01
9.000000000000000000e+04 5.967127531766891479e-02 7.522165309637784958e-03 4.157629013061523438e-01 5.967127531766891479e-02 7.522165309637784958e-03 4.157629013061523438e-01
9.100000000000000000e+04 5.952336639165878296e-02 7.503412198275327682e-03 4.113269150257110596e-01 5.952336639165878296e-02 7.503412198275327682e-03 4.113269150257110596e-01
9.200000000000000000e+04 5.976319313049316406e-02 7.519640959799289703e-03 4.070166945457458496e-01 5.976319313049316406e-02 7.519640959799289703e-03 4.070166945457458496e-01
9.300000000000000000e+04 5.774225667119026184e-02 7.588650565594434738e-03 4.042319953441619873e-01 5.774225667119026184e-02 7.588650565594434738e-03 4.042319953441619873e-01
9.400000000000000000e+04 5.724252387881278992e-02 7.590304128825664520e-03 4.079678654670715332e-01 5.724252387881278992e-02 7.590304128825664520e-03 4.079678654670715332e-01
9.500000000000000000e+04 5.592253804206848145e-02 7.586382795125246048e-03 3.990320563316345215e-01 5.592253804206848145e-02 7.586382795125246048e-03 3.990320563316345215e-01
9.600000000000000000e+04 5.568116158246994019e-02 7.628777064383029938e-03 3.979534804821014404e-01 5.568116158246994019e-02 7.628777064383029938e-03 3.979534804821014404e-01
9.700000000000000000e+04 5.496777966618537903e-02 7.677012123167514801e-03 3.952884674072265625e-01 5.496777966618537903e-02 7.677012123167514801e-03 3.952884674072265625e-01
9.800000000000000000e+04 5.444284901022911072e-02 7.690367754548788071e-03 3.962862789630889893e-01 5.444284901022911072e-02 7.690367754548788071e-03 3.962862789630889893e-01
9.900000000000000000e+04 5.349200591444969177e-02 7.735531777143478394e-03 3.891268074512481689e-01 5.349200591444969177e-02 7.735531777143478394e-03 3.891268074512481689e-01
1.000000000000000000e+05 5.422011017799377441e-02 7.694954983890056610e-03 3.878605663776397705e-01 5.422011017799377441e-02 7.694954983890056610e-03 3.878605663776397705e-01
1.010000000000000000e+05 5.265878885984420776e-02 7.766722235828638077e-03 3.855147659778594971e-01 5.265878885984420776e-02 7.766722235828638077e-03 3.855147659778594971e-01
1.020000000000000000e+05 5.573586374521255493e-02 7.820498198270797729e-03 3.883815705776214600e-01 5.573586374521255493e-02 7.820498198270797729e-03 3.883815705776214600e-01
1.030000000000000000e+05 5.182992666959762573e-02 7.762973662465810776e-03 3.836609721183776855e-01 5.182992666959762573e-02 7.762973662465810776e-03 3.836609721183776855e-01
1.040000000000000000e+05 5.240249261260032654e-02 7.837690412998199463e-03 3.785783946514129639e-01 5.240249261260032654e-02 7.837690412998199463e-03 3.785783946514129639e-01
1.050000000000000000e+05 5.036035180091857910e-02 7.824582979083061218e-03 3.794105350971221924e-01 5.036035180091857910e-02 7.824582979083061218e-03 3.794105350971221924e-01
1.060000000000000000e+05 4.978200420737266541e-02 7.881007157266139984e-03 3.750800490379333496e-01 4.978200420737266541e-02 7.881007157266139984e-03 3.750800490379333496e-01
1.070000000000000000e+05 4.937182739377021790e-02 7.826265878975391388e-03 3.729575872421264648e-01 4.937182739377021790e-02 7.826265878975391388e-03 3.729575872421264648e-01
1.080000000000000000e+05 4.892367497086524963e-02 7.925844751298427582e-03 3.730449676513671875e-01 4.892367497086524963e-02 7.925844751298427582e-03 3.730449676513671875e-01
1.090000000000000000e+05 4.882729798555374146e-02 7.899416610598564148e-03 3.709940910339355469e-01 4.882729798555374146e-02 7.899416610598564148e-03 3.709940910339355469e-01
1.100000000000000000e+05 4.777386784553527832e-02 7.913673296570777893e-03 3.686147630214691162e-01 4.777386784553527832e-02 7.913673296570777893e-03 3.686147630214691162e-01
1.110000000000000000e+05 4.755073785781860352e-02 7.952150888741016388e-03 3.676653802394866943e-01 4.755073785781860352e-02 7.952150888741016388e-03 3.676653802394866943e-01
1.120000000000000000e+05 4.748996347188949585e-02 7.940021343529224396e-03 3.649312853813171387e-01 4.748996347188949585e-02 7.940021343529224396e-03 3.649312853813171387e-01
1.130000000000000000e+05 4.682635515928268433e-02 7.972423918545246124e-03 3.633769750595092773e-01 4.682635515928268433e-02 7.972423918545246124e-03 3.633769750595092773e-01
1.140000000000000000e+05 4.817728698253631592e-02 8.050655014812946320e-03 3.608889877796173096e-01 4.817728698253631592e-02 8.050655014812946320e-03 3.608889877796173096e-01
1.150000000000000000e+05 4.601237550377845764e-02 8.016435429453849792e-03 3.613236844539642334e-01 4.601237550377845764e-02 8.016435429453849792e-03 3.613236844539642334e-01
1.160000000000000000e+05 4.572480171918869019e-02 7.994327694177627563e-03 3.591269850730895996e-01 4.572480171918869019e-02 7.994327694177627563e-03 3.591269850730895996e-01
1.170000000000000000e+05 4.487949982285499573e-02 7.980487309396266937e-03 3.585018217563629150e-01 4.487949982285499573e-02 7.980487309396266937e-03 3.585018217563629150e-01
1.180000000000000000e+05 4.407395049929618835e-02 8.036589249968528748e-03 3.569339811801910400e-01 4.407395049929618835e-02 8.036589249968528748e-03 3.569339811801910400e-01
1.190000000000000000e+05 4.515788704156875610e-02 8.069134317338466644e-03 3.544102311134338379e-01 4.515788704156875610e-02 8.069134317338466644e-03 3.544102311134338379e-01
1.200000000000000000e+05 4.483231157064437866e-02 8.042966946959495544e-03 3.567977547645568848e-01 4.483231157064437866e-02 8.042966946959495544e-03 3.567977547645568848e-01
1.210000000000000000e+05 4.448690265417098999e-02 8.045743219554424286e-03 3.510657846927642822e-01 4.448690265417098999e-02 8.045743219554424286e-03 3.510657846927642822e-01
1.220000000000000000e+05 4.418678209185600281e-02 8.091399446129798889e-03 3.494246006011962891e-01 4.418678209185600281e-02 8.091399446129798889e-03 3.494246006011962891e-01
1.230000000000000000e+05 4.735897108912467957e-02 7.969032973051071167e-03 3.516319990158081055e-01 4.735897108912467957e-02 7.969032973051071167e-03 3.516319990158081055e-01
1.240000000000000000e+05 4.538497328758239746e-02 8.117091841995716095e-03 3.497733771800994873e-01 4.538497328758239746e-02 8.117091841995716095e-03 3.497733771800994873e-01
1.250000000000000000e+05 4.276430234313011169e-02 8.009856566786766052e-03 3.436680436134338379e-01 4.276430234313011169e-02 8.009856566786766052e-03 3.436680436134338379e-01
1.260000000000000000e+05 4.299345612525939941e-02 8.079627528786659241e-03 3.418722152709960938e-01 4.299345612525939941e-02 8.079627528786659241e-03 3.418722152709960938e-01
1.270000000000000000e+05 4.163426905870437622e-02 8.061633445322513580e-03 3.468047976493835449e-01 4.163426905870437622e-02 8.061633445322513580e-03 3.468047976493835449e-01
1.280000000000000000e+05 4.162843897938728333e-02 8.024794980883598328e-03 3.442814946174621582e-01 4.162843897938728333e-02 8.024794980883598328e-03 3.442814946174621582e-01
1.290000000000000000e+05 4.122337326407432556e-02 8.098441176116466522e-03 3.411330878734588623e-01 4.122337326407432556e-02 8.098441176116466522e-03 3.411330878734588623e-01
1.300000000000000000e+05 4.195616021752357483e-02 8.064945228397846222e-03 3.376007676124572754e-01 4.195616021752357483e-02 8.064945228397846222e-03 3.376007676124572754e-01
1.310000000000000000e+05 4.059660807251930237e-02 8.088409900665283203e-03 3.368601500988006592e-01 4.059660807251930237e-02 8.088409900665283203e-03 3.368601500988006592e-01
1.320000000000000000e+05 3.975401446223258972e-02 8.078090846538543701e-03 3.347796499729156494e-01 3.975401446223258972e-02 8.078090846538543701e-03 3.347796499729156494e-01
1.330000000000000000e+05 3.960553556680679321e-02 8.051946759223937988e-03 3.368862569332122803e-01 3.960553556680679321e-02 8.051946759223937988e-03 3.368862569332122803e-01
1.340000000000000000e+05 3.996686637401580811e-02 8.059700950980186462e-03 3.331336975097656250e-01 3.996686637401580811e-02 8.059700950980186462e-03 3.331336975097656250e-01
1.350000000000000000e+05 3.901234641671180725e-02 8.036650717258453369e-03 3.307389914989471436e-01 3.901234641671180725e-02 8.036650717258453369e-03 3.307389914989471436e-01
1.360000000000000000e+05 4.297847673296928406e-02 8.074212819337844849e-03 3.303763866424560547e-01 4.297847673296928406e-02 8.074212819337844849e-03 3.303763866424560547e-01
1.370000000000000000e+05 4.053886607289314270e-02 8.032758720219135284e-03 3.303782641887664795e-01 4.053886607289314270e-02 8.032758720219135284e-03 3.303782641887664795e-01
1.380000000000000000e+05 3.809513896703720093e-02 8.055991493165493011e-03 3.272266685962677002e-01 3.809513896703720093e-02 8.055991493165493011e-03 3.272266685962677002e-01
1.390000000000000000e+05 3.779860213398933411e-02 8.013484068214893341e-03 3.244741559028625488e-01 3.779860213398933411e-02 8.013484068214893341e-03 3.244741559028625488e-01
1.400000000000000000e+05 3.777736797928810120e-02 8.062411099672317505e-03 3.226359784603118896e-01 3.777736797928810120e-02 8.062411099672317505e-03 3.226359784603118896e-01
1.410000000000000000e+05 3.683690354228019714e-02 8.078944869339466095e-03 3.206889033317565918e-01 3.683690354228019714e-02 8.078944869339466095e-03 3.206889033317565918e-01
1.420000000000000000e+05 3.691286966204643250e-02 8.056555874645709991e-03 3.195536434650421143e-01 3.691286966204643250e-02 8.056555874645709991e-03 3.195536434650421143e-01
1.430000000000000000e+05 3.791299089789390564e-02 8.085536770522594452e-03 3.204426169395446777e-01 3.791299089789390564e-02 8.085536770522594452e-03 3.204426169395446777e-01
1.440000000000000000e+05 3.811486065387725830e-02 7.995355874300003052e-03 3.176942765712738037e-01 3.811486065387725830e-02 7.995355874300003052e-03 3.176942765712738037e-01
1.450000000000000000e+05 3.736291453242301941e-02 8.038958534598350525e-03 3.168683052062988281e-01 3.736291453242301941e-02 8.038958534598350525e-03 3.168683052062988281e-01
1.460000000000000000e+05 3.618147596716880798e-02 8.100485429167747498e-03 3.162263631820678711e-01 3.618147596716880798e-02 8.100485429167747498e-03 3.162263631820678711e-01
1.470000000000000000e+05 3.771967813372612000e-02 8.082125335931777954e-03 3.132657408714294434e-01 3.771967813372612000e-02 8.082125335931777954e-03 3.132657408714294434e-01
1.480000000000000000e+05 3.585710749030113220e-02 8.066404610872268677e-03 3.122336268424987793e-01 3.585710749030113220e-02 8.066404610872268677e-03 3.122336268424987793e-01
1.490000000000000000e+05 3.598287329077720642e-02 8.038158528506755829e-03 3.109616339206695557e-01 3.598287329077720642e-02 8.038158528506755829e-03 3.109616339206695557e-01
1.500000000000000000e+05 3.463597595691680908e-02 8.074971847236156464e-03 3.101342320442199707e-01 3.463597595691680908e-02 8.074971847236156464e-03 3.101342320442199707e-01
1.510000000000000000e+05 3.483073040843009949e-02 8.061950094997882843e-03 3.103795349597930908e-01 3.483073040843009949e-02 8.061950094997882843e-03 3.103795349597930908e-01
1.520000000000000000e+05 3.516321256756782532e-02 8.063749410212039948e-03 3.070845007896423340e-01 3.516321256756782532e-02 8.063749410212039948e-03 3.070845007896423340e-01
1.530000000000000000e+05 3.605955094099044800e-02 8.037037216126918793e-03 3.106715083122253418e-01 3.605955094099044800e-02 8.037037216126918793e-03 3.106715083122253418e-01
1.540000000000000000e+05 3.653306886553764343e-02 8.021285757422447205e-03 3.091272115707397461e-01 3.653306886553764343e-02 8.021285757422447205e-03 3.091272115707397461e-01
1.550000000000000000e+05 3.400141373276710510e-02 8.026148192584514618e-03 3.053323626518249512e-01 3.400141373276710510e-02 8.026148192584514618e-03 3.053323626518249512e-01
1.560000000000000000e+05 3.332350403070449829e-02 8.050879463553428650e-03 3.032662272453308105e-01 3.332350403070449829e-02 8.050879463553428650e-03 3.032662272453308105e-01
1.570000000000000000e+05 3.560540080070495605e-02 8.006787858903408051e-03 3.032321035861968994e-01 3.560540080070495605e-02 8.006787858903408051e-03 3.032321035861968994e-01
1.580000000000000000e+05 3.583578765392303467e-02 7.989031262695789337e-03 3.015810251235961914e-01 3.583578765392303467e-02 7.989031262695789337e-03 3.015810251235961914e-01
1.590000000000000000e+05 3.661905974149703979e-02 7.978145033121109009e-03 3.017809391021728516e-01 3.661905974149703979e-02 7.978145033121109009e-03 3.017809391021728516e-01
1.600000000000000000e+05 3.273540735244750977e-02 8.018136024475097656e-03 2.988498806953430176e-01 3.273540735244750977e-02 8.018136024475097656e-03 2.988498806953430176e-01
1.610000000000000000e+05 3.258905187249183655e-02 8.047654293477535248e-03 2.981162369251251221e-01 3.258905187249183655e-02 8.047654293477535248e-03 2.981162369251251221e-01
1.620000000000000000e+05 3.363112360239028931e-02 7.997511886060237885e-03 3.032526671886444092e-01 3.363112360239028931e-02 7.997511886060237885e-03 3.032526671886444092e-01
1.630000000000000000e+05 3.407096490263938904e-02 8.029813878238201141e-03 2.998555898666381836e-01 3.407096490263938904e-02 8.029813878238201141e-03 2.998555898666381836e-01
1.640000000000000000e+05 3.213036432862281799e-02 7.974755950272083282e-03 2.947026491165161133e-01 3.213036432862281799e-02 7.974755950272083282e-03 2.947026491165161133e-01
1.650000000000000000e+05 3.260326012969017029e-02 7.951529696583747864e-03 2.952771782875061035e-01 3.260326012969017029e-02 7.951529696583747864e-03 2.952771782875061035e-01
1.660000000000000000e+05 3.148721903562545776e-02 7.963265292346477509e-03 2.937646210193634033e-01 3.148721903562545776e-02 7.963265292346477509e-03 2.937646210193634033e-01
1.670000000000000000e+05 3.234775364398956299e-02 7.966469973325729370e-03 2.938736081123352051e-01 3.234775364398956299e-02 7.966469973325729370e-03 2.938736081123352051e-01
1.680000000000000000e+05 3.205192461609840393e-02 7.974212057888507843e-03 2.898058295249938965e-01 3.205192461609840393e-02 7.974212057888507843e-03 2.898058295249938965e-01
1.690000000000000000e+05 3.156004101037979126e-02 7.930792868137359619e-03 2.903116643428802490e-01 3.156004101037979126e-02 7.930792868137359619e-03 2.903116643428802490e-01
1.700000000000000000e+05 3.137783333659172058e-02 7.919427007436752319e-03 2.873792052268981934e-01 3.137783333659172058e-02 7.919427007436752319e-03 2.873792052268981934e-01
1.710000000000000000e+05 3.187401592731475830e-02 7.895359769463539124e-03 2.912581861019134521e-01 3.187401592731475830e-02 7.895359769463539124e-03 2.912581861019134521e-01
1.720000000000000000e+05 3.253015875816345215e-02 7.946696132421493530e-03 2.861540615558624268e-01 3.253015875816345215e-02 7.946696132421493530e-03 2.861540615558624268e-01
1.730000000000000000e+05 3.370421007275581360e-02 7.867769338190555573e-03 2.858090996742248535e-01 3.370421007275581360e-02 7.867769338190555573e-03 2.858090996742248535e-01
1.740000000000000000e+05 3.268481791019439697e-02 7.916876114904880524e-03 2.848409116268157959e-01 3.268481791019439697e-02 7.916876114904880524e-03 2.848409116268157959e-01
1.750000000000000000e+05 3.068134933710098267e-02 7.910517975687980652e-03 2.843044102191925049e-01 3.068134933710098267e-02 7.910517975687980652e-03 2.843044102191925049e-01
1.760000000000000000e+05 3.160640969872474670e-02 7.853277027606964111e-03 2.855988740921020508e-01 3.160640969872474670e-02 7.853277027606964111e-03 2.855988740921020508e-01
1.770000000000000000e+05 2.968844771385192871e-02 7.843767292797565460e-03 2.809742391109466553e-01 2.968844771385192871e-02 7.843767292797565460e-03 2.809742391109466553e-01
1.780000000000000000e+05 2.954815328121185303e-02 7.860547862946987152e-03 2.800323665142059326e-01 2.954815328121185303e-02 7.860547862946987152e-03 2.800323665142059326e-01
1.790000000000000000e+05 3.078858926892280579e-02 7.844965904951095581e-03 2.790802717208862305e-01 3.078858926892280579e-02 7.844965904951095581e-03 2.790802717208862305e-01
1.800000000000000000e+05 3.192025795578956604e-02 7.853951305150985718e-03 2.903262376785278320e-01 3.192025795578956604e-02 7.853951305150985718e-03 2.903262376785278320e-01
1.810000000000000000e+05 3.217876702547073364e-02 7.789209950715303421e-03 2.783638536930084229e-01 3.217876702547073364e-02 7.789209950715303421e-03 2.783638536930084229e-01
1.820000000000000000e+05 2.940735034644603729e-02 7.802585139870643616e-03 2.760589718818664551e-01 2.940735034644603729e-02 7.802585139870643616e-03 2.760589718818664551e-01
1.830000000000000000e+05 3.007678128778934479e-02 7.804939523339271545e-03 2.764459252357482910e-01 3.007678128778934479e-02 7.804939523339271545e-03 2.764459252357482910e-01
1.840000000000000000e+05 3.225995600223541260e-02 7.759922649711370468e-03 2.746095955371856689e-01 3.225995600223541260e-02 7.759922649711370468e-03 2.746095955371856689e-01
1.850000000000000000e+05 3.065569512546062469e-02 7.765239104628562927e-03 2.743971347808837891e-01 3.065569512546062469e-02 7.765239104628562927e-03 2.743971347808837891e-01
1.860000000000000000e+05 2.910181134939193726e-02 7.807665038853883743e-03 2.728577554225921631e-01 2.910181134939193726e-02 7.807665038853883743e-03 2.728577554225921631e-01
1.870000000000000000e+05 2.942490577697753906e-02 7.769866846501827240e-03 2.724717557430267334e-01 2.942490577697753906e-02 7.769866846501827240e-03 2.724717557430267334e-01
1.880000000000000000e+05 2.971715107560157776e-02 7.753755897283554077e-03 2.760852575302124023e-01 2.971715107560157776e-02 7.753755897283554077e-03 2.760852575302124023e-01
1.890000000000000000e+05 2.867687866091728210e-02 7.789338473230600357e-03 2.716498970985412598e-01 2.867687866091728210e-02 7.789338473230600357e-03 2.716498970985412598e-01
1.900000000000000000e+05 2.908135578036308289e-02 7.729037199169397354e-03 2.697618305683135986e-01 2.908135578036308289e-02 7.729037199169397354e-03 2.697618305683135986e-01
1.910000000000000000e+05 3.004919178783893585e-02 7.784267421811819077e-03 2.703696489334106445e-01 3.004919178783893585e-02 7.784267421811819077e-03 2.703696489334106445e-01
1.920000000000000000e+05 2.856520563364028931e-02 7.722906302660703659e-03 2.709341049194335938e-01 2.856520563364028931e-02 7.722906302660703659e-03 2.709341049194335938e-01
1.930000000000000000e+05 2.877116948366165161e-02 7.711601443588733673e-03 2.678434252738952637e-01 2.877116948366165161e-02 7.711601443588733673e-03 2.678434252738952637e-01
1.940000000000000000e+05 2.926226705312728882e-02 7.675430271774530411e-03 2.669295072555541992e-01 2.926226705312728882e-02 7.675430271774530411e-03 2.669295072555541992e-01
1.950000000000000000e+05 2.854766882956027985e-02 7.692658342421054840e-03 2.662615776062011719e-01 2.854766882956027985e-02 7.692658342421054840e-03 2.662615776062011719e-01
1.960000000000000000e+05 2.958328276872634888e-02 7.685539312660694122e-03 2.681591510772705078e-01 2.958328276872634888e-02 7.685539312660694122e-03 2.681591510772705078e-01
1.970000000000000000e+05 2.806305140256881714e-02 7.719723507761955261e-03 2.672213912010192871e-01 2.806305140256881714e-02 7.719723507761955261e-03 2.672213912010192871e-01
1.980000000000000000e+05 2.969989180564880371e-02 7.677786052227020264e-03 2.665445804595947266e-01 2.969989180564880371e-02 7.677786052227020264e-03 2.665445804595947266e-01
1.990000000000000000e+05 2.987682446837425232e-02 7.670137565582990646e-03 2.685740292072296143e-01 2.987682446837425232e-02 7.670137565582990646e-03 2.685740292072296143e-01
2.000000000000000000e+05 2.786787971854209900e-02 7.682121358811855316e-03 2.634980082511901855e-01 2.786787971854209900e-02 7.682121358811855316e-03 2.634980082511901855e-01
2.010000000000000000e+05 2.910810708999633789e-02 7.668953854590654373e-03 2.630598843097686768e-01 2.910810708999633789e-02 7.668953854590654373e-03 2.630598843097686768e-01
2.020000000000000000e+05 2.826794423162937164e-02 7.640944793820381165e-03 2.616755962371826172e-01 2.826794423162937164e-02 7.640944793820381165e-03 2.616755962371826172e-01
2.030000000000000000e+05 2.803855575621128082e-02 7.645035628229379654e-03 2.598541975021362305e-01 2.803855575621128082e-02 7.645035628229379654e-03 2.598541975021362305e-01
2.040000000000000000e+05 2.883352153003215790e-02 7.686452008783817291e-03 2.596048116683959961e-01 2.883352153003215790e-02 7.686452008783817291e-03 2.596048116683959961e-01
2.050000000000000000e+05 2.967842295765876770e-02 7.645450998097658157e-03 2.623234987258911133e-01 2.967842295765876770e-02 7.645450998097658157e-03 2.623234987258911133e-01
2.060000000000000000e+05 2.809572033584117889e-02 7.667859550565481186e-03 2.589170634746551514e-01 2.809572033584117889e-02 7.667859550565481186e-03 2.589170634746551514e-01
2.070000000000000000e+05 2.837111614644527435e-02 7.687180303037166595e-03 2.618773579597473145e-01 2.837111614644527435e-02 7.687180303037166595e-03 2.618773579597473145e-01
2.080000000000000000e+05 2.889041230082511902e-02 7.619846612215042114e-03 2.576412260532379150e-01 2.889041230082511902e-02 7.619846612215042114e-03 2.576412260532379150e-01
2.090000000000000000e+05 2.911496721208095551e-02 7.670764811336994171e-03 2.565748393535614014e-01 2.911496721208095551e-02 7.670764811336994171e-03 2.565748393535614014e-01
2.100000000000000000e+05 2.777553535997867584e-02 7.669770158827304840e-03 2.590849995613098145e-01 2.777553535997867584e-02 7.669770158827304840e-03 2.590849995613098145e-01
2.110000000000000000e+05 2.982271090149879456e-02 7.618741597980260849e-03 2.549610435962677002e-01 2.982271090149879456e-02 7.618741597980260849e-03 2.549610435962677002e-01
2.120000000000000000e+05 3.015949018299579620e-02 7.626136299222707748e-03 2.640337347984313965e-01 3.015949018299579620e-02 7.626136299222707748e-03 2.640337347984313965e-01
2.130000000000000000e+05 2.851284109055995941e-02 7.608529180288314819e-03 2.536007463932037354e-01 2.851284109055995941e-02 7.608529180288314819e-03 2.536007463932037354e-01
2.140000000000000000e+05 2.751192450523376465e-02 7.655078079551458359e-03 2.538661062717437744e-01 2.751192450523376465e-02 7.655078079551458359e-03 2.538661062717437744e-01
2.150000000000000000e+05 2.787464484572410583e-02 7.639707997441291809e-03 2.589259147644042969e-01 2.787464484572410583e-02 7.639707997441291809e-03 2.589259147644042969e-01
2.160000000000000000e+05 2.812554873526096344e-02 7.650922983884811401e-03 2.533438801765441895e-01 2.812554873526096344e-02 7.650922983884811401e-03 2.533438801765441895e-01
2.170000000000000000e+05 2.799540199339389801e-02 7.635051850229501724e-03 2.536154985427856445e-01 2.799540199339389801e-02 7.635051850229501724e-03 2.536154985427856445e-01
2.180000000000000000e+05 2.728568576276302338e-02 7.614227943122386932e-03 2.509373724460601807e-01 2.728568576276302338e-02 7.614227943122386932e-03 2.509373724460601807e-01
2.190000000000000000e+05 2.723887376487255096e-02 7.641595788300037384e-03 2.521253526210784912e-01 2.723887376487255096e-02 7.641595788300037384e-03 2.521253526210784912e-01
2.200000000000000000e+05 2.664114162325859070e-02 7.666069082915782928e-03 2.500359117984771729e-01 2.664114162325859070e-02 7.666069082915782928e-03 2.500359117984771729e-01
2.210000000000000000e+05 2.658526226878166199e-02 7.623282261192798615e-03 2.514175474643707275e-01 2.658526226878166199e-02 7.623282261192798615e-03 2.514175474643707275e-01
2.220000000000000000e+05 2.803979255259037018e-02 7.683300878852605820e-03 2.537811696529388428e-01 2.803979255259037018e-02 7.683300878852605820e-03 2.537811696529388428e-01
2.230000000000000000e+05 2.725138328969478607e-02 7.670311257243156433e-03 2.496445029973983765e-01 2.725138328969478607e-02 7.670311257243156433e-03 2.496445029973983765e-01
2.240000000000000000e+05 2.673340402543544769e-02 7.657479494810104370e-03 2.473576962947845459e-01 2.673340402543544769e-02 7.657479494810104370e-03 2.473576962947845459e-01
2.250000000000000000e+05 2.760505490005016327e-02 7.664050906896591187e-03 2.475128769874572754e-01 2.760505490005016327e-02 7.664050906896591187e-03 2.475128769874572754e-01
2.260000000000000000e+05 2.697280794382095337e-02 7.677533663809299469e-03 2.467482089996337891e-01 2.697280794382095337e-02 7.677533663809299469e-03 2.467482089996337891e-01
2.270000000000000000e+05 2.792507223784923553e-02 7.693783845752477646e-03 2.508178651332855225e-01 2.792507223784923553e-02 7.693783845752477646e-03 2.508178651332855225e-01
2.280000000000000000e+05 2.828799933195114136e-02 7.676384411752223969e-03 2.458885014057159424e-01 2.828799933195114136e-02 7.676384411752223969e-03 2.458885014057159424e-01
2.290000000000000000e+05 2.739710547029972076e-02 7.686928845942020416e-03 2.455344945192337036e-01 2.739710547029972076e-02 7.686928845942020416e-03 2.455344945192337036e-01
2.300000000000000000e+05 2.624613977968692780e-02 7.690064143389463425e-03 2.446024417877197266e-01 2.624613977968692780e-02 7.690064143389463425e-03 2.446024417877197266e-01
2.310000000000000000e+05 2.686626277863979340e-02 7.709482684731483459e-03 2.458903193473815918e-01 2.686626277863979340e-02 7.709482684731483459e-03 2.458903193473815918e-01
2.320000000000000000e+05 2.617685683071613312e-02 7.688515819609165192e-03 2.434123605489730835e-01 2.617685683071613312e-02 7.688515819609165192e-03 2.434123605489730835e-01
2.330000000000000000e+05 2.729847282171249390e-02 7.669263519346714020e-03 2.435200661420822144e-01 2.729847282171249390e-02 7.669263519346714020e-03 2.435200661420822144e-01
2.340000000000000000e+05 2.628112398087978363e-02 7.722464390099048615e-03 2.416909635066986084e-01 2.628112398087978363e-02 7.722464390099048615e-03 2.416909635066986084e-01
2.350000000000000000e+05 2.621270343661308289e-02 7.700270973145961761e-03 2.411574572324752808e-01 2.621270343661308289e-02 7.700270973145961761e-03 2.411574572324752808e-01
2.360000000000000000e+05 2.597643993794918060e-02 7.715815678238868713e-03 2.400490939617156982e-01 2.597643993794918060e-02 7.715815678238868713e-03 2.400490939617156982e-01
2.370000000000000000e+05 2.664662338793277740e-02 7.730352226644754410e-03 2.412755042314529419e-01 2.664662338793277740e-02 7.730352226644754410e-03 2.412755042314529419e-01
2.380000000000000000e+05 2.801367826759815216e-02 7.782684173434972763e-03 2.423941344022750854e-01 2.801367826759815216e-02 7.782684173434972763e-03 2.423941344022750854e-01
2.390000000000000000e+05 2.766152285039424896e-02 7.760133128613233566e-03 2.435374557971954346e-01 2.766152285039424896e-02 7.760133128613233566e-03 2.435374557971954346e-01
2.400000000000000000e+05 2.684339880943298340e-02 7.743349764496088028e-03 2.387860268354415894e-01 2.684339880943298340e-02 7.743349764496088028e-03 2.387860268354415894e-01
2.410000000000000000e+05 2.793917991220951080e-02 7.740741595625877380e-03 2.426452487707138062e-01 2.793917991220951080e-02 7.740741595625877380e-03 2.426452487707138062e-01
2.420000000000000000e+05 2.649905718863010406e-02 7.752075325697660446e-03 2.397070229053497314e-01 2.649905718863010406e-02 7.752075325697660446e-03 2.397070229053497314e-01
2.430000000000000000e+05 2.650689147412776947e-02 7.808467838913202286e-03 2.361465990543365479e-01 2.650689147412776947e-02 7.808467838913202286e-03 2.361465990543365479e-01
2.440000000000000000e+05 2.597630955278873444e-02 7.779770530760288239e-03 2.358353435993194580e-01 2.597630955278873444e-02 7.779770530760288239e-03 2.358353435993194580e-01
2.450000000000000000e+05 2.517268247902393341e-02 7.777912076562643051e-03 2.356799840927124023e-01 2.517268247902393341e-02 7.777912076562643051e-03 2.356799840927124023e-01
2.460000000000000000e+05 2.554276585578918457e-02 7.799801882356405258e-03 2.356640100479125977e-01 2.554276585578918457e-02 7.799801882356405258e-03 2.356640100479125977e-01
2.470000000000000000e+05 2.615063451230525970e-02 7.790541741997003555e-03 2.346722632646560669e-01 2.615063451230525970e-02 7.790541741997003555e-03 2.346722632646560669e-01
2.480000000000000000e+05 2.595346793532371521e-02 7.831965573132038116e-03 2.339065968990325928e-01 2.595346793532371521e-02 7.831965573132038116e-03 2.339065968990325928e-01
2.490000000000000000e+05 2.588465996086597443e-02 7.801560685038566589e-03 2.351626306772232056e-01 2.588465996086597443e-02 7.801560685038566589e-03 2.351626306772232056e-01
2.500000000000000000e+05 2.561707049608230591e-02 7.830675691366195679e-03 2.338751852512359619e-01 2.561707049608230591e-02 7.830675691366195679e-03 2.338751852512359619e-01
2.510000000000000000e+05 2.794826589524745941e-02 7.818319834768772125e-03 2.363882064819335938e-01 2.794826589524745941e-02 7.818319834768772125e-03 2.363882064819335938e-01
2.520000000000000000e+05 2.581025101244449615e-02 7.827364839613437653e-03 2.377706617116928101e-01 2.581025101244449615e-02 7.827364839613437653e-03 2.377706617116928101e-01
2.530000000000000000e+05 2.573708444833755493e-02 7.844400592148303986e-03 2.314991950988769531e-01 2.573708444833755493e-02 7.844400592148303986e-03 2.314991950988769531e-01
2.540000000000000000e+05 2.574947662651538849e-02 7.860849611461162567e-03 2.327408194541931152e-01 2.574947662651538849e-02 7.860849611461162567e-03 2.327408194541931152e-01
2.550000000000000000e+05 2.557102218270301819e-02 7.847025990486145020e-03 2.321997135877609253e-01 2.557102218270301819e-02 7.847025990486145020e-03 2.321997135877609253e-01
2.560000000000000000e+05 2.624516375362873077e-02 7.899610325694084167e-03 2.309453189373016357e-01 2.624516375362873077e-02 7.899610325694084167e-03 2.309453189373016357e-01
2.570000000000000000e+05 2.621749974787235260e-02 7.880062796175479889e-03 2.312784492969512939e-01 2.621749974787235260e-02 7.880062796175479889e-03 2.312784492969512939e-01
2.580000000000000000e+05 2.559058740735054016e-02 7.879910990595817566e-03 2.305295318365097046e-01 2.559058740735054016e-02 7.879910990595817566e-03 2.305295318365097046e-01
2.590000000000000000e+05 2.691098116338253021e-02 7.844467647373676300e-03 2.347939163446426392e-01 2.691098116338253021e-02 7.844467647373676300e-03 2.347939163446426392e-01
2.600000000000000000e+05 2.559001743793487549e-02 7.870151661336421967e-03 2.305998206138610840e-01 2.559001743793487549e-02 7.870151661336421967e-03 2.305998206138610840e-01
2.610000000000000000e+05 2.607410773634910583e-02 7.895141839981079102e-03 2.311156839132308960e-01 2.607410773634910583e-02 7.895141839981079102e-03 2.311156839132308960e-01
2.620000000000000000e+05 2.715873159468173981e-02 7.888952270150184631e-03 2.288732677698135376e-01 2.715873159468173981e-02 7.888952270150184631e-03 2.288732677698135376e-01
2.630000000000000000e+05 2.495223470032215118e-02 7.903474383056163788e-03 2.292916476726531982e-01 2.495223470032215118e-02 7.903474383056163788e-03 2.292916476726531982e-01
2.640000000000000000e+05 2.565766312181949615e-02 7.922424003481864929e-03 2.284274399280548096e-01 2.565766312181949615e-02 7.922424003481864929e-03 2.284274399280548096e-01
2.650000000000000000e+05 2.931470796465873718e-02 7.900850847363471985e-03 2.278980761766433716e-01 2.931470796465873718e-02 7.900850847363471985e-03 2.278980761766433716e-01
2.660000000000000000e+05 2.768384292721748352e-02 7.906212471425533295e-03 2.272851020097732544e-01 2.768384292721748352e-02 7.906212471425533295e-03 2.272851020097732544e-01
2.670000000000000000e+05 2.531623654067516327e-02 7.899571210145950317e-03 2.283886820077896118e-01 2.531623654067516327e-02 7.899571210145950317e-03 2.283886820077896118e-01
2.680000000000000000e+05 2.561465278267860413e-02 7.878874428570270538e-03 2.279848307371139526e-01 2.561465278267860413e-02 7.878874428570270538e-03 2.279848307371139526e-01
2.690000000000000000e+05 2.502479217946529388e-02 7.933510467410087585e-03 2.242828756570816040e-01 2.502479217946529388e-02 7.933510467410087585e-03 2.242828756570816040e-01
2.700000000000000000e+05 2.557765878736972809e-02 7.912945933640003204e-03 2.231280803680419922e-01 2.557765878736972809e-02 7.912945933640003204e-03 2.231280803680419922e-01
2.710000000000000000e+05 2.640484087169170380e-02 7.921951822936534882e-03 2.259828150272369385e-01 2.640484087169170380e-02 7.921951822936534882e-03 2.259828150272369385e-01
2.720000000000000000e+05 2.734855748713016510e-02 7.917885668575763702e-03 2.325395792722702026e-01 2.734855748713016510e-02 7.917885668575763702e-03 2.325395792722702026e-01
2.730000000000000000e+05 2.506192214787006378e-02 7.921224460005760193e-03 2.240952104330062866e-01 2.506192214787006378e-02 7.921224460005760193e-03 2.240952104330062866e-01
2.740000000000000000e+05 2.552749402821063995e-02 7.958626374602317810e-03 2.229871153831481934e-01 2.552749402821063995e-02 7.958626374602317810e-03 2.229871153831481934e-01
2.750000000000000000e+05 2.675972506403923035e-02 7.934647612273693085e-03 2.292698770761489868e-01 2.675972506403923035e-02 7.934647612273693085e-03 2.292698770761489868e-01
2.760000000000000000e+05 2.609858661890029907e-02 7.965186610817909241e-03 2.226549386978149414e-01 2.609858661890029907e-02 7.965186610817909241e-03 2.226549386978149414e-01
2.770000000000000000e+05 2.516019716858863831e-02 7.966877892613410950e-03 2.208349257707595825e-01 2.516019716858863831e-02 7.966877892613410950e-03 2.208349257707595825e-01
2.780000000000000000e+05 2.750452421605587006e-02 7.897740229964256287e-03 2.210910171270370483e-01 2.750452421605587006e-02 7.897740229964256287e-03 2.210910171270370483e-01
2.790000000000000000e+05 2.568461745977401733e-02 7.981977425515651703e-03 2.200852781534194946e-01 2.568461745977401733e-02 7.981977425515651703e-03 2.200852781534194946e-01
2.800000000000000000e+05 2.648062258958816528e-02 7.941240444779396057e-03 2.187263518571853638e-01 2.648062258958816528e-02 7.941240444779396057e-03 2.187263518571853638e-01
2.810000000000000000e+05 2.571077458560466766e-02 7.924532517790794373e-03 2.205153703689575195e-01 2.571077458560466766e-02 7.924532517790794373e-03 2.205153703689575195e-01
2.820000000000000000e+05 2.756103500723838806e-02 7.913149893283843994e-03 2.226808518171310425e-01 2.756103500723838806e-02 7.913149893283843994e-03 2.226808518171310425e-01
2.830000000000000000e+05 2.496048621833324432e-02 7.979346439242362976e-03 2.174290120601654053e-01 2.496048621833324432e-02 7.979346439242362976e-03 2.174290120601654053e-01
2.840000000000000000e+05 2.633705921471118927e-02 7.943047210574150085e-03 2.170726656913757324e-01 2.633705921471118927e-02 7.943047210574150085e-03 2.170726656913757324e-01
2.850000000000000000e+05 2.529701963067054749e-02 7.980654947459697723e-03 2.171799540519714355e-01 2.529701963067054749e-02 7.980654947459697723e-03 2.171799540519714355e-01
2.860000000000000000e+05 2.550652809441089630e-02 8.002402260899543762e-03 2.175232470035552979e-01 2.550652809441089630e-02 8.002402260899543762e-03 2.175232470035552979e-01
2.870000000000000000e+05 2.494749799370765686e-02 7.959003560245037079e-03 2.158847004175186157e-01 2.494749799370765686e-02 7.959003560245037079e-03 2.158847004175186157e-01
2.880000000000000000e+05 2.551980502903461456e-02 7.947425357997417450e-03 2.169167846441268921e-01 2.551980502903461456e-02 7.947425357997417450e-03 2.169167846441268921e-01
2.890000000000000000e+05 2.523329295217990875e-02 7.957763038575649261e-03 2.157082110643386841e-01 2.523329295217990875e-02 7.957763038575649261e-03 2.157082110643386841e-01
2.900000000000000000e+05 2.488248050212860107e-02 7.986336946487426758e-03 2.146373987197875977e-01 2.488248050212860107e-02 7.986336946487426758e-03 2.146373987197875977e-01
2.910000000000000000e+05 2.501191012561321259e-02 7.998767308890819550e-03 2.158058136701583862e-01 2.501191012561321259e-02 7.998767308890819550e-03 2.158058136701583862e-01
2.920000000000000000e+05 2.563725598156452179e-02 8.006801828742027283e-03 2.149949073791503906e-01 2.563725598156452179e-02 8.006801828742027283e-03 2.149949073791503906e-01
2.930000000000000000e+05 2.547975257039070129e-02 8.036421611905097961e-03 2.151612490415573120e-01 2.547975257039070129e-02 8.036421611905097961e-03 2.151612490415573120e-01
2.940000000000000000e+05 2.542662434279918671e-02 7.996978238224983215e-03 2.131781727075576782e-01 2.542662434279918671e-02 7.996978238224983215e-03 2.131781727075576782e-01
2.950000000000000000e+05 2.473962306976318359e-02 7.998574525117874146e-03 2.130009531974792480e-01 2.473962306976318359e-02 7.998574525117874146e-03 2.130009531974792480e-01
2.960000000000000000e+05 2.753411233425140381e-02 7.956719957292079926e-03 2.163911014795303345e-01 2.753411233425140381e-02 7.956719957292079926e-03 2.163911014795303345e-01
2.970000000000000000e+05 2.513418905436992645e-02 8.025974966585636139e-03 2.155527770519256592e-01 2.513418905436992645e-02 8.025974966585636139e-03 2.155527770519256592e-01
2.980000000000000000e+05 2.528377622365951538e-02 7.997735403478145599e-03 2.136317491531372070e-01 2.528377622365951538e-02 7.997735403478145599e-03 2.136317491531372070e-01
2.990000000000000000e+05 2.582299709320068359e-02 7.993990555405616760e-03 2.111902981996536255e-01 2.582299709320068359e-02 7.993990555405616760e-03 2.111902981996536255e-01
3.000000000000000000e+05 2.524665184319019318e-02 8.027720265090465546e-03 2.116847336292266846e-01 2.524665184319019318e-02 8.027720265090465546e-03 2.116847336292266846e-01
3.010000000000000000e+05 2.433405816555023193e-02 8.030122146010398865e-03 2.106492370367050171e-01 2.433405816555023193e-02 8.030122146010398865e-03 2.106492370367050171e-01
3.020000000000000000e+05 2.549318969249725342e-02 8.019404485821723938e-03 2.116031646728515625e-01 2.549318969249725342e-02 8.019404485821723938e-03 2.116031646728515625e-01
3.030000000000000000e+05 2.570749819278717041e-02 8.005690760910511017e-03 2.097016274929046631e-01 2.570749819278717041e-02 8.005690760910511017e-03 2.097016274929046631e-01
3.040000000000000000e+05 2.602343074977397919e-02 8.007715456187725067e-03 2.146088927984237671e-01 2.602343074977397919e-02 8.007715456187725067e-03 2.146088927984237671e-01
3.050000000000000000e+05 2.467007189989089966e-02 8.062814362347126007e-03 2.113735824823379517e-01 2.467007189989089966e-02 8.062814362347126007e-03 2.113735824823379517e-01
3.060000000000000000e+05 2.513054572045803070e-02 8.071034215390682220e-03 2.117181718349456787e-01 2.513054572045803070e-02 8.071034215390682220e-03 2.117181718349456787e-01
3.070000000000000000e+05 2.649105153977870941e-02 8.049488998949527740e-03 2.127386629581451416e-01 2.649105153977870941e-02 8.049488998949527740e-03 2.127386629581451416e-01
3.080000000000000000e+05 2.507729642093181610e-02 8.035708218812942505e-03 2.093403190374374390e-01 2.507729642093181610e-02 8.035708218812942505e-03 2.093403190374374390e-01
3.090000000000000000e+05 2.471293136477470398e-02 8.061183616518974304e-03 2.086750864982604980e-01 2.471293136477470398e-02 8.061183616518974304e-03 2.086750864982604980e-01
3.100000000000000000e+05 2.475221455097198486e-02 8.062142878770828247e-03 2.118121534585952759e-01 2.475221455097198486e-02 8.062142878770828247e-03 2.118121534585952759e-01
3.110000000000000000e+05 2.753849886357784271e-02 8.131271228194236755e-03 2.126771658658981323e-01 2.753849886357784271e-02 8.131271228194236755e-03 2.126771658658981323e-01
3.120000000000000000e+05 2.447950281202793121e-02 8.033231832087039948e-03 2.067224383354187012e-01 2.447950281202793121e-02 8.033231832087039948e-03 2.067224383354187012e-01
3.130000000000000000e+05 2.643385156989097595e-02 8.091010153293609619e-03 2.097651809453964233e-01 2.643385156989097595e-02 8.091010153293609619e-03 2.097651809453964233e-01
3.140000000000000000e+05 2.574286237359046936e-02 8.123411796987056732e-03 2.044492214918136597e-01 2.574286237359046936e-02 8.123411796987056732e-03 2.044492214918136597e-01
3.150000000000000000e+05 2.424128167331218719e-02 8.069213479757308960e-03 2.054899632930755615e-01 2.424128167331218719e-02 8.069213479757308960e-03 2.054899632930755615e-01
3.160000000000000000e+05 2.609179727733135223e-02 8.115569129586219788e-03 2.066998481750488281e-01 2.609179727733135223e-02 8.115569129586219788e-03 2.066998481750488281e-01
3.170000000000000000e+05 2.801696211099624634e-02 8.086160756647586823e-03 2.044904083013534546e-01 2.801696211099624634e-02 8.086160756647586823e-03 2.044904083013534546e-01
3.180000000000000000e+05 2.544219978153705597e-02 8.042435161769390106e-03 2.041547596454620361e-01 2.544219978153705597e-02 8.042435161769390106e-03 2.041547596454620361e-01
3.190000000000000000e+05 2.462104707956314087e-02 8.105509914457798004e-03 2.050170600414276123e-01 2.462104707956314087e-02 8.105509914457798004e-03 2.050170600414276123e-01
3.200000000000000000e+05 2.663966268301010132e-02 8.078806102275848389e-03 2.115353941917419434e-01 2.663966268301010132e-02 8.078806102275848389e-03 2.115353941917419434e-01
3.210000000000000000e+05 2.581079676747322083e-02 8.060405962169170380e-03 2.024750858545303345e-01 2.581079676747322083e-02 8.060405962169170380e-03 2.024750858545303345e-01
3.220000000000000000e+05 2.405960857868194580e-02 8.107590489089488983e-03 2.014727294445037842e-01 2.405960857868194580e-02 8.107590489089488983e-03 2.014727294445037842e-01
3.230000000000000000e+05 2.511789090931415558e-02 8.127928711473941803e-03 2.037948668003082275e-01 2.511789090931415558e-02 8.127928711473941803e-03 2.037948668003082275e-01
3.240000000000000000e+05 2.530491352081298828e-02 8.092723786830902100e-03 2.046953886747360229e-01 2.530491352081298828e-02 8.092723786830902100e-03 2.046953886747360229e-01
3.250000000000000000e+05 2.404450997710227966e-02 8.152682334184646606e-03 2.011592984199523926e-01 2.404450997710227966e-02 8.152682334184646606e-03 2.011592984199523926e-01
3.260000000000000000e+05 2.608805336058139801e-02 8.100738748908042908e-03 2.047062665224075317e-01 2.608805336058139801e-02 8.100738748908042908e-03 2.047062665224075317e-01
3.270000000000000000e+05 2.434874139726161957e-02 8.110629394650459290e-03 2.005193382501602173e-01 2.434874139726161957e-02 8.110629394650459290e-03 2.005193382501602173e-01
3.280000000000000000e+05 2.568329684436321259e-02 8.159301243722438812e-03 2.011422067880630493e-01 2.568329684436321259e-02 8.159301243722438812e-03 2.011422067880630493e-01
3.290000000000000000e+05 2.499679662287235260e-02 8.142775855958461761e-03 1.996071934700012207e-01 2.499679662287235260e-02 8.142775855958461761e-03 1.996071934700012207e-01
3.300000000000000000e+05 2.444085665047168732e-02 8.141895756125450134e-03 2.004955410957336426e-01 2.444085665047168732e-02 8.141895756125450134e-03 2.004955410957336426e-01
3.310000000000000000e+05 2.420389279723167419e-02 8.165496401488780975e-03 1.982517987489700317e-01 2.420389279723167419e-02 8.165496401488780975e-03 1.982517987489700317e-01
3.320000000000000000e+05 2.567688189446926117e-02 8.108950220048427582e-03 1.998205929994583130e-01 2.567688189446926117e-02 8.108950220048427582e-03 1.998205929994583130e-01
3.330000000000000000e+05 2.496296353638172150e-02 8.156534284353256226e-03 1.996167004108428955e-01 2.496296353638172150e-02 8.156534284353256226e-03 1.996167004108428955e-01
3.340000000000000000e+05 2.445686236023902893e-02 8.176718838512897491e-03 1.970188915729522705e-01 2.445686236023902893e-02 8.176718838512897491e-03 1.970188915729522705e-01
3.350000000000000000e+05 2.515441551804542542e-02 8.140521124005317688e-03 2.002640217542648315e-01 2.515441551804542542e-02 8.140521124005317688e-03 2.002640217542648315e-01
3.360000000000000000e+05 2.485382370650768280e-02 8.152996189892292023e-03 1.984670460224151611e-01 2.485382370650768280e-02 8.152996189892292023e-03 1.984670460224151611e-01
3.370000000000000000e+05 2.383419871330261230e-02 8.163191378116607666e-03 1.966608762741088867e-01 2.383419871330261230e-02 8.163191378116607666e-03 1.966608762741088867e-01
3.380000000000000000e+05 2.460772916674613953e-02 8.205287158489227295e-03 1.958772093057632446e-01 2.460772916674613953e-02 8.205287158489227295e-03 1.958772093057632446e-01
3.390000000000000000e+05 2.426743879914283752e-02 8.159684948623180389e-03 1.973557919263839722e-01 2.426743879914283752e-02 8.159684948623180389e-03 1.973557919263839722e-01
3.400000000000000000e+05 2.446105703711509705e-02 8.148401044309139252e-03 1.956756412982940674e-01 2.446105703711509705e-02 8.148401044309139252e-03 1.956756412982940674e-01
3.410000000000000000e+05 2.479139342904090881e-02 8.198059163987636566e-03 1.984042823314666748e-01 2.479139342904090881e-02 8.198059163987636566e-03 1.984042823314666748e-01
3.420000000000000000e+05 2.415683679282665253e-02 8.175186812877655029e-03 1.947175860404968262e-01 2.415683679282665253e-02 8.175186812877655029e-03 1.947175860404968262e-01
3.430000000000000000e+05 2.364246547222137451e-02 8.168327622115612030e-03 1.946755945682525635e-01 2.364246547222137451e-02 8.168327622115612030e-03 1.946755945682525635e-01
3.440000000000000000e+05 2.496987208724021912e-02 8.215741254389286041e-03 1.951624155044555664e-01 2.496987208724021912e-02 8.215741254389286041e-03 1.951624155044555664e-01
3.450000000000000000e+05 2.483794465661048889e-02 8.191272616386413574e-03 1.939279884099960327e-01 2.483794465661048889e-02 8.191272616386413574e-03 1.939279884099960327e-01
3.460000000000000000e+05 2.364264428615570068e-02 8.207703009247779846e-03 1.942916959524154663e-01 2.364264428615570068e-02 8.207703009247779846e-03 1.942916959524154663e-01
3.470000000000000000e+05 2.440378814935684204e-02 8.229576051235198975e-03 1.935656368732452393e-01 2.440378814935684204e-02 8.229576051235198975e-03 1.935656368732452393e-01
3.480000000000000000e+05 2.298138849437236786e-02 8.233889937400817871e-03 1.930944919586181641e-01 2.298138849437236786e-02 8.233889937400817871e-03 1.930944919586181641e-01
3.490000000000000000e+05 2.357956394553184509e-02 8.224683813750743866e-03 1.912649571895599365e-01 2.357956394553184509e-02 8.224683813750743866e-03 1.912649571895599365e-01
3.500000000000000000e+05 2.377499639987945557e-02 8.216571062803268433e-03 1.942084580659866333e-01 2.377499639987945557e-02 8.216571062803268433e-03 1.942084580659866333e-01
3.510000000000000000e+05 2.453513815999031067e-02 8.193706162273883820e-03 1.930215507745742798e-01 2.453513815999031067e-02 8.193706162273883820e-03 1.930215507745742798e-01
3.520000000000000000e+05 2.459940500557422638e-02 8.214430883526802063e-03 1.942216455936431885e-01 2.459940500557422638e-02 8.214430883526802063e-03 1.942216455936431885e-01
3.530000000000000000e+05 2.414376288652420044e-02 8.221508003771305084e-03 1.911351829767227173e-01 2.414376288652420044e-02 8.221508003771305084e-03 1.911351829767227173e-01
3.540000000000000000e+05 2.475290559232234955e-02 8.275458589196205139e-03 1.929449886083602905e-01 2.475290559232234955e-02 8.275458589196205139e-03 1.929449886083602905e-01
3.550000000000000000e+05 2.438250929117202759e-02 8.279670029878616333e-03 1.951944231986999512e-01 2.438250929117202759e-02 8.279670029878616333e-03 1.951944231986999512e-01
3.560000000000000000e+05 2.369616180658340454e-02 8.295161649584770203e-03 1.899619996547698975e-01 2.369616180658340454e-02 8.295161649584770203e-03 1.899619996547698975e-01
3.570000000000000000e+05 2.409957349300384521e-02 8.247007615864276886e-03 1.934309899806976318e-01 2.409957349300384521e-02 8.247007615864276886e-03 1.934309899806976318e-01
3.580000000000000000e+05 2.521701157093048096e-02 8.335404098033905029e-03 1.894584000110626221e-01 2.521701157093048096e-02 8.335404098033905029e-03 1.894584000110626221e-01
3.590000000000000000e+05 2.439158968627452850e-02 8.269981481134891510e-03 1.904040277004241943e-01 2.439158968627452850e-02 8.269981481134891510e-03 1.904040277004241943e-01
3.600000000000000000e+05 2.468697726726531982e-02 8.358959108591079712e-03 1.904430240392684937e-01 2.468697726726531982e-02 8.358959108591079712e-03 1.904430240392684937e-01
3.610000000000000000e+05 2.399609237909317017e-02 8.265230804681777954e-03 1.876402199268341064e-01 2.399609237909317017e-02 8.265230804681777954e-03 1.876402199268341064e-01
3.620000000000000000e+05 2.408044971525669098e-02 8.336444385349750519e-03 1.906910836696624756e-01 2.408044971525669098e-02 8.336444385349750519e-03 1.906910836696624756e-01
3.630000000000000000e+05 2.353037148714065552e-02 8.286028169095516205e-03 1.861498057842254639e-01 2.353037148714065552e-02 8.286028169095516205e-03 1.861498057842254639e-01
3.640000000000000000e+05 2.316166087985038757e-02 8.299342356622219086e-03 1.874344199895858765e-01 2.316166087985038757e-02 8.299342356622219086e-03 1.874344199895858765e-01
3.650000000000000000e+05 2.284556999802589417e-02 8.305502124130725861e-03 1.867705732583999634e-01 2.284556999802589417e-02 8.305502124130725861e-03 1.867705732583999634e-01
3.660000000000000000e+05 2.332378923892974854e-02 8.325869217514991760e-03 1.857040822505950928e-01 2.332378923892974854e-02 8.325869217514991760e-03 1.857040822505950928e-01
3.670000000000000000e+05 2.383940294384956360e-02 8.312262594699859619e-03 1.869851350784301758e-01 2.383940294384956360e-02 8.312262594699859619e-03 1.869851350784301758e-01
3.680000000000000000e+05 2.349420264363288879e-02 8.363978937268257141e-03 1.863019466400146484e-01 2.349420264363288879e-02 8.363978937268257141e-03 1.863019466400146484e-01
3.690000000000000000e+05 2.339182421565055847e-02 8.327514864504337311e-03 1.862104535102844238e-01 2.339182421565055847e-02 8.327514864504337311e-03 1.862104535102844238e-01
3.700000000000000000e+05 2.315884269773960114e-02 8.335002698004245758e-03 1.850314587354660034e-01 2.315884269773960114e-02 8.335002698004245758e-03 1.850314587354660034e-01
3.710000000000000000e+05 2.404647506773471832e-02 8.335359394550323486e-03 1.866609752178192139e-01 2.404647506773471832e-02 8.335359394550323486e-03 1.866609752178192139e-01
3.720000000000000000e+05 2.406812086701393127e-02 8.346948772668838501e-03 1.864553242921829224e-01 2.406812086701393127e-02 8.346948772668838501e-03 1.864553242921829224e-01
3.730000000000000000e+05 2.360383421182632446e-02 8.324861526489257812e-03 1.861538290977478027e-01 2.360383421182632446e-02 8.324861526489257812e-03 1.861538290977478027e-01
3.740000000000000000e+05 2.392222918570041656e-02 8.364732377231121063e-03 1.857286691665649414e-01 2.392222918570041656e-02 8.364732377231121063e-03 1.857286691665649414e-01
3.750000000000000000e+05 2.302476577460765839e-02 8.374332450330257416e-03 1.826752573251724243e-01 2.302476577460765839e-02 8.374332450330257416e-03 1.826752573251724243e-01
3.760000000000000000e+05 2.296497859060764313e-02 8.365577086806297302e-03 1.851109266281127930e-01 2.296497859060764313e-02 8.365577086806297302e-03 1.851109266281127930e-01
3.770000000000000000e+05 2.371691726148128510e-02 8.353054523468017578e-03 1.842283904552459717e-01 2.371691726148128510e-02 8.353054523468017578e-03 1.842283904552459717e-01
3.780000000000000000e+05 2.281692065298557281e-02 8.366027846932411194e-03 1.842935830354690552e-01 2.281692065298557281e-02 8.366027846932411194e-03 1.842935830354690552e-01
3.790000000000000000e+05 2.289960160851478577e-02 8.389284834265708923e-03 1.821969300508499146e-01 2.289960160851478577e-02 8.389284834265708923e-03 1.821969300508499146e-01
3.800000000000000000e+05 2.294409088790416718e-02 8.418004959821701050e-03 1.825517117977142334e-01 2.294409088790416718e-02 8.418004959821701050e-03 1.825517117977142334e-01
3.810000000000000000e+05 2.279065735638141632e-02 8.384224958717823029e-03 1.804455518722534180e-01 2.279065735638141632e-02 8.384224958717823029e-03 1.804455518722534180e-01
3.820000000000000000e+05 2.363501861691474915e-02 8.433935232460498810e-03 1.817770302295684814e-01 2.363501861691474915e-02 8.433935232460498810e-03 1.817770302295684814e-01
3.830000000000000000e+05 2.408917248249053955e-02 8.354262448847293854e-03 1.808762699365615845e-01 2.408917248249053955e-02 8.354262448847293854e-03 1.808762699365615845e-01
3.840000000000000000e+05 2.447523362934589386e-02 8.357658982276916504e-03 1.815663427114486694e-01 2.447523362934589386e-02 8.357658982276916504e-03 1.815663427114486694e-01
3.850000000000000000e+05 2.342230267822742462e-02 8.442056365311145782e-03 1.824705153703689575e-01 2.342230267822742462e-02 8.442056365311145782e-03 1.824705153703689575e-01
3.860000000000000000e+05 2.250423096120357513e-02 8.417252451181411743e-03 1.798924356698989868e-01 2.250423096120357513e-02 8.417252451181411743e-03 1.798924356698989868e-01
3.870000000000000000e+05 2.429275959730148315e-02 8.418435230851173401e-03 1.840862482786178589e-01 2.429275959730148315e-02 8.418435230851173401e-03 1.840862482786178589e-01
3.880000000000000000e+05 2.288327366113662720e-02 8.414459414780139923e-03 1.796384602785110474e-01 2.288327366113662720e-02 8.414459414780139923e-03 1.796384602785110474e-01
3.890000000000000000e+05 2.310180664062500000e-02 8.418502286076545715e-03 1.790663897991180420e-01 2.310180664062500000e-02 8.418502286076545715e-03 1.790663897991180420e-01
3.900000000000000000e+05 2.600901573896408081e-02 8.389906026422977448e-03 1.810176968574523926e-01 2.600901573896408081e-02 8.389906026422977448e-03 1.810176968574523926e-01
3.910000000000000000e+05 2.272987551987171173e-02 8.405912667512893677e-03 1.829690784215927124e-01 2.272987551987171173e-02 8.405912667512893677e-03 1.829690784215927124e-01
3.920000000000000000e+05 2.240606024861335754e-02 8.459850214421749115e-03 1.806208640336990356e-01 2.240606024861335754e-02 8.459850214421749115e-03 1.806208640336990356e-01
3.930000000000000000e+05 2.381408214569091797e-02 8.454486727714538574e-03 1.775652468204498291e-01 2.381408214569091797e-02 8.454486727714538574e-03 1.775652468204498291e-01
3.940000000000000000e+05 2.316856756806373596e-02 8.461240679025650024e-03 1.765862554311752319e-01 2.316856756806373596e-02 8.461240679025650024e-03 1.765862554311752319e-01
3.950000000000000000e+05 2.163590677082538605e-02 8.440570905804634094e-03 1.764825731515884399e-01 2.163590677082538605e-02 8.440570905804634094e-03 1.764825731515884399e-01
3.960000000000000000e+05 2.299422770738601685e-02 8.486980572342872620e-03 1.799181252717971802e-01 2.299422770738601685e-02 8.486980572342872620e-03 1.799181252717971802e-01
3.970000000000000000e+05 2.212082222104072571e-02 8.482520468533039093e-03 1.801786124706268311e-01 2.212082222104072571e-02 8.482520468533039093e-03 1.801786124706268311e-01
3.980000000000000000e+05 2.261099964380264282e-02 8.467041887342929840e-03 1.779014766216278076e-01 2.261099964380264282e-02 8.467041887342929840e-03 1.779014766216278076e-01
3.990000000000000000e+05 2.371451444923877716e-02 8.468178100883960724e-03 1.778553575277328491e-01 2.371451444923877716e-02 8.468178100883960724e-03 1.778553575277328491e-01
4.000000000000000000e+05 2.221598662436008453e-02 8.488577790558338165e-03 1.759082823991775513e-01 2.221598662436008453e-02 8.488577790558338165e-03 1.759082823991775513e-01
4.010000000000000000e+05 2.484005317091941833e-02 8.503847755491733551e-03 1.771548539400100708e-01 2.484005317091941833e-02 8.503847755491733551e-03 1.771548539400100708e-01
4.020000000000000000e+05 2.256574295461177826e-02 8.508106693625450134e-03 1.756412088871002197e-01 2.256574295461177826e-02 8.508106693625450134e-03 1.756412088871002197e-01
4.030000000000000000e+05 2.376592345535755157e-02 8.474045433104038239e-03 1.747291833162307739e-01 2.376592345535755157e-02 8.474045433104038239e-03 1.747291833162307739e-01
4.040000000000000000e+05 2.276694960892200470e-02 8.498923853039741516e-03 1.760434657335281372e-01 2.276694960892200470e-02 8.498923853039741516e-03 1.760434657335281372e-01
4.050000000000000000e+05 2.375826053321361542e-02 8.496996015310287476e-03 1.759347021579742432e-01 2.375826053321361542e-02 8.496996015310287476e-03 1.759347021579742432e-01
4.060000000000000000e+05 2.221447974443435669e-02 8.508877828717231750e-03 1.766682565212249756e-01 2.221447974443435669e-02 8.508877828717231750e-03 1.766682565212249756e-01
4.070000000000000000e+05 2.223450317978858948e-02 8.445710875093936920e-03 1.732048392295837402e-01 2.223450317978858948e-02 8.445710875093936920e-03 1.732048392295837402e-01
4.080000000000000000e+05 2.571377903223037720e-02 8.443979546427726746e-03 1.774825304746627808e-01 2.571377903223037720e-02 8.443979546427726746e-03 1.774825304746627808e-01
4.090000000000000000e+05 2.231319621205329895e-02 8.489117957651615143e-03 1.727661788463592529e-01 2.231319621205329895e-02 8.489117957651615143e-03 1.727661788463592529e-01
4.100000000000000000e+05 2.220832929015159607e-02 8.529526181519031525e-03 1.776044666767120361e-01 2.220832929015159607e-02 8.529526181519031525e-03 1.776044666767120361e-01
4.110000000000000000e+05 2.301157824695110321e-02 8.533374406397342682e-03 1.722074300050735474e-01 2.301157824695110321e-02 8.533374406397342682e-03 1.722074300050735474e-01
4.120000000000000000e+05 2.214922010898590088e-02 8.507682941854000092e-03 1.729028373956680298e-01 2.214922010898590088e-02 8.507682941854000092e-03 1.729028373956680298e-01
4.130000000000000000e+05 2.203309535980224609e-02 8.537735790014266968e-03 1.727470457553863525e-01 2.203309535980224609e-02 8.537735790014266968e-03 1.727470457553863525e-01
4.140000000000000000e+05 2.267145179212093353e-02 8.530445396900177002e-03 1.716932207345962524e-01 2.267145179212093353e-02 8.530445396900177002e-03 1.716932207345962524e-01
4.150000000000000000e+05 2.499988302588462830e-02 8.512645959854125977e-03 1.745290756225585938e-01 2.499988302588462830e-02 8.512645959854125977e-03 1.745290756225585938e-01
4.160000000000000000e+05 2.222067676484584808e-02 8.536570705473423004e-03 1.713796555995941162e-01 2.222067676484584808e-02 8.536570705473423004e-03 1.713796555995941162e-01
4.170000000000000000e+05 2.266742847859859467e-02 8.509566076099872589e-03 1.737494766712188721e-01 2.266742847859859467e-02 8.509566076099872589e-03 1.737494766712188721e-01
4.180000000000000000e+05 2.217100933194160461e-02 8.556049317121505737e-03 1.724722236394882202e-01 2.217100933194160461e-02 8.556049317121505737e-03 1.724722236394882202e-01
4.190000000000000000e+05 2.253443002700805664e-02 8.544716984033584595e-03 1.769757270812988281e-01 2.253443002700805664e-02 8.544716984033584595e-03 1.769757270812988281e-01
4.200000000000000000e+05 2.296137250959873199e-02 8.533775806427001953e-03 1.750219762325286865e-01 2.296137250959873199e-02 8.533775806427001953e-03 1.750219762325286865e-01
4.210000000000000000e+05 2.360757812857627869e-02 8.580173365771770477e-03 1.751229763031005859e-01 2.360757812857627869e-02 8.580173365771770477e-03 1.751229763031005859e-01
4.220000000000000000e+05 2.276057191193103790e-02 8.547860197722911835e-03 1.717965602874755859e-01 2.276057191193103790e-02 8.547860197722911835e-03 1.717965602874755859e-01
4.230000000000000000e+05 2.195970714092254639e-02 8.574674837291240692e-03 1.683342903852462769e-01 2.195970714092254639e-02 8.574674837291240692e-03 1.683342903852462769e-01
4.240000000000000000e+05 2.225366234779357910e-02 8.481920696794986725e-03 1.718286722898483276e-01 2.225366234779357910e-02 8.481920696794986725e-03 1.718286722898483276e-01
4.250000000000000000e+05 2.216630056500434875e-02 8.526915684342384338e-03 1.723399162292480469e-01 2.216630056500434875e-02 8.526915684342384338e-03 1.723399162292480469e-01
4.260000000000000000e+05 2.259454876184463501e-02 8.507955819368362427e-03 1.757015287876129150e-01 2.259454876184463501e-02 8.507955819368362427e-03 1.757015287876129150e-01
4.270000000000000000e+05 2.432775683701038361e-02 8.559457957744598389e-03 1.712829619646072388e-01 2.432775683701038361e-02 8.559457957744598389e-03 1.712829619646072388e-01
4.280000000000000000e+05 2.250099740922451019e-02 8.507812395691871643e-03 1.723742932081222534e-01 2.250099740922451019e-02 8.507812395691871643e-03 1.723742932081222534e-01
4.290000000000000000e+05 2.137983590364456177e-02 8.561481721699237823e-03 1.689238399267196655e-01 2.137983590364456177e-02 8.561481721699237823e-03 1.689238399267196655e-01
4.300000000000000000e+05 2.166617661714553833e-02 8.536559529602527618e-03 1.672537624835968018e-01 2.166617661714553833e-02 8.536559529602527618e-03 1.672537624835968018e-01
4.310000000000000000e+05 2.327556721866130829e-02 8.495149202644824982e-03 1.695485413074493408e-01 2.327556721866130829e-02 8.495149202644824982e-03 1.695485413074493408e-01
4.320000000000000000e+05 2.150995470583438873e-02 8.573761209845542908e-03 1.693374663591384888e-01 2.150995470583438873e-02 8.573761209845542908e-03 1.693374663591384888e-01
4.330000000000000000e+05 2.288948558270931244e-02 8.545182645320892334e-03 1.681640297174453735e-01 2.288948558270931244e-02 8.545182645320892334e-03 1.681640297174453735e-01
4.340000000000000000e+05 2.125939540565013885e-02 8.522946387529373169e-03 1.666241735219955444e-01 2.125939540565013885e-02 8.522946387529373169e-03 1.666241735219955444e-01
4.350000000000000000e+05 2.223783358931541443e-02 8.576151914894580841e-03 1.696660667657852173e-01 2.223783358931541443e-02 8.576151914894580841e-03 1.696660667657852173e-01
4.360000000000000000e+05 2.249539643526077271e-02 8.532375097274780273e-03 1.681499928236007690e-01 2.249539643526077271e-02 8.532375097274780273e-03 1.681499928236007690e-01
4.370000000000000000e+05 2.136310562491416931e-02 8.528720587491989136e-03 1.655547171831130981e-01 2.136310562491416931e-02 8.528720587491989136e-03 1.655547171831130981e-01
4.380000000000000000e+05 2.162573859095573425e-02 8.545547723770141602e-03 1.666138768196105957e-01 2.162573859095573425e-02 8.545547723770141602e-03 1.666138768196105957e-01
4.390000000000000000e+05 2.133781835436820984e-02 8.553140796720981598e-03 1.658219844102859497e-01 2.133781835436820984e-02 8.553140796720981598e-03 1.658219844102859497e-01
4.400000000000000000e+05 2.328979782760143280e-02 8.521572686731815338e-03 1.696761697530746460e-01 2.328979782760143280e-02 8.521572686731815338e-03 1.696761697530746460e-01
4.410000000000000000e+05 2.105876803398132324e-02 8.534890599548816681e-03 1.644586473703384399e-01 2.105876803398132324e-02 8.534890599548816681e-03 1.644586473703384399e-01
4.420000000000000000e+05 2.352079190313816071e-02 8.584652096033096313e-03 1.656593680381774902e-01 2.352079190313816071e-02 8.584652096033096313e-03 1.656593680381774902e-01
4.430000000000000000e+05 2.208085916936397552e-02 8.551995269954204559e-03 1.645116508007049561e-01 2.208085916936397552e-02 8.551995269954204559e-03 1.645116508007049561e-01
4.440000000000000000e+05 2.210284210741519928e-02 8.587800897657871246e-03 1.650932729244232178e-01 2.210284210741519928e-02 8.587800897657871246e-03 1.650932729244232178e-01
4.450000000000000000e+05 2.136532589793205261e-02 8.581408299505710602e-03 1.652691364288330078e-01 2.136532589793205261e-02 8.581408299505710602e-03 1.652691364288330078e-01
4.460000000000000000e+05 2.172176726162433624e-02 8.547598496079444885e-03 1.691041141748428345e-01 2.172176726162433624e-02 8.547598496079444885e-03 1.691041141748428345e-01
4.470000000000000000e+05 2.084053680300712585e-02 8.603903464972972870e-03 1.629398167133331299e-01 2.084053680300712585e-02 8.603903464972972870e-03 1.629398167133331299e-01
4.480000000000000000e+05 2.101769670844078064e-02 8.544405922293663025e-03 1.643997728824615479e-01 2.101769670844078064e-02 8.544405922293663025e-03 1.643997728824615479e-01
4.490000000000000000e+05 2.190243452787399292e-02 8.548899553716182709e-03 1.672799438238143921e-01 2.190243452787399292e-02 8.548899553716182709e-03 1.672799438238143921e-01
4.500000000000000000e+05 2.151703648269176483e-02 8.592626079916954041e-03 1.661495715379714966e-01 2.151703648269176483e-02 8.592626079916954041e-03 1.661495715379714966e-01
4.510000000000000000e+05 2.189292758703231812e-02 8.568115532398223877e-03 1.640479266643524170e-01 2.189292758703231812e-02 8.568115532398223877e-03 1.640479266643524170e-01
4.520000000000000000e+05 2.017536200582981110e-02 8.595744147896766663e-03 1.644868850708007812e-01 2.017536200582981110e-02 8.595744147896766663e-03 1.644868850708007812e-01
4.530000000000000000e+05 2.054009400308132172e-02 8.551018312573432922e-03 1.620883643627166748e-01 2.054009400308132172e-02 8.551018312573432922e-03 1.620883643627166748e-01
4.540000000000000000e+05 2.165334858000278473e-02 8.579848334193229675e-03 1.636529415845870972e-01 2.165334858000278473e-02 8.579848334193229675e-03 1.636529415845870972e-01
4.550000000000000000e+05 2.302710153162479401e-02 8.562859147787094116e-03 1.647145599126815796e-01 2.302710153162479401e-02 8.562859147787094116e-03 1.647145599126815796e-01
4.560000000000000000e+05 2.038019150495529175e-02 8.583616465330123901e-03 1.607770621776580811e-01 2.038019150495529175e-02 8.583616465330123901e-03 1.607770621776580811e-01
4.570000000000000000e+05 2.236028201878070831e-02 8.616089820861816406e-03 1.636587828397750854e-01 2.236028201878070831e-02 8.616089820861816406e-03 1.636587828397750854e-01
4.580000000000000000e+05 2.008009888231754303e-02 8.576062507927417755e-03 1.621956229209899902e-01 2.008009888231754303e-02 8.576062507927417755e-03 1.621956229209899902e-01
4.590000000000000000e+05 2.170976251363754272e-02 8.574162609875202179e-03 1.615220159292221069e-01 2.170976251363754272e-02 8.574162609875202179e-03 1.615220159292221069e-01
4.600000000000000000e+05 2.105852961540222168e-02 8.567884564399719238e-03 1.622045636177062988e-01 2.105852961540222168e-02 8.567884564399719238e-03 1.622045636177062988e-01
4.610000000000000000e+05 2.148475311696529388e-02 8.600715547800064087e-03 1.624350249767303467e-01 2.148475311696529388e-02 8.600715547800064087e-03 1.624350249767303467e-01
4.620000000000000000e+05 2.082725428044795990e-02 8.585023693740367889e-03 1.678824126720428467e-01 2.082725428044795990e-02 8.585023693740367889e-03 1.678824126720428467e-01
4.630000000000000000e+05 2.353253215551376343e-02 8.555195294320583344e-03 1.620933711528778076e-01 2.353253215551376343e-02 8.555195294320583344e-03 1.620933711528778076e-01
4.640000000000000000e+05 2.036821655929088593e-02 8.608492091298103333e-03 1.604046821594238281e-01 2.036821655929088593e-02 8.608492091298103333e-03 1.604046821594238281e-01
4.650000000000000000e+05 2.086236886680126190e-02 8.572024293243885040e-03 1.593120396137237549e-01 2.086236886680126190e-02 8.572024293243885040e-03 1.593120396137237549e-01
4.660000000000000000e+05 2.083098702132701874e-02 8.570784702897071838e-03 1.599327474832534790e-01 2.083098702132701874e-02 8.570784702897071838e-03 1.599327474832534790e-01
4.670000000000000000e+05 2.103098668158054352e-02 8.644114248454570770e-03 1.605558097362518311e-01 2.103098668158054352e-02 8.644114248454570770e-03 1.605558097362518311e-01
4.680000000000000000e+05 2.017942816019058228e-02 8.605349808931350708e-03 1.623342037200927734e-01 2.017942816019058228e-02 8.605349808931350708e-03 1.623342037200927734e-01
4.690000000000000000e+05 2.105471491813659668e-02 8.608042262494564056e-03 1.621365696191787720e-01 2.105471491813659668e-02 8.608042262494564056e-03 1.621365696191787720e-01
4.700000000000000000e+05 2.091876789927482605e-02 8.602580055594444275e-03 1.590642631053924561e-01 2.091876789927482605e-02 8.602580055594444275e-03 1.590642631053924561e-01
4.710000000000000000e+05 2.127215825021266937e-02 8.579640649259090424e-03 1.594973355531692505e-01 2.127215825021266937e-02 8.579640649259090424e-03 1.594973355531692505e-01
4.720000000000000000e+05 2.247839607298374176e-02 8.644151501357555389e-03 1.617243438959121704e-01 2.247839607298374176e-02 8.644151501357555389e-03 1.617243438959121704e-01
4.730000000000000000e+05 2.088427729904651642e-02 8.565875701606273651e-03 1.584506183862686157e-01 2.088427729904651642e-02 8.565875701606273651e-03 1.584506183862686157e-01
4.740000000000000000e+05 2.091006003320217133e-02 8.607950061559677124e-03 1.608228087425231934e-01 2.091006003320217133e-02 8.607950061559677124e-03 1.608228087425231934e-01
4.750000000000000000e+05 1.929739303886890411e-02 8.587404154241085052e-03 1.601030230522155762e-01 1.929739303886890411e-02 8.587404154241085052e-03 1.601030230522155762e-01
4.760000000000000000e+05 2.046964876353740692e-02 8.598047308623790741e-03 1.596431136131286621e-01 2.046964876353740692e-02 8.598047308623790741e-03 1.596431136131286621e-01
4.770000000000000000e+05 1.949241198599338531e-02 8.575777523219585419e-03 1.586297154426574707e-01 1.949241198599338531e-02 8.575777523219585419e-03 1.586297154426574707e-01
4.780000000000000000e+05 2.172035351395606995e-02 8.596287108957767487e-03 1.579592674970626831e-01 2.172035351395606995e-02 8.596287108957767487e-03 1.579592674970626831e-01
4.790000000000000000e+05 1.915557868778705597e-02 8.587636984884738922e-03 1.567392647266387939e-01 1.915557868778705597e-02 8.587636984884738922e-03 1.567392647266387939e-01
4.800000000000000000e+05 2.007128484547138214e-02 8.618483319878578186e-03 1.596277505159378052e-01 2.007128484547138214e-02 8.618483319878578186e-03 1.596277505159378052e-01
4.810000000000000000e+05 2.082713879644870758e-02 8.596813306212425232e-03 1.598326116800308228e-01 2.082713879644870758e-02 8.596813306212425232e-03 1.598326116800308228e-01
4.820000000000000000e+05 2.124295197427272797e-02 8.644467219710350037e-03 1.585360020399093628e-01 2.124295197427272797e-02 8.644467219710350037e-03 1.585360020399093628e-01
4.830000000000000000e+05 2.030649222433567047e-02 8.603196591138839722e-03 1.566107273101806641e-01 2.030649222433567047e-02 8.603196591138839722e-03 1.566107273101806641e-01
4.840000000000000000e+05 2.024533785879611969e-02 8.633490651845932007e-03 1.547068506479263306e-01 2.024533785879611969e-02 8.633490651845932007e-03 1.547068506479263306e-01
4.850000000000000000e+05 2.112140692770481110e-02 8.551905862987041473e-03 1.560461819171905518e-01 2.112140692770481110e-02 8.551905862987041473e-03 1.560461819171905518e-01
4.860000000000000000e+05 2.070714719593524933e-02 8.609447628259658813e-03 1.568860560655593872e-01 2.070714719593524933e-02 8.609447628259658813e-03 1.568860560655593872e-01
4.870000000000000000e+05 1.948094554245471954e-02 8.597303181886672974e-03 1.560143828392028809e-01 1.948094554245471954e-02 8.597303181886672974e-03 1.560143828392028809e-01
4.880000000000000000e+05 2.149871736764907837e-02 8.638409897685050964e-03 1.587065458297729492e-01 2.149871736764907837e-02 8.638409897685050964e-03 1.587065458297729492e-01
4.890000000000000000e+05 2.049841731786727905e-02 8.641486987471580505e-03 1.555745303630828857e-01 2.049841731786727905e-02 8.641486987471580505e-03 1.555745303630828857e-01
4.900000000000000000e+05 2.068136446177959442e-02 8.617904968559741974e-03 1.544182896614074707e-01 2.068136446177959442e-02 8.617904968559741974e-03 1.544182896614074707e-01
4.910000000000000000e+05 2.320192940533161163e-02 8.649386465549468994e-03 1.614012569189071655e-01 2.320192940533161163e-02 8.649386465549468994e-03 1.614012569189071655e-01
4.920000000000000000e+05 2.027034759521484375e-02 8.607347495853900909e-03 1.598170697689056396e-01 2.027034759521484375e-02 8.607347495853900909e-03 1.598170697689056396e-01
4.930000000000000000e+05 1.950904540717601776e-02 8.605632930994033813e-03 1.561699062585830688e-01 1.950904540717601776e-02 8.605632930994033813e-03 1.561699062585830688e-01
4.940000000000000000e+05 2.044172957539558411e-02 8.585483767092227936e-03 1.567109078168869019e-01 2.044172957539558411e-02 8.585483767092227936e-03 1.567109078168869019e-01
4.950000000000000000e+05 2.065781317651271820e-02 8.633335120975971222e-03 1.541485190391540527e-01 2.065781317651271820e-02 8.633335120975971222e-03 1.541485190391540527e-01
4.960000000000000000e+05 1.966344751417636871e-02 8.667034097015857697e-03 1.547390818595886230e-01 1.966344751417636871e-02 8.667034097015857697e-03 1.547390818595886230e-01
4.970000000000000000e+05 2.070804499089717865e-02 8.599624037742614746e-03 1.580495089292526245e-01 2.070804499089717865e-02 8.599624037742614746e-03 1.580495089292526245e-01
4.980000000000000000e+05 2.135248854756355286e-02 8.637305349111557007e-03 1.565037518739700317e-01 2.135248854756355286e-02 8.637305349111557007e-03 1.565037518739700317e-01
4.990000000000000000e+05 1.973169483244419098e-02 8.627127856016159058e-03 1.541701555252075195e-01 1.973169483244419098e-02 8.627127856016159058e-03 1.541701555252075195e-01
5.000000000000000000e+05 2.093500271439552307e-02 8.608106523752212524e-03 1.559113264083862305e-01 2.093500271439552307e-02 8.608106523752212524e-03 1.559113264083862305e-01
5.010000000000000000e+05 2.079503238201141357e-02 8.607164956629276276e-03 1.556954532861709595e-01 2.079503238201141357e-02 8.607164956629276276e-03 1.556954532861709595e-01
5.020000000000000000e+05 2.159417048096656799e-02 8.662600070238113403e-03 1.599487215280532837e-01 2.159417048096656799e-02 8.662600070238113403e-03 1.599487215280532837e-01
5.030000000000000000e+05 1.972565241158008575e-02 8.634586818516254425e-03 1.532098650932312012e-01 1.972565241158008575e-02 8.634586818516254425e-03 1.532098650932312012e-01
5.040000000000000000e+05 2.099195681512355804e-02 8.686602115631103516e-03 1.533335596323013306e-01 2.099195681512355804e-02 8.686602115631103516e-03 1.533335596323013306e-01
5.050000000000000000e+05 1.976479962468147278e-02 8.670504204928874969e-03 1.542827188968658447e-01 1.976479962468147278e-02 8.670504204928874969e-03 1.542827188968658447e-01
5.060000000000000000e+05 2.012530528008937836e-02 8.646800182759761810e-03 1.519014984369277954e-01 2.012530528008937836e-02 8.646800182759761810e-03 1.519014984369277954e-01
5.070000000000000000e+05 2.227982319891452789e-02 8.684371598064899445e-03 1.560950577259063721e-01 2.227982319891452789e-02 8.684371598064899445e-03 1.560950577259063721e-01
5.080000000000000000e+05 2.011961862444877625e-02 8.651601150631904602e-03 1.533913910388946533e-01 2.011961862444877625e-02 8.651601150631904602e-03 1.533913910388946533e-01
5.090000000000000000e+05 1.963622868061065674e-02 8.658375591039657593e-03 1.519832015037536621e-01 1.963622868061065674e-02 8.658375591039657593e-03 1.519832015037536621e-01
5.100000000000000000e+05 1.888219453394412994e-02 8.667558431625366211e-03 1.504976302385330200e-01 1.888219453394412994e-02 8.667558431625366211e-03 1.504976302385330200e-01
5.110000000000000000e+05 2.040456421673297882e-02 8.660689927637577057e-03 1.520777642726898193e-01 2.040456421673297882e-02 8.660689927637577057e-03 1.520777642726898193e-01
5.120000000000000000e+05 1.889338344335556030e-02 8.653978817164897919e-03 1.513168662786483765e-01 1.889338344335556030e-02 8.653978817164897919e-03 1.513168662786483765e-01
5.130000000000000000e+05 1.996322534978389740e-02 8.655606769025325775e-03 1.522219479084014893e-01 1.996322534978389740e-02 8.655606769025325775e-03 1.522219479084014893e-01
5.140000000000000000e+05 1.928627863526344299e-02 8.693230338394641876e-03 1.526390761137008667e-01 1.928627863526344299e-02 8.693230338394641876e-03 1.526390761137008667e-01
5.150000000000000000e+05 1.949638314545154572e-02 8.674855343997478485e-03 1.540169715881347656e-01 1.949638314545154572e-02 8.674855343997478485e-03 1.540169715881347656e-01
5.160000000000000000e+05 1.991380006074905396e-02 8.680956438183784485e-03 1.503818929195404053e-01 1.991380006074905396e-02 8.680956438183784485e-03 1.503818929195404053e-01
5.170000000000000000e+05 1.874572783708572388e-02 8.642392233014106750e-03 1.506548374891281128e-01 1.874572783708572388e-02 8.642392233014106750e-03 1.506548374891281128e-01
5.180000000000000000e+05 1.939818821847438812e-02 8.681074716150760651e-03 1.524322628974914551e-01 1.939818821847438812e-02 8.681074716150760651e-03 1.524322628974914551e-01
5.190000000000000000e+05 2.202579379081726074e-02 8.738669566810131073e-03 1.516080349683761597e-01 2.202579379081726074e-02 8.738669566810131073e-03 1.516080349683761597e-01
5.200000000000000000e+05 2.081796340644359589e-02 8.708463981747627258e-03 1.512294113636016846e-01 2.081796340644359589e-02 8.708463981747627258e-03 1.512294113636016846e-01
5.210000000000000000e+05 1.846670545637607574e-02 8.664920926094055176e-03 1.513511687517166138e-01 1.846670545637607574e-02 8.664920926094055176e-03 1.513511687517166138e-01
5.220000000000000000e+05 1.962619461119174957e-02 8.658992126584053040e-03 1.536526232957839966e-01 1.962619461119174957e-02 8.658992126584053040e-03 1.536526232957839966e-01
5.230000000000000000e+05 2.334287948906421661e-02 8.725901134312152863e-03 1.504223346710205078e-01 2.334287948906421661e-02 8.725901134312152863e-03 1.504223346710205078e-01
5.240000000000000000e+05 1.980280317366123199e-02 8.714224211871623993e-03 1.484918147325515747e-01 1.980280317366123199e-02 8.714224211871623993e-03 1.484918147325515747e-01
5.250000000000000000e+05 1.840372197329998016e-02 8.698499761521816254e-03 1.507466435432434082e-01 1.840372197329998016e-02 8.698499761521816254e-03 1.507466435432434082e-01
5.260000000000000000e+05 1.850791089236736298e-02 8.711636066436767578e-03 1.501809954643249512e-01 1.850791089236736298e-02 8.711636066436767578e-03 1.501809954643249512e-01
5.270000000000000000e+05 1.902014017105102539e-02 8.659041486680507660e-03 1.495047211647033691e-01 1.902014017105102539e-02 8.659041486680507660e-03 1.495047211647033691e-01
5.280000000000000000e+05 2.114808186888694763e-02 8.706620894372463226e-03 1.484047919511795044e-01 2.114808186888694763e-02 8.706620894372463226e-03 1.484047919511795044e-01
5.290000000000000000e+05 1.918436959385871887e-02 8.720768615603446960e-03 1.489932388067245483e-01 1.918436959385871887e-02 8.720768615603446960e-03 1.489932388067245483e-01
5.300000000000000000e+05 2.013910189270973206e-02 8.719418197870254517e-03 1.515012234449386597e-01 2.013910189270973206e-02 8.719418197870254517e-03 1.515012234449386597e-01
5.310000000000000000e+05 1.905460655689239502e-02 8.726274594664573669e-03 1.505974978208541870e-01 1.905460655689239502e-02 8.726274594664573669e-03 1.505974978208541870e-01
5.320000000000000000e+05 1.958543993532657623e-02 8.730771951377391815e-03 1.487831175327301025e-01 1.958543993532657623e-02 8.730771951377391815e-03 1.487831175327301025e-01
5.330000000000000000e+05 1.830792240798473358e-02 8.717880584299564362e-03 1.480830311775207520e-01 1.830792240798473358e-02 8.717880584299564362e-03 1.480830311775207520e-01
5.340000000000000000e+05 1.869734376668930054e-02 8.733971975743770599e-03 1.472349315881729126e-01 1.869734376668930054e-02 8.733971975743770599e-03 1.472349315881729126e-01
5.350000000000000000e+05 2.047322504222393036e-02 8.694288320839405060e-03 1.483522206544876099e-01 2.047322504222393036e-02 8.694288320839405060e-03 1.483522206544876099e-01
5.360000000000000000e+05 1.873785443603992462e-02 8.717239834368228912e-03 1.466244310140609741e-01 1.873785443603992462e-02 8.717239834368228912e-03 1.466244310140609741e-01
5.370000000000000000e+05 1.843519508838653564e-02 8.718673139810562134e-03 1.480787992477416992e-01 1.843519508838653564e-02 8.718673139810562134e-03 1.480787992477416992e-01
5.380000000000000000e+05 2.031098119914531708e-02 8.725633844733238220e-03 1.549084186553955078e-01 2.031098119914531708e-02 8.725633844733238220e-03 1.549084186553955078e-01
5.390000000000000000e+05 1.885428279638290405e-02 8.713120594620704651e-03 1.475133746862411499e-01 1.885428279638290405e-02 8.713120594620704651e-03 1.475133746862411499e-01
5.400000000000000000e+05 2.006059512495994568e-02 8.801965974271297455e-03 1.488734930753707886e-01 2.006059512495994568e-02 8.801965974271297455e-03 1.488734930753707886e-01
5.410000000000000000e+05 1.912903599441051483e-02 8.716642856597900391e-03 1.485581398010253906e-01 1.912903599441051483e-02 8.716642856597900391e-03 1.485581398010253906e-01
5.420000000000000000e+05 2.065489254891872406e-02 8.715221658349037170e-03 1.527806222438812256e-01 2.065489254891872406e-02 8.715221658349037170e-03 1.527806222438812256e-01
5.430000000000000000e+05 1.807351782917976379e-02 8.778356947004795074e-03 1.458299905061721802e-01 1.807351782917976379e-02 8.778356947004795074e-03 1.458299905061721802e-01
5.440000000000000000e+05 1.879999041557312012e-02 8.785159327089786530e-03 1.470292657613754272e-01 1.879999041557312012e-02 8.785159327089786530e-03 1.470292657613754272e-01
5.450000000000000000e+05 1.947594992816448212e-02 8.771041408181190491e-03 1.463582813739776611e-01 1.947594992816448212e-02 8.771041408181190491e-03 1.463582813739776611e-01
5.460000000000000000e+05 1.937069371342658997e-02 8.782755583524703979e-03 1.474183797836303711e-01 1.937069371342658997e-02 8.782755583524703979e-03 1.474183797836303711e-01
5.470000000000000000e+05 1.868670433759689331e-02 8.735183626413345337e-03 1.474697440862655640e-01 1.868670433759689331e-02 8.735183626413345337e-03 1.474697440862655640e-01
5.480000000000000000e+05 1.940682157874107361e-02 8.755319751799106598e-03 1.462883949279785156e-01 1.940682157874107361e-02 8.755319751799106598e-03 1.462883949279785156e-01
5.490000000000000000e+05 2.013517171144485474e-02 8.782736957073211670e-03 1.477589458227157593e-01 2.013517171144485474e-02 8.782736957073211670e-03 1.477589458227157593e-01
5.500000000000000000e+05 1.894829049706459045e-02 8.726166561245918274e-03 1.457283347845077515e-01 1.894829049706459045e-02 8.726166561245918274e-03 1.457283347845077515e-01
5.510000000000000000e+05 1.817680336534976959e-02 8.755398914217948914e-03 1.453729867935180664e-01 1.817680336534976959e-02 8.755398914217948914e-03 1.453729867935180664e-01
5.520000000000000000e+05 2.078699320554733276e-02 8.789731189608573914e-03 1.485590189695358276e-01 2.078699320554733276e-02 8.789731189608573914e-03 1.485590189695358276e-01
5.530000000000000000e+05 2.022832632064819336e-02 8.765442296862602234e-03 1.470098048448562622e-01 2.022832632064819336e-02 8.765442296862602234e-03 1.470098048448562622e-01
5.540000000000000000e+05 1.866829767823219299e-02 8.789947256445884705e-03 1.446979343891143799e-01 1.866829767823219299e-02 8.789947256445884705e-03 1.446979343891143799e-01
5.550000000000000000e+05 1.829704828560352325e-02 8.796785958111286163e-03 1.455799192190170288e-01 1.829704828560352325e-02 8.796785958111286163e-03 1.455799192190170288e-01
5.560000000000000000e+05 1.922702789306640625e-02 8.797211572527885437e-03 1.438939571380615234e-01 1.922702789306640625e-02 8.797211572527885437e-03 1.438939571380615234e-01
5.570000000000000000e+05 1.797952316701412201e-02 8.799272589385509491e-03 1.447676569223403931e-01 1.797952316701412201e-02 8.799272589385509491e-03 1.447676569223403931e-01
5.580000000000000000e+05 1.810079813003540039e-02 8.832365274429321289e-03 1.436734199523925781e-01 1.810079813003540039e-02 8.832365274429321289e-03 1.436734199523925781e-01
5.590000000000000000e+05 1.996152661740779877e-02 8.755551651120185852e-03 1.473190188407897949e-01 1.996152661740779877e-02 8.755551651120185852e-03 1.473190188407897949e-01
5.600000000000000000e+05 1.892706565558910370e-02 8.809166029095649719e-03 1.437914520502090454e-01 1.892706565558910370e-02 8.809166029095649719e-03 1.437914520502090454e-01
5.610000000000000000e+05 1.848970539867877960e-02 8.784719742834568024e-03 1.433072388172149658e-01 1.848970539867877960e-02 8.784719742834568024e-03 1.433072388172149658e-01
5.620000000000000000e+05 2.033981494605541229e-02 8.798601105809211731e-03 1.437465995550155640e-01 2.033981494605541229e-02 8.798601105809211731e-03 1.437465995550155640e-01
5.630000000000000000e+05 1.755735091865062714e-02 8.789059706032276154e-03 1.447560936212539673e-01 1.755735091865062714e-02 8.789059706032276154e-03 1.447560936212539673e-01
5.640000000000000000e+05 1.897976733744144440e-02 8.846255950629711151e-03 1.476244926452636719e-01 1.897976733744144440e-02 8.846255950629711151e-03 1.476244926452636719e-01
5.650000000000000000e+05 1.876861788332462311e-02 8.779480122029781342e-03 1.430626213550567627e-01 1.876861788332462311e-02 8.779480122029781342e-03 1.430626213550567627e-01
5.660000000000000000e+05 1.914737559854984283e-02 8.840559050440788269e-03 1.455618143081665039e-01 1.914737559854984283e-02 8.840559050440788269e-03 1.455618143081665039e-01
5.670000000000000000e+05 1.952612027525901794e-02 8.821422234177589417e-03 1.433866918087005615e-01 1.952612027525901794e-02 8.821422234177589417e-03 1.433866918087005615e-01
5.680000000000000000e+05 1.809634827077388763e-02 8.829753845930099487e-03 1.466542333364486694e-01 1.809634827077388763e-02 8.829753845930099487e-03 1.466542333364486694e-01
5.690000000000000000e+05 1.813248172402381897e-02 8.804324083030223846e-03 1.435546875000000000e-01 1.813248172402381897e-02 8.804324083030223846e-03 1.435546875000000000e-01
5.700000000000000000e+05 1.927417702972888947e-02 8.776649832725524902e-03 1.444721519947052002e-01 1.927417702972888947e-02 8.776649832725524902e-03 1.444721519947052002e-01
5.710000000000000000e+05 1.780773699283599854e-02 8.855124004185199738e-03 1.430209130048751831e-01 1.780773699283599854e-02 8.855124004185199738e-03 1.430209130048751831e-01
5.720000000000000000e+05 1.885394193232059479e-02 8.834144100546836853e-03 1.465882658958435059e-01 1.885394193232059479e-02 8.834144100546836853e-03 1.465882658958435059e-01
5.730000000000000000e+05 1.852120459079742432e-02 8.846318349242210388e-03 1.479846388101577759e-01 1.852120459079742432e-02 8.846318349242210388e-03 1.479846388101577759e-01
5.740000000000000000e+05 1.782745495438575745e-02 8.837465196847915649e-03 1.415046155452728271e-01 1.782745495438575745e-02 8.837465196847915649e-03 1.415046155452728271e-01
5.750000000000000000e+05 1.829876936972141266e-02 8.839100599288940430e-03 1.436524540185928345e-01 1.829876936972141266e-02 8.839100599288940430e-03 1.436524540185928345e-01
5.760000000000000000e+05 1.790928468108177185e-02 8.827640675008296967e-03 1.433899104595184326e-01 1.790928468108177185e-02 8.827640675008296967e-03 1.433899104595184326e-01
5.770000000000000000e+05 1.814163289964199066e-02 8.862202055752277374e-03 1.415161341428756714e-01 1.814163289964199066e-02 8.862202055752277374e-03 1.415161341428756714e-01
5.780000000000000000e+05 2.044039964675903320e-02 8.825795724987983704e-03 1.424365937709808350e-01 2.044039964675903320e-02 8.825795724987983704e-03 1.424365937709808350e-01
5.790000000000000000e+05 1.872466504573822021e-02 8.865268900990486145e-03 1.415670365095138550e-01 1.872466504573822021e-02 8.865268900990486145e-03 1.415670365095138550e-01
5.800000000000000000e+05 1.918602921068668365e-02 8.829006925225257874e-03 1.423002928495407104e-01 1.918602921068668365e-02 8.829006925225257874e-03 1.423002928495407104e-01
5.810000000000000000e+05 1.880750991404056549e-02 8.873197250068187714e-03 1.408283412456512451e-01 1.880750991404056549e-02 8.873197250068187714e-03 1.408283412456512451e-01
5.820000000000000000e+05 1.894273795187473297e-02 8.867545984685420990e-03 1.436014473438262939e-01 1.894273795187473297e-02 8.867545984685420990e-03 1.436014473438262939e-01
5.830000000000000000e+05 1.963131316006183624e-02 8.808563463389873505e-03 1.423947811126708984e-01 1.963131316006183624e-02 8.808563463389873505e-03 1.423947811126708984e-01
5.840000000000000000e+05 2.045341208577156067e-02 8.862265385687351227e-03 1.416011899709701538e-01 2.045341208577156067e-02 8.862265385687351227e-03 1.416011899709701538e-01
5.850000000000000000e+05 1.746514067053794861e-02 8.860957808792591095e-03 1.419225931167602539e-01 1.746514067053794861e-02 8.860957808792591095e-03 1.419225931167602539e-01
5.860000000000000000e+05 1.736945845186710358e-02 8.874011225998401642e-03 1.410724371671676636e-01 1.736945845186710358e-02 8.874011225998401642e-03 1.410724371671676636e-01
5.870000000000000000e+05 1.772654801607131958e-02 8.887585252523422241e-03 1.408612728118896484e-01 1.772654801607131958e-02 8.887585252523422241e-03 1.408612728118896484e-01
5.880000000000000000e+05 1.758946664631366730e-02 8.846888318657875061e-03 1.407856941223144531e-01 1.758946664631366730e-02 8.846888318657875061e-03 1.407856941223144531e-01
5.890000000000000000e+05 1.971942745149135590e-02 8.907084353268146515e-03 1.416637599468231201e-01 1.971942745149135590e-02 8.907084353268146515e-03 1.416637599468231201e-01
5.900000000000000000e+05 1.858785934746265411e-02 8.850562386214733124e-03 1.411661356687545776e-01 1.858785934746265411e-02 8.850562386214733124e-03 1.411661356687545776e-01
5.910000000000000000e+05 1.747362501919269562e-02 8.862337097525596619e-03 1.394206434488296509e-01 1.747362501919269562e-02 8.862337097525596619e-03 1.394206434488296509e-01
5.920000000000000000e+05 1.688217557966709137e-02 8.870692923665046692e-03 1.391599625349044800e-01 1.688217557966709137e-02 8.870692923665046692e-03 1.391599625349044800e-01
5.930000000000000000e+05 1.786991022527217865e-02 8.872203528881072998e-03 1.426198333501815796e-01 1.786991022527217865e-02 8.872203528881072998e-03 1.426198333501815796e-01
5.940000000000000000e+05 1.795890554785728455e-02 8.824579417705535889e-03 1.400076597929000854e-01 1.795890554785728455e-02 8.824579417705535889e-03 1.400076597929000854e-01
5.950000000000000000e+05 1.846900209784507751e-02 8.907464332878589630e-03 1.417754292488098145e-01 1.846900209784507751e-02 8.907464332878589630e-03 1.417754292488098145e-01
5.960000000000000000e+05 1.737439259886741638e-02 8.893165737390518188e-03 1.395541280508041382e-01 1.737439259886741638e-02 8.893165737390518188e-03 1.395541280508041382e-01
5.970000000000000000e+05 1.739749498665332794e-02 8.900715038180351257e-03 1.391566395759582520e-01 1.739749498665332794e-02 8.900715038180351257e-03 1.391566395759582520e-01
5.980000000000000000e+05 1.714495755732059479e-02 8.915361948311328888e-03 1.412854939699172974e-01 1.714495755732059479e-02 8.915361948311328888e-03 1.412854939699172974e-01
5.990000000000000000e+05 1.839688234031200409e-02 8.909553289413452148e-03 1.400615423917770386e-01 1.839688234031200409e-02 8.909553289413452148e-03 1.400615423917770386e-01
6.000000000000000000e+05 1.731363870203495026e-02 8.928433991968631744e-03 1.419517993927001953e-01 1.731363870203495026e-02 8.928433991968631744e-03 1.419517993927001953e-01
6.010000000000000000e+05 1.697655953466892242e-02 8.925592526793479919e-03 1.386288851499557495e-01 1.697655953466892242e-02 8.925592526793479919e-03 1.386288851499557495e-01
6.020000000000000000e+05 1.754726283252239227e-02 8.903845213353633881e-03 1.389767080545425415e-01 1.754726283252239227e-02 8.903845213353633881e-03 1.389767080545425415e-01
6.030000000000000000e+05 1.702578924596309662e-02 8.889571763575077057e-03 1.422329694032669067e-01 1.702578924596309662e-02 8.889571763575077057e-03 1.422329694032669067e-01
6.040000000000000000e+05 1.796586439013481140e-02 8.897492662072181702e-03 1.406108587980270386e-01 1.796586439013481140e-02 8.897492662072181702e-03 1.406108587980270386e-01
6.050000000000000000e+05 1.657204888761043549e-02 8.933118544518947601e-03 1.383308768272399902e-01 1.657204888761043549e-02 8.933118544518947601e-03 1.383308768272399902e-01
6.060000000000000000e+05 1.852590776979923248e-02 8.921785280108451843e-03 1.405715346336364746e-01 1.852590776979923248e-02 8.921785280108451843e-03 1.405715346336364746e-01
6.070000000000000000e+05 1.763858087360858917e-02 8.920834399759769440e-03 1.389494389295578003e-01 1.763858087360858917e-02 8.920834399759769440e-03 1.389494389295578003e-01
6.080000000000000000e+05 1.756955683231353760e-02 8.938235230743885040e-03 1.389608532190322876e-01 1.756955683231353760e-02 8.938235230743885040e-03 1.389608532190322876e-01
6.090000000000000000e+05 1.628243550658226013e-02 8.928001858294010162e-03 1.379199773073196411e-01 1.628243550658226013e-02 8.928001858294010162e-03 1.379199773073196411e-01
6.100000000000000000e+05 1.705945655703544617e-02 8.910168893635272980e-03 1.384249180555343628e-01 1.705945655703544617e-02 8.910168893635272980e-03 1.384249180555343628e-01
6.110000000000000000e+05 1.784664578735828400e-02 8.951713331043720245e-03 1.386949121952056885e-01 1.784664578735828400e-02 8.951713331043720245e-03 1.386949121952056885e-01
6.120000000000000000e+05 1.762404292821884155e-02 8.972836658358573914e-03 1.396937370300292969e-01 1.762404292821884155e-02 8.972836658358573914e-03 1.396937370300292969e-01
6.130000000000000000e+05 1.773945800960063934e-02 8.959015831351280212e-03 1.385018378496170044e-01 1.773945800960063934e-02 8.959015831351280212e-03 1.385018378496170044e-01
6.140000000000000000e+05 1.690002344548702240e-02 8.938074111938476562e-03 1.373570710420608521e-01 1.690002344548702240e-02 8.938074111938476562e-03 1.373570710420608521e-01
6.150000000000000000e+05 1.703062094748020172e-02 8.926633745431900024e-03 1.391962915658950806e-01 1.703062094748020172e-02 8.926633745431900024e-03 1.391962915658950806e-01
6.160000000000000000e+05 1.649229042232036591e-02 8.932951837778091431e-03 1.381896585226058960e-01 1.649229042232036591e-02 8.932951837778091431e-03 1.381896585226058960e-01
6.170000000000000000e+05 1.673630066215991974e-02 8.945506997406482697e-03 1.385615020990371704e-01 1.673630066215991974e-02 8.945506997406482697e-03 1.385615020990371704e-01
6.180000000000000000e+05 1.845340803265571594e-02 8.944157510995864868e-03 1.408157944679260254e-01 1.845340803265571594e-02 8.944157510995864868e-03 1.408157944679260254e-01
6.190000000000000000e+05 1.756682619452476501e-02 8.997141383588314056e-03 1.379634439945220947e-01 1.756682619452476501e-02 8.997141383588314056e-03 1.379634439945220947e-01
6.200000000000000000e+05 1.804536022245883942e-02 8.912515826523303986e-03 1.367653161287307739e-01 1.804536022245883942e-02 8.912515826523303986e-03 1.367653161287307739e-01
6.210000000000000000e+05 1.712853461503982544e-02 8.968039415776729584e-03 1.368726193904876709e-01 1.712853461503982544e-02 8.968039415776729584e-03 1.368726193904876709e-01
6.220000000000000000e+05 1.731853373348712921e-02 8.974357508122920990e-03 1.386160850524902344e-01 1.731853373348712921e-02 8.974357508122920990e-03 1.386160850524902344e-01
6.230000000000000000e+05 1.889992691576480865e-02 8.949099108576774597e-03 1.377237290143966675e-01 1.889992691576480865e-02 8.949099108576774597e-03 1.377237290143966675e-01
6.240000000000000000e+05 1.699745655059814453e-02 8.952843025326728821e-03 1.391208469867706299e-01 1.699745655059814453e-02 8.952843025326728821e-03 1.391208469867706299e-01
6.250000000000000000e+05 1.687031239271163940e-02 8.934930898249149323e-03 1.384420990943908691e-01 1.687031239271163940e-02 8.934930898249149323e-03 1.384420990943908691e-01
6.260000000000000000e+05 1.779961772263050079e-02 8.981976658105850220e-03 1.407548040151596069e-01 1.779961772263050079e-02 8.981976658105850220e-03 1.407548040151596069e-01
6.270000000000000000e+05 1.748530752956867218e-02 8.957644924521446228e-03 1.379878669977188110e-01 1.748530752956867218e-02 8.957644924521446228e-03 1.379878669977188110e-01
6.280000000000000000e+05 1.829332858324050903e-02 8.943349123001098633e-03 1.393421888351440430e-01 1.829332858324050903e-02 8.943349123001098633e-03 1.393421888351440430e-01
6.290000000000000000e+05 1.646398566663265228e-02 8.982002735137939453e-03 1.378469169139862061e-01 1.646398566663265228e-02 8.982002735137939453e-03 1.378469169139862061e-01
6.300000000000000000e+05 1.751182973384857178e-02 8.955300785601139069e-03 1.379884034395217896e-01 1.751182973384857178e-02 8.955300785601139069e-03 1.379884034395217896e-01
6.310000000000000000e+05 1.771486178040504456e-02 8.951803669333457947e-03 1.359782963991165161e-01 1.771486178040504456e-02 8.951803669333457947e-03 1.359782963991165161e-01
6.320000000000000000e+05 1.798604615032672882e-02 8.952750824391841888e-03 1.385992914438247681e-01 1.798604615032672882e-02 8.952750824391841888e-03 1.385992914438247681e-01
6.330000000000000000e+05 1.676251180469989777e-02 8.962593972682952881e-03 1.412740200757980347e-01 1.676251180469989777e-02 8.962593972682952881e-03 1.412740200757980347e-01
6.340000000000000000e+05 1.644008979201316833e-02 8.991640992462635040e-03 1.369287073612213135e-01 1.644008979201316833e-02 8.991640992462635040e-03 1.369287073612213135e-01
6.350000000000000000e+05 1.629577577114105225e-02 8.969351649284362793e-03 1.365872919559478760e-01 1.629577577114105225e-02 8.969351649284362793e-03 1.365872919559478760e-01
6.360000000000000000e+05 1.729349419474601746e-02 8.995576761662960052e-03 1.399454474449157715e-01 1.729349419474601746e-02 8.995576761662960052e-03 1.399454474449157715e-01
6.370000000000000000e+05 1.659953966736793518e-02 8.969600312411785126e-03 1.371362954378128052e-01 1.659953966736793518e-02 8.969600312411785126e-03 1.371362954378128052e-01
6.380000000000000000e+05 1.597773842513561249e-02 8.980331011116504669e-03 1.354245394468307495e-01 1.597773842513561249e-02 8.980331011116504669e-03 1.354245394468307495e-01
6.390000000000000000e+05 1.638025976717472076e-02 8.992165327072143555e-03 1.352000832557678223e-01 1.638025976717472076e-02 8.992165327072143555e-03 1.352000832557678223e-01
6.400000000000000000e+05 1.775462739169597626e-02 8.954331278800964355e-03 1.370735317468643188e-01 1.775462739169597626e-02 8.954331278800964355e-03 1.370735317468643188e-01
6.410000000000000000e+05 1.731730625033378601e-02 8.934491313993930817e-03 1.350509822368621826e-01 1.731730625033378601e-02 8.934491313993930817e-03 1.350509822368621826e-01
6.420000000000000000e+05 1.591527462005615234e-02 8.973163552582263947e-03 1.355363875627517700e-01 1.591527462005615234e-02 8.973163552582263947e-03 1.355363875627517700e-01
6.430000000000000000e+05 1.709682494401931763e-02 8.973500691354274750e-03 1.367258876562118530e-01 1.709682494401931763e-02 8.973500691354274750e-03 1.367258876562118530e-01
6.440000000000000000e+05 1.664592698216438293e-02 8.968684822320938110e-03 1.357182562351226807e-01 1.664592698216438293e-02 8.968684822320938110e-03 1.357182562351226807e-01
6.450000000000000000e+05 1.704845577478408813e-02 8.979361504316329956e-03 1.369997859001159668e-01 1.704845577478408813e-02 8.979361504316329956e-03 1.369997859001159668e-01
6.460000000000000000e+05 1.599211059510707855e-02 8.995787240564823151e-03 1.360806226730346680e-01 1.599211059510707855e-02 8.995787240564823151e-03 1.360806226730346680e-01
6.470000000000000000e+05 1.616718433797359467e-02 9.000255726277828217e-03 1.351228058338165283e-01 1.616718433797359467e-02 9.000255726277828217e-03 1.351228058338165283e-01
6.480000000000000000e+05 1.649506576359272003e-02 8.996606804430484772e-03 1.357993930578231812e-01 1.649506576359272003e-02 8.996606804430484772e-03 1.357993930578231812e-01
6.490000000000000000e+05 1.565960980951786041e-02 8.993162773549556732e-03 1.348955929279327393e-01 1.565960980951786041e-02 8.993162773549556732e-03 1.348955929279327393e-01
6.500000000000000000e+05 1.525512803345918655e-02 9.001479484140872955e-03 1.368964612483978271e-01 1.525512803345918655e-02 9.001479484140872955e-03 1.368964612483978271e-01
6.510000000000000000e+05 1.608430407941341400e-02 8.990115486085414886e-03 1.344755738973617554e-01 1.608430407941341400e-02 8.990115486085414886e-03 1.344755738973617554e-01
6.520000000000000000e+05 1.549309398978948593e-02 9.002520702779293060e-03 1.348293721675872803e-01 1.549309398978948593e-02 9.002520702779293060e-03 1.348293721675872803e-01
6.530000000000000000e+05 1.569156534969806671e-02 9.036780335009098053e-03 1.344389170408248901e-01 1.569156534969806671e-02 9.036780335009098053e-03 1.344389170408248901e-01
6.540000000000000000e+05 1.686858758330345154e-02 9.062618017196655273e-03 1.356193274259567261e-01 1.686858758330345154e-02 9.062618017196655273e-03 1.356193274259567261e-01
6.550000000000000000e+05 1.742142066359519958e-02 9.024082683026790619e-03 1.360585093498229980e-01 1.742142066359519958e-02 9.024082683026790619e-03 1.360585093498229980e-01
6.560000000000000000e+05 1.696011796593666077e-02 9.029023349285125732e-03 1.356861442327499390e-01 1.696011796593666077e-02 9.029023349285125732e-03 1.356861442327499390e-01
6.570000000000000000e+05 1.655443012714385986e-02 8.997545577585697174e-03 1.362113952636718750e-01 1.655443012714385986e-02 8.997545577585697174e-03 1.362113952636718750e-01
6.580000000000000000e+05 1.590362191200256348e-02 9.066392667591571808e-03 1.355739980936050415e-01 1.590362191200256348e-02 9.066392667591571808e-03 1.355739980936050415e-01
6.590000000000000000e+05 1.652258634567260742e-02 9.028610773384571075e-03 1.361344754695892334e-01 1.652258634567260742e-02 9.028610773384571075e-03 1.361344754695892334e-01
6.600000000000000000e+05 1.659184508025646210e-02 9.034237824380397797e-03 1.380980610847473145e-01 1.659184508025646210e-02 9.034237824380397797e-03 1.380980610847473145e-01
6.610000000000000000e+05 1.558405999094247818e-02 9.044908918440341949e-03 1.347351074218750000e-01 1.558405999094247818e-02 9.044908918440341949e-03 1.347351074218750000e-01
6.620000000000000000e+05 1.527236774563789368e-02 9.020891040563583374e-03 1.366691142320632935e-01 1.527236774563789368e-02 9.020891040563583374e-03 1.366691142320632935e-01
6.630000000000000000e+05 1.518362667411565781e-02 9.007354266941547394e-03 1.336732804775238037e-01 1.518362667411565781e-02 9.007354266941547394e-03 1.336732804775238037e-01
6.640000000000000000e+05 1.553372945636510849e-02 9.063414297997951508e-03 1.356293559074401855e-01 1.553372945636510849e-02 9.063414297997951508e-03 1.356293559074401855e-01
6.650000000000000000e+05 1.646095700562000275e-02 9.036219678819179535e-03 1.410096883773803711e-01 1.646095700562000275e-02 9.036219678819179535e-03 1.410096883773803711e-01
6.660000000000000000e+05 1.664231903851032257e-02 9.010325185954570770e-03 1.342207044363021851e-01 1.664231903851032257e-02 9.010325185954570770e-03 1.342207044363021851e-01
6.670000000000000000e+05 1.629801467061042786e-02 9.048405103385448456e-03 1.341505646705627441e-01 1.629801467061042786e-02 9.048405103385448456e-03 1.341505646705627441e-01
6.680000000000000000e+05 1.726034656167030334e-02 9.061957709491252899e-03 1.381533443927764893e-01 1.726034656167030334e-02 9.061957709491252899e-03 1.381533443927764893e-01
6.690000000000000000e+05 1.598205789923667908e-02 9.036856703460216522e-03 1.351879835128784180e-01 1.598205789923667908e-02 9.036856703460216522e-03 1.351879835128784180e-01
6.700000000000000000e+05 1.772375963628292084e-02 9.060584940016269684e-03 1.371878832578659058e-01 1.772375963628292084e-02 9.060584940016269684e-03 1.371878832578659058e-01
6.710000000000000000e+05 1.511245593428611755e-02 9.037567302584648132e-03 1.325123608112335205e-01 1.511245593428611755e-02 9.037567302584648132e-03 1.325123608112335205e-01
6.720000000000000000e+05 1.574305258691310883e-02 9.092491120100021362e-03 1.333944052457809448e-01 1.574305258691310883e-02 9.092491120100021362e-03 1.333944052457809448e-01
6.730000000000000000e+05 1.491072028875350952e-02 9.076780639588832855e-03 1.329374909400939941e-01 1.491072028875350952e-02 9.076780639588832855e-03 1.329374909400939941e-01
6.740000000000000000e+05 1.552905514836311340e-02 9.055159986019134521e-03 1.336786597967147827e-01 1.552905514836311340e-02 9.055159986019134521e-03 1.336786597967147827e-01
6.750000000000000000e+05 1.619957014918327332e-02 9.050185792148113251e-03 1.330609917640686035e-01 1.619957014918327332e-02 9.050185792148113251e-03 1.330609917640686035e-01
6.760000000000000000e+05 1.575701124966144562e-02 9.028017520904541016e-03 1.344510912895202637e-01 1.575701124966144562e-02 9.028017520904541016e-03 1.344510912895202637e-01
6.770000000000000000e+05 1.666777394711971283e-02 9.060167707502841949e-03 1.330533027648925781e-01 1.666777394711971283e-02 9.060167707502841949e-03 1.330533027648925781e-01
6.780000000000000000e+05 1.653597503900527954e-02 9.033322334289550781e-03 1.344213336706161499e-01 1.653597503900527954e-02 9.033322334289550781e-03 1.344213336706161499e-01
6.790000000000000000e+05 1.478734426200389862e-02 9.073288179934024811e-03 1.323539465665817261e-01 1.478734426200389862e-02 9.073288179934024811e-03 1.323539465665817261e-01
6.800000000000000000e+05 1.477922964841127396e-02 9.049341082572937012e-03 1.330781280994415283e-01 1.477922964841127396e-02 9.049341082572937012e-03 1.330781280994415283e-01
6.810000000000000000e+05 1.670702733099460602e-02 9.059053845703601837e-03 1.345867514610290527e-01 1.670702733099460602e-02 9.059053845703601837e-03 1.345867514610290527e-01
6.820000000000000000e+05 1.492909435182809830e-02 9.061116725206375122e-03 1.329134106636047363e-01 1.492909435182809830e-02 9.061116725206375122e-03 1.329134106636047363e-01
6.830000000000000000e+05 1.558759063482284546e-02 9.060705080628395081e-03 1.350669115781784058e-01 1.558759063482284546e-02 9.060705080628395081e-03 1.350669115781784058e-01
6.840000000000000000e+05 1.625721342861652374e-02 9.085489436984062195e-03 1.327080130577087402e-01 1.625721342861652374e-02 9.085489436984062195e-03 1.327080130577087402e-01
6.850000000000000000e+05 1.591331325471401215e-02 9.082301519811153412e-03 1.322313398122787476e-01 1.591331325471401215e-02 9.082301519811153412e-03 1.322313398122787476e-01
6.860000000000000000e+05 1.462754327803850174e-02 9.067974053323268890e-03 1.315724253654479980e-01 1.462754327803850174e-02 9.067974053323268890e-03 1.315724253654479980e-01
6.870000000000000000e+05 1.639255695044994354e-02 9.063021279871463776e-03 1.329267174005508423e-01 1.639255695044994354e-02 9.063021279871463776e-03 1.329267174005508423e-01
6.880000000000000000e+05 1.506299246102571487e-02 9.075689129531383514e-03 1.327275931835174561e-01 1.506299246102571487e-02 9.075689129531383514e-03 1.327275931835174561e-01
6.890000000000000000e+05 1.514036208391189575e-02 9.083186276257038116e-03 1.336107552051544189e-01 1.514036208391189575e-02 9.083186276257038116e-03 1.336107552051544189e-01
6.900000000000000000e+05 1.526708528399467468e-02 9.118763729929924011e-03 1.339623034000396729e-01 1.526708528399467468e-02 9.118763729929924011e-03 1.339623034000396729e-01
6.910000000000000000e+05 1.458932179957628250e-02 9.124503470957279205e-03 1.325450837612152100e-01 1.458932179957628250e-02 9.124503470957279205e-03 1.325450837612152100e-01
6.920000000000000000e+05 1.653461344540119171e-02 9.135158732533454895e-03 1.334656029939651489e-01 1.653461344540119171e-02 9.135158732533454895e-03 1.334656029939651489e-01
6.930000000000000000e+05 1.437903102487325668e-02 9.091962128877639771e-03 1.338645666837692261e-01 1.437903102487325668e-02 9.091962128877639771e-03 1.338645666837692261e-01
6.940000000000000000e+05 1.443427987396717072e-02 9.090999141335487366e-03 1.317613124847412109e-01 1.443427987396717072e-02 9.090999141335487366e-03 1.317613124847412109e-01
6.950000000000000000e+05 1.485010609030723572e-02 9.087386541068553925e-03 1.347536146640777588e-01 1.485010609030723572e-02 9.087386541068553925e-03 1.347536146640777588e-01
6.960000000000000000e+05 1.503531914204359055e-02 9.068496525287628174e-03 1.307513415813446045e-01 1.503531914204359055e-02 9.068496525287628174e-03 1.307513415813446045e-01
6.970000000000000000e+05 1.508355513215065002e-02 9.140018373727798462e-03 1.374061852693557739e-01 1.508355513215065002e-02 9.140018373727798462e-03 1.374061852693557739e-01
6.980000000000000000e+05 1.480098348110914230e-02 9.105843491852283478e-03 1.329335719347000122e-01 1.480098348110914230e-02 9.105843491852283478e-03 1.329335719347000122e-01
6.990000000000000000e+05 1.705882139503955841e-02 9.119200520217418671e-03 1.344508081674575806e-01 1.705882139503955841e-02 9.119200520217418671e-03 1.344508081674575806e-01
7.000000000000000000e+05 1.490052137523889542e-02 9.142912924289703369e-03 1.332788467407226562e-01 1.490052137523889542e-02 9.142912924289703369e-03 1.332788467407226562e-01
7.010000000000000000e+05 1.622690632939338684e-02 9.095492772758007050e-03 1.347910314798355103e-01 1.622690632939338684e-02 9.095492772758007050e-03 1.347910314798355103e-01
7.020000000000000000e+05 1.542815566062927246e-02 9.132176637649536133e-03 1.318030506372451782e-01 1.542815566062927246e-02 9.132176637649536133e-03 1.318030506372451782e-01
7.030000000000000000e+05 1.558987889438867569e-02 9.131707251071929932e-03 1.372218877077102661e-01 1.558987889438867569e-02 9.131707251071929932e-03 1.372218877077102661e-01
7.040000000000000000e+05 1.451319549232721329e-02 9.136293083429336548e-03 1.325479745864868164e-01 1.451319549232721329e-02 9.136293083429336548e-03 1.325479745864868164e-01
7.050000000000000000e+05 1.535297650843858719e-02 9.069398045539855957e-03 1.355269104242324829e-01 1.535297650843858719e-02 9.069398045539855957e-03 1.355269104242324829e-01
7.060000000000000000e+05 1.487804017961025238e-02 9.087453596293926239e-03 1.312685012817382812e-01 1.487804017961025238e-02 9.087453596293926239e-03 1.312685012817382812e-01
7.070000000000000000e+05 1.565845124423503876e-02 9.112225845456123352e-03 1.329163610935211182e-01 1.565845124423503876e-02 9.112225845456123352e-03 1.329163610935211182e-01
7.080000000000000000e+05 1.740710623562335968e-02 9.098847396671772003e-03 1.339177787303924561e-01 1.740710623562335968e-02 9.098847396671772003e-03 1.339177787303924561e-01
7.090000000000000000e+05 1.399092562496662140e-02 9.139847010374069214e-03 1.306321173906326294e-01 1.399092562496662140e-02 9.139847010374069214e-03 1.306321173906326294e-01
7.100000000000000000e+05 1.455929689109325409e-02 9.097413159906864166e-03 1.323769390583038330e-01 1.455929689109325409e-02 9.097413159906864166e-03 1.323769390583038330e-01
7.110000000000000000e+05 1.441285572946071625e-02 9.098313748836517334e-03 1.330510079860687256e-01 1.441285572946071625e-02 9.098313748836517334e-03 1.330510079860687256e-01
7.120000000000000000e+05 1.538603845983743668e-02 9.175104089081287384e-03 1.309615671634674072e-01 1.538603845983743668e-02 9.175104089081287384e-03 1.309615671634674072e-01
7.130000000000000000e+05 1.401234511286020279e-02 9.152542799711227417e-03 1.290774047374725342e-01 1.401234511286020279e-02 9.152542799711227417e-03 1.290774047374725342e-01
7.140000000000000000e+05 1.467705145478248596e-02 9.122138842940330505e-03 1.306474953889846802e-01 1.467705145478248596e-02 9.122138842940330505e-03 1.306474953889846802e-01
7.150000000000000000e+05 1.538830995559692383e-02 9.107072837650775909e-03 1.317542642354965210e-01 1.538830995559692383e-02 9.107072837650775909e-03 1.317542642354965210e-01
7.160000000000000000e+05 1.405489910393953323e-02 9.177101776003837585e-03 1.327181160449981689e-01 1.405489910393953323e-02 9.177101776003837585e-03 1.327181160449981689e-01
7.170000000000000000e+05 1.393995434045791626e-02 9.183894842863082886e-03 1.298749148845672607e-01 1.393995434045791626e-02 9.183894842863082886e-03 1.298749148845672607e-01
7.180000000000000000e+05 1.375336572527885437e-02 9.134181775152683258e-03 1.299224048852920532e-01 1.375336572527885437e-02 9.134181775152683258e-03 1.299224048852920532e-01
7.190000000000000000e+05 1.563107594847679138e-02 9.136052802205085754e-03 1.295207738876342773e-01 1.563107594847679138e-02 9.136052802205085754e-03 1.295207738876342773e-01
7.200000000000000000e+05 1.651273667812347412e-02 9.134546853601932526e-03 1.343526095151901245e-01 1.651273667812347412e-02 9.134546853601932526e-03 1.343526095151901245e-01
7.210000000000000000e+05 1.583955623209476471e-02 9.160444140434265137e-03 1.291030049324035645e-01 1.583955623209476471e-02 9.160444140434265137e-03 1.291030049324035645e-01
7.220000000000000000e+05 1.465036720037460327e-02 9.133863262832164764e-03 1.300593912601470947e-01 1.465036720037460327e-02 9.133863262832164764e-03 1.300593912601470947e-01
7.230000000000000000e+05 1.635955460369586945e-02 9.119472466409206390e-03 1.318304091691970825e-01 1.635955460369586945e-02 9.119472466409206390e-03 1.318304091691970825e-01
7.240000000000000000e+05 1.404415722936391830e-02 9.166916832327842712e-03 1.293180137872695923e-01 1.404415722936391830e-02 9.166916832327842712e-03 1.293180137872695923e-01
7.250000000000000000e+05 1.505845878273248672e-02 9.131928905844688416e-03 1.303355842828750610e-01 1.505845878273248672e-02 9.131928905844688416e-03 1.303355842828750610e-01
7.260000000000000000e+05 1.411261130124330521e-02 9.153092280030250549e-03 1.288521289825439453e-01 1.411261130124330521e-02 9.153092280030250549e-03 1.288521289825439453e-01
7.270000000000000000e+05 1.490279100835323334e-02 9.183035232126712799e-03 1.306012868881225586e-01 1.490279100835323334e-02 9.183035232126712799e-03 1.306012868881225586e-01
7.280000000000000000e+05 1.467482466250658035e-02 9.122869931161403656e-03 1.295227259397506714e-01 1.467482466250658035e-02 9.122869931161403656e-03 1.295227259397506714e-01
7.290000000000000000e+05 1.473805122077465057e-02 9.146544151008129120e-03 1.303675025701522827e-01 1.473805122077465057e-02 9.146544151008129120e-03 1.303675025701522827e-01
7.300000000000000000e+05 1.405379083007574081e-02 9.191973134875297546e-03 1.289858818054199219e-01 1.405379083007574081e-02 9.191973134875297546e-03 1.289858818054199219e-01
7.310000000000000000e+05 1.330926455557346344e-02 9.151280857622623444e-03 1.298645138740539551e-01 1.330926455557346344e-02 9.151280857622623444e-03 1.298645138740539551e-01
7.320000000000000000e+05 1.567925140261650085e-02 9.109362959861755371e-03 1.282223165035247803e-01 1.567925140261650085e-02 9.109362959861755371e-03 1.282223165035247803e-01
7.330000000000000000e+05 1.355941500514745712e-02 9.155515581369400024e-03 1.290653645992279053e-01 1.355941500514745712e-02 9.155515581369400024e-03 1.290653645992279053e-01
7.340000000000000000e+05 1.351905707269906998e-02 9.185614064335823059e-03 1.293427646160125732e-01 1.351905707269906998e-02 9.185614064335823059e-03 1.293427646160125732e-01
7.350000000000000000e+05 1.465612463653087616e-02 9.165630675852298737e-03 1.286070048809051514e-01 1.465612463653087616e-02 9.165630675852298737e-03 1.286070048809051514e-01
7.360000000000000000e+05 1.335091702640056610e-02 9.181397967040538788e-03 1.294133663177490234e-01 1.335091702640056610e-02 9.181397967040538788e-03 1.294133663177490234e-01
7.370000000000000000e+05 1.403329614549875259e-02 9.185023605823516846e-03 1.308892518281936646e-01 1.403329614549875259e-02 9.185023605823516846e-03 1.308892518281936646e-01
7.380000000000000000e+05 1.483415719121694565e-02 9.203752502799034119e-03 1.292291134595870972e-01 1.483415719121694565e-02 9.203752502799034119e-03 1.292291134595870972e-01
7.390000000000000000e+05 1.512700691819190979e-02 9.162438102066516876e-03 1.297447532415390015e-01 1.512700691819190979e-02 9.162438102066516876e-03 1.297447532415390015e-01
7.400000000000000000e+05 1.516082417219877243e-02 9.209719486534595490e-03 1.310359835624694824e-01 1.516082417219877243e-02 9.209719486534595490e-03 1.310359835624694824e-01
7.410000000000000000e+05 1.422604825347661972e-02 9.148134849965572357e-03 1.271441876888275146e-01 1.422604825347661972e-02 9.148134849965572357e-03 1.271441876888275146e-01
7.420000000000000000e+05 1.399312354624271393e-02 9.199501015245914459e-03 1.292368918657302856e-01 1.399312354624271393e-02 9.199501015245914459e-03 1.292368918657302856e-01
7.430000000000000000e+05 1.421239599585533142e-02 9.189706295728683472e-03 1.305414289236068726e-01 1.421239599585533142e-02 9.189706295728683472e-03 1.305414289236068726e-01
7.440000000000000000e+05 1.475030835717916489e-02 9.212310425937175751e-03 1.281609833240509033e-01 1.475030835717916489e-02 9.212310425937175751e-03 1.281609833240509033e-01
7.450000000000000000e+05 1.415699720382690430e-02 9.159466251730918884e-03 1.290208846330642700e-01 1.415699720382690430e-02 9.159466251730918884e-03 1.290208846330642700e-01
7.460000000000000000e+05 1.352999545633792877e-02 9.188866242766380310e-03 1.291972994804382324e-01 1.352999545633792877e-02 9.188866242766380310e-03 1.291972994804382324e-01
7.470000000000000000e+05 1.299144793301820755e-02 9.188055060803890228e-03 1.282535940408706665e-01 1.299144793301820755e-02 9.188055060803890228e-03 1.282535940408706665e-01
7.480000000000000000e+05 1.314225792884826660e-02 9.199272841215133667e-03 1.282216757535934448e-01 1.314225792884826660e-02 9.199272841215133667e-03 1.282216757535934448e-01
7.490000000000000000e+05 1.409081462770700455e-02 9.221823886036872864e-03 1.285055130720138550e-01 1.409081462770700455e-02 9.221823886036872864e-03 1.285055130720138550e-01
7.500000000000000000e+05 1.394654437899589539e-02 9.238616563379764557e-03 1.281580030918121338e-01 1.394654437899589539e-02 9.238616563379764557e-03 1.281580030918121338e-01
7.510000000000000000e+05 1.327423471957445145e-02 9.235114790499210358e-03 1.277770102024078369e-01 1.327423471957445145e-02 9.235114790499210358e-03 1.277770102024078369e-01
7.520000000000000000e+05 1.489668432623147964e-02 9.221378713846206665e-03 1.285206973552703857e-01 1.489668432623147964e-02 9.221378713846206665e-03 1.285206973552703857e-01
7.530000000000000000e+05 1.300906203687191010e-02 9.213754907250404358e-03 1.291609108448028564e-01 1.300906203687191010e-02 9.213754907250404358e-03 1.291609108448028564e-01
7.540000000000000000e+05 1.355730462819337845e-02 9.169570170342922211e-03 1.282480806112289429e-01 1.355730462819337845e-02 9.169570170342922211e-03 1.282480806112289429e-01
7.550000000000000000e+05 1.371633168309926987e-02 9.207513183355331421e-03 1.286353170871734619e-01 1.371633168309926987e-02 9.207513183355331421e-03 1.286353170871734619e-01
7.560000000000000000e+05 1.420829538255929947e-02 9.207126684486865997e-03 1.290973126888275146e-01 1.420829538255929947e-02 9.207126684486865997e-03 1.290973126888275146e-01
7.570000000000000000e+05 1.497094146907329559e-02 9.221088141202926636e-03 1.284818798303604126e-01 1.497094146907329559e-02 9.221088141202926636e-03 1.284818798303604126e-01
7.580000000000000000e+05 1.520517654716968536e-02 9.194197133183479309e-03 1.297120600938796997e-01 1.520517654716968536e-02 9.194197133183479309e-03 1.297120600938796997e-01
7.590000000000000000e+05 1.425499748438596725e-02 9.218621999025344849e-03 1.278110891580581665e-01 1.425499748438596725e-02 9.218621999025344849e-03 1.278110891580581665e-01
7.600000000000000000e+05 1.475363690406084061e-02 9.234743192791938782e-03 1.298574805259704590e-01 1.475363690406084061e-02 9.234743192791938782e-03 1.298574805259704590e-01
7.610000000000000000e+05 1.431326102465391159e-02 9.223781526088714600e-03 1.281053423881530762e-01 1.431326102465391159e-02 9.223781526088714600e-03 1.281053423881530762e-01
7.620000000000000000e+05 1.332219876348972321e-02 9.236010722815990448e-03 1.266409605741500854e-01 1.332219876348972321e-02 9.236010722815990448e-03 1.266409605741500854e-01
7.630000000000000000e+05 1.455065328627824783e-02 9.263724088668823242e-03 1.301187872886657715e-01 1.455065328627824783e-02 9.263724088668823242e-03 1.301187872886657715e-01
7.640000000000000000e+05 1.291741896420717239e-02 9.216840378940105438e-03 1.272136867046356201e-01 1.291741896420717239e-02 9.216840378940105438e-03 1.272136867046356201e-01
7.650000000000000000e+05 1.579517684876918793e-02 9.270559996366500854e-03 1.290526688098907471e-01 1.579517684876918793e-02 9.270559996366500854e-03 1.290526688098907471e-01
7.660000000000000000e+05 1.359101757407188416e-02 9.238014928996562958e-03 1.333579421043395996e-01 1.359101757407188416e-02 9.238014928996562958e-03 1.333579421043395996e-01
7.670000000000000000e+05 1.471536047756671906e-02 9.236496873199939728e-03 1.294449269771575928e-01 1.471536047756671906e-02 9.236496873199939728e-03 1.294449269771575928e-01
7.680000000000000000e+05 1.399134472012519836e-02 9.228046983480453491e-03 1.312230825424194336e-01 1.399134472012519836e-02 9.228046983480453491e-03 1.312230825424194336e-01
7.690000000000000000e+05 1.585544832050800323e-02 9.258451871573925018e-03 1.272669285535812378e-01 1.585544832050800323e-02 9.258451871573925018e-03 1.272669285535812378e-01
7.700000000000000000e+05 1.444753538817167282e-02 9.274249896407127380e-03 1.324564516544342041e-01 1.444753538817167282e-02 9.274249896407127380e-03 1.324564516544342041e-01
7.710000000000000000e+05 1.361146848648786545e-02 9.244929067790508270e-03 1.277341991662979126e-01 1.361146848648786545e-02 9.244929067790508270e-03 1.277341991662979126e-01
7.720000000000000000e+05 1.571521535515785217e-02 9.292916394770145416e-03 1.290462166070938110e-01 1.571521535515785217e-02 9.292916394770145416e-03 1.290462166070938110e-01
7.730000000000000000e+05 1.471238955855369568e-02 9.319360367953777313e-03 1.293986737728118896e-01 1.471238955855369568e-02 9.319360367953777313e-03 1.293986737728118896e-01
7.740000000000000000e+05 1.368129998445510864e-02 9.263011626899242401e-03 1.271601915359497070e-01 1.368129998445510864e-02 9.263011626899242401e-03 1.271601915359497070e-01
7.750000000000000000e+05 1.549794059246778488e-02 9.284131228923797607e-03 1.281532794237136841e-01 1.549794059246778488e-02 9.284131228923797607e-03 1.281532794237136841e-01
7.760000000000000000e+05 1.349681895226240158e-02 9.248016402125358582e-03 1.258898079395294189e-01 1.349681895226240158e-02 9.248016402125358582e-03 1.258898079395294189e-01
7.770000000000000000e+05 1.346742175519466400e-02 9.293222799897193909e-03 1.275438666343688965e-01 1.346742175519466400e-02 9.293222799897193909e-03 1.275438666343688965e-01
7.780000000000000000e+05 1.317875832319259644e-02 9.261244907975196838e-03 1.294178515672683716e-01 1.317875832319259644e-02 9.261244907975196838e-03 1.294178515672683716e-01
7.790000000000000000e+05 1.329715363681316376e-02 9.265691973268985748e-03 1.261162757873535156e-01 1.329715363681316376e-02 9.265691973268985748e-03 1.261162757873535156e-01
7.800000000000000000e+05 1.417312771081924438e-02 9.275434538722038269e-03 1.269953250885009766e-01 1.417312771081924438e-02 9.275434538722038269e-03 1.269953250885009766e-01
7.810000000000000000e+05 1.330699678510427475e-02 9.262694045901298523e-03 1.276770532131195068e-01 1.330699678510427475e-02 9.262694045901298523e-03 1.276770532131195068e-01
7.820000000000000000e+05 1.473151054233312607e-02 9.326068684458732605e-03 1.278701573610305786e-01 1.473151054233312607e-02 9.326068684458732605e-03 1.278701573610305786e-01
7.830000000000000000e+05 1.458930317312479019e-02 9.274174459278583527e-03 1.283834427595138550e-01 1.458930317312479019e-02 9.274174459278583527e-03 1.283834427595138550e-01
7.840000000000000000e+05 1.251346059143543243e-02 9.245002642273902893e-03 1.261243373155593872e-01 1.251346059143543243e-02 9.245002642273902893e-03 1.261243373155593872e-01
7.850000000000000000e+05 1.268436200916767120e-02 9.295506402850151062e-03 1.262392550706863403e-01 1.268436200916767120e-02 9.295506402850151062e-03 1.262392550706863403e-01
7.860000000000000000e+05 1.404835376888513565e-02 9.229270741343498230e-03 1.270795166492462158e-01 1.404835376888513565e-02 9.229270741343498230e-03 1.270795166492462158e-01
7.870000000000000000e+05 1.307348906993865967e-02 9.314233437180519104e-03 1.256562173366546631e-01 1.307348906993865967e-02 9.314233437180519104e-03 1.256562173366546631e-01
7.880000000000000000e+05 1.286361552774906158e-02 9.287730790674686432e-03 1.255658119916915894e-01 1.286361552774906158e-02 9.287730790674686432e-03 1.255658119916915894e-01
7.890000000000000000e+05 1.424990408122539520e-02 9.295674040913581848e-03 1.261177361011505127e-01 1.424990408122539520e-02 9.295674040913581848e-03 1.261177361011505127e-01
7.900000000000000000e+05 1.390309166163206100e-02 9.288304485380649567e-03 1.285257339477539062e-01 1.390309166163206100e-02 9.288304485380649567e-03 1.285257339477539062e-01
7.910000000000000000e+05 1.345504913479089737e-02 9.295667521655559540e-03 1.253781914710998535e-01 1.345504913479089737e-02 9.295667521655559540e-03 1.253781914710998535e-01
7.920000000000000000e+05 1.390182785689830780e-02 9.278616867959499359e-03 1.266957521438598633e-01 1.390182785689830780e-02 9.278616867959499359e-03 1.266957521438598633e-01
7.930000000000000000e+05 1.550845149904489517e-02 9.384820237755775452e-03 1.258519440889358521e-01 1.550845149904489517e-02 9.384820237755775452e-03 1.258519440889358521e-01
7.940000000000000000e+05 1.215834077447652817e-02 9.298218414187431335e-03 1.252884864807128906e-01 1.215834077447652817e-02 9.298218414187431335e-03 1.252884864807128906e-01
7.950000000000000000e+05 1.348384562879800797e-02 9.338710457086563110e-03 1.271101385354995728e-01 1.348384562879800797e-02 9.338710457086563110e-03 1.271101385354995728e-01
7.960000000000000000e+05 1.401224359869956970e-02 9.337860159575939178e-03 1.287533342838287354e-01 1.401224359869956970e-02 9.337860159575939178e-03 1.287533342838287354e-01
7.970000000000000000e+05 1.304589956998825073e-02 9.348201565444469452e-03 1.246395409107208252e-01 1.304589956998825073e-02 9.348201565444469452e-03 1.246395409107208252e-01
7.980000000000000000e+05 1.302227377891540527e-02 9.327871724963188171e-03 1.255514621734619141e-01 1.302227377891540527e-02 9.327871724963188171e-03 1.255514621734619141e-01
7.990000000000000000e+05 1.368315517902374268e-02 9.337249211966991425e-03 1.257432252168655396e-01 1.368315517902374268e-02 9.337249211966991425e-03 1.257432252168655396e-01
8.000000000000000000e+05 1.326143089681863785e-02 9.325048886239528656e-03 1.247005090117454529e-01 1.326143089681863785e-02 9.325048886239528656e-03 1.247005090117454529e-01
8.010000000000000000e+05 1.310582645237445831e-02 9.377353824675083160e-03 1.247852146625518799e-01 1.310582645237445831e-02 9.377353824675083160e-03 1.247852146625518799e-01
8.020000000000000000e+05 1.407946739345788956e-02 9.314989671111106873e-03 1.265976577997207642e-01 1.407946739345788956e-02 9.314989671111106873e-03 1.265976577997207642e-01
8.030000000000000000e+05 1.432432886213064194e-02 9.299155324697494507e-03 1.250376403331756592e-01 1.432432886213064194e-02 9.299155324697494507e-03 1.250376403331756592e-01
8.040000000000000000e+05 1.353416778147220612e-02 9.356975555419921875e-03 1.248828843235969543e-01 1.353416778147220612e-02 9.356975555419921875e-03 1.248828843235969543e-01
8.050000000000000000e+05 1.302155666053295135e-02 9.351718239486217499e-03 1.273875981569290161e-01 1.302155666053295135e-02 9.351718239486217499e-03 1.273875981569290161e-01
8.060000000000000000e+05 1.244703866541385651e-02 9.318073280155658722e-03 1.254258304834365845e-01 1.244703866541385651e-02 9.318073280155658722e-03 1.254258304834365845e-01
8.070000000000000000e+05 1.410036161541938782e-02 9.330255910754203796e-03 1.253959834575653076e-01 1.410036161541938782e-02 9.330255910754203796e-03 1.253959834575653076e-01
8.080000000000000000e+05 1.304058544337749481e-02 9.342987090349197388e-03 1.259970366954803467e-01 1.304058544337749481e-02 9.342987090349197388e-03 1.259970366954803467e-01
8.090000000000000000e+05 1.338546909391880035e-02 9.364094585180282593e-03 1.251017153263092041e-01 1.338546909391880035e-02 9.364094585180282593e-03 1.251017153263092041e-01
8.100000000000000000e+05 1.318619213998317719e-02 9.310708381235599518e-03 1.270751208066940308e-01 1.318619213998317719e-02 9.310708381235599518e-03 1.270751208066940308e-01
8.110000000000000000e+05 1.275704987347126007e-02 9.346508421003818512e-03 1.245797276496887207e-01 1.275704987347126007e-02 9.346508421003818512e-03 1.245797276496887207e-01
8.120000000000000000e+05 1.297626551240682602e-02 9.366130456328392029e-03 1.231969222426414490e-01 1.297626551240682602e-02 9.366130456328392029e-03 1.231969222426414490e-01
8.130000000000000000e+05 1.318411063402891159e-02 9.354131296277046204e-03 1.236987635493278503e-01 1.318411063402891159e-02 9.354131296277046204e-03 1.236987635493278503e-01
8.140000000000000000e+05 1.337884180247783661e-02 9.333529509603977203e-03 1.243762820959091187e-01 1.337884180247783661e-02 9.333529509603977203e-03 1.243762820959091187e-01
8.150000000000000000e+05 1.418103277683258057e-02 9.395357221364974976e-03 1.247799992561340332e-01 1.418103277683258057e-02 9.395357221364974976e-03 1.247799992561340332e-01
8.160000000000000000e+05 1.380882877856492996e-02 9.360236115753650665e-03 1.228719800710678101e-01 1.380882877856492996e-02 9.360236115753650665e-03 1.228719800710678101e-01
8.170000000000000000e+05 1.343466341495513916e-02 9.423971176147460938e-03 1.247260272502899170e-01 1.343466341495513916e-02 9.423971176147460938e-03 1.247260272502899170e-01
8.180000000000000000e+05 1.447371579706668854e-02 9.336893446743488312e-03 1.259222179651260376e-01 1.447371579706668854e-02 9.336893446743488312e-03 1.259222179651260376e-01
8.190000000000000000e+05 1.335281692445278168e-02 9.333654306828975677e-03 1.268169283866882324e-01 1.335281692445278168e-02 9.333654306828975677e-03 1.268169283866882324e-01
8.200000000000000000e+05 1.287134829908609390e-02 9.358541108667850494e-03 1.230753585696220398e-01 1.287134829908609390e-02 9.358541108667850494e-03 1.230753585696220398e-01
8.210000000000000000e+05 1.365871634334325790e-02 9.420466609299182892e-03 1.227687671780586243e-01 1.365871634334325790e-02 9.420466609299182892e-03 1.227687671780586243e-01
8.220000000000000000e+05 1.321124285459518433e-02 9.338614530861377716e-03 1.232427060604095459e-01 1.321124285459518433e-02 9.338614530861377716e-03 1.232427060604095459e-01
8.230000000000000000e+05 1.351639535278081894e-02 9.415655396878719330e-03 1.248168274760246277e-01 1.351639535278081894e-02 9.415655396878719330e-03 1.248168274760246277e-01
8.240000000000000000e+05 1.326330285519361496e-02 9.393197484314441681e-03 1.234439462423324585e-01 1.326330285519361496e-02 9.393197484314441681e-03 1.234439462423324585e-01
8.250000000000000000e+05 1.340151205658912659e-02 9.415311738848686218e-03 1.230791881680488586e-01 1.340151205658912659e-02 9.415311738848686218e-03 1.230791881680488586e-01
8.260000000000000000e+05 1.417273841798305511e-02 9.332558140158653259e-03 1.254315078258514404e-01 1.417273841798305511e-02 9.332558140158653259e-03 1.254315078258514404e-01
8.270000000000000000e+05 1.430217735469341278e-02 9.409903548657894135e-03 1.241167336702346802e-01 1.430217735469341278e-02 9.409903548657894135e-03 1.241167336702346802e-01
8.280000000000000000e+05 1.261049974709749222e-02 9.420395828783512115e-03 1.253828704357147217e-01 1.261049974709749222e-02 9.420395828783512115e-03 1.253828704357147217e-01
8.290000000000000000e+05 1.376206148415803909e-02 9.391111321747303009e-03 1.259799748659133911e-01 1.376206148415803909e-02 9.391111321747303009e-03 1.259799748659133911e-01
8.300000000000000000e+05 1.362796686589717865e-02 9.385626763105392456e-03 1.250205487012863159e-01 1.362796686589717865e-02 9.385626763105392456e-03 1.250205487012863159e-01
8.310000000000000000e+05 1.380222570151090622e-02 9.391563944518566132e-03 1.245492622256278992e-01 1.380222570151090622e-02 9.391563944518566132e-03 1.245492622256278992e-01
8.320000000000000000e+05 1.328509673476219177e-02 9.467217139899730682e-03 1.227473244071006775e-01 1.328509673476219177e-02 9.467217139899730682e-03 1.227473244071006775e-01
8.330000000000000000e+05 1.245517935603857040e-02 9.452825412154197693e-03 1.234219521284103394e-01 1.245517935603857040e-02 9.452825412154197693e-03 1.234219521284103394e-01
8.340000000000000000e+05 1.233480777591466904e-02 9.391722269356250763e-03 1.229006573557853699e-01 1.233480777591466904e-02 9.391722269356250763e-03 1.229006573557853699e-01
8.350000000000000000e+05 1.374728791415691376e-02 9.440513327717781067e-03 1.228447332978248596e-01 1.374728791415691376e-02 9.440513327717781067e-03 1.228447332978248596e-01
8.360000000000000000e+05 1.288006175309419632e-02 9.409291669726371765e-03 1.239740997552871704e-01 1.288006175309419632e-02 9.409291669726371765e-03 1.239740997552871704e-01
8.370000000000000000e+05 1.254296861588954926e-02 9.451930411159992218e-03 1.214998662471771240e-01 1.254296861588954926e-02 9.451930411159992218e-03 1.214998662471771240e-01
8.380000000000000000e+05 1.263412460684776306e-02 9.408723562955856323e-03 1.237618997693061829e-01 1.263412460684776306e-02 9.408723562955856323e-03 1.237618997693061829e-01
8.390000000000000000e+05 1.454647630453109741e-02 9.389723651111125946e-03 1.251828819513320923e-01 1.454647630453109741e-02 9.389723651111125946e-03 1.251828819513320923e-01
8.400000000000000000e+05 1.554858125746250153e-02 9.375866502523422241e-03 1.232011020183563232e-01 1.554858125746250153e-02 9.375866502523422241e-03 1.232011020183563232e-01
8.410000000000000000e+05 1.298735383898019791e-02 9.405248798429965973e-03 1.254762858152389526e-01 1.298735383898019791e-02 9.405248798429965973e-03 1.254762858152389526e-01
8.420000000000000000e+05 1.280009839683771133e-02 9.383604861795902252e-03 1.225224137306213379e-01 1.280009839683771133e-02 9.383604861795902252e-03 1.225224137306213379e-01
8.430000000000000000e+05 1.478914637118577957e-02 9.456512518227100372e-03 1.246830299496650696e-01 1.478914637118577957e-02 9.456512518227100372e-03 1.246830299496650696e-01
8.440000000000000000e+05 1.395887974649667740e-02 9.420781396329402924e-03 1.223157271742820740e-01 1.395887974649667740e-02 9.420781396329402924e-03 1.223157271742820740e-01
8.450000000000000000e+05 1.417920738458633423e-02 9.452798403799533844e-03 1.219985187053680420e-01 1.417920738458633423e-02 9.452798403799533844e-03 1.219985187053680420e-01
8.460000000000000000e+05 1.197940763086080551e-02 9.416108950972557068e-03 1.227682679891586304e-01 1.197940763086080551e-02 9.416108950972557068e-03 1.227682679891586304e-01
8.470000000000000000e+05 1.248124148696660995e-02 9.426807053387165070e-03 1.221351549029350281e-01 1.248124148696660995e-02 9.426807053387165070e-03 1.221351549029350281e-01
8.480000000000000000e+05 1.391584519296884537e-02 9.373407810926437378e-03 1.224996075034141541e-01 1.391584519296884537e-02 9.373407810926437378e-03 1.224996075034141541e-01
8.490000000000000000e+05 1.168225705623626709e-02 9.404197335243225098e-03 1.207789033651351929e-01 1.168225705623626709e-02 9.404197335243225098e-03 1.207789033651351929e-01
8.500000000000000000e+05 1.445674337446689606e-02 9.423477575182914734e-03 1.236528828740119934e-01 1.445674337446689606e-02 9.423477575182914734e-03 1.236528828740119934e-01
8.510000000000000000e+05 1.217258814722299576e-02 9.406254626810550690e-03 1.254725456237792969e-01 1.217258814722299576e-02 9.406254626810550690e-03 1.254725456237792969e-01
8.520000000000000000e+05 1.206472329795360565e-02 9.438872337341308594e-03 1.226781085133552551e-01 1.206472329795360565e-02 9.438872337341308594e-03 1.226781085133552551e-01
8.530000000000000000e+05 1.244452316313982010e-02 9.420302696526050568e-03 1.212306991219520569e-01 1.244452316313982010e-02 9.420302696526050568e-03 1.212306991219520569e-01
8.540000000000000000e+05 1.377019099891185760e-02 9.435629472136497498e-03 1.230209022760391235e-01 1.377019099891185760e-02 9.435629472136497498e-03 1.230209022760391235e-01
8.550000000000000000e+05 1.192612946033477783e-02 9.476347826421260834e-03 1.232870146632194519e-01 1.192612946033477783e-02 9.476347826421260834e-03 1.232870146632194519e-01
8.560000000000000000e+05 1.351476553827524185e-02 9.388311766088008881e-03 1.238467842340469360e-01 1.351476553827524185e-02 9.388311766088008881e-03 1.238467842340469360e-01
8.570000000000000000e+05 1.250737626105546951e-02 9.434514679014682770e-03 1.222504898905754089e-01 1.250737626105546951e-02 9.434514679014682770e-03 1.222504898905754089e-01
8.580000000000000000e+05 1.393409073352813721e-02 9.398545138537883759e-03 1.217252910137176514e-01 1.393409073352813721e-02 9.398545138537883759e-03 1.217252910137176514e-01
8.590000000000000000e+05 1.357562374323606491e-02 9.386925026774406433e-03 1.231691092252731323e-01 1.357562374323606491e-02 9.386925026774406433e-03 1.231691092252731323e-01
8.600000000000000000e+05 1.267900131642818451e-02 9.440675377845764160e-03 1.214716732501983643e-01 1.267900131642818451e-02 9.440675377845764160e-03 1.214716732501983643e-01
8.610000000000000000e+05 1.268110983073711395e-02 9.413187392055988312e-03 1.208317130804061890e-01 1.268110983073711395e-02 9.413187392055988312e-03 1.208317130804061890e-01
8.620000000000000000e+05 1.252961065620183945e-02 9.419460780918598175e-03 1.199037730693817139e-01 1.252961065620183945e-02 9.419460780918598175e-03 1.199037730693817139e-01
8.630000000000000000e+05 1.144986599683761597e-02 9.440772235393524170e-03 1.196144968271255493e-01 1.144986599683761597e-02 9.440772235393524170e-03 1.196144968271255493e-01
8.640000000000000000e+05 1.247121766209602356e-02 9.429241530597209930e-03 1.206800192594528198e-01 1.247121766209602356e-02 9.429241530597209930e-03 1.206800192594528198e-01
8.650000000000000000e+05 1.300379820168018341e-02 9.463665075600147247e-03 1.214468255639076233e-01 1.300379820168018341e-02 9.463665075600147247e-03 1.214468255639076233e-01
8.660000000000000000e+05 1.260564196854829788e-02 9.380726143717765808e-03 1.200973540544509888e-01 1.260564196854829788e-02 9.380726143717765808e-03 1.200973540544509888e-01
8.670000000000000000e+05 1.192119996994733810e-02 9.442975744605064392e-03 1.203341037034988403e-01 1.192119996994733810e-02 9.442975744605064392e-03 1.203341037034988403e-01
8.680000000000000000e+05 1.334963552653789520e-02 9.424484334886074066e-03 1.220525503158569336e-01 1.334963552653789520e-02 9.424484334886074066e-03 1.220525503158569336e-01
8.690000000000000000e+05 1.244099158793687820e-02 9.433858096599578857e-03 1.217904388904571533e-01 1.244099158793687820e-02 9.433858096599578857e-03 1.217904388904571533e-01
8.700000000000000000e+05 1.221984531730413437e-02 9.422720409929752350e-03 1.198472455143928528e-01 1.221984531730413437e-02 9.422720409929752350e-03 1.198472455143928528e-01
8.710000000000000000e+05 1.237959787249565125e-02 9.456580504775047302e-03 1.209743469953536987e-01 1.237959787249565125e-02 9.456580504775047302e-03 1.209743469953536987e-01
8.720000000000000000e+05 1.523596420884132385e-02 9.434221312403678894e-03 1.236328184604644775e-01 1.523596420884132385e-02 9.434221312403678894e-03 1.236328184604644775e-01
8.730000000000000000e+05 1.303274370729923248e-02 9.403996169567108154e-03 1.213119477033615112e-01 1.303274370729923248e-02 9.403996169567108154e-03 1.213119477033615112e-01
8.740000000000000000e+05 1.335127186030149460e-02 9.447317570447921753e-03 1.210822984576225281e-01 1.335127186030149460e-02 9.447317570447921753e-03 1.210822984576225281e-01
8.750000000000000000e+05 1.243141386657953262e-02 9.421714581549167633e-03 1.194798052310943604e-01 1.243141386657953262e-02 9.421714581549167633e-03 1.194798052310943604e-01
8.760000000000000000e+05 1.328785903751850128e-02 9.426724165678024292e-03 1.219780519604682922e-01 1.328785903751850128e-02 9.426724165678024292e-03 1.219780519604682922e-01
8.770000000000000000e+05 1.491814013570547104e-02 9.391408413648605347e-03 1.229456365108489990e-01 1.491814013570547104e-02 9.391408413648605347e-03 1.229456365108489990e-01
8.780000000000000000e+05 1.393978577107191086e-02 9.450831450521945953e-03 1.208220049738883972e-01 1.393978577107191086e-02 9.450831450521945953e-03 1.208220049738883972e-01
8.790000000000000000e+05 1.200968492776155472e-02 9.480357170104980469e-03 1.195676401257514954e-01 1.200968492776155472e-02 9.480357170104980469e-03 1.195676401257514954e-01
8.800000000000000000e+05 1.155116595327854156e-02 9.463294409215450287e-03 1.195859313011169434e-01 1.155116595327854156e-02 9.463294409215450287e-03 1.195859313011169434e-01
8.810000000000000000e+05 1.228955760598182678e-02 9.459177963435649872e-03 1.194555535912513733e-01 1.228955760598182678e-02 9.459177963435649872e-03 1.194555535912513733e-01
8.820000000000000000e+05 1.138979941606521606e-02 9.436228312551975250e-03 1.191020011901855469e-01 1.138979941606521606e-02 9.436228312551975250e-03 1.191020011901855469e-01
8.830000000000000000e+05 1.224467530846595764e-02 9.438097476959228516e-03 1.196720525622367859e-01 1.224467530846595764e-02 9.438097476959228516e-03 1.196720525622367859e-01
8.840000000000000000e+05 1.293992064893245697e-02 9.440831840038299561e-03 1.199622079730033875e-01 1.293992064893245697e-02 9.440831840038299561e-03 1.199622079730033875e-01
8.850000000000000000e+05 1.243327371776103973e-02 9.465154260396957397e-03 1.201403290033340454e-01 1.243327371776103973e-02 9.465154260396957397e-03 1.201403290033340454e-01
8.860000000000000000e+05 1.220169942826032639e-02 9.462551213800907135e-03 1.193166375160217285e-01 1.220169942826032639e-02 9.462551213800907135e-03 1.193166375160217285e-01
8.870000000000000000e+05 1.273553445935249329e-02 9.467719122767448425e-03 1.195759177207946777e-01 1.273553445935249329e-02 9.467719122767448425e-03 1.195759177207946777e-01
8.880000000000000000e+05 1.208312716335058212e-02 9.484729729592800140e-03 1.226348951458930969e-01 1.208312716335058212e-02 9.484729729592800140e-03 1.226348951458930969e-01
8.890000000000000000e+05 1.303411554545164108e-02 9.419979527592658997e-03 1.194060221314430237e-01 1.303411554545164108e-02 9.419979527592658997e-03 1.194060221314430237e-01
8.900000000000000000e+05 1.289786305278539658e-02 9.460164234042167664e-03 1.193313077092170715e-01 1.289786305278539658e-02 9.460164234042167664e-03 1.193313077092170715e-01
8.910000000000000000e+05 1.220322214066982269e-02 9.503114037215709686e-03 1.175108626484870911e-01 1.220322214066982269e-02 9.503114037215709686e-03 1.175108626484870911e-01
8.920000000000000000e+05 1.249540038406848907e-02 9.424577467143535614e-03 1.199900954961776733e-01 1.249540038406848907e-02 9.424577467143535614e-03 1.199900954961776733e-01
8.930000000000000000e+05 1.321476511657238007e-02 9.502554312348365784e-03 1.196844354271888733e-01 1.321476511657238007e-02 9.502554312348365784e-03 1.196844354271888733e-01
8.940000000000000000e+05 1.187745202332735062e-02 9.505028836429119110e-03 1.175035983324050903e-01 1.187745202332735062e-02 9.505028836429119110e-03 1.175035983324050903e-01
8.950000000000000000e+05 1.261570397764444351e-02 9.484715759754180908e-03 1.190444305539131165e-01 1.261570397764444351e-02 9.484715759754180908e-03 1.190444305539131165e-01
8.960000000000000000e+05 1.227350160479545593e-02 9.472955018281936646e-03 1.188906878232955933e-01 1.227350160479545593e-02 9.472955018281936646e-03 1.188906878232955933e-01
8.970000000000000000e+05 1.229491550475358963e-02 9.425307624042034149e-03 1.202522441744804382e-01 1.229491550475358963e-02 9.425307624042034149e-03 1.202522441744804382e-01
8.980000000000000000e+05 1.457125134766101837e-02 9.446835145354270935e-03 1.199612990021705627e-01 1.457125134766101837e-02 9.446835145354270935e-03 1.199612990021705627e-01
8.990000000000000000e+05 1.334495004266500473e-02 9.515522047877311707e-03 1.181400939822196960e-01 1.334495004266500473e-02 9.515522047877311707e-03 1.181400939822196960e-01
9.000000000000000000e+05 1.330251898616552353e-02 9.508567862212657928e-03 1.209757030010223389e-01 1.330251898616552353e-02 9.508567862212657928e-03 1.209757030010223389e-01
9.010000000000000000e+05 1.491261087357997894e-02 9.457044303417205811e-03 1.206034421920776367e-01 1.491261087357997894e-02 9.457044303417205811e-03 1.206034421920776367e-01
9.020000000000000000e+05 1.495309267193078995e-02 9.440885856747627258e-03 1.213165223598480225e-01 1.495309267193078995e-02 9.440885856747627258e-03 1.213165223598480225e-01
9.030000000000000000e+05 1.254214346408843994e-02 9.463645517826080322e-03 1.186577603220939636e-01 1.254214346408843994e-02 9.463645517826080322e-03 1.186577603220939636e-01
9.040000000000000000e+05 1.152605656534433365e-02 9.488781914114952087e-03 1.180087774991989136e-01 1.152605656534433365e-02 9.488781914114952087e-03 1.180087774991989136e-01
9.050000000000000000e+05 1.264489162713289261e-02 9.451336227357387543e-03 1.188492551445960999e-01 1.264489162713289261e-02 9.451336227357387543e-03 1.188492551445960999e-01
9.060000000000000000e+05 1.231761183589696884e-02 9.495263919234275818e-03 1.174550503492355347e-01 1.231761183589696884e-02 9.495263919234275818e-03 1.174550503492355347e-01
9.070000000000000000e+05 1.142943929880857468e-02 9.473135694861412048e-03 1.175798848271369934e-01 1.142943929880857468e-02 9.473135694861412048e-03 1.175798848271369934e-01
9.080000000000000000e+05 1.393643859773874283e-02 9.406306780874729156e-03 1.194862499833106995e-01 1.393643859773874283e-02 9.406306780874729156e-03 1.194862499833106995e-01
9.090000000000000000e+05 1.288977079093456268e-02 9.487566538155078888e-03 1.180375218391418457e-01 1.288977079093456268e-02 9.487566538155078888e-03 1.180375218391418457e-01
9.100000000000000000e+05 1.208043470978736877e-02 9.470189921557903290e-03 1.192711442708969116e-01 1.208043470978736877e-02 9.470189921557903290e-03 1.192711442708969116e-01
9.110000000000000000e+05 1.185243017971515656e-02 9.506335482001304626e-03 1.177437230944633484e-01 1.185243017971515656e-02 9.506335482001304626e-03 1.177437230944633484e-01
9.120000000000000000e+05 1.209107600152492523e-02 9.429965168237686157e-03 1.178382560610771179e-01 1.209107600152492523e-02 9.429965168237686157e-03 1.178382560610771179e-01
9.130000000000000000e+05 1.252597756683826447e-02 9.439357556402683258e-03 1.180267632007598877e-01 1.252597756683826447e-02 9.439357556402683258e-03 1.180267632007598877e-01
9.140000000000000000e+05 1.277249585837125778e-02 9.438854642212390900e-03 1.181401461362838745e-01 1.277249585837125778e-02 9.438854642212390900e-03 1.181401461362838745e-01
9.150000000000000000e+05 1.236695051193237305e-02 9.469372220337390900e-03 1.173737719655036926e-01 1.236695051193237305e-02 9.469372220337390900e-03 1.173737719655036926e-01
9.160000000000000000e+05 1.383668463677167892e-02 9.443975053727626801e-03 1.180082410573959351e-01 1.383668463677167892e-02 9.443975053727626801e-03 1.180082410573959351e-01
9.170000000000000000e+05 1.299859210848808289e-02 9.477756917476654053e-03 1.186456084251403809e-01 1.299859210848808289e-02 9.477756917476654053e-03 1.186456084251403809e-01
9.180000000000000000e+05 1.097733341157436371e-02 9.521426633000373840e-03 1.167526468634605408e-01 1.097733341157436371e-02 9.521426633000373840e-03 1.167526468634605408e-01
9.190000000000000000e+05 1.091955881565809250e-02 9.522411040961742401e-03 1.169640719890594482e-01 1.091955881565809250e-02 9.522411040961742401e-03 1.169640719890594482e-01
9.200000000000000000e+05 1.212210580706596375e-02 9.511006996035575867e-03 1.178809106349945068e-01 1.212210580706596375e-02 9.511006996035575867e-03 1.178809106349945068e-01
9.210000000000000000e+05 1.176882162690162659e-02 9.504352696239948273e-03 1.172573044896125793e-01 1.176882162690162659e-02 9.504352696239948273e-03 1.172573044896125793e-01
9.220000000000000000e+05 1.257170736789703369e-02 9.541357867419719696e-03 1.188896000385284424e-01 1.257170736789703369e-02 9.541357867419719696e-03 1.188896000385284424e-01
9.230000000000000000e+05 1.164093054831027985e-02 9.482121095061302185e-03 1.196516826748847961e-01 1.164093054831027985e-02 9.482121095061302185e-03 1.196516826748847961e-01
9.240000000000000000e+05 1.371872983872890472e-02 9.478783234953880310e-03 1.188733503222465515e-01 1.371872983872890472e-02 9.478783234953880310e-03 1.188733503222465515e-01
9.250000000000000000e+05 1.198830641806125641e-02 9.476691484451293945e-03 1.182020604610443115e-01 1.198830641806125641e-02 9.476691484451293945e-03 1.182020604610443115e-01
9.260000000000000000e+05 1.183838862925767899e-02 9.511436335742473602e-03 1.170338392257690430e-01 1.183838862925767899e-02 9.511436335742473602e-03 1.170338392257690430e-01
9.270000000000000000e+05 1.176805794239044189e-02 9.517191909253597260e-03 1.169674098491668701e-01 1.176805794239044189e-02 9.517191909253597260e-03 1.169674098491668701e-01
9.280000000000000000e+05 1.326386351138353348e-02 9.549445472657680511e-03 1.190301850438117981e-01 1.326386351138353348e-02 9.549445472657680511e-03 1.190301850438117981e-01
9.290000000000000000e+05 1.293024234473705292e-02 9.447886608541011810e-03 1.170567944645881653e-01 1.293024234473705292e-02 9.447886608541011810e-03 1.170567944645881653e-01
9.300000000000000000e+05 1.172272209078073502e-02 9.484989568591117859e-03 1.162214353680610657e-01 1.172272209078073502e-02 9.484989568591117859e-03 1.162214353680610657e-01
9.310000000000000000e+05 1.179108303040266037e-02 9.452414698898792267e-03 1.185622885823249817e-01 1.179108303040266037e-02 9.452414698898792267e-03 1.185622885823249817e-01
9.320000000000000000e+05 1.235712505877017975e-02 9.514340199530124664e-03 1.163048073649406433e-01 1.235712505877017975e-02 9.514340199530124664e-03 1.163048073649406433e-01
9.330000000000000000e+05 1.172425784170627594e-02 9.501687251031398773e-03 1.154442802071571350e-01 1.172425784170627594e-02 9.501687251031398773e-03 1.154442802071571350e-01
9.340000000000000000e+05 1.120127271860837936e-02 9.441892616450786591e-03 1.166017875075340271e-01 1.120127271860837936e-02 9.441892616450786591e-03 1.166017875075340271e-01
9.350000000000000000e+05 1.287925336509943008e-02 9.510040283203125000e-03 1.167310625314712524e-01 1.287925336509943008e-02 9.510040283203125000e-03 1.167310625314712524e-01
9.360000000000000000e+05 1.190402824431657791e-02 9.533692151308059692e-03 1.167153343558311462e-01 1.190402824431657791e-02 9.533692151308059692e-03 1.167153343558311462e-01
9.370000000000000000e+05 1.544362399727106094e-02 9.469567798078060150e-03 1.195944175124168396e-01 1.544362399727106094e-02 9.469567798078060150e-03 1.195944175124168396e-01
9.380000000000000000e+05 1.078219898045063019e-02 9.453729726374149323e-03 1.151835322380065918e-01 1.078219898045063019e-02 9.453729726374149323e-03 1.151835322380065918e-01
9.390000000000000000e+05 1.290164608508348465e-02 9.507559239864349365e-03 1.170743480324745178e-01 1.290164608508348465e-02 9.507559239864349365e-03 1.170743480324745178e-01
9.400000000000000000e+05 1.092337165027856827e-02 9.501319378614425659e-03 1.164409071207046509e-01 1.092337165027856827e-02 9.501319378614425659e-03 1.164409071207046509e-01
9.410000000000000000e+05 1.270963344722986221e-02 9.513898752629756927e-03 1.149550452828407288e-01 1.270963344722986221e-02 9.513898752629756927e-03 1.149550452828407288e-01
9.420000000000000000e+05 1.096519082784652710e-02 9.506664238870143890e-03 1.147432252764701843e-01 1.096519082784652710e-02 9.506664238870143890e-03 1.147432252764701843e-01
9.430000000000000000e+05 1.313997991383075714e-02 9.494503960013389587e-03 1.164210513234138489e-01 1.313997991383075714e-02 9.494503960013389587e-03 1.164210513234138489e-01
9.440000000000000000e+05 1.242896355688571930e-02 9.501140564680099487e-03 1.157988533377647400e-01 1.242896355688571930e-02 9.501140564680099487e-03 1.157988533377647400e-01
9.450000000000000000e+05 1.336468756198883057e-02 9.436357766389846802e-03 1.186401322484016418e-01 1.336468756198883057e-02 9.436357766389846802e-03 1.186401322484016418e-01
9.460000000000000000e+05 1.080300938338041306e-02 9.502243250608444214e-03 1.151175349950790405e-01 1.080300938338041306e-02 9.502243250608444214e-03 1.151175349950790405e-01
9.470000000000000000e+05 1.309017743915319443e-02 9.459756314754486084e-03 1.150331348180770874e-01 1.309017743915319443e-02 9.459756314754486084e-03 1.150331348180770874e-01
9.480000000000000000e+05 1.142465975135564804e-02 9.495390579104423523e-03 1.148543059825897217e-01 1.142465975135564804e-02 9.495390579104423523e-03 1.148543059825897217e-01
9.490000000000000000e+05 1.198432035744190216e-02 9.538962505757808685e-03 1.178061589598655701e-01 1.198432035744190216e-02 9.538962505757808685e-03 1.178061589598655701e-01
9.500000000000000000e+05 1.108493935316801071e-02 9.516012854874134064e-03 1.160613819956779480e-01 1.108493935316801071e-02 9.516012854874134064e-03 1.160613819956779480e-01
9.510000000000000000e+05 1.174264773726463318e-02 9.489708580076694489e-03 1.153872087597846985e-01 1.174264773726463318e-02 9.489708580076694489e-03 1.153872087597846985e-01
9.520000000000000000e+05 1.179681159555912018e-02 9.515448473393917084e-03 1.156959086656570435e-01 1.179681159555912018e-02 9.515448473393917084e-03 1.156959086656570435e-01
9.530000000000000000e+05 1.133479829877614975e-02 9.507075883448123932e-03 1.144105419516563416e-01 1.133479829877614975e-02 9.507075883448123932e-03 1.144105419516563416e-01
9.540000000000000000e+05 1.399044971913099289e-02 9.490389376878738403e-03 1.170049905776977539e-01 1.399044971913099289e-02 9.490389376878738403e-03 1.170049905776977539e-01
9.550000000000000000e+05 1.110534649342298508e-02 9.490766562521457672e-03 1.143751442432403564e-01 1.110534649342298508e-02 9.490766562521457672e-03 1.143751442432403564e-01
9.560000000000000000e+05 1.217131502926349640e-02 9.499024599790573120e-03 1.174260601401329041e-01 1.217131502926349640e-02 9.499024599790573120e-03 1.174260601401329041e-01
9.570000000000000000e+05 1.163399498909711838e-02 9.481390006840229034e-03 1.144580096006393433e-01 1.163399498909711838e-02 9.481390006840229034e-03 1.144580096006393433e-01
9.580000000000000000e+05 1.066443976014852524e-02 9.488256648182868958e-03 1.138791441917419434e-01 1.066443976014852524e-02 9.488256648182868958e-03 1.138791441917419434e-01
9.590000000000000000e+05 1.271346304565668106e-02 9.480923414230346680e-03 1.147576943039894104e-01 1.271346304565668106e-02 9.480923414230346680e-03 1.147576943039894104e-01
9.600000000000000000e+05 1.093193609267473221e-02 9.477701969444751740e-03 1.144042909145355225e-01 1.093193609267473221e-02 9.477701969444751740e-03 1.144042909145355225e-01
9.610000000000000000e+05 1.124986354261636734e-02 9.502260945737361908e-03 1.143909394741058350e-01 1.124986354261636734e-02 9.502260945737361908e-03 1.143909394741058350e-01
9.620000000000000000e+05 1.134485099464654922e-02 9.513660334050655365e-03 1.148787289857864380e-01 1.134485099464654922e-02 9.513660334050655365e-03 1.148787289857864380e-01
9.630000000000000000e+05 1.075900811702013016e-02 9.489830583333969116e-03 1.139281317591667175e-01 1.075900811702013016e-02 9.489830583333969116e-03 1.139281317591667175e-01
9.640000000000000000e+05 1.261385623365640640e-02 9.490313008427619934e-03 1.147436201572418213e-01 1.261385623365640640e-02 9.490313008427619934e-03 1.147436201572418213e-01
9.650000000000000000e+05 1.056474354118108749e-02 9.519349783658981323e-03 1.145968213677406311e-01 1.056474354118108749e-02 9.519349783658981323e-03 1.145968213677406311e-01
9.660000000000000000e+05 1.104439143091440201e-02 9.494739584624767303e-03 1.151328459382057190e-01 1.104439143091440201e-02 9.494739584624767303e-03 1.151328459382057190e-01
9.670000000000000000e+05 1.181113068014383316e-02 9.514796547591686249e-03 1.162863895297050476e-01 1.181113068014383316e-02 9.514796547591686249e-03 1.162863895297050476e-01
9.680000000000000000e+05 1.088014245033264160e-02 9.512063115835189819e-03 1.148845851421356201e-01 1.088014245033264160e-02 9.512063115835189819e-03 1.148845851421356201e-01
9.690000000000000000e+05 1.168095879256725311e-02 9.490321390330791473e-03 1.128685399889945984e-01 1.168095879256725311e-02 9.490321390330791473e-03 1.128685399889945984e-01
9.700000000000000000e+05 1.217507850378751755e-02 9.445071220397949219e-03 1.147909909486770630e-01 1.217507850378751755e-02 9.445071220397949219e-03 1.147909909486770630e-01
9.710000000000000000e+05 1.191072165966033936e-02 9.541627019643783569e-03 1.148080602288246155e-01 1.191072165966033936e-02 9.541627019643783569e-03 1.148080602288246155e-01
9.720000000000000000e+05 1.215831376612186432e-02 9.469780139625072479e-03 1.139642074704170227e-01 1.215831376612186432e-02 9.469780139625072479e-03 1.139642074704170227e-01
9.730000000000000000e+05 1.065711118280887604e-02 9.511787444353103638e-03 1.124093756079673767e-01 1.065711118280887604e-02 9.511787444353103638e-03 1.124093756079673767e-01
9.740000000000000000e+05 1.328412722796201706e-02 9.466888383030891418e-03 1.145364344120025635e-01 1.328412722796201706e-02 9.466888383030891418e-03 1.145364344120025635e-01
9.750000000000000000e+05 1.040507573634386063e-02 9.537762030959129333e-03 1.146855875849723816e-01 1.040507573634386063e-02 9.537762030959129333e-03 1.146855875849723816e-01
9.760000000000000000e+05 1.206853613257408142e-02 9.542839601635932922e-03 1.127109751105308533e-01 1.206853613257408142e-02 9.542839601635932922e-03 1.127109751105308533e-01
9.770000000000000000e+05 1.124613266438245773e-02 9.483479894697666168e-03 1.148001626133918762e-01 1.124613266438245773e-02 9.483479894697666168e-03 1.148001626133918762e-01
9.780000000000000000e+05 1.309947576373815536e-02 9.549153037369251251e-03 1.157767400145530701e-01 1.309947576373815536e-02 9.549153037369251251e-03 1.157767400145530701e-01
9.790000000000000000e+05 1.179372705519199371e-02 9.525354020297527313e-03 1.128097325563430786e-01 1.179372705519199371e-02 9.525354020297527313e-03 1.128097325563430786e-01
9.800000000000000000e+05 1.196641195565462112e-02 9.554116055369377136e-03 1.134089902043342590e-01 1.196641195565462112e-02 9.554116055369377136e-03 1.134089902043342590e-01
9.810000000000000000e+05 1.378898229449987411e-02 9.553776122629642487e-03 1.134492456912994385e-01 1.378898229449987411e-02 9.553776122629642487e-03 1.134492456912994385e-01
9.820000000000000000e+05 1.174123585224151611e-02 9.486207738518714905e-03 1.151686757802963257e-01 1.174123585224151611e-02 9.486207738518714905e-03 1.151686757802963257e-01
9.830000000000000000e+05 1.103092636913061142e-02 9.541535750031471252e-03 1.139000877737998962e-01 1.103092636913061142e-02 9.541535750031471252e-03 1.139000877737998962e-01
9.840000000000000000e+05 1.110967434942722321e-02 9.523065760731697083e-03 1.133190020918846130e-01 1.110967434942722321e-02 9.523065760731697083e-03 1.133190020918846130e-01
9.850000000000000000e+05 1.109699532389640808e-02 9.530277922749519348e-03 1.128828004002571106e-01 1.109699532389640808e-02 9.530277922749519348e-03 1.128828004002571106e-01
9.860000000000000000e+05 1.100196037441492081e-02 9.478488937020301819e-03 1.116656139492988586e-01 1.100196037441492081e-02 9.478488937020301819e-03 1.116656139492988586e-01
9.870000000000000000e+05 1.231817062944173813e-02 9.468501433730125427e-03 1.146457865834236145e-01 1.231817062944173813e-02 9.468501433730125427e-03 1.146457865834236145e-01
9.880000000000000000e+05 1.011966262012720108e-02 9.512408636510372162e-03 1.116618514060974121e-01 1.011966262012720108e-02 9.512408636510372162e-03 1.116618514060974121e-01
9.890000000000000000e+05 1.110268384218215942e-02 9.476399980485439301e-03 1.122687384486198425e-01 1.110268384218215942e-02 9.476399980485439301e-03 1.122687384486198425e-01
9.900000000000000000e+05 1.116401981562376022e-02 9.483103640377521515e-03 1.128850877285003662e-01 1.116401981562376022e-02 9.483103640377521515e-03 1.128850877285003662e-01
9.910000000000000000e+05 1.179612241685390472e-02 9.497966617345809937e-03 1.116003245115280151e-01 1.179612241685390472e-02 9.497966617345809937e-03 1.116003245115280151e-01
9.920000000000000000e+05 1.051010098308324814e-02 9.483365342020988464e-03 1.126556098461151123e-01 1.051010098308324814e-02 9.483365342020988464e-03 1.126556098461151123e-01
9.930000000000000000e+05 1.034607831388711929e-02 9.503575041890144348e-03 1.115706264972686768e-01 1.034607831388711929e-02 9.503575041890144348e-03 1.115706264972686768e-01
9.940000000000000000e+05 9.995181113481521606e-03 9.502778761088848114e-03 1.119160056114196777e-01 9.995181113481521606e-03 9.502778761088848114e-03 1.119160056114196777e-01
9.950000000000000000e+05 1.004868373274803162e-02 9.478396736085414886e-03 1.117537468671798706e-01 1.004868373274803162e-02 9.478396736085414886e-03 1.117537468671798706e-01
9.960000000000000000e+05 1.053954567760229111e-02 9.519832208752632141e-03 1.121704801917076111e-01 1.053954567760229111e-02 9.519832208752632141e-03 1.121704801917076111e-01
9.970000000000000000e+05 1.133480388671159744e-02 9.503370150923728943e-03 1.112096607685089111e-01 1.133480388671159744e-02 9.503370150923728943e-03 1.112096607685089111e-01
9.980000000000000000e+05 1.173573918640613556e-02 9.492149576544761658e-03 1.127167642116546631e-01 1.173573918640613556e-02 9.492149576544761658e-03 1.127167642116546631e-01
9.990000000000000000e+05 1.134623959660530090e-02 9.513181634247303009e-03 1.117017120122909546e-01 1.134623959660530090e-02 9.513181634247303009e-03 1.117017120122909546e-01
1.000000000000000000e+06 1.103964261710643768e-02 9.503585286438465118e-03 1.114832684397697449e-01 1.103964261710643768e-02 9.503585286438465118e-03 1.114832684397697449e-01
1.001000000000000000e+06 1.048286911100149155e-02 9.490792639553546906e-03 1.113826856017112732e-01 1.048286911100149155e-02 9.490792639553546906e-03 1.113826856017112732e-01
1.002000000000000000e+06 1.233326178044080734e-02 9.470026940107345581e-03 1.144123226404190063e-01 1.233326178044080734e-02 9.470026940107345581e-03 1.144123226404190063e-01
1.003000000000000000e+06 1.106833200901746750e-02 9.508118033409118652e-03 1.115301996469497681e-01 1.106833200901746750e-02 9.508118033409118652e-03 1.115301996469497681e-01
1.004000000000000000e+06 1.096650213003158569e-02 9.487668983638286591e-03 1.141866073012351990e-01 1.096650213003158569e-02 9.487668983638286591e-03 1.141866073012351990e-01
1.005000000000000000e+06 1.013582665473222733e-02 9.476177394390106201e-03 1.108342781662940979e-01 1.013582665473222733e-02 9.476177394390106201e-03 1.108342781662940979e-01
1.006000000000000000e+06 1.070317253470420837e-02 9.464006870985031128e-03 1.121504232287406921e-01 1.070317253470420837e-02 9.464006870985031128e-03 1.121504232287406921e-01
1.007000000000000000e+06 1.104418374598026276e-02 9.505989030003547668e-03 1.119685918092727661e-01 1.104418374598026276e-02 9.505989030003547668e-03 1.119685918092727661e-01
1.008000000000000000e+06 1.197494193911552429e-02 9.475395083427429199e-03 1.137738600373268127e-01 1.197494193911552429e-02 9.475395083427429199e-03 1.137738600373268127e-01
1.009000000000000000e+06 1.036753505468368530e-02 9.477855637669563293e-03 1.111698597669601440e-01 1.036753505468368530e-02 9.477855637669563293e-03 1.111698597669601440e-01
1.010000000000000000e+06 1.329031772911548615e-02 9.522204287350177765e-03 1.143143028020858765e-01 1.329031772911548615e-02 9.522204287350177765e-03 1.143143028020858765e-01
1.011000000000000000e+06 1.121666934341192245e-02 9.499424137175083160e-03 1.131005808711051941e-01 1.121666934341192245e-02 9.499424137175083160e-03 1.131005808711051941e-01
1.012000000000000000e+06 1.060302276164293289e-02 9.451334364712238312e-03 1.103488951921463013e-01 1.060302276164293289e-02 9.451334364712238312e-03 1.103488951921463013e-01
1.013000000000000000e+06 1.096860133111476898e-02 9.506151080131530762e-03 1.122175827622413635e-01 1.096860133111476898e-02 9.506151080131530762e-03 1.122175827622413635e-01
1.014000000000000000e+06 1.055501587688922882e-02 9.464852511882781982e-03 1.101152524352073669e-01 1.055501587688922882e-02 9.464852511882781982e-03 1.101152524352073669e-01
1.015000000000000000e+06 1.109457947313785553e-02 9.486172348260879517e-03 1.126394867897033691e-01 1.109457947313785553e-02 9.486172348260879517e-03 1.126394867897033691e-01
1.016000000000000000e+06 1.098620146512985229e-02 9.491483680903911591e-03 1.122689023613929749e-01 1.098620146512985229e-02 9.491483680903911591e-03 1.122689023613929749e-01
1.017000000000000000e+06 1.057860162109136581e-02 9.461656212806701660e-03 1.127243936061859131e-01 1.057860162109136581e-02 9.461656212806701660e-03 1.127243936061859131e-01
1.018000000000000000e+06 1.089916937053203583e-02 9.547176770865917206e-03 1.100145056843757629e-01 1.089916937053203583e-02 9.547176770865917206e-03 1.100145056843757629e-01
1.019000000000000000e+06 1.087667047977447510e-02 9.494048543274402618e-03 1.121821105480194092e-01 1.087667047977447510e-02 9.494048543274402618e-03 1.121821105480194092e-01
1.020000000000000000e+06 1.079551130533218384e-02 9.447819553315639496e-03 1.123957931995391846e-01 1.079551130533218384e-02 9.447819553315639496e-03 1.123957931995391846e-01
1.021000000000000000e+06 1.167493686079978943e-02 9.436074644327163696e-03 1.120832711458206177e-01 1.167493686079978943e-02 9.436074644327163696e-03 1.120832711458206177e-01
1.022000000000000000e+06 1.077622734010219574e-02 9.486130438745021820e-03 1.116746589541435242e-01 1.077622734010219574e-02 9.486130438745021820e-03 1.116746589541435242e-01
1.023000000000000000e+06 1.006656419485807419e-02 9.461855515837669373e-03 1.094844415783882141e-01 1.006656419485807419e-02 9.461855515837669373e-03 1.094844415783882141e-01
1.024000000000000000e+06 1.029291376471519470e-02 9.445158764719963074e-03 1.122302860021591187e-01 1.029291376471519470e-02 9.445158764719963074e-03 1.122302860021591187e-01
1.025000000000000000e+06 1.189799420535564423e-02 9.473712183535099030e-03 1.114859953522682190e-01 1.189799420535564423e-02 9.473712183535099030e-03 1.114859953522682190e-01
1.026000000000000000e+06 1.304657571017742157e-02 9.427229873836040497e-03 1.131724193692207336e-01 1.304657571017742157e-02 9.427229873836040497e-03 1.131724193692207336e-01
1.027000000000000000e+06 1.196759566664695740e-02 9.486984461545944214e-03 1.113701835274696350e-01 1.196759566664695740e-02 9.486984461545944214e-03 1.113701835274696350e-01
1.028000000000000000e+06 1.024422608315944672e-02 9.434408508241176605e-03 1.110426634550094604e-01 1.024422608315944672e-02 9.434408508241176605e-03 1.110426634550094604e-01
1.029000000000000000e+06 1.029289606958627701e-02 9.420393966138362885e-03 1.094692125916481018e-01 1.029289606958627701e-02 9.420393966138362885e-03 1.094692125916481018e-01
1.030000000000000000e+06 1.151893660426139832e-02 9.415036067366600037e-03 1.119895055890083313e-01 1.151893660426139832e-02 9.415036067366600037e-03 1.119895055890083313e-01
1.031000000000000000e+06 1.003780495375394821e-02 9.398736990988254547e-03 1.096726357936859131e-01 1.003780495375394821e-02 9.398736990988254547e-03 1.096726357936859131e-01
1.032000000000000000e+06 1.100777648389339447e-02 9.483192116022109985e-03 1.101360619068145752e-01 1.100777648389339447e-02 9.483192116022109985e-03 1.101360619068145752e-01
1.033000000000000000e+06 1.173277385532855988e-02 9.446659125387668610e-03 1.105941683053970337e-01 1.173277385532855988e-02 9.446659125387668610e-03 1.105941683053970337e-01
1.034000000000000000e+06 1.032102759927511215e-02 9.447205811738967896e-03 1.104721203446388245e-01 1.032102759927511215e-02 9.447205811738967896e-03 1.104721203446388245e-01
1.035000000000000000e+06 1.102043315768241882e-02 9.502766653895378113e-03 1.095613017678260803e-01 1.102043315768241882e-02 9.502766653895378113e-03 1.095613017678260803e-01
1.036000000000000000e+06 1.041870843619108200e-02 9.435565210878849030e-03 1.122542768716812134e-01 1.041870843619108200e-02 9.435565210878849030e-03 1.122542768716812134e-01
1.037000000000000000e+06 1.104151364415884018e-02 9.415130130946636200e-03 1.104477643966674805e-01 1.104151364415884018e-02 9.415130130946636200e-03 1.104477643966674805e-01
1.038000000000000000e+06 1.213406771421432495e-02 9.445589967072010040e-03 1.104420050978660583e-01 1.213406771421432495e-02 9.445589967072010040e-03 1.104420050978660583e-01
1.039000000000000000e+06 1.107503939419984818e-02 9.411724284291267395e-03 1.120626702904701233e-01 1.107503939419984818e-02 9.411724284291267395e-03 1.120626702904701233e-01
1.040000000000000000e+06 9.723803028464317322e-03 9.414852596819400787e-03 1.090922504663467407e-01 9.723803028464317322e-03 9.414852596819400787e-03 1.090922504663467407e-01
1.041000000000000000e+06 1.026784162968397141e-02 9.485776536166667938e-03 1.098116710782051086e-01 1.026784162968397141e-02 9.485776536166667938e-03 1.098116710782051086e-01
1.042000000000000000e+06 1.065070834010839462e-02 9.430055506527423859e-03 1.102415472269058228e-01 1.065070834010839462e-02 9.430055506527423859e-03 1.102415472269058228e-01
1.043000000000000000e+06 9.748821146786212921e-03 9.425123222172260284e-03 1.100299730896949768e-01 9.748821146786212921e-03 9.425123222172260284e-03 1.100299730896949768e-01
1.044000000000000000e+06 9.288894012570381165e-03 9.454966522753238678e-03 1.095823347568511963e-01 9.288894012570381165e-03 9.454966522753238678e-03 1.095823347568511963e-01
1.045000000000000000e+06 1.080319099128246307e-02 9.427763521671295166e-03 1.117734238505363464e-01 1.080319099128246307e-02 9.427763521671295166e-03 1.117734238505363464e-01
1.046000000000000000e+06 9.743274189531803131e-03 9.439473040401935577e-03 1.098594889044761658e-01 9.743274189531803131e-03 9.439473040401935577e-03 1.098594889044761658e-01
1.047000000000000000e+06 1.005624979734420776e-02 9.426454082131385803e-03 1.098352372646331787e-01 1.005624979734420776e-02 9.426454082131385803e-03 1.098352372646331787e-01
1.048000000000000000e+06 1.000681519508361816e-02 9.428363293409347534e-03 1.091207712888717651e-01 1.000681519508361816e-02 9.428363293409347534e-03 1.091207712888717651e-01
1.049000000000000000e+06 1.003329642117023468e-02 9.414926171302795410e-03 1.095048636198043823e-01 1.003329642117023468e-02 9.414926171302795410e-03 1.095048636198043823e-01
1.050000000000000000e+06 1.030469499528408051e-02 9.400935843586921692e-03 1.093984022736549377e-01 1.030469499528408051e-02 9.400935843586921692e-03 1.093984022736549377e-01
1.051000000000000000e+06 1.104350388050079346e-02 9.398864582180976868e-03 1.101463586091995239e-01 1.104350388050079346e-02 9.398864582180976868e-03 1.101463586091995239e-01
1.052000000000000000e+06 1.081579644232988358e-02 9.378636255860328674e-03 1.102823615074157715e-01 1.081579644232988358e-02 9.378636255860328674e-03 1.102823615074157715e-01
1.053000000000000000e+06 1.140016131103038788e-02 9.445266798138618469e-03 1.117412000894546509e-01 1.140016131103038788e-02 9.445266798138618469e-03 1.117412000894546509e-01
1.054000000000000000e+06 1.081229373812675476e-02 9.342497214674949646e-03 1.088538765907287598e-01 1.081229373812675476e-02 9.342497214674949646e-03 1.088538765907287598e-01
1.055000000000000000e+06 1.066299807280302048e-02 9.423101320862770081e-03 1.109028458595275879e-01 1.066299807280302048e-02 9.423101320862770081e-03 1.109028458595275879e-01
1.056000000000000000e+06 1.091230288147926331e-02 9.386893361806869507e-03 1.100750640034675598e-01 1.091230288147926331e-02 9.386893361806869507e-03 1.100750640034675598e-01
1.057000000000000000e+06 1.147585175931453705e-02 9.400526992976665497e-03 1.085570529103279114e-01 1.147585175931453705e-02 9.400526992976665497e-03 1.085570529103279114e-01
1.058000000000000000e+06 1.014741137623786926e-02 9.381121024489402771e-03 1.083720475435256958e-01 1.014741137623786926e-02 9.381121024489402771e-03 1.083720475435256958e-01
1.059000000000000000e+06 1.005609706044197083e-02 9.401974268257617950e-03 1.093794330954551697e-01 1.005609706044197083e-02 9.401974268257617950e-03 1.093794330954551697e-01
1.060000000000000000e+06 1.153383962810039520e-02 9.375011548399925232e-03 1.108062714338302612e-01 1.153383962810039520e-02 9.375011548399925232e-03 1.108062714338302612e-01
1.061000000000000000e+06 1.019858475774526596e-02 9.340186603367328644e-03 1.089486554265022278e-01 1.019858475774526596e-02 9.340186603367328644e-03 1.089486554265022278e-01
1.062000000000000000e+06 9.194803424179553986e-03 9.375328198075294495e-03 1.078101545572280884e-01 9.194803424179553986e-03 9.375328198075294495e-03 1.078101545572280884e-01
1.063000000000000000e+06 1.052074879407882690e-02 9.372944012284278870e-03 1.104975566267967224e-01 1.052074879407882690e-02 9.372944012284278870e-03 1.104975566267967224e-01
1.064000000000000000e+06 1.095176488161087036e-02 9.387972764670848846e-03 1.103653013706207275e-01 1.095176488161087036e-02 9.387972764670848846e-03 1.103653013706207275e-01
1.065000000000000000e+06 9.461075067520141602e-03 9.384697303175926208e-03 1.080011501908302307e-01 9.461075067520141602e-03 9.384697303175926208e-03 1.080011501908302307e-01
1.066000000000000000e+06 1.366514619439840317e-02 9.391893632709980011e-03 1.137307584285736084e-01 1.366514619439840317e-02 9.391893632709980011e-03 1.137307584285736084e-01
1.067000000000000000e+06 1.061258185654878616e-02 9.395672008395195007e-03 1.096456795930862427e-01 1.061258185654878616e-02 9.395672008395195007e-03 1.096456795930862427e-01
1.068000000000000000e+06 9.970202110707759857e-03 9.410602040588855743e-03 1.095653250813484192e-01 9.970202110707759857e-03 9.410602040588855743e-03 1.095653250813484192e-01
1.069000000000000000e+06 9.618493728339672089e-03 9.381726384162902832e-03 1.091902926564216614e-01 9.618493728339672089e-03 9.381726384162902832e-03 1.091902926564216614e-01
1.070000000000000000e+06 1.113936305046081543e-02 9.430194273591041565e-03 1.085487902164459229e-01 1.113936305046081543e-02 9.430194273591041565e-03 1.085487902164459229e-01
1.071000000000000000e+06 1.010003965348005295e-02 9.394820779561996460e-03 1.092565506696701050e-01 1.010003965348005295e-02 9.394820779561996460e-03 1.092565506696701050e-01
1.072000000000000000e+06 9.466769173741340637e-03 9.364113211631774902e-03 1.082956194877624512e-01 9.466769173741340637e-03 9.364113211631774902e-03 1.082956194877624512e-01
1.073000000000000000e+06 1.047597266733646393e-02 9.384596720337867737e-03 1.092607304453849792e-01 1.047597266733646393e-02 9.384596720337867737e-03 1.092607304453849792e-01
1.074000000000000000e+06 9.542989544570446014e-03 9.372999891638755798e-03 1.089761182665824890e-01 9.542989544570446014e-03 9.372999891638755798e-03 1.089761182665824890e-01
1.075000000000000000e+06 9.844250045716762543e-03 9.360319934785366058e-03 1.092540696263313293e-01 9.844250045716762543e-03 9.360319934785366058e-03 1.092540696263313293e-01
1.076000000000000000e+06 1.077005453407764435e-02 9.359568357467651367e-03 1.108450666069984436e-01 1.077005453407764435e-02 9.359568357467651367e-03 1.108450666069984436e-01
1.077000000000000000e+06 1.066792197525501251e-02 9.346294216811656952e-03 1.078387573361396790e-01 1.066792197525501251e-02 9.346294216811656952e-03 1.078387573361396790e-01
1.078000000000000000e+06 9.643785655498504639e-03 9.390855208039283752e-03 1.077483743429183960e-01 9.643785655498504639e-03 9.390855208039283752e-03 1.077483743429183960e-01
1.079000000000000000e+06 9.633183479309082031e-03 9.340809658169746399e-03 1.086352244019508362e-01 9.633183479309082031e-03 9.340809658169746399e-03 1.086352244019508362e-01
1.080000000000000000e+06 1.012346800416707993e-02 9.373940527439117432e-03 1.082585081458091736e-01 1.012346800416707993e-02 9.373940527439117432e-03 1.082585081458091736e-01
1.081000000000000000e+06 1.080448925495147705e-02 9.372162632644176483e-03 1.102340668439865112e-01 1.080448925495147705e-02 9.372162632644176483e-03 1.102340668439865112e-01
1.082000000000000000e+06 1.020042505115270615e-02 9.340212680399417877e-03 1.102209240198135376e-01 1.020042505115270615e-02 9.340212680399417877e-03 1.102209240198135376e-01
1.083000000000000000e+06 9.844221174716949463e-03 9.361863136291503906e-03 1.074220836162567139e-01 9.844221174716949463e-03 9.361863136291503906e-03 1.074220836162567139e-01
1.084000000000000000e+06 9.950275532901287079e-03 9.378067217767238617e-03 1.096014380455017090e-01 9.950275532901287079e-03 9.378067217767238617e-03 1.096014380455017090e-01
1.085000000000000000e+06 1.000214088708162308e-02 9.396397508680820465e-03 1.077484488487243652e-01 1.000214088708162308e-02 9.396397508680820465e-03 1.077484488487243652e-01
1.086000000000000000e+06 9.782378561794757843e-03 9.352201595902442932e-03 1.083433032035827637e-01 9.782378561794757843e-03 9.352201595902442932e-03 1.083433032035827637e-01
1.087000000000000000e+06 1.119505707174539566e-02 9.300027973949909210e-03 1.082365140318870544e-01 1.119505707174539566e-02 9.300027973949909210e-03 1.082365140318870544e-01
1.088000000000000000e+06 9.596824645996093750e-03 9.372454136610031128e-03 1.078432425856590271e-01 9.596824645996093750e-03 9.372454136610031128e-03 1.078432425856590271e-01
1.089000000000000000e+06 1.031622663140296936e-02 9.338616393506526947e-03 1.081545725464820862e-01 1.031622663140296936e-02 9.338616393506526947e-03 1.081545725464820862e-01
1.090000000000000000e+06 9.551818482577800751e-03 9.341359138488769531e-03 1.078995317220687866e-01 9.551818482577800751e-03 9.341359138488769531e-03 1.078995317220687866e-01
1.091000000000000000e+06 9.395700879395008087e-03 9.346151724457740784e-03 1.081574335694313049e-01 9.395700879395008087e-03 9.346151724457740784e-03 1.081574335694313049e-01
1.092000000000000000e+06 1.088298577815294266e-02 9.303014725446701050e-03 1.082165315747261047e-01 1.088298577815294266e-02 9.303014725446701050e-03 1.082165315747261047e-01
1.093000000000000000e+06 9.224490262567996979e-03 9.327896870672702789e-03 1.076474636793136597e-01 9.224490262567996979e-03 9.327896870672702789e-03 1.076474636793136597e-01
1.094000000000000000e+06 9.659019298851490021e-03 9.338866919279098511e-03 1.083037480711936951e-01 9.659019298851490021e-03 9.338866919279098511e-03 1.083037480711936951e-01
1.095000000000000000e+06 1.058594882488250732e-02 9.339180774986743927e-03 1.087010577321052551e-01 1.058594882488250732e-02 9.339180774986743927e-03 1.087010577321052551e-01
1.096000000000000000e+06 9.753460995852947235e-03 9.309201501309871674e-03 1.068481504917144775e-01 9.753460995852947235e-03 9.309201501309871674e-03 1.068481504917144775e-01
1.097000000000000000e+06 1.022767834365367889e-02 9.309918619692325592e-03 1.079334989190101624e-01 1.022767834365367889e-02 9.309918619692325592e-03 1.079334989190101624e-01
1.098000000000000000e+06 9.711989201605319977e-03 9.334600530564785004e-03 1.077921092510223389e-01 9.711989201605319977e-03 9.334600530564785004e-03 1.077921092510223389e-01
1.099000000000000000e+06 9.276559576392173767e-03 9.340406395494937897e-03 1.089453697204589844e-01 9.276559576392173767e-03 9.340406395494937897e-03 1.089453697204589844e-01
1.100000000000000000e+06 9.115762077271938324e-03 9.292392991483211517e-03 1.071301028132438660e-01 9.115762077271938324e-03 9.292392991483211517e-03 1.071301028132438660e-01
1.101000000000000000e+06 9.220818988978862762e-03 9.326907806098461151e-03 1.066861823201179504e-01 9.220818988978862762e-03 9.326907806098461151e-03 1.066861823201179504e-01
1.102000000000000000e+06 9.331851266324520111e-03 9.385561570525169373e-03 1.069440543651580811e-01 9.331851266324520111e-03 9.385561570525169373e-03 1.069440543651580811e-01
1.103000000000000000e+06 1.179353334009647369e-02 9.327629581093788147e-03 1.096024066209793091e-01 1.179353334009647369e-02 9.327629581093788147e-03 1.096024066209793091e-01
1.104000000000000000e+06 9.521503001451492310e-03 9.334328584372997284e-03 1.089748218655586243e-01 9.521503001451492310e-03 9.334328584372997284e-03 1.089748218655586243e-01
1.105000000000000000e+06 1.015638653188943863e-02 9.345612488687038422e-03 1.084625348448753357e-01 1.015638653188943863e-02 9.345612488687038422e-03 1.084625348448753357e-01
1.106000000000000000e+06 1.014786958694458008e-02 9.302206337451934814e-03 1.095236763358116150e-01 1.014786958694458008e-02 9.302206337451934814e-03 1.095236763358116150e-01
1.107000000000000000e+06 1.022292487323284149e-02 9.289565496146678925e-03 1.080774813890457153e-01 1.022292487323284149e-02 9.289565496146678925e-03 1.080774813890457153e-01
1.108000000000000000e+06 8.921897970139980316e-03 9.334104135632514954e-03 1.069721877574920654e-01 8.921897970139980316e-03 9.334104135632514954e-03 1.069721877574920654e-01
1.109000000000000000e+06 9.799125604331493378e-03 9.352868422865867615e-03 1.074228212237358093e-01 9.799125604331493378e-03 9.352868422865867615e-03 1.074228212237358093e-01
1.110000000000000000e+06 9.870125912129878998e-03 9.303756989538669586e-03 1.082187071442604065e-01 9.870125912129878998e-03 9.303756989538669586e-03 1.082187071442604065e-01
1.111000000000000000e+06 9.939474985003471375e-03 9.332331828773021698e-03 1.071642860770225525e-01 9.939474985003471375e-03 9.332331828773021698e-03 1.071642860770225525e-01
1.112000000000000000e+06 1.037395652383565903e-02 9.355375543236732483e-03 1.095429211854934692e-01 1.037395652383565903e-02 9.355375543236732483e-03 1.095429211854934692e-01
1.113000000000000000e+06 9.454615414142608643e-03 9.316222742199897766e-03 1.068895533680915833e-01 9.454615414142608643e-03 9.316222742199897766e-03 1.068895533680915833e-01
1.114000000000000000e+06 9.682933799922466278e-03 9.308869950473308563e-03 1.074840277433395386e-01 9.682933799922466278e-03 9.308869950473308563e-03 1.074840277433395386e-01
1.115000000000000000e+06 1.201793365180492401e-02 9.309634566307067871e-03 1.080286353826522827e-01 1.201793365180492401e-02 9.309634566307067871e-03 1.080286353826522827e-01
1.116000000000000000e+06 1.028811745345592499e-02 9.337054565548896790e-03 1.077820435166358948e-01 1.028811745345592499e-02 9.337054565548896790e-03 1.077820435166358948e-01
1.117000000000000000e+06 1.099086087197065353e-02 9.326901286840438843e-03 1.069667786359786987e-01 1.099086087197065353e-02 9.326901286840438843e-03 1.069667786359786987e-01
1.118000000000000000e+06 9.905183687806129456e-03 9.328075684607028961e-03 1.073433309793472290e-01 9.905183687806129456e-03 9.328075684607028961e-03 1.073433309793472290e-01
1.119000000000000000e+06 9.520209394395351410e-03 9.333513677120208740e-03 1.064421758055686951e-01 9.520209394395351410e-03 9.333513677120208740e-03 1.064421758055686951e-01
1.120000000000000000e+06 1.282002497464418411e-02 9.313839487731456757e-03 1.104117855429649353e-01 1.282002497464418411e-02 9.313839487731456757e-03 1.104117855429649353e-01
1.121000000000000000e+06 9.371750056743621826e-03 9.330888278782367706e-03 1.068169474601745605e-01 9.371750056743621826e-03 9.330888278782367706e-03 1.068169474601745605e-01
1.122000000000000000e+06 9.374731220304965973e-03 9.353345260024070740e-03 1.081047803163528442e-01 9.374731220304965973e-03 9.353345260024070740e-03 1.081047803163528442e-01
1.123000000000000000e+06 9.109155274927616119e-03 9.346217848360538483e-03 1.075198054313659668e-01 9.109155274927616119e-03 9.346217848360538483e-03 1.075198054313659668e-01
1.124000000000000000e+06 9.334789589047431946e-03 9.297630749642848969e-03 1.076063364744186401e-01 9.334789589047431946e-03 9.297630749642848969e-03 1.076063364744186401e-01
1.125000000000000000e+06 9.642384946346282959e-03 9.309686720371246338e-03 1.073860898613929749e-01 9.642384946346282959e-03 9.309686720371246338e-03 1.073860898613929749e-01
1.126000000000000000e+06 9.348888881504535675e-03 9.355787187814712524e-03 1.087575703859329224e-01 9.348888881504535675e-03 9.355787187814712524e-03 1.087575703859329224e-01
1.127000000000000000e+06 1.087439619004726410e-02 9.319028817117214203e-03 1.076834425330162048e-01 1.087439619004726410e-02 9.319028817117214203e-03 1.076834425330162048e-01
1.128000000000000000e+06 9.889102540910243988e-03 9.324577637016773224e-03 1.064972579479217529e-01 9.889102540910243988e-03 9.324577637016773224e-03 1.064972579479217529e-01
1.129000000000000000e+06 1.004472281783819199e-02 9.299317374825477600e-03 1.067262291908264160e-01 1.004472281783819199e-02 9.299317374825477600e-03 1.067262291908264160e-01
1.130000000000000000e+06 9.507014416158199310e-03 9.269788861274719238e-03 1.072298884391784668e-01 9.507014416158199310e-03 9.269788861274719238e-03 1.072298884391784668e-01
1.131000000000000000e+06 1.109859161078929901e-02 9.291688911616802216e-03 1.080450266599655151e-01 1.109859161078929901e-02 9.291688911616802216e-03 1.080450266599655151e-01
1.132000000000000000e+06 9.380066767334938049e-03 9.359027259051799774e-03 1.072072163224220276e-01 9.380066767334938049e-03 9.359027259051799774e-03 1.072072163224220276e-01
1.133000000000000000e+06 9.836792945861816406e-03 9.369006380438804626e-03 1.067944690585136414e-01 9.836792945861816406e-03 9.369006380438804626e-03 1.067944690585136414e-01
1.134000000000000000e+06 1.032807026058435440e-02 9.317119605839252472e-03 1.080062463879585266e-01 1.032807026058435440e-02 9.317119605839252472e-03 1.080062463879585266e-01
1.135000000000000000e+06 1.002267841249704361e-02 9.283713996410369873e-03 1.079441532492637634e-01 1.002267841249704361e-02 9.283713996410369873e-03 1.079441532492637634e-01
1.136000000000000000e+06 1.024270337074995041e-02 9.298610500991344452e-03 1.075189113616943359e-01 1.024270337074995041e-02 9.298610500991344452e-03 1.075189113616943359e-01
1.137000000000000000e+06 9.391011670231819153e-03 9.335381910204887390e-03 1.072348654270172119e-01 9.391011670231819153e-03 9.335381910204887390e-03 1.072348654270172119e-01
1.138000000000000000e+06 1.090143527835607529e-02 9.298108518123626709e-03 1.076973378658294678e-01 1.090143527835607529e-02 9.298108518123626709e-03 1.076973378658294678e-01
1.139000000000000000e+06 9.281592443585395813e-03 9.269902482628822327e-03 1.070599183440208435e-01 9.281592443585395813e-03 9.269902482628822327e-03 1.070599183440208435e-01
1.140000000000000000e+06 9.369003586471080780e-03 9.291414171457290649e-03 1.065182536840438843e-01 9.369003586471080780e-03 9.291414171457290649e-03 1.065182536840438843e-01
1.141000000000000000e+06 9.828653186559677124e-03 9.285691194236278534e-03 1.082463189959526062e-01 9.828653186559677124e-03 9.285691194236278534e-03 1.082463189959526062e-01
1.142000000000000000e+06 9.971500374376773834e-03 9.324788115918636322e-03 1.065073385834693909e-01 9.971500374376773834e-03 9.324788115918636322e-03 1.065073385834693909e-01
1.143000000000000000e+06 1.020665001124143600e-02 9.305602870881557465e-03 1.071196645498275757e-01 1.020665001124143600e-02 9.305602870881557465e-03 1.071196645498275757e-01
1.144000000000000000e+06 1.029717177152633667e-02 9.285150095820426941e-03 1.059878170490264893e-01 1.029717177152633667e-02 9.285150095820426941e-03 1.059878170490264893e-01
1.145000000000000000e+06 1.128900703042745590e-02 9.364477358758449554e-03 1.053281798958778381e-01 1.128900703042745590e-02 9.364477358758449554e-03 1.053281798958778381e-01
1.146000000000000000e+06 9.200369939208030701e-03 9.243552573025226593e-03 1.054531633853912354e-01 9.200369939208030701e-03 9.243552573025226593e-03 1.054531633853912354e-01
1.147000000000000000e+06 9.405208751559257507e-03 9.349485859274864197e-03 1.062524989247322083e-01 9.405208751559257507e-03 9.349485859274864197e-03 1.062524989247322083e-01
1.148000000000000000e+06 1.120639778673648834e-02 9.322197176516056061e-03 1.066883653402328491e-01 1.120639778673648834e-02 9.322197176516056061e-03 1.066883653402328491e-01
1.149000000000000000e+06 1.031927205622196198e-02 9.299462661147117615e-03 1.069384738802909851e-01 1.031927205622196198e-02 9.299462661147117615e-03 1.069384738802909851e-01
1.150000000000000000e+06 1.148609444499015808e-02 9.308882988989353180e-03 1.064646393060684204e-01 1.148609444499015808e-02 9.308882988989353180e-03 1.064646393060684204e-01
1.151000000000000000e+06 9.376800619065761566e-03 9.260974824428558350e-03 1.055427342653274536e-01 9.376800619065761566e-03 9.260974824428558350e-03 1.055427342653274536e-01
1.152000000000000000e+06 9.590543806552886963e-03 9.293157607316970825e-03 1.067034900188446045e-01 9.590543806552886963e-03 9.293157607316970825e-03 1.067034900188446045e-01
1.153000000000000000e+06 1.089488901197910309e-02 9.268150664865970612e-03 1.061633378267288208e-01 1.089488901197910309e-02 9.268150664865970612e-03 1.061633378267288208e-01
1.154000000000000000e+06 1.238802913576364517e-02 9.223571047186851501e-03 1.090230643749237061e-01 1.238802913576364517e-02 9.223571047186851501e-03 1.090230643749237061e-01
1.155000000000000000e+06 1.024698745459318161e-02 9.294917806982994080e-03 1.060324162244796753e-01 1.024698745459318161e-02 9.294917806982994080e-03 1.060324162244796753e-01
1.156000000000000000e+06 9.147034958004951477e-03 9.278529323637485504e-03 1.055163592100143433e-01 9.147034958004951477e-03 9.278529323637485504e-03 1.055163592100143433e-01
1.157000000000000000e+06 9.057563729584217072e-03 9.322868660092353821e-03 1.057448536157608032e-01 9.057563729584217072e-03 9.322868660092353821e-03 1.057448536157608032e-01
1.158000000000000000e+06 1.002143044024705887e-02 9.296921081840991974e-03 1.083831042051315308e-01 1.002143044024705887e-02 9.296921081840991974e-03 1.083831042051315308e-01
1.159000000000000000e+06 9.381637908518314362e-03 9.293211624026298523e-03 1.055881008505821228e-01 9.381637908518314362e-03 9.293211624026298523e-03 1.055881008505821228e-01
1.160000000000000000e+06 9.411592967808246613e-03 9.293861687183380127e-03 1.055415347218513489e-01 9.411592967808246613e-03 9.293861687183380127e-03 1.055415347218513489e-01
1.161000000000000000e+06 1.112312730401754379e-02 9.245862253010272980e-03 1.059987545013427734e-01 1.112312730401754379e-02 9.245862253010272980e-03 1.059987545013427734e-01
1.162000000000000000e+06 8.692650124430656433e-03 9.274238720536231995e-03 1.063171625137329102e-01 8.692650124430656433e-03 9.274238720536231995e-03 1.063171625137329102e-01
1.163000000000000000e+06 1.003456767648458481e-02 9.247837588191032410e-03 1.062076389789581299e-01 1.003456767648458481e-02 9.247837588191032410e-03 1.062076389789581299e-01
1.164000000000000000e+06 8.529702201485633850e-03 9.247119538486003876e-03 1.061606779694557190e-01 8.529702201485633850e-03 9.247119538486003876e-03 1.061606779694557190e-01
1.165000000000000000e+06 8.917035534977912903e-03 9.291938506066799164e-03 1.056133061647415161e-01 8.917035534977912903e-03 9.291938506066799164e-03 1.056133061647415161e-01
1.166000000000000000e+06 1.060995738953351974e-02 9.269934147596359253e-03 1.077838689088821411e-01 1.060995738953351974e-02 9.269934147596359253e-03 1.077838689088821411e-01
1.167000000000000000e+06 9.014721028506755829e-03 9.289974346756935120e-03 1.060951873660087585e-01 9.014721028506755829e-03 9.289974346756935120e-03 1.060951873660087585e-01
1.168000000000000000e+06 9.938914328813552856e-03 9.268260560929775238e-03 1.072370186448097229e-01 9.938914328813552856e-03 9.268260560929775238e-03 1.072370186448097229e-01
1.169000000000000000e+06 9.205284528434276581e-03 9.261143393814563751e-03 1.055541560053825378e-01 9.205284528434276581e-03 9.261143393814563751e-03 1.055541560053825378e-01
1.170000000000000000e+06 9.265936911106109619e-03 9.288189001381397247e-03 1.048348993062973022e-01 9.265936911106109619e-03 9.288189001381397247e-03 1.048348993062973022e-01
1.171000000000000000e+06 9.179529733955860138e-03 9.275605902075767517e-03 1.053084954619407654e-01 9.179529733955860138e-03 9.275605902075767517e-03 1.053084954619407654e-01
1.172000000000000000e+06 8.928520604968070984e-03 9.246077388525009155e-03 1.067998707294464111e-01 8.928520604968070984e-03 9.246077388525009155e-03 1.067998707294464111e-01
1.173000000000000000e+06 9.462439455091953278e-03 9.262300096452236176e-03 1.053598821163177490e-01 9.462439455091953278e-03 9.262300096452236176e-03 1.053598821163177490e-01
1.174000000000000000e+06 9.640918113291263580e-03 9.259279817342758179e-03 1.059937626123428345e-01 9.640918113291263580e-03 9.259279817342758179e-03 1.059937626123428345e-01
1.175000000000000000e+06 9.265723638236522675e-03 9.254962205886840820e-03 1.047735363245010376e-01 9.265723638236522675e-03 9.254962205886840820e-03 1.047735363245010376e-01
1.176000000000000000e+06 9.547358378767967224e-03 9.291173890233039856e-03 1.050985753536224365e-01 9.547358378767967224e-03 9.291173890233039856e-03 1.050985753536224365e-01
1.177000000000000000e+06 1.004276331514120102e-02 9.277596138417720795e-03 1.053335592150688171e-01 1.004276331514120102e-02 9.277596138417720795e-03 1.053335592150688171e-01
1.178000000000000000e+06 8.473093621432781219e-03 9.264624677598476410e-03 1.051990687847137451e-01 8.473093621432781219e-03 9.264624677598476410e-03 1.051990687847137451e-01
1.179000000000000000e+06 9.498355910181999207e-03 9.268892928957939148e-03 1.054095253348350525e-01 9.498355910181999207e-03 9.268892928957939148e-03 1.054095253348350525e-01
1.180000000000000000e+06 9.207949042320251465e-03 9.234077297151088715e-03 1.055760160088539124e-01 9.207949042320251465e-03 9.234077297151088715e-03 1.055760160088539124e-01
1.181000000000000000e+06 1.002059597522020340e-02 9.286436252295970917e-03 1.069613248109817505e-01 1.002059597522020340e-02 9.286436252295970917e-03 1.069613248109817505e-01
1.182000000000000000e+06 9.529368951916694641e-03 9.281658567488193512e-03 1.057087928056716919e-01 9.529368951916694641e-03 9.281658567488193512e-03 1.057087928056716919e-01
1.183000000000000000e+06 1.031662523746490479e-02 9.243001230061054230e-03 1.051092743873596191e-01 1.031662523746490479e-02 9.243001230061054230e-03 1.051092743873596191e-01
1.184000000000000000e+06 1.109720021486282349e-02 9.252580814063549042e-03 1.080957725644111633e-01 1.109720021486282349e-02 9.252580814063549042e-03 1.080957725644111633e-01
1.185000000000000000e+06 9.254559874534606934e-03 9.295767173171043396e-03 1.060621812939643860e-01 9.254559874534606934e-03 9.295767173171043396e-03 1.060621812939643860e-01
1.186000000000000000e+06 8.952758274972438812e-03 9.253856725990772247e-03 1.052139177918434143e-01 8.952758274972438812e-03 9.253856725990772247e-03 1.052139177918434143e-01
1.187000000000000000e+06 1.032432075589895248e-02 9.286077693104743958e-03 1.060607507824897766e-01 1.032432075589895248e-02 9.286077693104743958e-03 1.060607507824897766e-01
1.188000000000000000e+06 8.988376706838607788e-03 9.242752566933631897e-03 1.043415516614913940e-01 8.988376706838607788e-03 9.242752566933631897e-03 1.043415516614913940e-01
1.189000000000000000e+06 9.763500653207302094e-03 9.229117073118686676e-03 1.070623993873596191e-01 9.763500653207302094e-03 9.229117073118686676e-03 1.070623993873596191e-01
1.190000000000000000e+06 9.046467021107673645e-03 9.251632727682590485e-03 1.055653318762779236e-01 9.046467021107673645e-03 9.251632727682590485e-03 1.055653318762779236e-01
1.191000000000000000e+06 9.839675389230251312e-03 9.227942675352096558e-03 1.054530963301658630e-01 9.839675389230251312e-03 9.227942675352096558e-03 1.054530963301658630e-01
1.192000000000000000e+06 8.861878886818885803e-03 9.275814518332481384e-03 1.061649322509765625e-01 8.861878886818885803e-03 9.275814518332481384e-03 1.061649322509765625e-01
1.193000000000000000e+06 1.019590441137552261e-02 9.288642555475234985e-03 1.072469949722290039e-01 1.019590441137552261e-02 9.288642555475234985e-03 1.072469949722290039e-01
1.194000000000000000e+06 8.731903508305549622e-03 9.267896413803100586e-03 1.041589081287384033e-01 8.731903508305549622e-03 9.267896413803100586e-03 1.041589081287384033e-01
1.195000000000000000e+06 9.642792865633964539e-03 9.258612990379333496e-03 1.069089025259017944e-01 9.642792865633964539e-03 9.258612990379333496e-03 1.069089025259017944e-01
1.196000000000000000e+06 9.502158500254154205e-03 9.231008589267730713e-03 1.054728552699089050e-01 9.502158500254154205e-03 9.231008589267730713e-03 1.054728552699089050e-01
1.197000000000000000e+06 9.761766530573368073e-03 9.290706366300582886e-03 1.060253828763961792e-01 9.761766530573368073e-03 9.290706366300582886e-03 1.060253828763961792e-01
1.198000000000000000e+06 9.091245941817760468e-03 9.289025329053401947e-03 1.053593158721923828e-01 9.091245941817760468e-03 9.289025329053401947e-03 1.053593158721923828e-01
1.199000000000000000e+06 1.187985949218273163e-02 9.302727878093719482e-03 1.048085242509841919e-01 1.187985949218273163e-02 9.302727878093719482e-03 1.048085242509841919e-01
1.200000000000000000e+06 9.650934487581253052e-03 9.303872473537921906e-03 1.051998808979988098e-01 9.650934487581253052e-03 9.303872473537921906e-03 1.051998808979988098e-01
1.201000000000000000e+06 1.028768066316843033e-02 9.236930869519710541e-03 1.061054989695549011e-01 1.028768066316843033e-02 9.236930869519710541e-03 1.061054989695549011e-01
1.202000000000000000e+06 1.060323603451251984e-02 9.292718954384326935e-03 1.053693741559982300e-01 1.060323603451251984e-02 9.292718954384326935e-03 1.053693741559982300e-01
1.203000000000000000e+06 9.424337185919284821e-03 9.241282008588314056e-03 1.049184948205947876e-01 9.424337185919284821e-03 9.241282008588314056e-03 1.049184948205947876e-01
1.204000000000000000e+06 9.615047834813594818e-03 9.266485460102558136e-03 1.060844063758850098e-01 9.615047834813594818e-03 9.266485460102558136e-03 1.060844063758850098e-01
1.205000000000000000e+06 9.204257279634475708e-03 9.255117736756801605e-03 1.047487482428550720e-01 9.204257279634475708e-03 9.255117736756801605e-03 1.047487482428550720e-01
1.206000000000000000e+06 8.650667965412139893e-03 9.272324852645397186e-03 1.043935865163803101e-01 8.650667965412139893e-03 9.272324852645397186e-03 1.043935865163803101e-01
1.207000000000000000e+06 9.632848203182220459e-03 9.270009584724903107e-03 1.042007356882095337e-01 9.632848203182220459e-03 9.270009584724903107e-03 1.042007356882095337e-01
1.208000000000000000e+06 1.129953470081090927e-02 9.262260980904102325e-03 1.053896248340606689e-01 1.129953470081090927e-02 9.262260980904102325e-03 1.053896248340606689e-01
1.209000000000000000e+06 1.069418340921401978e-02 9.240308776497840881e-03 1.071421429514884949e-01 1.069418340921401978e-02 9.240308776497840881e-03 1.071421429514884949e-01
1.210000000000000000e+06 9.591215290129184723e-03 9.306184016168117523e-03 1.047827154397964478e-01 9.591215290129184723e-03 9.306184016168117523e-03 1.047827154397964478e-01
1.211000000000000000e+06 8.520687930285930634e-03 9.273632429540157318e-03 1.038992777466773987e-01 8.520687930285930634e-03 9.273632429540157318e-03 1.038992777466773987e-01
1.212000000000000000e+06 9.482497349381446838e-03 9.241212159395217896e-03 1.036349087953567505e-01 9.482497349381446838e-03 9.241212159395217896e-03 1.036349087953567505e-01
1.213000000000000000e+06 8.475741371512413025e-03 9.249309077858924866e-03 1.034584045410156250e-01 8.475741371512413025e-03 9.249309077858924866e-03 1.034584045410156250e-01
1.214000000000000000e+06 9.181126020848751068e-03 9.236117824912071228e-03 1.044909805059432983e-01 9.181126020848751068e-03 9.236117824912071228e-03 1.044909805059432983e-01
1.215000000000000000e+06 8.445322513580322266e-03 9.299674071371555328e-03 1.050582155585289001e-01 8.445322513580322266e-03 9.299674071371555328e-03 1.050582155585289001e-01
1.216000000000000000e+06 8.344771340489387512e-03 9.276475757360458374e-03 1.035208925604820251e-01 8.344771340489387512e-03 9.276475757360458374e-03 1.035208925604820251e-01
1.217000000000000000e+06 9.481729939579963684e-03 9.283022955060005188e-03 1.055782511830329895e-01 9.481729939579963684e-03 9.283022955060005188e-03 1.055782511830329895e-01
1.218000000000000000e+06 8.979407139122486115e-03 9.259758517146110535e-03 1.057292371988296509e-01 8.979407139122486115e-03 9.259758517146110535e-03 1.057292371988296509e-01
1.219000000000000000e+06 8.810667321085929871e-03 9.282514452934265137e-03 1.037848889827728271e-01 8.810667321085929871e-03 9.282514452934265137e-03 1.037848889827728271e-01
1.220000000000000000e+06 9.888526983559131622e-03 9.246892295777797699e-03 1.044017523527145386e-01 9.888526983559131622e-03 9.246892295777797699e-03 1.044017523527145386e-01
1.221000000000000000e+06 1.106976903975009918e-02 9.243924170732498169e-03 1.051794514060020447e-01 1.106976903975009918e-02 9.243924170732498169e-03 1.051794514060020447e-01
1.222000000000000000e+06 8.443595841526985168e-03 9.302497841417789459e-03 1.031599044799804688e-01 8.443595841526985168e-03 9.302497841417789459e-03 1.031599044799804688e-01
1.223000000000000000e+06 9.069272316992282867e-03 9.310797788202762604e-03 1.048021167516708374e-01 9.069272316992282867e-03 9.310797788202762604e-03 1.048021167516708374e-01
1.224000000000000000e+06 1.081130281090736389e-02 9.183983318507671356e-03 1.039342358708381653e-01 1.081130281090736389e-02 9.183983318507671356e-03 1.039342358708381653e-01
1.225000000000000000e+06 9.292735718190670013e-03 9.285748004913330078e-03 1.040711104869842529e-01 9.292735718190670013e-03 9.285748004913330078e-03 1.040711104869842529e-01
1.226000000000000000e+06 9.172836318612098694e-03 9.247968904674053192e-03 1.037206500768661499e-01 9.172836318612098694e-03 9.247968904674053192e-03 1.037206500768661499e-01
1.227000000000000000e+06 9.943966753780841827e-03 9.224818088114261627e-03 1.043479219079017639e-01 9.943966753780841827e-03 9.224818088114261627e-03 1.043479219079017639e-01
1.228000000000000000e+06 8.475827053189277649e-03 9.264169260859489441e-03 1.046393215656280518e-01 8.475827053189277649e-03 9.264169260859489441e-03 1.046393215656280518e-01
1.229000000000000000e+06 9.121065959334373474e-03 9.221354499459266663e-03 1.053272485733032227e-01 9.121065959334373474e-03 9.221354499459266663e-03 1.053272485733032227e-01
1.230000000000000000e+06 8.858548477292060852e-03 9.240641258656978607e-03 1.036300063133239746e-01 8.858548477292060852e-03 9.240641258656978607e-03 1.036300063133239746e-01
1.231000000000000000e+06 9.282492101192474365e-03 9.252140298485755920e-03 1.055443286895751953e-01 9.282492101192474365e-03 9.252140298485755920e-03 1.055443286895751953e-01
1.232000000000000000e+06 8.366201072931289673e-03 9.278161451220512390e-03 1.028968989849090576e-01 8.366201072931289673e-03 9.278161451220512390e-03 1.028968989849090576e-01
1.233000000000000000e+06 9.930035099387168884e-03 9.286249987781047821e-03 1.049758046865463257e-01 9.930035099387168884e-03 9.286249987781047821e-03 1.049758046865463257e-01
1.234000000000000000e+06 8.415834978222846985e-03 9.275010786950588226e-03 1.037993207573890686e-01 8.415834978222846985e-03 9.275010786950588226e-03 1.037993207573890686e-01
1.235000000000000000e+06 1.111876498907804489e-02 9.317401796579360962e-03 1.064470857381820679e-01 1.111876498907804489e-02 9.317401796579360962e-03 1.064470857381820679e-01
1.236000000000000000e+06 9.493542835116386414e-03 9.245689027011394501e-03 1.026804074645042419e-01 9.493542835116386414e-03 9.245689027011394501e-03 1.026804074645042419e-01
1.237000000000000000e+06 8.344791829586029053e-03 9.238275699317455292e-03 1.032560691237449646e-01 8.344791829586029053e-03 9.238275699317455292e-03 1.032560691237449646e-01
1.238000000000000000e+06 8.263056166470050812e-03 9.255195967853069305e-03 1.030100136995315552e-01 8.263056166470050812e-03 9.255195967853069305e-03 1.030100136995315552e-01
1.239000000000000000e+06 1.148327905684709549e-02 9.288528002798557281e-03 1.051703318953514099e-01 1.148327905684709549e-02 9.288528002798557281e-03 1.051703318953514099e-01
1.240000000000000000e+06 8.972086943686008453e-03 9.268436580896377563e-03 1.053661704063415527e-01 8.972086943686008453e-03 9.268436580896377563e-03 1.053661704063415527e-01
1.241000000000000000e+06 8.560310117900371552e-03 9.247242473065853119e-03 1.029503494501113892e-01 8.560310117900371552e-03 9.247242473065853119e-03 1.029503494501113892e-01
1.242000000000000000e+06 1.007521990686655045e-02 9.232386946678161621e-03 1.043806523084640503e-01 1.007521990686655045e-02 9.232386946678161621e-03 1.043806523084640503e-01
1.243000000000000000e+06 1.023883279412984848e-02 9.298785589635372162e-03 1.065962612628936768e-01 1.023883279412984848e-02 9.298785589635372162e-03 1.065962612628936768e-01
1.244000000000000000e+06 9.262401610612869263e-03 9.272921830415725708e-03 1.071073934435844421e-01 9.262401610612869263e-03 9.272921830415725708e-03 1.071073934435844421e-01
1.245000000000000000e+06 8.726155385375022888e-03 9.240205399692058563e-03 1.041288152337074280e-01 8.726155385375022888e-03 9.240205399692058563e-03 1.041288152337074280e-01
1.246000000000000000e+06 9.175354614853858948e-03 9.290064685046672821e-03 1.047286763787269592e-01 9.175354614853858948e-03 9.290064685046672821e-03 1.047286763787269592e-01
1.247000000000000000e+06 8.625679649412631989e-03 9.265494532883167267e-03 1.038043275475502014e-01 8.625679649412631989e-03 9.265494532883167267e-03 1.038043275475502014e-01
1.248000000000000000e+06 8.799099363386631012e-03 9.246240369975566864e-03 1.033642292022705078e-01 8.799099363386631012e-03 9.246240369975566864e-03 1.033642292022705078e-01
1.249000000000000000e+06 9.233667515218257904e-03 9.234140627086162567e-03 1.040872335433959961e-01 9.233667515218257904e-03 9.234140627086162567e-03 1.040872335433959961e-01
1.250000000000000000e+06 8.751719258725643158e-03 9.258622303605079651e-03 1.041685342788696289e-01 8.751719258725643158e-03 9.258622303605079651e-03 1.041685342788696289e-01
1.251000000000000000e+06 8.791225031018257141e-03 9.286425076425075531e-03 1.031146496534347534e-01 8.791225031018257141e-03 9.286425076425075531e-03 1.031146496534347534e-01
1.252000000000000000e+06 9.922110475599765778e-03 9.218312799930572510e-03 1.035006567835807800e-01 9.922110475599765778e-03 9.218312799930572510e-03 1.035006567835807800e-01
1.253000000000000000e+06 9.791948832571506500e-03 9.275365620851516724e-03 1.037344783544540405e-01 9.791948832571506500e-03 9.275365620851516724e-03 1.037344783544540405e-01
1.254000000000000000e+06 9.286118671298027039e-03 9.265937842428684235e-03 1.031752899289131165e-01 9.286118671298027039e-03 9.265937842428684235e-03 1.031752899289131165e-01
1.255000000000000000e+06 8.981946855783462524e-03 9.283799678087234497e-03 1.027534231543540955e-01 8.981946855783462524e-03 9.283799678087234497e-03 1.027534231543540955e-01
1.256000000000000000e+06 1.046560797840356827e-02 9.280152618885040283e-03 1.024134308099746704e-01 1.046560797840356827e-02 9.280152618885040283e-03 1.024134308099746704e-01
1.257000000000000000e+06 8.581954054534435272e-03 9.242907166481018066e-03 1.037417948246002197e-01 8.581954054534435272e-03 9.242907166481018066e-03 1.037417948246002197e-01
1.258000000000000000e+06 8.233363740146160126e-03 9.253893978893756866e-03 1.025198996067047119e-01 8.233363740146160126e-03 9.253893978893756866e-03 1.025198996067047119e-01
1.259000000000000000e+06 8.711600676178932190e-03 9.301922284066677094e-03 1.026478111743927002e-01 8.711600676178932190e-03 9.301922284066677094e-03 1.026478111743927002e-01
1.260000000000000000e+06 9.533870965242385864e-03 9.255545213818550110e-03 1.049447208642959595e-01 9.533870965242385864e-03 9.255545213818550110e-03 1.049447208642959595e-01
1.261000000000000000e+06 1.093169394880533218e-02 9.248173795640468597e-03 1.029467061161994934e-01 1.093169394880533218e-02 9.248173795640468597e-03 1.029467061161994934e-01
1.262000000000000000e+06 8.965141139924526215e-03 9.245506487786769867e-03 1.040603518486022949e-01 8.965141139924526215e-03 9.245506487786769867e-03 1.040603518486022949e-01
1.263000000000000000e+06 8.612663485109806061e-03 9.252704679965972900e-03 1.033748015761375427e-01 8.612663485109806061e-03 9.252704679965972900e-03 1.033748015761375427e-01
1.264000000000000000e+06 8.689706213772296906e-03 9.250648319721221924e-03 1.026384085416793823e-01 8.689706213772296906e-03 9.250648319721221924e-03 1.026384085416793823e-01
1.265000000000000000e+06 8.221741765737533569e-03 9.260145947337150574e-03 1.028957217931747437e-01 8.221741765737533569e-03 9.260145947337150574e-03 1.028957217931747437e-01
1.266000000000000000e+06 1.069420482963323593e-02 9.236005134880542755e-03 1.050763651728630066e-01 1.069420482963323593e-02 9.236005134880542755e-03 1.050763651728630066e-01
1.267000000000000000e+06 1.002850662916898727e-02 9.268539026379585266e-03 1.030369997024536133e-01 1.002850662916898727e-02 9.268539026379585266e-03 1.030369997024536133e-01
1.268000000000000000e+06 8.272510021924972534e-03 9.258992038667201996e-03 1.030301898717880249e-01 8.272510021924972534e-03 9.258992038667201996e-03 1.030301898717880249e-01
1.269000000000000000e+06 8.646549656987190247e-03 9.229843504726886749e-03 1.030089780688285828e-01 8.646549656987190247e-03 9.229843504726886749e-03 1.030089780688285828e-01
1.270000000000000000e+06 1.020238921046257019e-02 9.249896742403507233e-03 1.028483733534812927e-01 1.020238921046257019e-02 9.249896742403507233e-03 1.028483733534812927e-01
1.271000000000000000e+06 8.380140177905559540e-03 9.286177344620227814e-03 1.020948886871337891e-01 8.380140177905559540e-03 9.286177344620227814e-03 1.020948886871337891e-01
1.272000000000000000e+06 9.343017823994159698e-03 9.236572310328483582e-03 1.022986248135566711e-01 9.343017823994159698e-03 9.236572310328483582e-03 1.022986248135566711e-01
1.273000000000000000e+06 8.490129373967647552e-03 9.251266717910766602e-03 1.037537381052970886e-01 8.490129373967647552e-03 9.251266717910766602e-03 1.037537381052970886e-01
1.274000000000000000e+06 9.153132326900959015e-03 9.240442886948585510e-03 1.026610359549522400e-01 9.153132326900959015e-03 9.240442886948585510e-03 1.026610359549522400e-01
1.275000000000000000e+06 9.368330240249633789e-03 9.271454066038131714e-03 1.023322120308876038e-01 9.368330240249633789e-03 9.271454066038131714e-03 1.023322120308876038e-01
1.276000000000000000e+06 8.403762243688106537e-03 9.218960069119930267e-03 1.034878566861152649e-01 8.403762243688106537e-03 9.218960069119930267e-03 1.034878566861152649e-01
1.277000000000000000e+06 8.688195608556270599e-03 9.262591600418090820e-03 1.021074578166007996e-01 8.688195608556270599e-03 9.262591600418090820e-03 1.021074578166007996e-01
1.278000000000000000e+06 9.363316930830478668e-03 9.276634082198143005e-03 1.027187928557395935e-01 9.363316930830478668e-03 9.276634082198143005e-03 1.027187928557395935e-01
1.279000000000000000e+06 8.197859860956668854e-03 9.257713332772254944e-03 1.035980880260467529e-01 8.197859860956668854e-03 9.257713332772254944e-03 1.035980880260467529e-01
1.280000000000000000e+06 9.927556850016117096e-03 9.288296103477478027e-03 1.031775698065757751e-01 9.927556850016117096e-03 9.288296103477478027e-03 1.031775698065757751e-01
1.281000000000000000e+06 8.001246489584445953e-03 9.237399324774742126e-03 1.013563126325607300e-01 8.001246489584445953e-03 9.237399324774742126e-03 1.013563126325607300e-01
1.282000000000000000e+06 8.702905848622322083e-03 9.277870878577232361e-03 1.022017896175384521e-01 8.702905848622322083e-03 9.277870878577232361e-03 1.022017896175384521e-01
1.283000000000000000e+06 8.650372736155986786e-03 9.262915700674057007e-03 1.024089157581329346e-01 8.650372736155986786e-03 9.262915700674057007e-03 1.024089157581329346e-01
1.284000000000000000e+06 9.575362317264080048e-03 9.281688369810581207e-03 1.034236773848533630e-01 9.575362317264080048e-03 9.281688369810581207e-03 1.034236773848533630e-01
1.285000000000000000e+06 8.619096130132675171e-03 9.243722073733806610e-03 1.024798825383186340e-01 8.619096130132675171e-03 9.243722073733806610e-03 1.024798825383186340e-01
1.286000000000000000e+06 7.934875786304473877e-03 9.232322685420513153e-03 1.022207811474800110e-01 7.934875786304473877e-03 9.232322685420513153e-03 1.022207811474800110e-01
1.287000000000000000e+06 9.177141822874546051e-03 9.277436882257461548e-03 1.030478253960609436e-01 9.177141822874546051e-03 9.277436882257461548e-03 1.030478253960609436e-01
1.288000000000000000e+06 8.802096359431743622e-03 9.208114817738533020e-03 1.009740084409713745e-01 8.802096359431743622e-03 9.208114817738533020e-03 1.009740084409713745e-01
1.289000000000000000e+06 8.269438520073890686e-03 9.214441291987895966e-03 1.012569516897201538e-01 8.269438520073890686e-03 9.214441291987895966e-03 1.012569516897201538e-01
1.290000000000000000e+06 8.172163739800453186e-03 9.280657395720481873e-03 1.015016958117485046e-01 8.172163739800453186e-03 9.280657395720481873e-03 1.015016958117485046e-01
1.291000000000000000e+06 9.504042565822601318e-03 9.227514266967773438e-03 1.023758202791213989e-01 9.504042565822601318e-03 9.227514266967773438e-03 1.023758202791213989e-01
1.292000000000000000e+06 8.773249574005603790e-03 9.215882979333400726e-03 1.019754782319068909e-01 8.773249574005603790e-03 9.215882979333400726e-03 1.019754782319068909e-01
1.293000000000000000e+06 8.364059962332248688e-03 9.246201254427433014e-03 1.020651981234550476e-01 8.364059962332248688e-03 9.246201254427433014e-03 1.020651981234550476e-01
1.294000000000000000e+06 9.239290840923786163e-03 9.222542867064476013e-03 1.018808782100677490e-01 9.239290840923786163e-03 9.222542867064476013e-03 1.018808782100677490e-01
1.295000000000000000e+06 9.037914685904979706e-03 9.274327196180820465e-03 1.022680550813674927e-01 9.037914685904979706e-03 9.274327196180820465e-03 1.022680550813674927e-01
1.296000000000000000e+06 8.582900278270244598e-03 9.227820672094821930e-03 1.018882617354393005e-01 8.582900278270244598e-03 9.227820672094821930e-03 1.018882617354393005e-01
1.297000000000000000e+06 9.769271127879619598e-03 9.279523044824600220e-03 1.017075255513191223e-01 9.769271127879619598e-03 9.279523044824600220e-03 1.017075255513191223e-01
1.298000000000000000e+06 8.778952062129974365e-03 9.258834645152091980e-03 1.029459983110427856e-01 8.778952062129974365e-03 9.258834645152091980e-03 1.029459983110427856e-01
1.299000000000000000e+06 8.753875270485877991e-03 9.254086762666702271e-03 1.017739623785018921e-01 8.753875270485877991e-03 9.254086762666702271e-03 1.017739623785018921e-01
1.300000000000000000e+06 8.202053606510162354e-03 9.240484796464443207e-03 1.029089912772178650e-01 8.202053606510162354e-03 9.240484796464443207e-03 1.029089912772178650e-01
1.301000000000000000e+06 8.487413637340068817e-03 9.231606498360633850e-03 1.018925607204437256e-01 8.487413637340068817e-03 9.231606498360633850e-03 1.018925607204437256e-01
1.302000000000000000e+06 8.224711753427982330e-03 9.227280505001544952e-03 1.027259305119514465e-01 8.224711753427982330e-03 9.227280505001544952e-03 1.027259305119514465e-01
1.303000000000000000e+06 9.394696913659572601e-03 9.242394939064979553e-03 1.014909595251083374e-01 9.394696913659572601e-03 9.242394939064979553e-03 1.014909595251083374e-01
1.304000000000000000e+06 8.423157967627048492e-03 9.222594089806079865e-03 1.011527180671691895e-01 8.423157967627048492e-03 9.222594089806079865e-03 1.011527180671691895e-01
1.305000000000000000e+06 8.298547938466072083e-03 9.270661510527133942e-03 1.024974882602691650e-01 8.298547938466072083e-03 9.270661510527133942e-03 1.024974882602691650e-01
1.306000000000000000e+06 9.246935136616230011e-03 9.193401783704757690e-03 1.017330586910247803e-01 9.246935136616230011e-03 9.193401783704757690e-03 1.017330586910247803e-01
1.307000000000000000e+06 8.613716810941696167e-03 9.188770316541194916e-03 1.017479002475738525e-01 8.613716810941696167e-03 9.188770316541194916e-03 1.017479002475738525e-01
1.308000000000000000e+06 8.218828588724136353e-03 9.272942319512367249e-03 1.026537716388702393e-01 8.218828588724136353e-03 9.272942319512367249e-03 1.026537716388702393e-01
1.309000000000000000e+06 9.191758930683135986e-03 9.215816855430603027e-03 1.018388047814369202e-01 9.191758930683135986e-03 9.215816855430603027e-03 1.018388047814369202e-01
1.310000000000000000e+06 9.386240504682064056e-03 9.217713959515094757e-03 1.016928926110267639e-01 9.386240504682064056e-03 9.217713959515094757e-03 1.016928926110267639e-01
1.311000000000000000e+06 7.986125536262989044e-03 9.266954846680164337e-03 1.017720550298690796e-01 7.986125536262989044e-03 9.266954846680164337e-03 1.017720550298690796e-01
1.312000000000000000e+06 1.027347054332494736e-02 9.232132695615291595e-03 1.020670086145401001e-01 1.027347054332494736e-02 9.232132695615291595e-03 1.020670086145401001e-01
1.313000000000000000e+06 8.641250431537628174e-03 9.241542778909206390e-03 1.035196557641029358e-01 8.641250431537628174e-03 9.241542778909206390e-03 1.035196557641029358e-01
1.314000000000000000e+06 8.798994123935699463e-03 9.210708551108837128e-03 1.021599769592285156e-01 8.798994123935699463e-03 9.210708551108837128e-03 1.021599769592285156e-01
1.315000000000000000e+06 8.551877923309803009e-03 9.213299490511417389e-03 1.017964780330657959e-01 8.551877923309803009e-03 9.213299490511417389e-03 1.017964780330657959e-01
1.316000000000000000e+06 8.483541198074817657e-03 9.231694042682647705e-03 1.011593714356422424e-01 8.483541198074817657e-03 9.231694042682647705e-03 1.011593714356422424e-01
1.317000000000000000e+06 8.938348852097988129e-03 9.232586249709129333e-03 1.025536358356475830e-01 8.938348852097988129e-03 9.232586249709129333e-03 1.025536358356475830e-01
1.318000000000000000e+06 9.394576773047447205e-03 9.227109141647815704e-03 1.032679900527000427e-01 9.394576773047447205e-03 9.227109141647815704e-03 1.032679900527000427e-01
1.319000000000000000e+06 7.643193472176790237e-03 9.238470345735549927e-03 1.008785068988800049e-01 7.643193472176790237e-03 9.238470345735549927e-03 1.008785068988800049e-01
1.320000000000000000e+06 9.039942175149917603e-03 9.221248328685760498e-03 1.021063402295112610e-01 9.039942175149917603e-03 9.221248328685760498e-03 1.021063402295112610e-01
1.321000000000000000e+06 8.327429182827472687e-03 9.226604364812374115e-03 1.004370898008346558e-01 8.327429182827472687e-03 9.226604364812374115e-03 1.004370898008346558e-01
1.322000000000000000e+06 8.815634064376354218e-03 9.216726757586002350e-03 1.015075445175170898e-01 8.815634064376354218e-03 9.216726757586002350e-03 1.015075445175170898e-01
1.323000000000000000e+06 9.043534286320209503e-03 9.242313914000988007e-03 1.025912091135978699e-01 9.043534286320209503e-03 9.242313914000988007e-03 1.025912091135978699e-01
1.324000000000000000e+06 8.244540542364120483e-03 9.268552064895629883e-03 1.013277545571327209e-01 8.244540542364120483e-03 9.268552064895629883e-03 1.013277545571327209e-01
1.325000000000000000e+06 9.258132427930831909e-03 9.214740246534347534e-03 1.017373651266098022e-01 9.258132427930831909e-03 9.214740246534347534e-03 1.017373651266098022e-01
1.326000000000000000e+06 8.699652738869190216e-03 9.189729578793048859e-03 1.010897681117057800e-01 8.699652738869190216e-03 9.189729578793048859e-03 1.010897681117057800e-01
1.327000000000000000e+06 9.416631422936916351e-03 9.190007112920284271e-03 1.015847995877265930e-01 9.416631422936916351e-03 9.190007112920284271e-03 1.015847995877265930e-01
1.328000000000000000e+06 8.698350749909877777e-03 9.238963015377521515e-03 1.002984717488288879e-01 8.698350749909877777e-03 9.238963015377521515e-03 1.002984717488288879e-01
1.329000000000000000e+06 9.268410503864288330e-03 9.246092289686203003e-03 1.009358316659927368e-01 9.268410503864288330e-03 9.246092289686203003e-03 1.009358316659927368e-01
1.330000000000000000e+06 9.475298225879669189e-03 9.191123768687248230e-03 9.967097640037536621e-02 9.475298225879669189e-03 9.191123768687248230e-03 9.967097640037536621e-02
1.331000000000000000e+06 8.548304438591003418e-03 9.221354499459266663e-03 1.009266451001167297e-01 8.548304438591003418e-03 9.221354499459266663e-03 1.009266451001167297e-01
1.332000000000000000e+06 9.217787533998489380e-03 9.254170581698417664e-03 1.024705842137336731e-01 9.217787533998489380e-03 9.254170581698417664e-03 1.024705842137336731e-01
1.333000000000000000e+06 8.940330706536769867e-03 9.223833680152893066e-03 1.028595343232154846e-01 8.940330706536769867e-03 9.223833680152893066e-03 1.028595343232154846e-01
1.334000000000000000e+06 8.800904266536235809e-03 9.242018684744834900e-03 9.995417296886444092e-02 8.800904266536235809e-03 9.242018684744834900e-03 9.995417296886444092e-02
1.335000000000000000e+06 8.609147742390632629e-03 9.274454787373542786e-03 1.001190766692161560e-01 8.609147742390632629e-03 9.274454787373542786e-03 1.001190766692161560e-01
1.336000000000000000e+06 9.016592986881732941e-03 9.235241450369358063e-03 1.013602688908576965e-01 9.016592986881732941e-03 9.235241450369358063e-03 1.013602688908576965e-01
1.337000000000000000e+06 8.875750936567783356e-03 9.241541847586631775e-03 1.007436066865921021e-01 8.875750936567783356e-03 9.241541847586631775e-03 1.007436066865921021e-01
1.338000000000000000e+06 7.786969654262065887e-03 9.227721020579338074e-03 1.009813174605369568e-01 7.786969654262065887e-03 9.227721020579338074e-03 1.009813174605369568e-01
1.339000000000000000e+06 9.999572299420833588e-03 9.189463220536708832e-03 1.016900837421417236e-01 9.999572299420833588e-03 9.189463220536708832e-03 1.016900837421417236e-01
1.340000000000000000e+06 8.966618217527866364e-03 9.175564162433147430e-03 1.020129099488258362e-01 8.966618217527866364e-03 9.175564162433147430e-03 1.020129099488258362e-01
1.341000000000000000e+06 8.817398920655250549e-03 9.232160635292530060e-03 1.014099717140197754e-01 8.817398920655250549e-03 9.232160635292530060e-03 1.014099717140197754e-01
1.342000000000000000e+06 1.064513903111219406e-02 9.242105297744274139e-03 1.018435135483741760e-01 1.064513903111219406e-02 9.242105297744274139e-03 1.018435135483741760e-01
1.343000000000000000e+06 1.023469772189855576e-02 9.212068282067775726e-03 1.039569601416587830e-01 1.023469772189855576e-02 9.212068282067775726e-03 1.039569601416587830e-01
1.344000000000000000e+06 8.563497103750705719e-03 9.262752719223499298e-03 9.985313564538955688e-02 8.563497103750705719e-03 9.262752719223499298e-03 9.985313564538955688e-02
1.345000000000000000e+06 7.866739295423030853e-03 9.243146516382694244e-03 1.002744510769844055e-01 7.866739295423030853e-03 9.243146516382694244e-03 1.002744510769844055e-01
1.346000000000000000e+06 8.629508316516876221e-03 9.190628305077552795e-03 1.003505215048789978e-01 8.629508316516876221e-03 9.190628305077552795e-03 1.003505215048789978e-01
1.347000000000000000e+06 8.913427591323852539e-03 9.226463735103607178e-03 1.008621901273727417e-01 8.913427591323852539e-03 9.226463735103607178e-03 1.008621901273727417e-01
1.348000000000000000e+06 9.478915482759475708e-03 9.227961301803588867e-03 1.018519029021263123e-01 9.478915482759475708e-03 9.227961301803588867e-03 1.018519029021263123e-01
1.349000000000000000e+06 8.407387882471084595e-03 9.270075708627700806e-03 1.010548323392868042e-01 8.407387882471084595e-03 9.270075708627700806e-03 1.010548323392868042e-01
1.350000000000000000e+06 7.686501368880271912e-03 9.242570959031581879e-03 9.962096810340881348e-02 7.686501368880271912e-03 9.242570959031581879e-03 9.962096810340881348e-02
1.351000000000000000e+06 9.576235897839069366e-03 9.231595322489738464e-03 1.028694659471511841e-01 9.576235897839069366e-03 9.231595322489738464e-03 1.028694659471511841e-01
1.352000000000000000e+06 8.507068268954753876e-03 9.234659373760223389e-03 1.002955585718154907e-01 8.507068268954753876e-03 9.234659373760223389e-03 1.002955585718154907e-01
1.353000000000000000e+06 8.588795550167560577e-03 9.261012077331542969e-03 1.002672463655471802e-01 8.588795550167560577e-03 9.261012077331542969e-03 1.002672463655471802e-01
1.354000000000000000e+06 7.525347638875246048e-03 9.251344949007034302e-03 9.944251179695129395e-02 7.525347638875246048e-03 9.251344949007034302e-03 9.944251179695129395e-02
1.355000000000000000e+06 7.491467520594596863e-03 9.228954091668128967e-03 9.967993199825286865e-02 7.491467520594596863e-03 9.228954091668128967e-03 9.967993199825286865e-02
1.356000000000000000e+06 9.974435903131961823e-03 9.236230514943599701e-03 1.008851304650306702e-01 9.974435903131961823e-03 9.236230514943599701e-03 1.008851304650306702e-01
1.357000000000000000e+06 8.774920366704463959e-03 9.239432401955127716e-03 1.005867496132850647e-01 8.774920366704463959e-03 9.239432401955127716e-03 1.005867496132850647e-01
1.358000000000000000e+06 9.061237797141075134e-03 9.190728887915611267e-03 1.012144759297370911e-01 9.061237797141075134e-03 9.190728887915611267e-03 1.012144759297370911e-01
1.359000000000000000e+06 8.750506676733493805e-03 9.219429455697536469e-03 9.999293833971023560e-02 8.750506676733493805e-03 9.219429455697536469e-03 9.999293833971023560e-02
1.360000000000000000e+06 8.648444898426532745e-03 9.241830557584762573e-03 1.012528166174888611e-01 8.648444898426532745e-03 9.241830557584762573e-03 1.012528166174888611e-01
1.361000000000000000e+06 9.323304519057273865e-03 9.236665442585945129e-03 1.019190177321434021e-01 9.323304519057273865e-03 9.236665442585945129e-03 1.019190177321434021e-01
1.362000000000000000e+06 8.359199389815330505e-03 9.226847440004348755e-03 1.005682051181793213e-01 8.359199389815330505e-03 9.226847440004348755e-03 1.005682051181793213e-01
1.363000000000000000e+06 8.660636842250823975e-03 9.260331280529499054e-03 1.010299101471900940e-01 8.660636842250823975e-03 9.260331280529499054e-03 1.010299101471900940e-01
1.364000000000000000e+06 8.284591138362884521e-03 9.221938438713550568e-03 1.009886264801025391e-01 8.284591138362884521e-03 9.221938438713550568e-03 1.009886264801025391e-01
1.365000000000000000e+06 8.802575990557670593e-03 9.258830919861793518e-03 1.003065928816795349e-01 8.802575990557670593e-03 9.258830919861793518e-03 1.003065928816795349e-01
1.366000000000000000e+06 8.171830326318740845e-03 9.243441745638847351e-03 1.009194329380989075e-01 8.171830326318740845e-03 9.243441745638847351e-03 1.009194329380989075e-01
1.367000000000000000e+06 8.897935971617698669e-03 9.239152073860168457e-03 1.000449657440185547e-01 8.897935971617698669e-03 9.239152073860168457e-03 1.000449657440185547e-01
1.368000000000000000e+06 7.188324816524982452e-03 9.256107732653617859e-03 9.952223300933837891e-02 7.188324816524982452e-03 9.256107732653617859e-03 9.952223300933837891e-02
1.369000000000000000e+06 8.334495127201080322e-03 9.229844436049461365e-03 1.010909304022789001e-01 8.334495127201080322e-03 9.229844436049461365e-03 1.010909304022789001e-01
1.370000000000000000e+06 7.951362058520317078e-03 9.215707890689373016e-03 9.870340675115585327e-02 7.951362058520317078e-03 9.215707890689373016e-03 9.870340675115585327e-02
1.371000000000000000e+06 7.696348708122968674e-03 9.212134405970573425e-03 1.004658415913581848e-01 7.696348708122968674e-03 9.212134405970573425e-03 1.004658415913581848e-01
1.372000000000000000e+06 8.338281884789466858e-03 9.233962744474411011e-03 9.988395869731903076e-02 8.338281884789466858e-03 9.233962744474411011e-03 9.988395869731903076e-02
1.373000000000000000e+06 7.820839993655681610e-03 9.225522167980670929e-03 9.971262514591217041e-02 7.820839993655681610e-03 9.225522167980670929e-03 9.971262514591217041e-02
1.374000000000000000e+06 7.932529784739017487e-03 9.224199689924716949e-03 9.990888833999633789e-02 7.932529784739017487e-03 9.224199689924716949e-03 9.990888833999633789e-02
1.375000000000000000e+06 8.510732091963291168e-03 9.232701733708381653e-03 1.011199802160263062e-01 8.510732091963291168e-03 9.232701733708381653e-03 1.011199802160263062e-01
1.376000000000000000e+06 8.459606207907199860e-03 9.199018590152263641e-03 9.964737296104431152e-02 8.459606207907199860e-03 9.199018590152263641e-03 9.964737296104431152e-02
1.377000000000000000e+06 9.618284180760383606e-03 9.227598085999488831e-03 1.005669236183166504e-01 9.618284180760383606e-03 9.227598085999488831e-03 1.005669236183166504e-01
1.378000000000000000e+06 8.526270277798175812e-03 9.210188873112201691e-03 9.950233995914459229e-02 8.526270277798175812e-03 9.210188873112201691e-03 9.950233995914459229e-02
1.379000000000000000e+06 8.454705588519573212e-03 9.205033071339130402e-03 1.003147438168525696e-01 8.454705588519573212e-03 9.205033071339130402e-03 1.003147438168525696e-01
1.380000000000000000e+06 8.046126924455165863e-03 9.227001108229160309e-03 1.000194028019905090e-01 8.046126924455165863e-03 9.227001108229160309e-03 1.000194028019905090e-01
1.381000000000000000e+06 8.306441828608512878e-03 9.192248806357383728e-03 9.881090372800827026e-02 8.306441828608512878e-03 9.192248806357383728e-03 9.881090372800827026e-02
1.382000000000000000e+06 9.135480970144271851e-03 9.230240248143672943e-03 9.879031777381896973e-02 9.135480970144271851e-03 9.230240248143672943e-03 9.879031777381896973e-02
1.383000000000000000e+06 8.107667788863182068e-03 9.191593155264854431e-03 9.867886453866958618e-02 8.107667788863182068e-03 9.191593155264854431e-03 9.867886453866958618e-02
1.384000000000000000e+06 7.476025260984897614e-03 9.242814965546131134e-03 9.938064217567443848e-02 7.476025260984897614e-03 9.242814965546131134e-03 9.938064217567443848e-02
1.385000000000000000e+06 9.733554907143115997e-03 9.267029352486133575e-03 1.009567305445671082e-01 9.733554907143115997e-03 9.267029352486133575e-03 1.009567305445671082e-01
1.386000000000000000e+06 8.842774666845798492e-03 9.229669347405433655e-03 1.000910550355911255e-01 8.842774666845798492e-03 9.229669347405433655e-03 1.000910550355911255e-01
1.387000000000000000e+06 8.570224978029727936e-03 9.171561338007450104e-03 9.964748471975326538e-02 8.570224978029727936e-03 9.171561338007450104e-03 9.964748471975326538e-02
1.388000000000000000e+06 8.954258635640144348e-03 9.236221201717853546e-03 9.966401755809783936e-02 8.954258635640144348e-03 9.236221201717853546e-03 9.966401755809783936e-02
1.389000000000000000e+06 8.334717713296413422e-03 9.192587807774543762e-03 9.949380904436111450e-02 8.334717713296413422e-03 9.192587807774543762e-03 9.949380904436111450e-02
1.390000000000000000e+06 8.411317132413387299e-03 9.198487736284732819e-03 9.887760877609252930e-02 8.411317132413387299e-03 9.198487736284732819e-03 9.887760877609252930e-02
1.391000000000000000e+06 9.000018239021301270e-03 9.275296702980995178e-03 1.010144799947738647e-01 9.000018239021301270e-03 9.275296702980995178e-03 1.010144799947738647e-01
1.392000000000000000e+06 9.717301465570926666e-03 9.199926629662513733e-03 1.002394333481788635e-01 9.717301465570926666e-03 9.199926629662513733e-03 1.002394333481788635e-01
1.393000000000000000e+06 8.372830227017402649e-03 9.241363033652305603e-03 1.001729890704154968e-01 8.372830227017402649e-03 9.241363033652305603e-03 1.001729890704154968e-01
1.394000000000000000e+06 7.875557057559490204e-03 9.243247099220752716e-03 9.961237758398056030e-02 7.875557057559490204e-03 9.243247099220752716e-03 9.961237758398056030e-02
1.395000000000000000e+06 8.100076578557491302e-03 9.236377663910388947e-03 9.907012432813644409e-02 8.100076578557491302e-03 9.236377663910388947e-03 9.907012432813644409e-02
1.396000000000000000e+06 8.571393787860870361e-03 9.234122931957244873e-03 9.770821779966354370e-02 8.571393787860870361e-03 9.234122931957244873e-03 9.770821779966354370e-02
1.397000000000000000e+06 8.144780062139034271e-03 9.267239831387996674e-03 9.845586121082305908e-02 8.144780062139034271e-03 9.267239831387996674e-03 9.845586121082305908e-02
1.398000000000000000e+06 7.525722496211528778e-03 9.233728051185607910e-03 9.862247109413146973e-02 7.525722496211528778e-03 9.233728051185607910e-03 9.862247109413146973e-02
1.399000000000000000e+06 8.090107701718807220e-03 9.221453219652175903e-03 9.930336475372314453e-02 8.090107701718807220e-03 9.221453219652175903e-03 9.930336475372314453e-02
1.400000000000000000e+06 7.612491492182016373e-03 9.263342246413230896e-03 9.907140582799911499e-02 7.612491492182016373e-03 9.263342246413230896e-03 9.907140582799911499e-02
1.401000000000000000e+06 8.937918581068515778e-03 9.206384420394897461e-03 9.931185096502304077e-02 8.937918581068515778e-03 9.206384420394897461e-03 9.931185096502304077e-02
1.402000000000000000e+06 9.146640077233314514e-03 9.223142638802528381e-03 9.928411990404129028e-02 9.146640077233314514e-03 9.223142638802528381e-03 9.928411990404129028e-02
1.403000000000000000e+06 8.207854814827442169e-03 9.223266504704952240e-03 9.874552488327026367e-02 8.207854814827442169e-03 9.223266504704952240e-03 9.874552488327026367e-02
1.404000000000000000e+06 8.866049349308013916e-03 9.200873784720897675e-03 9.964117407798767090e-02 8.866049349308013916e-03 9.200873784720897675e-03 9.964117407798767090e-02
1.405000000000000000e+06 9.028989821672439575e-03 9.181335568428039551e-03 9.963739663362503052e-02 9.028989821672439575e-03 9.181335568428039551e-03 9.963739663362503052e-02
1.406000000000000000e+06 8.263058029115200043e-03 9.265487082302570343e-03 9.842924773693084717e-02 8.263058029115200043e-03 9.265487082302570343e-03 9.842924773693084717e-02
1.407000000000000000e+06 8.250559680163860321e-03 9.234822355210781097e-03 9.933804720640182495e-02 8.250559680163860321e-03 9.234822355210781097e-03 9.933804720640182495e-02
1.408000000000000000e+06 8.097319863736629486e-03 9.245143271982669830e-03 9.875452518463134766e-02 8.097319863736629486e-03 9.245143271982669830e-03 9.875452518463134766e-02
1.409000000000000000e+06 8.555415086448192596e-03 9.233515709638595581e-03 9.919136017560958862e-02 8.555415086448192596e-03 9.233515709638595581e-03 9.919136017560958862e-02
1.410000000000000000e+06 8.255253545939922333e-03 9.231168776750564575e-03 9.854722023010253906e-02 8.255253545939922333e-03 9.231168776750564575e-03 9.854722023010253906e-02
1.411000000000000000e+06 8.024483919143676758e-03 9.200599044561386108e-03 9.756125509738922119e-02 8.024483919143676758e-03 9.200599044561386108e-03 9.756125509738922119e-02
1.412000000000000000e+06 8.147173561155796051e-03 9.196237660944461823e-03 1.000565737485885620e-01 8.147173561155796051e-03 9.196237660944461823e-03 1.000565737485885620e-01
1.413000000000000000e+06 7.726283278316259384e-03 9.238563477993011475e-03 9.858865290880203247e-02 7.726283278316259384e-03 9.238563477993011475e-03 9.858865290880203247e-02
1.414000000000000000e+06 9.544377215206623077e-03 9.183947928249835968e-03 9.943772107362747192e-02 9.544377215206623077e-03 9.183947928249835968e-03 9.943772107362747192e-02
1.415000000000000000e+06 7.634163834154605865e-03 9.204380214214324951e-03 9.843987971544265747e-02 7.634163834154605865e-03 9.204380214214324951e-03 9.843987971544265747e-02
1.416000000000000000e+06 9.148540906608104706e-03 9.239541366696357727e-03 1.003296449780464172e-01 9.148540906608104706e-03 9.239541366696357727e-03 1.003296449780464172e-01
1.417000000000000000e+06 7.557897362858057022e-03 9.257955476641654968e-03 9.791372716426849365e-02 7.557897362858057022e-03 9.257955476641654968e-03 9.791372716426849365e-02
1.418000000000000000e+06 8.867508731782436371e-03 9.201696142554283142e-03 9.939097613096237183e-02 8.867508731782436371e-03 9.201696142554283142e-03 9.939097613096237183e-02
1.419000000000000000e+06 9.843450970947742462e-03 9.259922429919242859e-03 9.961307793855667114e-02 9.843450970947742462e-03 9.259922429919242859e-03 9.961307793855667114e-02
1.420000000000000000e+06 8.168940432369709015e-03 9.229146875441074371e-03 1.000682488083839417e-01 8.168940432369709015e-03 9.229146875441074371e-03 1.000682488083839417e-01
1.421000000000000000e+06 8.532580919563770294e-03 9.194330312311649323e-03 9.997414797544479370e-02 8.532580919563770294e-03 9.194330312311649323e-03 9.997414797544479370e-02
1.422000000000000000e+06 8.065789006650447845e-03 9.207077324390411377e-03 9.766900539398193359e-02 8.065789006650447845e-03 9.207077324390411377e-03 9.766900539398193359e-02
1.423000000000000000e+06 8.297177962958812714e-03 9.220745414495468140e-03 9.823063015937805176e-02 8.297177962958812714e-03 9.220745414495468140e-03 9.823063015937805176e-02
1.424000000000000000e+06 9.678123518824577332e-03 9.272369556128978729e-03 1.016576737165451050e-01 9.678123518824577332e-03 9.272369556128978729e-03 1.016576737165451050e-01
1.425000000000000000e+06 8.601061068475246429e-03 9.186540730297565460e-03 9.787805378437042236e-02 8.601061068475246429e-03 9.186540730297565460e-03 9.787805378437042236e-02
1.426000000000000000e+06 8.700233884155750275e-03 9.249933063983917236e-03 9.880422055721282959e-02 8.700233884155750275e-03 9.249933063983917236e-03 9.880422055721282959e-02
1.427000000000000000e+06 9.026644751429557800e-03 9.248228743672370911e-03 9.888069331645965576e-02 9.026644751429557800e-03 9.248228743672370911e-03 9.888069331645965576e-02
1.428000000000000000e+06 7.691848091781139374e-03 9.224602021276950836e-03 9.739842265844345093e-02 7.691848091781139374e-03 9.224602021276950836e-03 9.739842265844345093e-02
1.429000000000000000e+06 9.531792253255844116e-03 9.207203984260559082e-03 9.911938011646270752e-02 9.531792253255844116e-03 9.207203984260559082e-03 9.911938011646270752e-02
1.430000000000000000e+06 8.658100850880146027e-03 9.263216517865657806e-03 9.910619258880615234e-02 8.658100850880146027e-03 9.263216517865657806e-03 9.910619258880615234e-02
1.431000000000000000e+06 8.026935160160064697e-03 9.196188300848007202e-03 9.813544899225234985e-02 8.026935160160064697e-03 9.196188300848007202e-03 9.813544899225234985e-02
1.432000000000000000e+06 8.374920114874839783e-03 9.216800332069396973e-03 9.848266839981079102e-02 8.374920114874839783e-03 9.216800332069396973e-03 9.848266839981079102e-02
1.433000000000000000e+06 9.472074918448925018e-03 9.234309196472167969e-03 9.940895438194274902e-02 9.472074918448925018e-03 9.234309196472167969e-03 9.940895438194274902e-02
1.434000000000000000e+06 8.762929588556289673e-03 9.196434170007705688e-03 1.002081930637359619e-01 8.762929588556289673e-03 9.196434170007705688e-03 1.002081930637359619e-01
1.435000000000000000e+06 8.104533888399600983e-03 9.223105385899543762e-03 9.806224703788757324e-02 8.104533888399600983e-03 9.223105385899543762e-03 9.806224703788757324e-02
1.436000000000000000e+06 8.080451749265193939e-03 9.227665141224861145e-03 9.845931828022003174e-02 8.080451749265193939e-03 9.227665141224861145e-03 9.845931828022003174e-02
1.437000000000000000e+06 8.587401360273361206e-03 9.261841885745525360e-03 9.855835139751434326e-02 8.587401360273361206e-03 9.261841885745525360e-03 9.855835139751434326e-02
1.438000000000000000e+06 7.874834351241588593e-03 9.230343624949455261e-03 9.789441525936126709e-02 7.874834351241588593e-03 9.230343624949455261e-03 9.789441525936126709e-02
1.439000000000000000e+06 7.642961572855710983e-03 9.204591624438762665e-03 9.777443110942840576e-02 7.642961572855710983e-03 9.204591624438762665e-03 9.777443110942840576e-02
1.440000000000000000e+06 7.988080382347106934e-03 9.225546382367610931e-03 9.874837845563888550e-02 7.988080382347106934e-03 9.225546382367610931e-03 9.874837845563888550e-02
1.441000000000000000e+06 8.808732032775878906e-03 9.228222072124481201e-03 9.789545834064483643e-02 8.808732032775878906e-03 9.228222072124481201e-03 9.789545834064483643e-02
1.442000000000000000e+06 8.595799095928668976e-03 9.225931018590927124e-03 9.795700013637542725e-02 8.595799095928668976e-03 9.225931018590927124e-03 9.795700013637542725e-02
1.443000000000000000e+06 8.739028126001358032e-03 9.215330705046653748e-03 9.805691987276077271e-02 8.739028126001358032e-03 9.215330705046653748e-03 9.805691987276077271e-02
1.444000000000000000e+06 7.643182761967182159e-03 9.210655465722084045e-03 9.784632921218872070e-02 7.643182761967182159e-03 9.210655465722084045e-03 9.784632921218872070e-02
1.445000000000000000e+06 8.565732277929782867e-03 9.180920198559761047e-03 9.847914427518844604e-02 8.565732277929782867e-03 9.180920198559761047e-03 9.847914427518844604e-02
1.446000000000000000e+06 9.640127420425415039e-03 9.213920682668685913e-03 9.969142079353332520e-02 9.640127420425415039e-03 9.213920682668685913e-03 9.969142079353332520e-02
1.447000000000000000e+06 8.360651321709156036e-03 9.245573543012142181e-03 1.009560525417327881e-01 8.360651321709156036e-03 9.245573543012142181e-03 1.009560525417327881e-01
1.448000000000000000e+06 7.428582757711410522e-03 9.192513301968574524e-03 9.959936141967773438e-02 7.428582757711410522e-03 9.192513301968574524e-03 9.959936141967773438e-02
1.449000000000000000e+06 8.750365115702152252e-03 9.237525053322315216e-03 9.750086814165115356e-02 8.750365115702152252e-03 9.237525053322315216e-03 9.750086814165115356e-02
1.450000000000000000e+06 8.043253794312477112e-03 9.223703294992446899e-03 9.799365699291229248e-02 8.043253794312477112e-03 9.223703294992446899e-03 9.799365699291229248e-02
1.451000000000000000e+06 8.077884092926979065e-03 9.210431948304176331e-03 9.877217561006546021e-02 8.077884092926979065e-03 9.210431948304176331e-03 9.877217561006546021e-02
1.452000000000000000e+06 7.898829877376556396e-03 9.209670126438140869e-03 9.817065298557281494e-02 7.898829877376556396e-03 9.209670126438140869e-03 9.817065298557281494e-02
1.453000000000000000e+06 8.241449482738971710e-03 9.207869879901409149e-03 9.716907143592834473e-02 8.241449482738971710e-03 9.207869879901409149e-03 9.716907143592834473e-02
1.454000000000000000e+06 8.104128763079643250e-03 9.239649400115013123e-03 9.897537529468536377e-02 8.104128763079643250e-03 9.239649400115013123e-03 9.897537529468536377e-02
1.455000000000000000e+06 7.915318012237548828e-03 9.215093217790126801e-03 9.853368252515792847e-02 7.915318012237548828e-03 9.215093217790126801e-03 9.853368252515792847e-02
1.456000000000000000e+06 7.933652959764003754e-03 9.255087934434413910e-03 9.812269359827041626e-02 7.933652959764003754e-03 9.255087934434413910e-03 9.812269359827041626e-02
1.457000000000000000e+06 8.152829483151435852e-03 9.193702600896358490e-03 9.783563762903213501e-02 8.152829483151435852e-03 9.193702600896358490e-03 9.783563762903213501e-02
1.458000000000000000e+06 8.767568506300449371e-03 9.244868531823158264e-03 9.844797849655151367e-02 8.767568506300449371e-03 9.244868531823158264e-03 9.844797849655151367e-02
1.459000000000000000e+06 8.443103171885013580e-03 9.255241602659225464e-03 9.948306530714035034e-02 8.443103171885013580e-03 9.255241602659225464e-03 9.948306530714035034e-02
1.460000000000000000e+06 8.087476715445518494e-03 9.202357381582260132e-03 9.725137799978256226e-02 8.087476715445518494e-03 9.202357381582260132e-03 9.725137799978256226e-02
1.461000000000000000e+06 9.010398760437965393e-03 9.209192357957363129e-03 9.740310162305831909e-02 9.010398760437965393e-03 9.209192357957363129e-03 9.740310162305831909e-02
1.462000000000000000e+06 8.638755418360233307e-03 9.209834039211273193e-03 9.775900095701217651e-02 8.638755418360233307e-03 9.209834039211273193e-03 9.775900095701217651e-02
1.463000000000000000e+06 8.003063499927520752e-03 9.206755086779594421e-03 9.695481508970260620e-02 8.003063499927520752e-03 9.206755086779594421e-03 9.695481508970260620e-02
1.464000000000000000e+06 7.261275313794612885e-03 9.217175655066967010e-03 9.651537984609603882e-02 7.261275313794612885e-03 9.217175655066967010e-03 9.651537984609603882e-02
1.465000000000000000e+06 9.031063877046108246e-03 9.212790057063102722e-03 9.682895243167877197e-02 9.031063877046108246e-03 9.212790057063102722e-03 9.682895243167877197e-02
1.466000000000000000e+06 7.972209714353084564e-03 9.225675836205482483e-03 9.950028359889984131e-02 7.972209714353084564e-03 9.225675836205482483e-03 9.950028359889984131e-02
1.467000000000000000e+06 7.770702242851257324e-03 9.219682775437831879e-03 9.700200706720352173e-02 7.770702242851257324e-03 9.219682775437831879e-03 9.700200706720352173e-02
1.468000000000000000e+06 8.238599635660648346e-03 9.247084148228168488e-03 9.850340336561203003e-02 8.238599635660648346e-03 9.247084148228168488e-03 9.850340336561203003e-02
1.469000000000000000e+06 8.512950502336025238e-03 9.223896078765392303e-03 9.818178415298461914e-02 8.512950502336025238e-03 9.223896078765392303e-03 9.818178415298461914e-02
1.470000000000000000e+06 1.024766545742750168e-02 9.231071919202804565e-03 9.752806276082992554e-02 1.024766545742750168e-02 9.231071919202804565e-03 9.752806276082992554e-02
1.471000000000000000e+06 8.694578893482685089e-03 9.210013784468173981e-03 9.723541140556335449e-02 8.694578893482685089e-03 9.210013784468173981e-03 9.723541140556335449e-02
1.472000000000000000e+06 7.531678769737482071e-03 9.201251901686191559e-03 9.697702527046203613e-02 7.531678769737482071e-03 9.201251901686191559e-03 9.697702527046203613e-02
1.473000000000000000e+06 7.690677884966135025e-03 9.219779632985591888e-03 9.715876728296279907e-02 7.690677884966135025e-03 9.219779632985591888e-03 9.715876728296279907e-02
1.474000000000000000e+06 8.109724149107933044e-03 9.238266386091709137e-03 9.661881625652313232e-02 8.109724149107933044e-03 9.238266386091709137e-03 9.661881625652313232e-02
1.475000000000000000e+06 8.004125207662582397e-03 9.196670725941658020e-03 9.660006314516067505e-02 8.004125207662582397e-03 9.196670725941658020e-03 9.660006314516067505e-02
1.476000000000000000e+06 7.931489497423171997e-03 9.211869910359382629e-03 9.788620471954345703e-02 7.931489497423171997e-03 9.211869910359382629e-03 9.788620471954345703e-02
1.477000000000000000e+06 7.976161316037178040e-03 9.211773052811622620e-03 9.746889024972915649e-02 7.976161316037178040e-03 9.211773052811622620e-03 9.746889024972915649e-02
1.478000000000000000e+06 7.534075062721967697e-03 9.201117791235446930e-03 9.687013179063796997e-02 7.534075062721967697e-03 9.201117791235446930e-03 9.687013179063796997e-02
1.479000000000000000e+06 8.704029023647308350e-03 9.179519489407539368e-03 9.763530641794204712e-02 8.704029023647308350e-03 9.179519489407539368e-03 9.763530641794204712e-02
1.480000000000000000e+06 9.314661845564842224e-03 9.154672734439373016e-03 9.807305037975311279e-02 9.314661845564842224e-03 9.154672734439373016e-03 9.807305037975311279e-02
1.481000000000000000e+06 7.557263132184743881e-03 9.200951084494590759e-03 9.624959528446197510e-02 7.557263132184743881e-03 9.200951084494590759e-03 9.624959528446197510e-02
1.482000000000000000e+06 7.702361326664686203e-03 9.202761575579643250e-03 9.644813090562820435e-02 7.702361326664686203e-03 9.202761575579643250e-03 9.644813090562820435e-02
1.483000000000000000e+06 8.279199711978435516e-03 9.192242287099361420e-03 9.710904210805892944e-02 8.279199711978435516e-03 9.192242287099361420e-03 9.710904210805892944e-02
1.484000000000000000e+06 8.982849307358264923e-03 9.235597215592861176e-03 9.718342870473861694e-02 8.982849307358264923e-03 9.235597215592861176e-03 9.718342870473861694e-02
1.485000000000000000e+06 8.994258008897304535e-03 9.266965091228485107e-03 9.816429018974304199e-02 8.994258008897304535e-03 9.266965091228485107e-03 9.816429018974304199e-02
1.486000000000000000e+06 7.751066703349351883e-03 9.203375317156314850e-03 9.664878249168395996e-02 7.751066703349351883e-03 9.203375317156314850e-03 9.664878249168395996e-02
1.487000000000000000e+06 7.982933893799781799e-03 9.225562214851379395e-03 9.618599712848663330e-02 7.982933893799781799e-03 9.225562214851379395e-03 9.618599712848663330e-02
1.488000000000000000e+06 8.049947209656238556e-03 9.223161265254020691e-03 9.685662388801574707e-02 8.049947209656238556e-03 9.223161265254020691e-03 9.685662388801574707e-02
1.489000000000000000e+06 8.373215794563293457e-03 9.189833886921405792e-03 9.695784747600555420e-02 8.373215794563293457e-03 9.189833886921405792e-03 9.695784747600555420e-02
1.490000000000000000e+06 7.785964291542768478e-03 9.205834008753299713e-03 9.677531570196151733e-02 7.785964291542768478e-03 9.205834008753299713e-03 9.677531570196151733e-02
1.491000000000000000e+06 7.412389852106571198e-03 9.193181060254573822e-03 9.695672243833541870e-02 7.412389852106571198e-03 9.193181060254573822e-03 9.695672243833541870e-02
1.492000000000000000e+06 8.148192428052425385e-03 9.272709488868713379e-03 9.690447896718978882e-02 8.148192428052425385e-03 9.272709488868713379e-03 9.690447896718978882e-02
1.493000000000000000e+06 7.346413563936948776e-03 9.222134947776794434e-03 9.569932520389556885e-02 7.346413563936948776e-03 9.222134947776794434e-03 9.569932520389556885e-02
1.494000000000000000e+06 8.197493851184844971e-03 9.258819743990898132e-03 9.673601388931274414e-02 8.197493851184844971e-03 9.258819743990898132e-03 9.673601388931274414e-02
1.495000000000000000e+06 8.620648644864559174e-03 9.252507239580154419e-03 9.716184437274932861e-02 8.620648644864559174e-03 9.252507239580154419e-03 9.716184437274932861e-02
1.496000000000000000e+06 7.818164303898811340e-03 9.189497679471969604e-03 9.617527574300765991e-02 7.818164303898811340e-03 9.189497679471969604e-03 9.617527574300765991e-02
1.497000000000000000e+06 8.228465914726257324e-03 9.194016456604003906e-03 9.632761776447296143e-02 8.228465914726257324e-03 9.194016456604003906e-03 9.632761776447296143e-02
1.498000000000000000e+06 8.293315768241882324e-03 9.214829653501510620e-03 9.617250412702560425e-02 8.293315768241882324e-03 9.214829653501510620e-03 9.617250412702560425e-02
1.499000000000000000e+06 8.338611572980880737e-03 9.213187731802463531e-03 9.525372087955474854e-02 8.338611572980880737e-03 9.213187731802463531e-03 9.525372087955474854e-02
1.500000000000000000e+06 8.550534024834632874e-03 9.218269959092140198e-03 9.621708095073699951e-02 8.550534024834632874e-03 9.218269959092140198e-03 9.621708095073699951e-02
1.501000000000000000e+06 8.036452345550060272e-03 9.249520488083362579e-03 9.636280685663223267e-02 8.036452345550060272e-03 9.249520488083362579e-03 9.636280685663223267e-02
1.502000000000000000e+06 8.718561381101608276e-03 9.259917773306369781e-03 9.602654725313186646e-02 8.718561381101608276e-03 9.259917773306369781e-03 9.602654725313186646e-02
1.503000000000000000e+06 7.710574194788932800e-03 9.231990203261375427e-03 9.608613699674606323e-02 7.710574194788932800e-03 9.231990203261375427e-03 9.608613699674606323e-02
1.504000000000000000e+06 7.585000246763229370e-03 9.189457632601261139e-03 9.633631259202957153e-02 7.585000246763229370e-03 9.189457632601261139e-03 9.633631259202957153e-02
1.505000000000000000e+06 1.008413638919591904e-02 9.239980950951576233e-03 9.608719497919082642e-02 1.008413638919591904e-02 9.239980950951576233e-03 9.608719497919082642e-02
1.506000000000000000e+06 9.220207110047340393e-03 9.235435165464878082e-03 9.695629030466079712e-02 9.220207110047340393e-03 9.235435165464878082e-03 9.695629030466079712e-02
1.507000000000000000e+06 9.121931158006191254e-03 9.180565364658832550e-03 9.639263153076171875e-02 9.121931158006191254e-03 9.180565364658832550e-03 9.639263153076171875e-02
1.508000000000000000e+06 7.362228818237781525e-03 9.236661717295646667e-03 9.693419188261032104e-02 7.362228818237781525e-03 9.236661717295646667e-03 9.693419188261032104e-02
1.509000000000000000e+06 9.878957644104957581e-03 9.221843443810939789e-03 9.856270253658294678e-02 9.878957644104957581e-03 9.221843443810939789e-03 9.856270253658294678e-02
1.510000000000000000e+06 7.714284118264913559e-03 9.177738800644874573e-03 9.574713557958602905e-02 7.714284118264913559e-03 9.177738800644874573e-03 9.574713557958602905e-02
1.511000000000000000e+06 8.439566008746623993e-03 9.206768125295639038e-03 9.670747816562652588e-02 8.439566008746623993e-03 9.206768125295639038e-03 9.670747816562652588e-02
1.512000000000000000e+06 8.440041914582252502e-03 9.193170815706253052e-03 9.621442109346389771e-02 8.440041914582252502e-03 9.193170815706253052e-03 9.621442109346389771e-02
1.513000000000000000e+06 7.656749803572893143e-03 9.173371829092502594e-03 9.656362980604171753e-02 7.656749803572893143e-03 9.173371829092502594e-03 9.656362980604171753e-02
1.514000000000000000e+06 7.703863084316253662e-03 9.161435067653656006e-03 9.501055628061294556e-02 7.703863084316253662e-03 9.161435067653656006e-03 9.501055628061294556e-02
1.515000000000000000e+06 9.415123611688613892e-03 9.256138466298580170e-03 9.827338904142379761e-02 9.415123611688613892e-03 9.256138466298580170e-03 9.827338904142379761e-02
1.516000000000000000e+06 7.456470280885696411e-03 9.227039292454719543e-03 9.536628425121307373e-02 7.456470280885696411e-03 9.227039292454719543e-03 9.536628425121307373e-02
1.517000000000000000e+06 8.859080262482166290e-03 9.188713505864143372e-03 9.635932743549346924e-02 8.859080262482166290e-03 9.188713505864143372e-03 9.635932743549346924e-02
1.518000000000000000e+06 8.179756812751293182e-03 9.166524745523929596e-03 9.638840705156326294e-02 8.179756812751293182e-03 9.166524745523929596e-03 9.638840705156326294e-02
1.519000000000000000e+06 8.503594435751438141e-03 9.219575673341751099e-03 9.650033712387084961e-02 8.503594435751438141e-03 9.219575673341751099e-03 9.650033712387084961e-02
1.520000000000000000e+06 8.715576492249965668e-03 9.216295555233955383e-03 9.671739488840103149e-02 8.715576492249965668e-03 9.216295555233955383e-03 9.671739488840103149e-02
1.521000000000000000e+06 8.066077716648578644e-03 9.195054881274700165e-03 9.656456857919692993e-02 8.066077716648578644e-03 9.195054881274700165e-03 9.656456857919692993e-02
1.522000000000000000e+06 7.716937921941280365e-03 9.232737123966217041e-03 9.550072997808456421e-02 7.716937921941280365e-03 9.232737123966217041e-03 9.550072997808456421e-02
1.523000000000000000e+06 8.762776851654052734e-03 9.209714829921722412e-03 9.659156948328018188e-02 8.762776851654052734e-03 9.209714829921722412e-03 9.659156948328018188e-02
1.524000000000000000e+06 8.030262775719165802e-03 9.203443303704261780e-03 9.506846219301223755e-02 8.030262775719165802e-03 9.203443303704261780e-03 9.506846219301223755e-02
1.525000000000000000e+06 7.721148431301116943e-03 9.206182323396205902e-03 9.561380743980407715e-02 7.721148431301116943e-03 9.206182323396205902e-03 9.561380743980407715e-02
1.526000000000000000e+06 8.140939287841320038e-03 9.195471182465553284e-03 9.659419208765029907e-02 8.140939287841320038e-03 9.195471182465553284e-03 9.659419208765029907e-02
1.527000000000000000e+06 7.550585083663463593e-03 9.211007505655288696e-03 9.562183171510696411e-02 7.550585083663463593e-03 9.211007505655288696e-03 9.562183171510696411e-02
1.528000000000000000e+06 8.855986408889293671e-03 9.214769117534160614e-03 9.760799258947372437e-02 8.855986408889293671e-03 9.214769117534160614e-03 9.760799258947372437e-02
1.529000000000000000e+06 9.585469961166381836e-03 9.217011742293834686e-03 9.743355214595794678e-02 9.585469961166381836e-03 9.217011742293834686e-03 9.743355214595794678e-02
1.530000000000000000e+06 8.398636244237422943e-03 9.186476469039916992e-03 9.561638534069061279e-02 8.398636244237422943e-03 9.186476469039916992e-03 9.561638534069061279e-02
1.531000000000000000e+06 7.362738251686096191e-03 9.220024570822715759e-03 9.627146273851394653e-02 7.362738251686096191e-03 9.220024570822715759e-03 9.627146273851394653e-02
1.532000000000000000e+06 7.902414537966251373e-03 9.227641858160495758e-03 9.520941227674484253e-02 7.902414537966251373e-03 9.227641858160495758e-03 9.520941227674484253e-02
1.533000000000000000e+06 7.795343175530433655e-03 9.214431978762149811e-03 9.476384520530700684e-02 7.795343175530433655e-03 9.214431978762149811e-03 9.476384520530700684e-02
1.534000000000000000e+06 8.499057032167911530e-03 9.201500564813613892e-03 9.598152339458465576e-02 8.499057032167911530e-03 9.201500564813613892e-03 9.598152339458465576e-02
1.535000000000000000e+06 7.766079623252153397e-03 9.219925850629806519e-03 9.587422013282775879e-02 7.766079623252153397e-03 9.219925850629806519e-03 9.587422013282775879e-02
1.536000000000000000e+06 7.857314310967922211e-03 9.229893796145915985e-03 9.486205875873565674e-02 7.857314310967922211e-03 9.229893796145915985e-03 9.486205875873565674e-02
1.537000000000000000e+06 7.325467187911272049e-03 9.222055785357952118e-03 9.499351680278778076e-02 7.325467187911272049e-03 9.222055785357952118e-03 9.499351680278778076e-02
1.538000000000000000e+06 7.377858273684978485e-03 9.234117344021797180e-03 9.416864812374114990e-02 7.377858273684978485e-03 9.234117344021797180e-03 9.416864812374114990e-02
1.539000000000000000e+06 8.125227876007556915e-03 9.187350049614906311e-03 9.557957947254180908e-02 8.125227876007556915e-03 9.187350049614906311e-03 9.557957947254180908e-02
1.540000000000000000e+06 8.916584774851799011e-03 9.168708696961402893e-03 9.572649002075195312e-02 8.916584774851799011e-03 9.168708696961402893e-03 9.572649002075195312e-02
1.541000000000000000e+06 7.536568678915500641e-03 9.174609556794166565e-03 9.588875621557235718e-02 7.536568678915500641e-03 9.174609556794166565e-03 9.588875621557235718e-02
1.542000000000000000e+06 9.425402618944644928e-03 9.209205396473407745e-03 9.572108834981918335e-02 9.425402618944644928e-03 9.209205396473407745e-03 9.572108834981918335e-02
1.543000000000000000e+06 6.999462377279996872e-03 9.218667633831501007e-03 9.519302099943161011e-02 6.999462377279996872e-03 9.218667633831501007e-03 9.519302099943161011e-02
1.544000000000000000e+06 8.369375020265579224e-03 9.189093485474586487e-03 9.677009284496307373e-02 8.369375020265579224e-03 9.189093485474586487e-03 9.677009284496307373e-02
1.545000000000000000e+06 7.919659838080406189e-03 9.164285846054553986e-03 9.611798077821731567e-02 7.919659838080406189e-03 9.164285846054553986e-03 9.611798077821731567e-02
1.546000000000000000e+06 1.006027683615684509e-02 9.285912849009037018e-03 9.614244848489761353e-02 1.006027683615684509e-02 9.285912849009037018e-03 9.614244848489761353e-02
1.547000000000000000e+06 7.686806842684745789e-03 9.173621423542499542e-03 9.558793157339096069e-02 7.686806842684745789e-03 9.173621423542499542e-03 9.558793157339096069e-02
1.548000000000000000e+06 8.763124234974384308e-03 9.215096943080425262e-03 9.565868973731994629e-02 8.763124234974384308e-03 9.215096943080425262e-03 9.565868973731994629e-02
1.549000000000000000e+06 7.650197949260473251e-03 9.209708310663700104e-03 9.460445493459701538e-02 7.650197949260473251e-03 9.209708310663700104e-03 9.460445493459701538e-02
1.550000000000000000e+06 7.787562906742095947e-03 9.192368015646934509e-03 9.543634951114654541e-02 7.787562906742095947e-03 9.192368015646934509e-03 9.543634951114654541e-02
1.551000000000000000e+06 7.634760346263647079e-03 9.211581200361251831e-03 9.349270910024642944e-02 7.634760346263647079e-03 9.211581200361251831e-03 9.349270910024642944e-02
1.552000000000000000e+06 8.740205317735671997e-03 9.197393432259559631e-03 9.581495076417922974e-02 8.740205317735671997e-03 9.197393432259559631e-03 9.581495076417922974e-02
1.553000000000000000e+06 8.324002847075462341e-03 9.207626804709434509e-03 9.500904381275177002e-02 8.324002847075462341e-03 9.207626804709434509e-03 9.500904381275177002e-02
1.554000000000000000e+06 6.744251120835542679e-03 9.213060140609741211e-03 9.571836888790130615e-02 6.744251120835542679e-03 9.213060140609741211e-03 9.571836888790130615e-02
1.555000000000000000e+06 9.026561863720417023e-03 9.169967845082283020e-03 9.445754438638687134e-02 9.026561863720417023e-03 9.169967845082283020e-03 9.445754438638687134e-02
1.556000000000000000e+06 9.111152030527591705e-03 9.179209358990192413e-03 9.565246105194091797e-02 9.111152030527591705e-03 9.179209358990192413e-03 9.565246105194091797e-02
1.557000000000000000e+06 7.955590263009071350e-03 9.196701459586620331e-03 9.427446871995925903e-02 7.955590263009071350e-03 9.196701459586620331e-03 9.427446871995925903e-02
1.558000000000000000e+06 7.990672253072261810e-03 9.181221947073936462e-03 9.470080584287643433e-02 7.990672253072261810e-03 9.181221947073936462e-03 9.470080584287643433e-02
1.559000000000000000e+06 7.713513914495706558e-03 9.150422178208827972e-03 9.448849409818649292e-02 7.713513914495706558e-03 9.150422178208827972e-03 9.448849409818649292e-02
1.560000000000000000e+06 7.928407751023769379e-03 9.179887361824512482e-03 9.496935456991195679e-02 7.928407751023769379e-03 9.179887361824512482e-03 9.496935456991195679e-02
1.561000000000000000e+06 8.248197846114635468e-03 9.183779358863830566e-03 9.538958966732025146e-02 8.248197846114635468e-03 9.183779358863830566e-03 9.538958966732025146e-02
1.562000000000000000e+06 8.582591079175472260e-03 9.207643568515777588e-03 9.455523639917373657e-02 8.582591079175472260e-03 9.207643568515777588e-03 9.455523639917373657e-02
1.563000000000000000e+06 8.171515539288520813e-03 9.197200648486614227e-03 9.588938951492309570e-02 8.171515539288520813e-03 9.197200648486614227e-03 9.588938951492309570e-02
1.564000000000000000e+06 8.475298993289470673e-03 9.225553832948207855e-03 9.725563973188400269e-02 8.475298993289470673e-03 9.225553832948207855e-03 9.725563973188400269e-02
1.565000000000000000e+06 7.180736865848302841e-03 9.183900430798530579e-03 9.501479566097259521e-02 7.180736865848302841e-03 9.183900430798530579e-03 9.501479566097259521e-02
1.566000000000000000e+06 9.034989401698112488e-03 9.236536920070648193e-03 9.478598088026046753e-02 9.034989401698112488e-03 9.236536920070648193e-03 9.478598088026046753e-02
1.567000000000000000e+06 8.659274317324161530e-03 9.172725491225719452e-03 9.655857831239700317e-02 8.659274317324161530e-03 9.172725491225719452e-03 9.655857831239700317e-02
1.568000000000000000e+06 7.749347947537899017e-03 9.219220839440822601e-03 9.416514635086059570e-02 7.749347947537899017e-03 9.219220839440822601e-03 9.416514635086059570e-02
1.569000000000000000e+06 7.488238159567117691e-03 9.210283868014812469e-03 9.460964798927307129e-02 7.488238159567117691e-03 9.210283868014812469e-03 9.460964798927307129e-02
1.570000000000000000e+06 8.894073776900768280e-03 9.170682169497013092e-03 9.462091326713562012e-02 8.894073776900768280e-03 9.170682169497013092e-03 9.462091326713562012e-02
1.571000000000000000e+06 8.281973190605640411e-03 9.224238805472850800e-03 9.687108546495437622e-02 8.281973190605640411e-03 9.224238805472850800e-03 9.687108546495437622e-02
1.572000000000000000e+06 7.817074656486511230e-03 9.180684573948383331e-03 9.355570375919342041e-02 7.817074656486511230e-03 9.180684573948383331e-03 9.355570375919342041e-02
1.573000000000000000e+06 7.178963627666234970e-03 9.192284196615219116e-03 9.349607676267623901e-02 7.178963627666234970e-03 9.192284196615219116e-03 9.349607676267623901e-02
1.574000000000000000e+06 8.445442654192447662e-03 9.198145009577274323e-03 9.392599761486053467e-02 8.445442654192447662e-03 9.198145009577274323e-03 9.392599761486053467e-02
1.575000000000000000e+06 8.503375574946403503e-03 9.178026579320430756e-03 9.425041824579238892e-02 8.503375574946403503e-03 9.178026579320430756e-03 9.425041824579238892e-02
1.576000000000000000e+06 7.910784333944320679e-03 9.225116111338138580e-03 9.432177990674972534e-02 7.910784333944320679e-03 9.225116111338138580e-03 9.432177990674972534e-02
1.577000000000000000e+06 7.703466340899467468e-03 9.203209541738033295e-03 9.412987530231475830e-02 7.703466340899467468e-03 9.203209541738033295e-03 9.412987530231475830e-02
1.578000000000000000e+06 8.011986501514911652e-03 9.191260673105716705e-03 9.482844918966293335e-02 8.011986501514911652e-03 9.191260673105716705e-03 9.482844918966293335e-02
1.579000000000000000e+06 7.413639687001705170e-03 9.175713174045085907e-03 9.352522343397140503e-02 7.413639687001705170e-03 9.175713174045085907e-03 9.352522343397140503e-02
1.580000000000000000e+06 9.204830043017864227e-03 9.219706058502197266e-03 9.509488195180892944e-02 9.204830043017864227e-03 9.219706058502197266e-03 9.509488195180892944e-02
1.581000000000000000e+06 7.761524058878421783e-03 9.163522161543369293e-03 9.452047199010848999e-02 7.761524058878421783e-03 9.163522161543369293e-03 9.452047199010848999e-02
1.582000000000000000e+06 8.368528448045253754e-03 9.151643142104148865e-03 9.454632550477981567e-02 8.368528448045253754e-03 9.151643142104148865e-03 9.454632550477981567e-02
1.583000000000000000e+06 7.796464487910270691e-03 9.207000955939292908e-03 9.428974241018295288e-02 7.796464487910270691e-03 9.207000955939292908e-03 9.428974241018295288e-02
1.584000000000000000e+06 8.047258481383323669e-03 9.175356477499008179e-03 9.344432502985000610e-02 8.047258481383323669e-03 9.175356477499008179e-03 9.344432502985000610e-02
1.585000000000000000e+06 7.288964930921792984e-03 9.203957393765449524e-03 9.284266084432601929e-02 7.288964930921792984e-03 9.203957393765449524e-03 9.284266084432601929e-02
1.586000000000000000e+06 9.860605001449584961e-03 9.185584262013435364e-03 9.726071357727050781e-02 9.860605001449584961e-03 9.185584262013435364e-03 9.726071357727050781e-02
1.587000000000000000e+06 8.152109570801258087e-03 9.180473163723945618e-03 9.351916611194610596e-02 8.152109570801258087e-03 9.180473163723945618e-03 9.351916611194610596e-02
1.588000000000000000e+06 6.983869709074497223e-03 9.209179319441318512e-03 9.285205602645874023e-02 6.983869709074497223e-03 9.209179319441318512e-03 9.285205602645874023e-02
1.589000000000000000e+06 7.411979138851165771e-03 9.179415181279182434e-03 9.324220567941665649e-02 7.411979138851165771e-03 9.179415181279182434e-03 9.324220567941665649e-02
1.590000000000000000e+06 8.371409960091114044e-03 9.230825118720531464e-03 9.316824376583099365e-02 8.371409960091114044e-03 9.230825118720531464e-03 9.316824376583099365e-02
1.591000000000000000e+06 8.506156504154205322e-03 9.157950058579444885e-03 9.319198131561279297e-02 8.506156504154205322e-03 9.157950058579444885e-03 9.319198131561279297e-02
1.592000000000000000e+06 7.867394946515560150e-03 9.168804623186588287e-03 9.373112767934799194e-02 7.867394946515560150e-03 9.168804623186588287e-03 9.373112767934799194e-02
1.593000000000000000e+06 7.201022002846002579e-03 9.190653450787067413e-03 9.299430251121520996e-02 7.201022002846002579e-03 9.190653450787067413e-03 9.299430251121520996e-02
1.594000000000000000e+06 8.220598101615905762e-03 9.168837219476699829e-03 9.437587112188339233e-02 8.220598101615905762e-03 9.168837219476699829e-03 9.437587112188339233e-02
1.595000000000000000e+06 7.147279102355241776e-03 9.217686951160430908e-03 9.423141926527023315e-02 7.147279102355241776e-03 9.217686951160430908e-03 9.423141926527023315e-02
1.596000000000000000e+06 7.399651687592267990e-03 9.185465984046459198e-03 9.372033178806304932e-02 7.399651687592267990e-03 9.185465984046459198e-03 9.372033178806304932e-02
1.597000000000000000e+06 7.990296930074691772e-03 9.187907911837100983e-03 9.598221629858016968e-02 7.990296930074691772e-03 9.187907911837100983e-03 9.598221629858016968e-02
1.598000000000000000e+06 8.123815990984439850e-03 9.173757396638393402e-03 9.337465465068817139e-02 8.123815990984439850e-03 9.173757396638393402e-03 9.337465465068817139e-02
1.599000000000000000e+06 7.918020710349082947e-03 9.195183403789997101e-03 9.388215839862823486e-02 7.918020710349082947e-03 9.195183403789997101e-03 9.388215839862823486e-02
1.600000000000000000e+06 7.887982763350009918e-03 9.175924584269523621e-03 9.358398616313934326e-02 7.887982763350009918e-03 9.175924584269523621e-03 9.358398616313934326e-02
1.601000000000000000e+06 8.074862882494926453e-03 9.216562844812870026e-03 9.327495843172073364e-02 8.074862882494926453e-03 9.216562844812870026e-03 9.327495843172073364e-02
1.602000000000000000e+06 8.295119740068912506e-03 9.185007773339748383e-03 9.361737966537475586e-02 8.295119740068912506e-03 9.185007773339748383e-03 9.361737966537475586e-02
1.603000000000000000e+06 7.127524353563785553e-03 9.168316610157489777e-03 9.294223785400390625e-02 7.127524353563785553e-03 9.168316610157489777e-03 9.294223785400390625e-02
1.604000000000000000e+06 8.197513408958911896e-03 9.212835691869258881e-03 9.387692809104919434e-02 8.197513408958911896e-03 9.212835691869258881e-03 9.387692809104919434e-02
1.605000000000000000e+06 9.129026904702186584e-03 9.180645458400249481e-03 9.368443489074707031e-02 9.129026904702186584e-03 9.180645458400249481e-03 9.368443489074707031e-02
1.606000000000000000e+06 8.135779760777950287e-03 9.154482744634151459e-03 9.369513392448425293e-02 8.135779760777950287e-03 9.154482744634151459e-03 9.369513392448425293e-02
1.607000000000000000e+06 8.037657476961612701e-03 9.161866270005702972e-03 9.355113655328750610e-02 8.037657476961612701e-03 9.161866270005702972e-03 9.355113655328750610e-02
1.608000000000000000e+06 7.626243866980075836e-03 9.181951172649860382e-03 9.598083794116973877e-02 7.626243866980075836e-03 9.181951172649860382e-03 9.598083794116973877e-02
1.609000000000000000e+06 8.143044076859951019e-03 9.166969917714595795e-03 9.344511479139328003e-02 8.143044076859951019e-03 9.166969917714595795e-03 9.344511479139328003e-02
1.610000000000000000e+06 8.152380585670471191e-03 9.170639328658580780e-03 9.261468052864074707e-02 8.152380585670471191e-03 9.170639328658580780e-03 9.261468052864074707e-02
1.611000000000000000e+06 7.256613578647375107e-03 9.168226271867752075e-03 9.255203604698181152e-02 7.256613578647375107e-03 9.168226271867752075e-03 9.255203604698181152e-02
1.612000000000000000e+06 7.561885286122560501e-03 9.203167632222175598e-03 9.324721992015838623e-02 7.561885286122560501e-03 9.203167632222175598e-03 9.324721992015838623e-02
1.613000000000000000e+06 7.641992997378110886e-03 9.183766320347785950e-03 9.302442520856857300e-02 7.641992997378110886e-03 9.183766320347785950e-03 9.302442520856857300e-02
1.614000000000000000e+06 7.476964965462684631e-03 9.189028292894363403e-03 9.228006750345230103e-02 7.476964965462684631e-03 9.189028292894363403e-03 9.228006750345230103e-02
1.615000000000000000e+06 7.316999603062868118e-03 9.181336499750614166e-03 9.268143028020858765e-02 7.316999603062868118e-03 9.181336499750614166e-03 9.268143028020858765e-02
1.616000000000000000e+06 7.221973035484552383e-03 9.161137044429779053e-03 9.214666485786437988e-02 7.221973035484552383e-03 9.161137044429779053e-03 9.214666485786437988e-02
1.617000000000000000e+06 8.752552792429924011e-03 9.169726632535457611e-03 9.344196319580078125e-02 8.752552792429924011e-03 9.169726632535457611e-03 9.344196319580078125e-02
1.618000000000000000e+06 8.609364740550518036e-03 9.190116077661514282e-03 9.406703710556030273e-02 8.609364740550518036e-03 9.190116077661514282e-03 9.406703710556030273e-02
1.619000000000000000e+06 8.652135729789733887e-03 9.161049500107765198e-03 9.275283664464950562e-02 8.652135729789733887e-03 9.161049500107765198e-03 9.275283664464950562e-02
1.620000000000000000e+06 7.920244708657264709e-03 9.175147861242294312e-03 9.344636648893356323e-02 7.920244708657264709e-03 9.175147861242294312e-03 9.344636648893356323e-02
1.621000000000000000e+06 7.988115772604942322e-03 9.212497621774673462e-03 9.325959533452987671e-02 7.988115772604942322e-03 9.212497621774673462e-03 9.325959533452987671e-02
1.622000000000000000e+06 7.724506314843893051e-03 9.180140681564807892e-03 9.222804009914398193e-02 7.724506314843893051e-03 9.180140681564807892e-03 9.222804009914398193e-02
1.623000000000000000e+06 7.521921768784523010e-03 9.170225821435451508e-03 9.285403788089752197e-02 7.521921768784523010e-03 9.170225821435451508e-03 9.285403788089752197e-02
1.624000000000000000e+06 7.681454531848430634e-03 9.201048873364925385e-03 9.263193607330322266e-02 7.681454531848430634e-03 9.201048873364925385e-03 9.263193607330322266e-02
1.625000000000000000e+06 8.182385005056858063e-03 9.145068004727363586e-03 9.317370504140853882e-02 8.182385005056858063e-03 9.145068004727363586e-03 9.317370504140853882e-02
1.626000000000000000e+06 7.673616055399179459e-03 9.204541333019733429e-03 9.313638508319854736e-02 7.673616055399179459e-03 9.204541333019733429e-03 9.313638508319854736e-02
1.627000000000000000e+06 7.228152360767126083e-03 9.150018915534019470e-03 9.231766313314437866e-02 7.228152360767126083e-03 9.150018915534019470e-03 9.231766313314437866e-02
1.628000000000000000e+06 7.664691656827926636e-03 9.144444949924945831e-03 9.160455316305160522e-02 7.664691656827926636e-03 9.144444949924945831e-03 9.160455316305160522e-02
1.629000000000000000e+06 7.943546399474143982e-03 9.179996326565742493e-03 9.457943588495254517e-02 7.943546399474143982e-03 9.179996326565742493e-03 9.457943588495254517e-02
1.630000000000000000e+06 8.631288073956966400e-03 9.167852811515331268e-03 9.374449402093887329e-02 8.631288073956966400e-03 9.167852811515331268e-03 9.374449402093887329e-02
1.631000000000000000e+06 7.063890807330608368e-03 9.174800477921962738e-03 9.243178367614746094e-02 7.063890807330608368e-03 9.174800477921962738e-03 9.243178367614746094e-02
1.632000000000000000e+06 7.597235962748527527e-03 9.144315496087074280e-03 9.180708229541778564e-02 7.597235962748527527e-03 9.144315496087074280e-03 9.180708229541778564e-02
1.633000000000000000e+06 8.504144847393035889e-03 9.108003228902816772e-03 9.302039444446563721e-02 8.504144847393035889e-03 9.108003228902816772e-03 9.302039444446563721e-02
1.634000000000000000e+06 8.251118473708629608e-03 9.212825447320938110e-03 9.342572093009948730e-02 8.251118473708629608e-03 9.212825447320938110e-03 9.342572093009948730e-02
1.635000000000000000e+06 7.801739033311605453e-03 9.190397337079048157e-03 9.201096743345260620e-02 7.801739033311605453e-03 9.190397337079048157e-03 9.201096743345260620e-02
1.636000000000000000e+06 7.519373670220375061e-03 9.176715277135372162e-03 9.248156100511550903e-02 7.519373670220375061e-03 9.176715277135372162e-03 9.248156100511550903e-02
1.637000000000000000e+06 7.088105659931898117e-03 9.170430712401866913e-03 9.234867990016937256e-02 7.088105659931898117e-03 9.170430712401866913e-03 9.234867990016937256e-02
1.638000000000000000e+06 7.153125479817390442e-03 9.200128726661205292e-03 9.145516902208328247e-02 7.153125479817390442e-03 9.200128726661205292e-03 9.145516902208328247e-02
1.639000000000000000e+06 8.025175891816616058e-03 9.153366088867187500e-03 9.310472756624221802e-02 8.025175891816616058e-03 9.153366088867187500e-03 9.310472756624221802e-02
1.640000000000000000e+06 8.864644914865493774e-03 9.209460578858852386e-03 9.264683723449707031e-02 8.864644914865493774e-03 9.209460578858852386e-03 9.264683723449707031e-02
1.641000000000000000e+06 7.314417511224746704e-03 9.175205603241920471e-03 9.123238921165466309e-02 7.314417511224746704e-03 9.175205603241920471e-03 9.123238921165466309e-02
1.642000000000000000e+06 7.690124213695526123e-03 9.166949428617954254e-03 9.148713201284408569e-02 7.690124213695526123e-03 9.166949428617954254e-03 9.148713201284408569e-02
1.643000000000000000e+06 8.034637197852134705e-03 9.151407517492771149e-03 9.189747273921966553e-02 8.034637197852134705e-03 9.151407517492771149e-03 9.189747273921966553e-02
1.644000000000000000e+06 8.164092898368835449e-03 9.153310209512710571e-03 9.258573502302169800e-02 8.164092898368835449e-03 9.153310209512710571e-03 9.258573502302169800e-02
1.645000000000000000e+06 6.891376338899135590e-03 9.178656153380870819e-03 9.084516018629074097e-02 6.891376338899135590e-03 9.178656153380870819e-03 9.084516018629074097e-02
1.646000000000000000e+06 7.760886102914810181e-03 9.190340526401996613e-03 9.198769927024841309e-02 7.760886102914810181e-03 9.190340526401996613e-03 9.198769927024841309e-02
1.647000000000000000e+06 7.460049353539943695e-03 9.194854646921157837e-03 9.167376905679702759e-02 7.460049353539943695e-03 9.194854646921157837e-03 9.167376905679702759e-02
1.648000000000000000e+06 7.998902350664138794e-03 9.180834516882896423e-03 9.160443395376205444e-02 7.998902350664138794e-03 9.180834516882896423e-03 9.160443395376205444e-02
1.649000000000000000e+06 7.667528465390205383e-03 9.154762141406536102e-03 9.259543567895889282e-02 7.667528465390205383e-03 9.154762141406536102e-03 9.259543567895889282e-02
1.650000000000000000e+06 8.581572212278842926e-03 9.146788157522678375e-03 9.272057563066482544e-02 8.581572212278842926e-03 9.146788157522678375e-03 9.272057563066482544e-02
1.651000000000000000e+06 8.036307990550994873e-03 9.149695746600627899e-03 9.277203679084777832e-02 8.036307990550994873e-03 9.149695746600627899e-03 9.277203679084777832e-02
1.652000000000000000e+06 8.040173910558223724e-03 9.148937650024890900e-03 9.145775437355041504e-02 8.040173910558223724e-03 9.148937650024890900e-03 9.145775437355041504e-02
1.653000000000000000e+06 7.415219210088253021e-03 9.184959344565868378e-03 9.280084818601608276e-02 7.415219210088253021e-03 9.184959344565868378e-03 9.280084818601608276e-02
1.654000000000000000e+06 8.251376450061798096e-03 9.200105443596839905e-03 9.271450340747833252e-02 8.251376450061798096e-03 9.200105443596839905e-03 9.271450340747833252e-02
1.655000000000000000e+06 7.842112332582473755e-03 9.193138219416141510e-03 9.222194552421569824e-02 7.842112332582473755e-03 9.193138219416141510e-03 9.222194552421569824e-02
1.656000000000000000e+06 8.353968150913715363e-03 9.163867682218551636e-03 9.330025315284729004e-02 8.353968150913715363e-03 9.163867682218551636e-03 9.330025315284729004e-02
1.657000000000000000e+06 7.664194796234369278e-03 9.182314388453960419e-03 9.150156378746032715e-02 7.664194796234369278e-03 9.182314388453960419e-03 9.150156378746032715e-02
1.658000000000000000e+06 7.728543132543563843e-03 9.192658588290214539e-03 9.172262996435165405e-02 7.728543132543563843e-03 9.192658588290214539e-03 9.172262996435165405e-02
1.659000000000000000e+06 7.573582231998443604e-03 9.181309491395950317e-03 9.279995411634445190e-02 7.573582231998443604e-03 9.181309491395950317e-03 9.279995411634445190e-02
1.660000000000000000e+06 9.769945405423641205e-03 9.131047874689102173e-03 9.180008620023727417e-02 9.769945405423641205e-03 9.131047874689102173e-03 9.180008620023727417e-02
1.661000000000000000e+06 7.965786382555961609e-03 9.200129657983779907e-03 9.180167317390441895e-02 7.965786382555961609e-03 9.200129657983779907e-03 9.180167317390441895e-02
1.662000000000000000e+06 8.512552827596664429e-03 9.115736931562423706e-03 9.192056208848953247e-02 8.512552827596664429e-03 9.115736931562423706e-03 9.192056208848953247e-02
1.663000000000000000e+06 7.850619032979011536e-03 9.144768118858337402e-03 9.159228205680847168e-02 7.850619032979011536e-03 9.144768118858337402e-03 9.159228205680847168e-02
1.664000000000000000e+06 8.056005463004112244e-03 9.147198870778083801e-03 9.203903377056121826e-02 8.056005463004112244e-03 9.147198870778083801e-03 9.203903377056121826e-02
1.665000000000000000e+06 8.629615418612957001e-03 9.181098081171512604e-03 9.176216274499893188e-02 8.629615418612957001e-03 9.181098081171512604e-03 9.176216274499893188e-02
1.666000000000000000e+06 7.870171219110488892e-03 9.152184240520000458e-03 9.123402088880538940e-02 7.870171219110488892e-03 9.152184240520000458e-03 9.123402088880538940e-02
1.667000000000000000e+06 7.047435734421014786e-03 9.141726419329643250e-03 9.115595370531082153e-02 7.047435734421014786e-03 9.141726419329643250e-03 9.115595370531082153e-02
1.668000000000000000e+06 8.128022775053977966e-03 9.137860499322414398e-03 9.142002463340759277e-02 8.128022775053977966e-03 9.137860499322414398e-03 9.142002463340759277e-02
1.669000000000000000e+06 8.076117374002933502e-03 9.145209565758705139e-03 9.138360619544982910e-02 8.076117374002933502e-03 9.145209565758705139e-03 9.138360619544982910e-02
1.670000000000000000e+06 7.293611764907836914e-03 9.142397902905941010e-03 9.104952961206436157e-02 7.293611764907836914e-03 9.142397902905941010e-03 9.104952961206436157e-02
1.671000000000000000e+06 7.233815267682075500e-03 9.181380271911621094e-03 9.103435277938842773e-02 7.233815267682075500e-03 9.181380271911621094e-03 9.103435277938842773e-02
1.672000000000000000e+06 7.194933015853166580e-03 9.184972383081912994e-03 9.183616191148757935e-02 7.194933015853166580e-03 9.184972383081912994e-03 9.183616191148757935e-02
1.673000000000000000e+06 8.542774245142936707e-03 9.133527986705303192e-03 9.261891245841979980e-02 8.542774245142936707e-03 9.133527986705303192e-03 9.261891245841979980e-02
1.674000000000000000e+06 7.674800232052803040e-03 9.150248952209949493e-03 9.243961423635482788e-02 7.674800232052803040e-03 9.150248952209949493e-03 9.243961423635482788e-02
1.675000000000000000e+06 9.293816052377223969e-03 9.141645394265651703e-03 9.106803685426712036e-02 9.293816052377223969e-03 9.141645394265651703e-03 9.106803685426712036e-02
1.676000000000000000e+06 8.388170041143894196e-03 9.222250431776046753e-03 9.116688370704650879e-02 8.388170041143894196e-03 9.222250431776046753e-03 9.116688370704650879e-02
1.677000000000000000e+06 8.468208834528923035e-03 9.194278158247470856e-03 9.258341789245605469e-02 8.468208834528923035e-03 9.194278158247470856e-03 9.258341789245605469e-02
1.678000000000000000e+06 7.935429923236370087e-03 9.152360260486602783e-03 9.094105660915374756e-02 7.935429923236370087e-03 9.152360260486602783e-03 9.094105660915374756e-02
1.679000000000000000e+06 6.915611680597066879e-03 9.144642390310764313e-03 9.024923294782638550e-02 6.915611680597066879e-03 9.144642390310764313e-03 9.024923294782638550e-02
1.680000000000000000e+06 7.350098807364702225e-03 9.163269773125648499e-03 9.102768450975418091e-02 7.350098807364702225e-03 9.163269773125648499e-03 9.102768450975418091e-02
1.681000000000000000e+06 8.630780503153800964e-03 9.169860742986202240e-03 9.177112579345703125e-02 8.630780503153800964e-03 9.169860742986202240e-03 9.177112579345703125e-02
1.682000000000000000e+06 8.661517873406410217e-03 9.152253158390522003e-03 9.101740270853042603e-02 8.661517873406410217e-03 9.152253158390522003e-03 9.101740270853042603e-02
1.683000000000000000e+06 8.048344403505325317e-03 9.200398810207843781e-03 9.087703377008438110e-02 8.048344403505325317e-03 9.200398810207843781e-03 9.087703377008438110e-02
1.684000000000000000e+06 7.743865717202425003e-03 9.164335206151008606e-03 9.079091995954513550e-02 7.743865717202425003e-03 9.164335206151008606e-03 9.079091995954513550e-02
1.685000000000000000e+06 8.196909911930561066e-03 9.173922240734100342e-03 8.988544344902038574e-02 8.196909911930561066e-03 9.173922240734100342e-03 8.988544344902038574e-02
1.686000000000000000e+06 7.502721622586250305e-03 9.151668287813663483e-03 9.083325415849685669e-02 7.502721622586250305e-03 9.151668287813663483e-03 9.083325415849685669e-02
1.687000000000000000e+06 7.791723124682903290e-03 9.164789691567420959e-03 9.020282328128814697e-02 7.791723124682903290e-03 9.164789691567420959e-03 9.020282328128814697e-02
1.688000000000000000e+06 7.938674651086330414e-03 9.154344908893108368e-03 9.102152287960052490e-02 7.938674651086330414e-03 9.154344908893108368e-03 9.102152287960052490e-02
1.689000000000000000e+06 7.185386959463357925e-03 9.139377623796463013e-03 8.956940472126007080e-02 7.185386959463357925e-03 9.139377623796463013e-03 8.956940472126007080e-02
1.690000000000000000e+06 8.132605813443660736e-03 9.129698388278484344e-03 9.005957841873168945e-02 8.132605813443660736e-03 9.129698388278484344e-03 9.005957841873168945e-02
1.691000000000000000e+06 7.282768376171588898e-03 9.182526730000972748e-03 8.988733589649200439e-02 7.282768376171588898e-03 9.182526730000972748e-03 8.988733589649200439e-02
1.692000000000000000e+06 8.720514364540576935e-03 9.159066714346408844e-03 9.081190079450607300e-02 8.720514364540576935e-03 9.159066714346408844e-03 9.081190079450607300e-02
1.693000000000000000e+06 8.992970921099185944e-03 9.101841598749160767e-03 9.108971804380416870e-02 8.992970921099185944e-03 9.101841598749160767e-03 9.108971804380416870e-02
1.694000000000000000e+06 8.293800987303256989e-03 9.187258780002593994e-03 9.119632840156555176e-02 8.293800987303256989e-03 9.187258780002593994e-03 9.119632840156555176e-02
1.695000000000000000e+06 7.895966991782188416e-03 9.159306064248085022e-03 9.064552932977676392e-02 7.895966991782188416e-03 9.159306064248085022e-03 9.064552932977676392e-02
1.696000000000000000e+06 7.867936976253986359e-03 9.160654619336128235e-03 9.047776460647583008e-02 7.867936976253986359e-03 9.160654619336128235e-03 9.047776460647583008e-02
1.697000000000000000e+06 7.000256329774856567e-03 9.152775630354881287e-03 9.005084633827209473e-02 7.000256329774856567e-03 9.152775630354881287e-03 9.005084633827209473e-02
1.698000000000000000e+06 7.687584031373262405e-03 9.150074794888496399e-03 9.004642069339752197e-02 7.687584031373262405e-03 9.150074794888496399e-03 9.004642069339752197e-02
1.699000000000000000e+06 8.079163730144500732e-03 9.165366180241107941e-03 9.123889356851577759e-02 8.079163730144500732e-03 9.165366180241107941e-03 9.123889356851577759e-02
1.700000000000000000e+06 9.133067913353443146e-03 9.194581769406795502e-03 9.078436344861984253e-02 9.133067913353443146e-03 9.194581769406795502e-03 9.078436344861984253e-02
1.701000000000000000e+06 7.832890376448631287e-03 9.143545292317867279e-03 9.005215764045715332e-02 7.832890376448631287e-03 9.143545292317867279e-03 9.005215764045715332e-02
1.702000000000000000e+06 7.288227323442697525e-03 9.156537242233753204e-03 9.085023403167724609e-02 7.288227323442697525e-03 9.156537242233753204e-03 9.085023403167724609e-02
1.703000000000000000e+06 7.439187262207269669e-03 9.164935909211635590e-03 9.019378572702407837e-02 7.439187262207269669e-03 9.164935909211635590e-03 9.019378572702407837e-02
1.704000000000000000e+06 8.206920698285102844e-03 9.148578159511089325e-03 9.215589612722396851e-02 8.206920698285102844e-03 9.148578159511089325e-03 9.215589612722396851e-02
1.705000000000000000e+06 8.594082668423652649e-03 9.173752740025520325e-03 9.133188426494598389e-02 8.594082668423652649e-03 9.173752740025520325e-03 9.133188426494598389e-02
1.706000000000000000e+06 8.022641763091087341e-03 9.158353321254253387e-03 8.969026803970336914e-02 8.022641763091087341e-03 9.158353321254253387e-03 8.969026803970336914e-02
1.707000000000000000e+06 8.083019405603408813e-03 9.166156873106956482e-03 9.074265509843826294e-02 8.083019405603408813e-03 9.166156873106956482e-03 9.074265509843826294e-02
1.708000000000000000e+06 7.409785408526659012e-03 9.123283438384532928e-03 8.954981714487075806e-02 7.409785408526659012e-03 9.123283438384532928e-03 8.954981714487075806e-02
1.709000000000000000e+06 7.634158246219158173e-03 9.111511521041393280e-03 9.044860303401947021e-02 7.634158246219158173e-03 9.111511521041393280e-03 9.044860303401947021e-02
1.710000000000000000e+06 8.309572003781795502e-03 9.183131158351898193e-03 9.086713939905166626e-02 8.309572003781795502e-03 9.183131158351898193e-03 9.086713939905166626e-02
1.711000000000000000e+06 8.283197879791259766e-03 9.133944287896156311e-03 9.040705114603042603e-02 8.283197879791259766e-03 9.133944287896156311e-03 9.040705114603042603e-02
1.712000000000000000e+06 7.885222323238849640e-03 9.143090806901454926e-03 8.965981006622314453e-02 7.885222323238849640e-03 9.143090806901454926e-03 8.965981006622314453e-02
1.713000000000000000e+06 8.287589997053146362e-03 9.107343852519989014e-03 9.126006811857223511e-02 8.287589997053146362e-03 9.107343852519989014e-03 9.126006811857223511e-02
1.714000000000000000e+06 8.775028400123119354e-03 9.138650260865688324e-03 9.012245386838912964e-02 8.775028400123119354e-03 9.138650260865688324e-03 9.012245386838912964e-02
1.715000000000000000e+06 7.143340073525905609e-03 9.127641096711158752e-03 8.908266574144363403e-02 7.143340073525905609e-03 9.127641096711158752e-03 8.908266574144363403e-02
1.716000000000000000e+06 7.962147705256938934e-03 9.143274277448654175e-03 8.996018767356872559e-02 7.962147705256938934e-03 9.143274277448654175e-03 8.996018767356872559e-02
1.717000000000000000e+06 8.971684612333774567e-03 9.112092666327953339e-03 8.996838331222534180e-02 8.971684612333774567e-03 9.112092666327953339e-03 8.996838331222534180e-02
1.718000000000000000e+06 7.097009569406509399e-03 9.131875820457935333e-03 9.061364829540252686e-02 7.097009569406509399e-03 9.131875820457935333e-03 9.061364829540252686e-02
1.719000000000000000e+06 7.082562893629074097e-03 9.151630103588104248e-03 9.002171456813812256e-02 7.082562893629074097e-03 9.151630103588104248e-03 9.002171456813812256e-02
1.720000000000000000e+06 6.973440293222665787e-03 9.152107872068881989e-03 9.015689790248870850e-02 6.973440293222665787e-03 9.152107872068881989e-03 9.015689790248870850e-02
1.721000000000000000e+06 7.247313857078552246e-03 9.161998517811298370e-03 8.995074033737182617e-02 7.247313857078552246e-03 9.161998517811298370e-03 8.995074033737182617e-02
1.722000000000000000e+06 7.314275018870830536e-03 9.175001643598079681e-03 8.900596946477890015e-02 7.314275018870830536e-03 9.175001643598079681e-03 8.900596946477890015e-02
1.723000000000000000e+06 7.234754972159862518e-03 9.145139716565608978e-03 8.979067206382751465e-02 7.234754972159862518e-03 9.145139716565608978e-03 8.979067206382751465e-02
1.724000000000000000e+06 7.244354113936424255e-03 9.158924221992492676e-03 8.916679769754409790e-02 7.244354113936424255e-03 9.158924221992492676e-03 8.916679769754409790e-02
1.725000000000000000e+06 7.201610598713159561e-03 9.148964658379554749e-03 8.837541192770004272e-02 7.201610598713159561e-03 9.148964658379554749e-03 8.837541192770004272e-02
1.726000000000000000e+06 8.034031838178634644e-03 9.097918868064880371e-03 8.896902203559875488e-02 8.034031838178634644e-03 9.097918868064880371e-03 8.896902203559875488e-02
1.727000000000000000e+06 8.658042177557945251e-03 9.161906316876411438e-03 8.885233104228973389e-02 8.658042177557945251e-03 9.161906316876411438e-03 8.885233104228973389e-02
1.728000000000000000e+06 8.844561874866485596e-03 9.182364679872989655e-03 8.947619050741195679e-02 8.844561874866485596e-03 9.182364679872989655e-03 8.947619050741195679e-02
1.729000000000000000e+06 7.363779470324516296e-03 9.109725244343280792e-03 8.974751830101013184e-02 7.363779470324516296e-03 9.109725244343280792e-03 8.974751830101013184e-02
1.730000000000000000e+06 7.261625025421380997e-03 9.126761928200721741e-03 8.985112607479095459e-02 7.261625025421380997e-03 9.126761928200721741e-03 8.985112607479095459e-02
1.731000000000000000e+06 7.693019229918718338e-03 9.133324958384037018e-03 8.974587917327880859e-02 7.693019229918718338e-03 9.133324958384037018e-03 8.974587917327880859e-02
1.732000000000000000e+06 7.423402275890111923e-03 9.115964174270629883e-03 8.917671442031860352e-02 7.423402275890111923e-03 9.115964174270629883e-03 8.917671442031860352e-02
1.733000000000000000e+06 8.094922639429569244e-03 9.156684391200542450e-03 8.933808654546737671e-02 8.094922639429569244e-03 9.156684391200542450e-03 8.933808654546737671e-02
1.734000000000000000e+06 7.673953194171190262e-03 9.157234802842140198e-03 8.959856629371643066e-02 7.673953194171190262e-03 9.157234802842140198e-03 8.959856629371643066e-02
1.735000000000000000e+06 7.748161442577838898e-03 9.115039370954036713e-03 9.055283665657043457e-02 7.748161442577838898e-03 9.115039370954036713e-03 9.055283665657043457e-02
1.736000000000000000e+06 8.697913028299808502e-03 9.124977514147758484e-03 8.962108194828033447e-02 8.697913028299808502e-03 9.124977514147758484e-03 8.962108194828033447e-02
1.737000000000000000e+06 8.711160160601139069e-03 9.147224016487598419e-03 9.046895802021026611e-02 8.711160160601139069e-03 9.147224016487598419e-03 9.046895802021026611e-02
1.738000000000000000e+06 8.037865161895751953e-03 9.155932813882827759e-03 8.948343992233276367e-02 8.037865161895751953e-03 9.155932813882827759e-03 8.948343992233276367e-02
1.739000000000000000e+06 7.955909706652164459e-03 9.093545377254486084e-03 8.964592963457107544e-02 7.955909706652164459e-03 9.093545377254486084e-03 8.964592963457107544e-02
1.740000000000000000e+06 7.970538921654224396e-03 9.152482263743877411e-03 8.910204470157623291e-02 7.970538921654224396e-03 9.152482263743877411e-03 8.910204470157623291e-02
1.741000000000000000e+06 7.566808722913265228e-03 9.155931882560253143e-03 8.820886909961700439e-02 7.566808722913265228e-03 9.155931882560253143e-03 8.820886909961700439e-02
1.742000000000000000e+06 8.037442341446876526e-03 9.127219207584857941e-03 8.976503461599349976e-02 8.037442341446876526e-03 9.127219207584857941e-03 8.976503461599349976e-02
1.743000000000000000e+06 7.815655320882797241e-03 9.164016693830490112e-03 8.890347927808761597e-02 7.815655320882797241e-03 9.164016693830490112e-03 8.890347927808761597e-02
1.744000000000000000e+06 7.714618463069200516e-03 9.167304262518882751e-03 9.050056338310241699e-02 7.714618463069200516e-03 9.167304262518882751e-03 9.050056338310241699e-02
1.745000000000000000e+06 7.379107642918825150e-03 9.131812490522861481e-03 8.858480304479598999e-02 7.379107642918825150e-03 9.131812490522861481e-03 8.858480304479598999e-02
1.746000000000000000e+06 8.088815957307815552e-03 9.161870926618576050e-03 8.937352895736694336e-02 8.088815957307815552e-03 9.161870926618576050e-03 8.937352895736694336e-02
1.747000000000000000e+06 7.461869623512029648e-03 9.142811410129070282e-03 8.901599794626235962e-02 7.461869623512029648e-03 9.142811410129070282e-03 8.901599794626235962e-02
1.748000000000000000e+06 8.106473833322525024e-03 9.098952636122703552e-03 8.945528417825698853e-02 8.106473833322525024e-03 9.098952636122703552e-03 8.945528417825698853e-02
1.749000000000000000e+06 8.062152191996574402e-03 9.129725396633148193e-03 8.902149647474288940e-02 8.062152191996574402e-03 9.129725396633148193e-03 8.902149647474288940e-02
1.750000000000000000e+06 8.140084333717823029e-03 9.110610000789165497e-03 8.803057670593261719e-02 8.140084333717823029e-03 9.110610000789165497e-03 8.803057670593261719e-02
1.751000000000000000e+06 7.673426996916532516e-03 9.134141728281974792e-03 8.916907012462615967e-02 7.673426996916532516e-03 9.134141728281974792e-03 8.916907012462615967e-02
1.752000000000000000e+06 7.837967947125434875e-03 9.114535525441169739e-03 8.836226910352706909e-02 7.837967947125434875e-03 9.114535525441169739e-03 8.836226910352706909e-02
1.753000000000000000e+06 7.108247373253107071e-03 9.139091707766056061e-03 8.815467357635498047e-02 7.108247373253107071e-03 9.139091707766056061e-03 8.815467357635498047e-02
1.754000000000000000e+06 8.728994056582450867e-03 9.145027026534080505e-03 8.897130936384201050e-02 8.728994056582450867e-03 9.145027026534080505e-03 8.897130936384201050e-02
1.755000000000000000e+06 7.493613753467798233e-03 9.160121902823448181e-03 8.812469244003295898e-02 7.493613753467798233e-03 9.160121902823448181e-03 8.812469244003295898e-02
1.756000000000000000e+06 7.743174210190773010e-03 9.149736724793910980e-03 8.865806460380554199e-02 7.743174210190773010e-03 9.149736724793910980e-03 8.865806460380554199e-02
1.757000000000000000e+06 8.182157762348651886e-03 9.150505065917968750e-03 8.894626051187515259e-02 8.182157762348651886e-03 9.150505065917968750e-03 8.894626051187515259e-02
1.758000000000000000e+06 7.565455976873636246e-03 9.140468202531337738e-03 8.730194717645645142e-02 7.565455976873636246e-03 9.140468202531337738e-03 8.730194717645645142e-02
1.759000000000000000e+06 7.923307828605175018e-03 9.158252738416194916e-03 8.873368799686431885e-02 7.923307828605175018e-03 9.158252738416194916e-03 8.873368799686431885e-02
1.760000000000000000e+06 7.621330674737691879e-03 9.123490191996097565e-03 8.938722312450408936e-02 7.621330674737691879e-03 9.123490191996097565e-03 8.938722312450408936e-02
1.761000000000000000e+06 6.865110713988542557e-03 9.173056110739707947e-03 8.755989372730255127e-02 6.865110713988542557e-03 9.173056110739707947e-03 8.755989372730255127e-02
1.762000000000000000e+06 7.133434992283582687e-03 9.159985929727554321e-03 8.726371824741363525e-02 7.133434992283582687e-03 9.159985929727554321e-03 8.726371824741363525e-02
1.763000000000000000e+06 8.020773530006408691e-03 9.131826460361480713e-03 8.861649781465530396e-02 8.020773530006408691e-03 9.131826460361480713e-03 8.861649781465530396e-02
1.764000000000000000e+06 7.926759310066699982e-03 9.142639115452766418e-03 8.877964317798614502e-02 7.926759310066699982e-03 9.142639115452766418e-03 8.877964317798614502e-02
1.765000000000000000e+06 7.353118155151605606e-03 9.119681082665920258e-03 8.818133175373077393e-02 7.353118155151605606e-03 9.119681082665920258e-03 8.818133175373077393e-02
1.766000000000000000e+06 7.414809428155422211e-03 9.153984487056732178e-03 8.728891611099243164e-02 7.414809428155422211e-03 9.153984487056732178e-03 8.728891611099243164e-02
1.767000000000000000e+06 7.690181024372577667e-03 9.157123044133186340e-03 8.878374099731445312e-02 7.690181024372577667e-03 9.157123044133186340e-03 8.878374099731445312e-02
1.768000000000000000e+06 8.596239611506462097e-03 9.116840548813343048e-03 8.864452689886093140e-02 8.596239611506462097e-03 9.116840548813343048e-03 8.864452689886093140e-02
1.769000000000000000e+06 7.760461419820785522e-03 9.123132564127445221e-03 8.867537230253219604e-02 7.760461419820785522e-03 9.123132564127445221e-03 8.867537230253219604e-02
1.770000000000000000e+06 7.832807488739490509e-03 9.136580862104892731e-03 8.793616294860839844e-02 7.832807488739490509e-03 9.136580862104892731e-03 8.793616294860839844e-02
1.771000000000000000e+06 8.418525569140911102e-03 9.141154587268829346e-03 8.741296082735061646e-02 8.418525569140911102e-03 9.141154587268829346e-03 8.741296082735061646e-02
1.772000000000000000e+06 7.826182059943675995e-03 9.086973965167999268e-03 8.798823505640029907e-02 7.826182059943675995e-03 9.086973965167999268e-03 8.798823505640029907e-02
1.773000000000000000e+06 7.224086206406354904e-03 9.128767997026443481e-03 8.775202929973602295e-02 7.224086206406354904e-03 9.128767997026443481e-03 8.775202929973602295e-02
1.774000000000000000e+06 7.953757420182228088e-03 9.135489352047443390e-03 8.773465454578399658e-02 7.953757420182228088e-03 9.135489352047443390e-03 8.773465454578399658e-02
1.775000000000000000e+06 7.846296764910221100e-03 9.133654646575450897e-03 8.782641589641571045e-02 7.846296764910221100e-03 9.133654646575450897e-03 8.782641589641571045e-02
1.776000000000000000e+06 7.292172405868768692e-03 9.152092970907688141e-03 8.801824599504470825e-02 7.292172405868768692e-03 9.152092970907688141e-03 8.801824599504470825e-02
1.777000000000000000e+06 7.411514874547719955e-03 9.101248346269130707e-03 8.802579343318939209e-02 7.411514874547719955e-03 9.101248346269130707e-03 8.802579343318939209e-02
1.778000000000000000e+06 7.856292650103569031e-03 9.104222990572452545e-03 8.771698176860809326e-02 7.856292650103569031e-03 9.104222990572452545e-03 8.771698176860809326e-02
1.779000000000000000e+06 7.762827444821596146e-03 9.138436987996101379e-03 8.785428106784820557e-02 7.762827444821596146e-03 9.138436987996101379e-03 8.785428106784820557e-02
1.780000000000000000e+06 9.081318974494934082e-03 9.082234464585781097e-03 8.844119310379028320e-02 9.081318974494934082e-03 9.082234464585781097e-03 8.844119310379028320e-02
1.781000000000000000e+06 7.677938323467969894e-03 9.119375608861446381e-03 8.764023333787918091e-02 7.677938323467969894e-03 9.119375608861446381e-03 8.764023333787918091e-02
1.782000000000000000e+06 7.966883480548858643e-03 9.115899913012981415e-03 8.787541836500167847e-02 7.966883480548858643e-03 9.115899913012981415e-03 8.787541836500167847e-02
1.783000000000000000e+06 7.480476051568984985e-03 9.139655157923698425e-03 8.678677678108215332e-02 7.480476051568984985e-03 9.139655157923698425e-03 8.678677678108215332e-02
1.784000000000000000e+06 7.078246213495731354e-03 9.128544479608535767e-03 8.697854727506637573e-02 7.078246213495731354e-03 9.128544479608535767e-03 8.697854727506637573e-02
1.785000000000000000e+06 7.899655960500240326e-03 9.145803749561309814e-03 8.851293474435806274e-02 7.899655960500240326e-03 9.145803749561309814e-03 8.851293474435806274e-02
1.786000000000000000e+06 9.260772727429866791e-03 9.077599272131919861e-03 8.833995461463928223e-02 9.260772727429866791e-03 9.077599272131919861e-03 8.833995461463928223e-02
1.787000000000000000e+06 8.291367441415786743e-03 9.099043905735015869e-03 8.738973736763000488e-02 8.291367441415786743e-03 9.099043905735015869e-03 8.738973736763000488e-02
1.788000000000000000e+06 9.034827351570129395e-03 9.119094349443912506e-03 8.808122575283050537e-02 9.034827351570129395e-03 9.119094349443912506e-03 8.808122575283050537e-02
1.789000000000000000e+06 6.677597761154174805e-03 9.111938066780567169e-03 8.689839392900466919e-02 6.677597761154174805e-03 9.111938066780567169e-03 8.689839392900466919e-02
1.790000000000000000e+06 7.881312631070613861e-03 9.120998904109001160e-03 8.702819794416427612e-02 7.881312631070613861e-03 9.120998904109001160e-03 8.702819794416427612e-02
1.791000000000000000e+06 8.180837146937847137e-03 9.130237624049186707e-03 8.844355493783950806e-02 8.180837146937847137e-03 9.130237624049186707e-03 8.844355493783950806e-02
1.792000000000000000e+06 7.304643280804157257e-03 9.159723296761512756e-03 8.693305402994155884e-02 7.304643280804157257e-03 9.159723296761512756e-03 8.693305402994155884e-02
1.793000000000000000e+06 7.069489918649196625e-03 9.128306992352008820e-03 8.608632534742355347e-02 7.069489918649196625e-03 9.128306992352008820e-03 8.608632534742355347e-02
1.794000000000000000e+06 8.608364500105381012e-03 9.150249883532524109e-03 8.770199120044708252e-02 8.608364500105381012e-03 9.150249883532524109e-03 8.770199120044708252e-02
1.795000000000000000e+06 7.426658179610967636e-03 9.123613126575946808e-03 8.699044585227966309e-02 7.426658179610967636e-03 9.123613126575946808e-03 8.699044585227966309e-02
1.796000000000000000e+06 8.463579230010509491e-03 9.115814231336116791e-03 8.667272329330444336e-02 8.463579230010509491e-03 9.115814231336116791e-03 8.667272329330444336e-02
1.797000000000000000e+06 6.998891010880470276e-03 9.093089960515499115e-03 8.625885099172592163e-02 6.998891010880470276e-03 9.093089960515499115e-03 8.625885099172592163e-02
1.798000000000000000e+06 8.573149330914020538e-03 9.122802875936031342e-03 8.807739615440368652e-02 8.573149330914020538e-03 9.122802875936031342e-03 8.807739615440368652e-02
1.799000000000000000e+06 8.018121123313903809e-03 9.104160591959953308e-03 8.643856644630432129e-02 8.018121123313903809e-03 9.104160591959953308e-03 8.643856644630432129e-02
1.800000000000000000e+06 8.322234265506267548e-03 9.152656421065330505e-03 8.688315004110336304e-02 8.322234265506267548e-03 9.152656421065330505e-03 8.688315004110336304e-02
1.801000000000000000e+06 7.627449929714202881e-03 9.120079688727855682e-03 8.683732897043228149e-02 7.627449929714202881e-03 9.120079688727855682e-03 8.683732897043228149e-02
1.802000000000000000e+06 7.568184752017259598e-03 9.136823005974292755e-03 8.653336763381958008e-02 7.568184752017259598e-03 9.136823005974292755e-03 8.653336763381958008e-02
1.803000000000000000e+06 8.764244616031646729e-03 9.152914397418498993e-03 8.738372474908828735e-02 8.764244616031646729e-03 9.152914397418498993e-03 8.738372474908828735e-02
1.804000000000000000e+06 8.454930968582630157e-03 9.080590680241584778e-03 8.755383640527725220e-02 8.454930968582630157e-03 9.080590680241584778e-03 8.755383640527725220e-02
1.805000000000000000e+06 7.612885907292366028e-03 9.118227288126945496e-03 8.611766248941421509e-02 7.612885907292366028e-03 9.118227288126945496e-03 8.611766248941421509e-02
1.806000000000000000e+06 7.132284808903932571e-03 9.097754955291748047e-03 8.611202239990234375e-02 7.132284808903932571e-03 9.097754955291748047e-03 8.611202239990234375e-02
1.807000000000000000e+06 8.703744970262050629e-03 9.080884978175163269e-03 8.860916644334793091e-02 8.703744970262050629e-03 9.080884978175163269e-03 8.860916644334793091e-02
1.808000000000000000e+06 7.390764541923999786e-03 9.117921814322471619e-03 8.626363426446914673e-02 7.390764541923999786e-03 9.117921814322471619e-03 8.626363426446914673e-02
1.809000000000000000e+06 7.255006115883588791e-03 9.111517108976840973e-03 8.673015236854553223e-02 7.255006115883588791e-03 9.111517108976840973e-03 8.673015236854553223e-02
1.810000000000000000e+06 7.918799296021461487e-03 9.127113968133926392e-03 8.670228719711303711e-02 7.918799296021461487e-03 9.127113968133926392e-03 8.670228719711303711e-02
1.811000000000000000e+06 7.985523901879787445e-03 9.089314378798007965e-03 8.701068907976150513e-02 7.985523901879787445e-03 9.089314378798007965e-03 8.701068907976150513e-02
1.812000000000000000e+06 7.695188745856285095e-03 9.126909077167510986e-03 8.645568788051605225e-02 7.695188745856285095e-03 9.126909077167510986e-03 8.645568788051605225e-02
1.813000000000000000e+06 7.942210882902145386e-03 9.146673604846000671e-03 8.569745719432830811e-02 7.942210882902145386e-03 9.146673604846000671e-03 8.569745719432830811e-02
1.814000000000000000e+06 7.984456606209278107e-03 9.129942394793033600e-03 8.580250293016433716e-02 7.984456606209278107e-03 9.129942394793033600e-03 8.580250293016433716e-02
1.815000000000000000e+06 7.133033126592636108e-03 9.146882221102714539e-03 8.668280392885208130e-02 7.133033126592636108e-03 9.146882221102714539e-03 8.668280392885208130e-02
1.816000000000000000e+06 7.495449390262365341e-03 9.099576622247695923e-03 8.537017554044723511e-02 7.495449390262365341e-03 9.099576622247695923e-03 8.537017554044723511e-02
1.817000000000000000e+06 8.402689360082149506e-03 9.139500558376312256e-03 8.651186525821685791e-02 8.402689360082149506e-03 9.139500558376312256e-03 8.651186525821685791e-02
1.818000000000000000e+06 8.224376477301120758e-03 9.105829522013664246e-03 8.622670173645019531e-02 8.224376477301120758e-03 9.105829522013664246e-03 8.622670173645019531e-02
1.819000000000000000e+06 8.266064338386058807e-03 9.132266044616699219e-03 8.726342022418975830e-02 8.266064338386058807e-03 9.132266044616699219e-03 8.726342022418975830e-02
1.820000000000000000e+06 7.533182855695486069e-03 9.155724197626113892e-03 8.673813194036483765e-02 7.533182855695486069e-03 9.155724197626113892e-03 8.673813194036483765e-02
1.821000000000000000e+06 8.503037504851818085e-03 9.096811525523662567e-03 8.688993752002716064e-02 8.503037504851818085e-03 9.096811525523662567e-03 8.688993752002716064e-02
1.822000000000000000e+06 7.829065434634685516e-03 9.115956723690032959e-03 8.712065964937210083e-02 7.829065434634685516e-03 9.115956723690032959e-03 8.712065964937210083e-02
1.823000000000000000e+06 8.480503223836421967e-03 9.073588997125625610e-03 8.515831083059310913e-02 8.480503223836421967e-03 9.073588997125625610e-03 8.515831083059310913e-02
1.824000000000000000e+06 7.646820507943630219e-03 9.105798788368701935e-03 8.582505583763122559e-02 7.646820507943630219e-03 9.105798788368701935e-03 8.582505583763122559e-02
1.825000000000000000e+06 7.502499502152204514e-03 9.139216504991054535e-03 8.608306199312210083e-02 7.502499502152204514e-03 9.139216504991054535e-03 8.608306199312210083e-02
1.826000000000000000e+06 8.363911882042884827e-03 9.100879542529582977e-03 8.671115338802337646e-02 8.363911882042884827e-03 9.100879542529582977e-03 8.671115338802337646e-02
1.827000000000000000e+06 7.297999691218137741e-03 9.120726957917213440e-03 8.568456768989562988e-02 7.297999691218137741e-03 9.120726957917213440e-03 8.568456768989562988e-02
1.828000000000000000e+06 7.284562569111585617e-03 9.106449782848358154e-03 8.587447553873062134e-02 7.284562569111585617e-03 9.106449782848358154e-03 8.587447553873062134e-02
1.829000000000000000e+06 7.719969842582941055e-03 9.120719507336616516e-03 8.609081059694290161e-02 7.719969842582941055e-03 9.120719507336616516e-03 8.609081059694290161e-02
1.830000000000000000e+06 8.856303989887237549e-03 9.140742942690849304e-03 8.676154166460037231e-02 8.856303989887237549e-03 9.140742942690849304e-03 8.676154166460037231e-02
1.831000000000000000e+06 7.537565659731626511e-03 9.123992174863815308e-03 8.636047691106796265e-02 7.537565659731626511e-03 9.123992174863815308e-03 8.636047691106796265e-02
1.832000000000000000e+06 7.428960874676704407e-03 9.123325347900390625e-03 8.528675138950347900e-02 7.428960874676704407e-03 9.123325347900390625e-03 8.528675138950347900e-02
1.833000000000000000e+06 9.262132458388805389e-03 9.128065779805183411e-03 8.693023771047592163e-02 9.262132458388805389e-03 9.128065779805183411e-03 8.693023771047592163e-02
1.834000000000000000e+06 8.171482942998409271e-03 9.133591316640377045e-03 8.735256642103195190e-02 8.171482942998409271e-03 9.133591316640377045e-03 8.735256642103195190e-02
1.835000000000000000e+06 9.136597625911235809e-03 9.106896817684173584e-03 8.745538443326950073e-02 9.136597625911235809e-03 9.106896817684173584e-03 8.745538443326950073e-02
1.836000000000000000e+06 7.931223139166831970e-03 9.101894684135913849e-03 8.685725927352905273e-02 7.931223139166831970e-03 9.101894684135913849e-03 8.685725927352905273e-02
1.837000000000000000e+06 7.916760630905628204e-03 9.142518043518066406e-03 8.514655381441116333e-02 7.916760630905628204e-03 9.142518043518066406e-03 8.514655381441116333e-02
1.838000000000000000e+06 8.116761222481727600e-03 9.097765199840068817e-03 8.620407432317733765e-02 8.116761222481727600e-03 9.097765199840068817e-03 8.620407432317733765e-02
1.839000000000000000e+06 8.090934716165065765e-03 9.157910943031311035e-03 8.512126654386520386e-02 8.090934716165065765e-03 9.157910943031311035e-03 8.512126654386520386e-02
1.840000000000000000e+06 8.088286034762859344e-03 9.136305190622806549e-03 8.590994775295257568e-02 8.088286034762859344e-03 9.136305190622806549e-03 8.590994775295257568e-02
1.841000000000000000e+06 7.616246584802865982e-03 9.094605222344398499e-03 8.490586280822753906e-02 7.616246584802865982e-03 9.094605222344398499e-03 8.490586280822753906e-02
1.842000000000000000e+06 7.882841862738132477e-03 9.124925360083580017e-03 8.643409609794616699e-02 7.882841862738132477e-03 9.124925360083580017e-03 8.643409609794616699e-02
1.843000000000000000e+06 7.289950270205736160e-03 9.126390330493450165e-03 8.454858511686325073e-02 7.289950270205736160e-03 9.126390330493450165e-03 8.454858511686325073e-02
1.844000000000000000e+06 7.248796522617340088e-03 9.143896400928497314e-03 8.549188822507858276e-02 7.248796522617340088e-03 9.143896400928497314e-03 8.549188822507858276e-02
1.845000000000000000e+06 7.515674456954002380e-03 9.144817478954792023e-03 8.604265749454498291e-02 7.515674456954002380e-03 9.144817478954792023e-03 8.604265749454498291e-02
1.846000000000000000e+06 7.765308022499084473e-03 9.155984967947006226e-03 8.494528383016586304e-02 7.765308022499084473e-03 9.155984967947006226e-03 8.494528383016586304e-02
1.847000000000000000e+06 7.534197065979242325e-03 9.138419292867183685e-03 8.589442074298858643e-02 7.534197065979242325e-03 9.138419292867183685e-03 8.589442074298858643e-02
1.848000000000000000e+06 7.334772031754255295e-03 9.146545082330703735e-03 8.479131013154983521e-02 7.334772031754255295e-03 9.146545082330703735e-03 8.479131013154983521e-02
1.849000000000000000e+06 7.993130013346672058e-03 9.123676456511020660e-03 8.539281785488128662e-02 7.993130013346672058e-03 9.123676456511020660e-03 8.539281785488128662e-02
1.850000000000000000e+06 7.037575822323560715e-03 9.129418060183525085e-03 8.563733100891113281e-02 7.037575822323560715e-03 9.129418060183525085e-03 8.563733100891113281e-02
1.851000000000000000e+06 8.364098146557807922e-03 9.118389338254928589e-03 8.622776716947555542e-02 8.364098146557807922e-03 9.118389338254928589e-03 8.622776716947555542e-02
1.852000000000000000e+06 7.652259431779384613e-03 9.166028350591659546e-03 8.446543663740158081e-02 7.652259431779384613e-03 9.166028350591659546e-03 8.446543663740158081e-02
1.853000000000000000e+06 8.039974607527256012e-03 9.122692048549652100e-03 8.490544557571411133e-02 8.039974607527256012e-03 9.122692048549652100e-03 8.490544557571411133e-02
1.854000000000000000e+06 7.620380260050296783e-03 9.123036637902259827e-03 8.393133431673049927e-02 7.620380260050296783e-03 9.123036637902259827e-03 8.393133431673049927e-02
1.855000000000000000e+06 8.057394996285438538e-03 9.146451950073242188e-03 8.455521613359451294e-02 8.057394996285438538e-03 9.146451950073242188e-03 8.455521613359451294e-02
1.856000000000000000e+06 8.206713013350963593e-03 9.114737622439861298e-03 8.580647408962249756e-02 8.206713013350963593e-03 9.114737622439861298e-03 8.580647408962249756e-02
1.857000000000000000e+06 8.510346524417400360e-03 9.167200885713100433e-03 8.642218261957168579e-02 8.510346524417400360e-03 9.167200885713100433e-03 8.642218261957168579e-02
1.858000000000000000e+06 8.211484178900718689e-03 9.077360853552818298e-03 8.735030144453048706e-02 8.211484178900718689e-03 9.077360853552818298e-03 8.735030144453048706e-02
1.859000000000000000e+06 7.618564181029796600e-03 9.115814231336116791e-03 8.488314598798751831e-02 7.618564181029796600e-03 9.115814231336116791e-03 8.488314598798751831e-02
1.860000000000000000e+06 8.123252540826797485e-03 9.082203730940818787e-03 8.483050018548965454e-02 8.123252540826797485e-03 9.082203730940818787e-03 8.483050018548965454e-02
1.861000000000000000e+06 8.385172113776206970e-03 9.149813093245029449e-03 8.665408194065093994e-02 8.385172113776206970e-03 9.149813093245029449e-03 8.665408194065093994e-02
1.862000000000000000e+06 9.211314842104911804e-03 9.143983013927936554e-03 8.540962636470794678e-02 9.211314842104911804e-03 9.143983013927936554e-03 8.540962636470794678e-02
1.863000000000000000e+06 7.387084886431694031e-03 9.104291908442974091e-03 8.369616419076919556e-02 7.387084886431694031e-03 9.104291908442974091e-03 8.369616419076919556e-02
1.864000000000000000e+06 7.185600697994232178e-03 9.136392734944820404e-03 8.412845432758331299e-02 7.185600697994232178e-03 9.136392734944820404e-03 8.412845432758331299e-02
1.865000000000000000e+06 7.916462607681751251e-03 9.128891862928867340e-03 8.550047874450683594e-02 7.916462607681751251e-03 9.128891862928867340e-03 8.550047874450683594e-02
1.866000000000000000e+06 7.423403672873973846e-03 9.100886061787605286e-03 8.391220122575759888e-02 7.423403672873973846e-03 9.100886061787605286e-03 8.391220122575759888e-02
1.867000000000000000e+06 7.367942947894334793e-03 9.130178950726985931e-03 8.305636793375015259e-02 7.367942947894334793e-03 9.130178950726985931e-03 8.305636793375015259e-02
1.868000000000000000e+06 8.654112927615642548e-03 9.127601049840450287e-03 8.455049246549606323e-02 8.654112927615642548e-03 9.127601049840450287e-03 8.455049246549606323e-02
1.869000000000000000e+06 7.488532457500696182e-03 9.098932147026062012e-03 8.467990905046463013e-02 7.488532457500696182e-03 9.098932147026062012e-03 8.467990905046463013e-02
1.870000000000000000e+06 8.771371096372604370e-03 9.115251712501049042e-03 8.563723415136337280e-02 8.771371096372604370e-03 9.115251712501049042e-03 8.563723415136337280e-02
1.871000000000000000e+06 7.783194538205862045e-03 9.120169095695018768e-03 8.448573946952819824e-02 7.783194538205862045e-03 9.120169095695018768e-03 8.448573946952819824e-02
1.872000000000000000e+06 7.722660433501005173e-03 9.158719331026077271e-03 8.365271240472793579e-02 7.722660433501005173e-03 9.158719331026077271e-03 8.365271240472793579e-02
1.873000000000000000e+06 8.589657023549079895e-03 9.114122949540615082e-03 8.464397490024566650e-02 8.589657023549079895e-03 9.114122949540615082e-03 8.464397490024566650e-02
1.874000000000000000e+06 9.069494903087615967e-03 9.113673120737075806e-03 8.521305024623870850e-02 9.069494903087615967e-03 9.113673120737075806e-03 8.521305024623870850e-02
1.875000000000000000e+06 8.582097478210926056e-03 9.099769406020641327e-03 8.659297227859497070e-02 8.582097478210926056e-03 9.099769406020641327e-03 8.659297227859497070e-02
1.876000000000000000e+06 7.484283298254013062e-03 9.134950116276741028e-03 8.451172709465026855e-02 7.484283298254013062e-03 9.134950116276741028e-03 8.451172709465026855e-02
1.877000000000000000e+06 8.249896578490734100e-03 9.127289056777954102e-03 8.524505794048309326e-02 8.249896578490734100e-03 9.127289056777954102e-03 8.524505794048309326e-02
1.878000000000000000e+06 8.087627589702606201e-03 9.146853350102901459e-03 8.474284410476684570e-02 8.087627589702606201e-03 9.146853350102901459e-03 8.474284410476684570e-02
1.879000000000000000e+06 7.988993078470230103e-03 9.093374013900756836e-03 8.351442962884902954e-02 7.988993078470230103e-03 9.093374013900756836e-03 8.351442962884902954e-02
1.880000000000000000e+06 7.712622638791799545e-03 9.142364375293254852e-03 8.507484942674636841e-02 7.712622638791799545e-03 9.142364375293254852e-03 8.507484942674636841e-02
1.881000000000000000e+06 7.451692596077919006e-03 9.127640165388584137e-03 8.454816043376922607e-02 7.451692596077919006e-03 9.127640165388584137e-03 8.454816043376922607e-02
1.882000000000000000e+06 8.130147121846675873e-03 9.088679216802120209e-03 8.386931568384170532e-02 8.130147121846675873e-03 9.088679216802120209e-03 8.386931568384170532e-02
1.883000000000000000e+06 7.252928335219621658e-03 9.102523326873779297e-03 8.377615362405776978e-02 7.252928335219621658e-03 9.102523326873779297e-03 8.377615362405776978e-02
1.884000000000000000e+06 8.045019581913948059e-03 9.096050634980201721e-03 8.410143852233886719e-02 8.045019581913948059e-03 9.096050634980201721e-03 8.410143852233886719e-02
1.885000000000000000e+06 7.759673986583948135e-03 9.091888554394245148e-03 8.296905457973480225e-02 7.759673986583948135e-03 9.091888554394245148e-03 8.296905457973480225e-02
1.886000000000000000e+06 7.932883687317371368e-03 9.156362153589725494e-03 8.416890352964401245e-02 7.932883687317371368e-03 9.156362153589725494e-03 8.416890352964401245e-02
1.887000000000000000e+06 7.753119803965091705e-03 9.149715304374694824e-03 8.400216698646545410e-02 7.753119803965091705e-03 9.149715304374694824e-03 8.400216698646545410e-02
1.888000000000000000e+06 7.765053771436214447e-03 9.135731495916843414e-03 8.229953050613403320e-02 7.765053771436214447e-03 9.135731495916843414e-03 8.229953050613403320e-02
1.889000000000000000e+06 8.947145193815231323e-03 9.163998067378997803e-03 8.301175385713577271e-02 8.947145193815231323e-03 9.163998067378997803e-03 8.301175385713577271e-02
1.890000000000000000e+06 7.735976483672857285e-03 9.119230322539806366e-03 8.259507268667221069e-02 7.735976483672857285e-03 9.119230322539806366e-03 8.259507268667221069e-02
1.891000000000000000e+06 7.923495955765247345e-03 9.167996235191822052e-03 8.344619721174240112e-02 7.923495955765247345e-03 9.167996235191822052e-03 8.344619721174240112e-02
1.892000000000000000e+06 7.822201587259769440e-03 9.100893512368202209e-03 8.398105949163436890e-02 7.822201587259769440e-03 9.100893512368202209e-03 8.398105949163436890e-02
1.893000000000000000e+06 7.536942139267921448e-03 9.150870144367218018e-03 8.416010439395904541e-02 7.536942139267921448e-03 9.150870144367218018e-03 8.416010439395904541e-02
1.894000000000000000e+06 7.415271364152431488e-03 9.101134724915027618e-03 8.331656455993652344e-02 7.415271364152431488e-03 9.101134724915027618e-03 8.331656455993652344e-02
1.895000000000000000e+06 8.363549597561359406e-03 9.145085699856281281e-03 8.433852344751358032e-02 8.363549597561359406e-03 9.145085699856281281e-03 8.433852344751358032e-02
1.896000000000000000e+06 8.406446315348148346e-03 9.104684926569461823e-03 8.370990306138992310e-02 8.406446315348148346e-03 9.104684926569461823e-03 8.370990306138992310e-02
1.897000000000000000e+06 7.430541794747114182e-03 9.102572686970233917e-03 8.299782127141952515e-02 7.430541794747114182e-03 9.102572686970233917e-03 8.299782127141952515e-02
1.898000000000000000e+06 1.059157587587833405e-02 9.086214937269687653e-03 8.630970120429992676e-02 1.059157587587833405e-02 9.086214937269687653e-03 8.630970120429992676e-02
1.899000000000000000e+06 7.422219961881637573e-03 9.115332737565040588e-03 8.283462375402450562e-02 7.422219961881637573e-03 9.115332737565040588e-03 8.283462375402450562e-02
1.900000000000000000e+06 8.222391828894615173e-03 9.106426499783992767e-03 8.338266611099243164e-02 8.222391828894615173e-03 9.106426499783992767e-03 8.338266611099243164e-02
1.901000000000000000e+06 8.080615662038326263e-03 9.100510738790035248e-03 8.324709534645080566e-02 8.080615662038326263e-03 9.100510738790035248e-03 8.324709534645080566e-02
1.902000000000000000e+06 7.995904423296451569e-03 9.106769226491451263e-03 8.349276334047317505e-02 7.995904423296451569e-03 9.106769226491451263e-03 8.349276334047317505e-02
1.903000000000000000e+06 6.994314957410097122e-03 9.123935364186763763e-03 8.241694420576095581e-02 6.994314957410097122e-03 9.123935364186763763e-03 8.241694420576095581e-02
1.904000000000000000e+06 8.296733722090721130e-03 9.128487668931484222e-03 8.336652815341949463e-02 8.296733722090721130e-03 9.128487668931484222e-03 8.336652815341949463e-02
1.905000000000000000e+06 7.564199622720479965e-03 9.102210402488708496e-03 8.341881632804870605e-02 7.564199622720479965e-03 9.102210402488708496e-03 8.341881632804870605e-02
1.906000000000000000e+06 7.283239159733057022e-03 9.129102341830730438e-03 8.319713175296783447e-02 7.283239159733057022e-03 9.129102341830730438e-03 8.319713175296783447e-02
1.907000000000000000e+06 7.335097994655370712e-03 9.160591289401054382e-03 8.338510245084762573e-02 7.335097994655370712e-03 9.160591289401054382e-03 8.338510245084762573e-02
1.908000000000000000e+06 7.527545094490051270e-03 9.136115200817584991e-03 8.285122364759445190e-02 7.527545094490051270e-03 9.136115200817584991e-03 8.285122364759445190e-02
1.909000000000000000e+06 8.028589189052581787e-03 9.122766554355621338e-03 8.337742090225219727e-02 8.028589189052581787e-03 9.122766554355621338e-03 8.337742090225219727e-02
1.910000000000000000e+06 8.184540085494518280e-03 9.117112495005130768e-03 8.262734115123748779e-02 8.184540085494518280e-03 9.117112495005130768e-03 8.262734115123748779e-02
1.911000000000000000e+06 7.508205715566873550e-03 9.143813513219356537e-03 8.277542889118194580e-02 7.508205715566873550e-03 9.143813513219356537e-03 8.277542889118194580e-02
1.912000000000000000e+06 8.412138558924198151e-03 9.145674295723438263e-03 8.400154858827590942e-02 8.412138558924198151e-03 9.145674295723438263e-03 8.400154858827590942e-02
1.913000000000000000e+06 7.429156918078660965e-03 9.162093512713909149e-03 8.233316987752914429e-02 7.429156918078660965e-03 9.162093512713909149e-03 8.233316987752914429e-02
1.914000000000000000e+06 7.561127189546823502e-03 9.101848118007183075e-03 8.239039778709411621e-02 7.561127189546823502e-03 9.101848118007183075e-03 8.239039778709411621e-02
1.915000000000000000e+06 8.028451353311538696e-03 9.120378643274307251e-03 8.293134719133377075e-02 8.028451353311538696e-03 9.120378643274307251e-03 8.293134719133377075e-02
1.916000000000000000e+06 7.423940114676952362e-03 9.141427464783191681e-03 8.242029696702957153e-02 7.423940114676952362e-03 9.141427464783191681e-03 8.242029696702957153e-02
1.917000000000000000e+06 8.282014168798923492e-03 9.111390449106693268e-03 8.208674192428588867e-02 8.282014168798923492e-03 9.111390449106693268e-03 8.208674192428588867e-02
1.918000000000000000e+06 8.324740454554557800e-03 9.128453209996223450e-03 8.302652090787887573e-02 8.324740454554557800e-03 9.128453209996223450e-03 8.302652090787887573e-02
1.919000000000000000e+06 7.961386814713478088e-03 9.168817661702632904e-03 8.318768441677093506e-02 7.961386814713478088e-03 9.168817661702632904e-03 8.318768441677093506e-02
1.920000000000000000e+06 8.147741667926311493e-03 9.104453958570957184e-03 8.280406892299652100e-02 8.147741667926311493e-03 9.104453958570957184e-03 8.280406892299652100e-02
1.921000000000000000e+06 7.912685163319110870e-03 9.127841331064701080e-03 8.422438800334930420e-02 7.912685163319110870e-03 9.127841331064701080e-03 8.422438800334930420e-02
1.922000000000000000e+06 8.971759118139743805e-03 9.138355031609535217e-03 8.328560739755630493e-02 8.971759118139743805e-03 9.138355031609535217e-03 8.328560739755630493e-02
1.923000000000000000e+06 8.077963255345821381e-03 9.106420911848545074e-03 8.202949166297912598e-02 8.077963255345821381e-03 9.106420911848545074e-03 8.202949166297912598e-02
1.924000000000000000e+06 8.816660381853580475e-03 9.155335836112499237e-03 8.374208956956863403e-02 8.816660381853580475e-03 9.155335836112499237e-03 8.374208956956863403e-02
1.925000000000000000e+06 8.345785550773143768e-03 9.129619225859642029e-03 8.307983726263046265e-02 8.345785550773143768e-03 9.129619225859642029e-03 8.307983726263046265e-02
1.926000000000000000e+06 7.835790514945983887e-03 9.123330935835838318e-03 8.286011219024658203e-02 7.835790514945983887e-03 9.123330935835838318e-03 8.286011219024658203e-02
1.927000000000000000e+06 7.761335931718349457e-03 9.142822585999965668e-03 8.238627761602401733e-02 7.761335931718349457e-03 9.142822585999965668e-03 8.238627761602401733e-02
1.928000000000000000e+06 7.644552737474441528e-03 9.141821414232254028e-03 8.185148239135742188e-02 7.644552737474441528e-03 9.141821414232254028e-03 8.185148239135742188e-02
1.929000000000000000e+06 7.928989827632904053e-03 9.138396009802818298e-03 8.245806396007537842e-02 7.928989827632904053e-03 9.138396009802818298e-03 8.245806396007537842e-02
1.930000000000000000e+06 8.792025037109851837e-03 9.120821021497249603e-03 8.250790089368820190e-02 8.792025037109851837e-03 9.120821021497249603e-03 8.250790089368820190e-02
1.931000000000000000e+06 7.985191419720649719e-03 9.121014736592769623e-03 8.188980072736740112e-02 7.985191419720649719e-03 9.121014736592769623e-03 8.188980072736740112e-02
1.932000000000000000e+06 8.776905015110969543e-03 9.143733419477939606e-03 8.241740614175796509e-02 8.776905015110969543e-03 9.143733419477939606e-03 8.241740614175796509e-02
1.933000000000000000e+06 8.897885680198669434e-03 9.162693284451961517e-03 8.290793746709823608e-02 8.897885680198669434e-03 9.162693284451961517e-03 8.290793746709823608e-02
1.934000000000000000e+06 9.685018099844455719e-03 9.109846316277980804e-03 8.356647193431854248e-02 9.685018099844455719e-03 9.109846316277980804e-03 8.356647193431854248e-02
1.935000000000000000e+06 7.995014078915119171e-03 9.122294373810291290e-03 8.373541384935379028e-02 7.995014078915119171e-03 9.122294373810291290e-03 8.373541384935379028e-02
1.936000000000000000e+06 8.195736445486545563e-03 9.074529632925987244e-03 8.276230841875076294e-02 8.195736445486545563e-03 9.074529632925987244e-03 8.276230841875076294e-02
1.937000000000000000e+06 8.612461388111114502e-03 9.113713167607784271e-03 8.265299350023269653e-02 8.612461388111114502e-03 9.113713167607784271e-03 8.265299350023269653e-02
1.938000000000000000e+06 7.789934519678354263e-03 9.139850735664367676e-03 8.256028592586517334e-02 7.789934519678354263e-03 9.139850735664367676e-03 8.256028592586517334e-02
1.939000000000000000e+06 8.240990340709686279e-03 9.120961651206016541e-03 8.364033699035644531e-02 8.240990340709686279e-03 9.120961651206016541e-03 8.364033699035644531e-02
1.940000000000000000e+06 8.412860333919525146e-03 9.097793139517307281e-03 8.298966288566589355e-02 8.412860333919525146e-03 9.097793139517307281e-03 8.298966288566589355e-02
1.941000000000000000e+06 7.675513625144958496e-03 9.106295183300971985e-03 8.200006186962127686e-02 7.675513625144958496e-03 9.106295183300971985e-03 8.200006186962127686e-02
1.942000000000000000e+06 7.245107088238000870e-03 9.140751324594020844e-03 8.144371211528778076e-02 7.245107088238000870e-03 9.140751324594020844e-03 8.144371211528778076e-02
1.943000000000000000e+06 7.479756604880094528e-03 9.106739424169063568e-03 8.238594233989715576e-02 7.479756604880094528e-03 9.106739424169063568e-03 8.238594233989715576e-02
1.944000000000000000e+06 7.599131204187870026e-03 9.113185107707977295e-03 8.170308172702789307e-02 7.599131204187870026e-03 9.113185107707977295e-03 8.170308172702789307e-02
1.945000000000000000e+06 7.668779697269201279e-03 9.149259887635707855e-03 8.144004642963409424e-02 7.668779697269201279e-03 9.149259887635707855e-03 8.144004642963409424e-02
1.946000000000000000e+06 7.729550823569297791e-03 9.120015427470207214e-03 8.205402642488479614e-02 7.729550823569297791e-03 9.120015427470207214e-03 8.205402642488479614e-02
1.947000000000000000e+06 7.677981164306402206e-03 9.143738076090812683e-03 8.135230839252471924e-02 7.677981164306402206e-03 9.143738076090812683e-03 8.135230839252471924e-02
1.948000000000000000e+06 7.530681788921356201e-03 9.112697094678878784e-03 8.314444869756698608e-02 7.530681788921356201e-03 9.112697094678878784e-03 8.314444869756698608e-02
1.949000000000000000e+06 7.758631836622953415e-03 9.150697849690914154e-03 8.380450308322906494e-02 7.758631836622953415e-03 9.150697849690914154e-03 8.380450308322906494e-02
1.950000000000000000e+06 9.045473299920558929e-03 9.131008759140968323e-03 8.149717748165130615e-02 9.045473299920558929e-03 9.131008759140968323e-03 8.149717748165130615e-02
1.951000000000000000e+06 9.074000641703605652e-03 9.107504971325397491e-03 8.156943321228027344e-02 9.074000641703605652e-03 9.107504971325397491e-03 8.156943321228027344e-02
1.952000000000000000e+06 7.811431773006916046e-03 9.122266434133052826e-03 8.125084638595581055e-02 7.811431773006916046e-03 9.122266434133052826e-03 8.125084638595581055e-02
1.953000000000000000e+06 7.447787094861268997e-03 9.138135239481925964e-03 8.221366256475448608e-02 7.447787094861268997e-03 9.138135239481925964e-03 8.221366256475448608e-02
1.954000000000000000e+06 7.183273322880268097e-03 9.122790768742561340e-03 8.154249191284179688e-02 7.183273322880268097e-03 9.122790768742561340e-03 8.154249191284179688e-02
1.955000000000000000e+06 8.673397824168205261e-03 9.145228192210197449e-03 8.185490220785140991e-02 8.673397824168205261e-03 9.145228192210197449e-03 8.185490220785140991e-02
1.956000000000000000e+06 8.278843946754932404e-03 9.110757149755954742e-03 8.222022652626037598e-02 8.278843946754932404e-03 9.110757149755954742e-03 8.222022652626037598e-02
1.957000000000000000e+06 7.717253174632787704e-03 9.105301462113857269e-03 8.118849247694015503e-02 7.717253174632787704e-03 9.105301462113857269e-03 8.118849247694015503e-02
1.958000000000000000e+06 7.922434248030185699e-03 9.101627394556999207e-03 8.134765923023223877e-02 7.922434248030185699e-03 9.101627394556999207e-03 8.134765923023223877e-02
1.959000000000000000e+06 7.846681401133537292e-03 9.105019271373748779e-03 8.153967559337615967e-02 7.846681401133537292e-03 9.105019271373748779e-03 8.153967559337615967e-02
1.960000000000000000e+06 7.777877151966094971e-03 9.088343940675258636e-03 8.109797537326812744e-02 7.777877151966094971e-03 9.088343940675258636e-03 8.109797537326812744e-02
1.961000000000000000e+06 7.465186528861522675e-03 9.163562208414077759e-03 8.084332942962646484e-02 7.465186528861522675e-03 9.163562208414077759e-03 8.084332942962646484e-02
1.962000000000000000e+06 9.504828602075576782e-03 9.099497459828853607e-03 8.175444602966308594e-02 9.504828602075576782e-03 9.099497459828853607e-03 8.175444602966308594e-02
1.963000000000000000e+06 7.307346910238265991e-03 9.159895591437816620e-03 8.062091469764709473e-02 7.307346910238265991e-03 9.159895591437816620e-03 8.062091469764709473e-02
1.964000000000000000e+06 8.255622349679470062e-03 9.112473577260971069e-03 8.141463249921798706e-02 8.255622349679470062e-03 9.112473577260971069e-03 8.141463249921798706e-02
1.965000000000000000e+06 8.129641413688659668e-03 9.128324687480926514e-03 8.118880540132522583e-02 8.129641413688659668e-03 9.128324687480926514e-03 8.118880540132522583e-02
1.966000000000000000e+06 7.501732092350721359e-03 9.129930287599563599e-03 8.111544698476791382e-02 7.501732092350721359e-03 9.129930287599563599e-03 8.111544698476791382e-02
1.967000000000000000e+06 7.651818450540304184e-03 9.126232005655765533e-03 8.080958575010299683e-02 7.651818450540304184e-03 9.126232005655765533e-03 8.080958575010299683e-02
1.968000000000000000e+06 8.599082939326763153e-03 9.117238223552703857e-03 8.139377087354660034e-02 8.599082939326763153e-03 9.117238223552703857e-03 8.139377087354660034e-02
1.969000000000000000e+06 7.652331143617630005e-03 9.107097983360290527e-03 8.142694830894470215e-02 7.652331143617630005e-03 9.107097983360290527e-03 8.142694830894470215e-02
1.970000000000000000e+06 8.132877759635448456e-03 9.133533574640750885e-03 8.115016669034957886e-02 8.132877759635448456e-03 9.133533574640750885e-03 8.115016669034957886e-02
1.971000000000000000e+06 7.798335514962673187e-03 9.129566140472888947e-03 8.145846426486968994e-02 7.798335514962673187e-03 9.129566140472888947e-03 8.145846426486968994e-02
1.972000000000000000e+06 7.706759497523307800e-03 9.122683666646480560e-03 8.058727532625198364e-02 7.706759497523307800e-03 9.122683666646480560e-03 8.058727532625198364e-02
1.973000000000000000e+06 7.394824642688035965e-03 9.131024591624736786e-03 8.129718899726867676e-02 7.394824642688035965e-03 9.131024591624736786e-03 8.129718899726867676e-02
1.974000000000000000e+06 7.720509544014930725e-03 9.115011431276798248e-03 8.024723827838897705e-02 7.720509544014930725e-03 9.115011431276798248e-03 8.024723827838897705e-02
1.975000000000000000e+06 7.392683532088994980e-03 9.097174741327762604e-03 8.102744072675704956e-02 7.392683532088994980e-03 9.097174741327762604e-03 8.102744072675704956e-02
1.976000000000000000e+06 7.802504580467939377e-03 9.097420610487461090e-03 7.985058426856994629e-02 7.802504580467939377e-03 9.097420610487461090e-03 7.985058426856994629e-02
1.977000000000000000e+06 8.895782753825187683e-03 9.128179401159286499e-03 8.196561038494110107e-02 8.895782753825187683e-03 9.128179401159286499e-03 8.196561038494110107e-02
1.978000000000000000e+06 8.561581373214721680e-03 9.117806330323219299e-03 8.138299733400344849e-02 8.561581373214721680e-03 9.117806330323219299e-03 8.138299733400344849e-02
1.979000000000000000e+06 7.944318465888500214e-03 9.121462702751159668e-03 8.165214955806732178e-02 7.944318465888500214e-03 9.121462702751159668e-03 8.165214955806732178e-02
1.980000000000000000e+06 8.399948477745056152e-03 9.158657863736152649e-03 8.188665658235549927e-02 8.399948477745056152e-03 9.158657863736152649e-03 8.188665658235549927e-02
1.981000000000000000e+06 8.555984124541282654e-03 9.110464714467525482e-03 8.073459565639495850e-02 8.555984124541282654e-03 9.110464714467525482e-03 8.073459565639495850e-02
1.982000000000000000e+06 8.142297156155109406e-03 9.142918512225151062e-03 8.081383258104324341e-02 8.142297156155109406e-03 9.142918512225151062e-03 8.081383258104324341e-02
1.983000000000000000e+06 8.520477451384067535e-03 9.104536846280097961e-03 8.170147985219955444e-02 8.520477451384067535e-03 9.104536846280097961e-03 8.170147985219955444e-02
1.984000000000000000e+06 8.616955950856208801e-03 9.148094803094863892e-03 8.093719184398651123e-02 8.616955950856208801e-03 9.148094803094863892e-03 8.093719184398651123e-02
1.985000000000000000e+06 8.878732100129127502e-03 9.137227199971675873e-03 8.184753358364105225e-02 8.878732100129127502e-03 9.137227199971675873e-03 8.184753358364105225e-02
1.986000000000000000e+06 8.008413016796112061e-03 9.162539616227149963e-03 8.008592575788497925e-02 8.008413016796112061e-03 9.162539616227149963e-03 8.008592575788497925e-02
1.987000000000000000e+06 1.010865531861782074e-02 9.159248322248458862e-03 8.152865618467330933e-02 1.010865531861782074e-02 9.159248322248458862e-03 8.152865618467330933e-02
1.988000000000000000e+06 1.030402909964323044e-02 9.115618653595447540e-03 8.107742667198181152e-02 1.030402909964323044e-02 9.115618653595447540e-03 8.107742667198181152e-02
1.989000000000000000e+06 8.297856897115707397e-03 9.152607060968875885e-03 7.963527739048004150e-02 8.297856897115707397e-03 9.152607060968875885e-03 7.963527739048004150e-02
1.990000000000000000e+06 8.681296370923519135e-03 9.127351455390453339e-03 8.208358287811279297e-02 8.681296370923519135e-03 9.127351455390453339e-03 8.208358287811279297e-02
1.991000000000000000e+06 7.778652943670749664e-03 9.131865575909614563e-03 8.056382834911346436e-02 7.778652943670749664e-03 9.131865575909614563e-03 8.056382834911346436e-02
1.992000000000000000e+06 7.570102345198392868e-03 9.129592217504978180e-03 8.045220375061035156e-02 7.570102345198392868e-03 9.129592217504978180e-03 8.045220375061035156e-02
1.993000000000000000e+06 8.006201125681400299e-03 9.151247330009937286e-03 8.138377219438552856e-02 8.006201125681400299e-03 9.151247330009937286e-03 8.138377219438552856e-02
1.994000000000000000e+06 7.166377268731594086e-03 9.143387898802757263e-03 7.999018579721450806e-02 7.166377268731594086e-03 9.143387898802757263e-03 7.999018579721450806e-02
1.995000000000000000e+06 7.349270861595869064e-03 9.133630432188510895e-03 7.929542660713195801e-02 7.349270861595869064e-03 9.133630432188510895e-03 7.929542660713195801e-02
1.996000000000000000e+06 6.811685394495725632e-03 9.130725637078285217e-03 8.007102459669113159e-02 6.811685394495725632e-03 9.130725637078285217e-03 8.007102459669113159e-02
1.997000000000000000e+06 7.628215942531824112e-03 9.140057489275932312e-03 7.989428937435150146e-02 7.628215942531824112e-03 9.140057489275932312e-03 7.989428937435150146e-02
1.998000000000000000e+06 8.139950223267078400e-03 9.142441675066947937e-03 8.022735267877578735e-02 8.139950223267078400e-03 9.142441675066947937e-03 8.022735267877578735e-02
1.999000000000000000e+06 8.519021794199943542e-03 9.091406129300594330e-03 8.125852793455123901e-02 8.519021794199943542e-03 9.091406129300594330e-03 8.125852793455123901e-02
2.000000000000000000e+06 7.708243094384670258e-03 9.124232456088066101e-03 7.968042790889739990e-02 7.708243094384670258e-03 9.124232456088066101e-03 7.968042790889739990e-02
2.001000000000000000e+06 8.953368291258811951e-03 9.085878729820251465e-03 8.014146238565444946e-02 8.953368291258811951e-03 9.085878729820251465e-03 8.014146238565444946e-02
2.002000000000000000e+06 8.491012267768383026e-03 9.105211123824119568e-03 8.022955060005187988e-02 8.491012267768383026e-03 9.105211123824119568e-03 8.022955060005187988e-02
2.003000000000000000e+06 8.244977332651615143e-03 9.127898141741752625e-03 8.002028614282608032e-02 8.244977332651615143e-03 9.127898141741752625e-03 8.002028614282608032e-02
2.004000000000000000e+06 6.965033244341611862e-03 9.147162549197673798e-03 7.984597235918045044e-02 6.965033244341611862e-03 9.147162549197673798e-03 7.984597235918045044e-02
2.005000000000000000e+06 8.227922022342681885e-03 9.151628240942955017e-03 8.068545162677764893e-02 8.227922022342681885e-03 9.151628240942955017e-03 8.068545162677764893e-02
2.006000000000000000e+06 7.251877337694168091e-03 9.154580533504486084e-03 7.957987487316131592e-02 7.251877337694168091e-03 9.154580533504486084e-03 7.957987487316131592e-02
2.007000000000000000e+06 7.658637594431638718e-03 9.128029458224773407e-03 7.939006388187408447e-02 7.658637594431638718e-03 9.128029458224773407e-03 7.939006388187408447e-02
2.008000000000000000e+06 7.334896828979253769e-03 9.133877232670783997e-03 8.003532141447067261e-02 7.334896828979253769e-03 9.133877232670783997e-03 8.003532141447067261e-02
2.009000000000000000e+06 7.957988418638706207e-03 9.144663810729980469e-03 7.994876801967620850e-02 7.957988418638706207e-03 9.144663810729980469e-03 7.994876801967620850e-02
2.010000000000000000e+06 8.372762240469455719e-03 9.138114750385284424e-03 8.130548894405364990e-02 8.372762240469455719e-03 9.138114750385284424e-03 8.130548894405364990e-02
2.011000000000000000e+06 9.643391706049442291e-03 9.184652939438819885e-03 8.134755492210388184e-02 9.643391706049442291e-03 9.184652939438819885e-03 8.134755492210388184e-02
2.012000000000000000e+06 7.367956917732954025e-03 9.165111929178237915e-03 7.914303243160247803e-02 7.367956917732954025e-03 9.165111929178237915e-03 7.914303243160247803e-02
2.013000000000000000e+06 8.370022289454936981e-03 9.112856350839138031e-03 8.019351959228515625e-02 8.370022289454936981e-03 9.112856350839138031e-03 8.019351959228515625e-02
2.014000000000000000e+06 8.456778712570667267e-03 9.178010746836662292e-03 7.956915348768234253e-02 8.456778712570667267e-03 9.178010746836662292e-03 7.956915348768234253e-02
2.015000000000000000e+06 7.772855926305055618e-03 9.122189134359359741e-03 8.038137108087539673e-02 7.772855926305055618e-03 9.122189134359359741e-03 8.038137108087539673e-02
2.016000000000000000e+06 8.140021935105323792e-03 9.105597622692584991e-03 7.989857345819473267e-02 8.140021935105323792e-03 9.105597622692584991e-03 7.989857345819473267e-02
2.017000000000000000e+06 7.409906014800071716e-03 9.145025163888931274e-03 8.028233796358108521e-02 7.409906014800071716e-03 9.145025163888931274e-03 8.028233796358108521e-02
2.018000000000000000e+06 7.069233339279890060e-03 9.137705899775028229e-03 7.941875606775283813e-02 7.069233339279890060e-03 9.137705899775028229e-03 7.941875606775283813e-02
2.019000000000000000e+06 8.770463988184928894e-03 9.130489081144332886e-03 8.082401007413864136e-02 8.770463988184928894e-03 9.130489081144332886e-03 8.082401007413864136e-02
2.020000000000000000e+06 7.468710187822580338e-03 9.125341661274433136e-03 7.981719821691513062e-02 7.468710187822580338e-03 9.125341661274433136e-03 7.981719821691513062e-02
2.021000000000000000e+06 7.927454076707363129e-03 9.144016541540622711e-03 8.070255070924758911e-02 7.927454076707363129e-03 9.144016541540622711e-03 8.070255070924758911e-02
2.022000000000000000e+06 8.907770738005638123e-03 9.123831056058406830e-03 7.950531691312789917e-02 8.907770738005638123e-03 9.123831056058406830e-03 7.950531691312789917e-02
2.023000000000000000e+06 8.486040867865085602e-03 9.130876511335372925e-03 7.880645245313644409e-02 8.486040867865085602e-03 9.130876511335372925e-03 7.880645245313644409e-02
2.024000000000000000e+06 7.595889270305633545e-03 9.156665764749050140e-03 7.897828519344329834e-02 7.595889270305633545e-03 9.156665764749050140e-03 7.897828519344329834e-02
2.025000000000000000e+06 7.370856590569019318e-03 9.130860678851604462e-03 7.881286740303039551e-02 7.370856590569019318e-03 9.130860678851604462e-03 7.881286740303039551e-02
2.026000000000000000e+06 7.805769331753253937e-03 9.147553704679012299e-03 7.785512506961822510e-02 7.805769331753253937e-03 9.147553704679012299e-03 7.785512506961822510e-02
2.027000000000000000e+06 8.421679027378559113e-03 9.151459671556949615e-03 7.953126728534698486e-02 8.421679027378559113e-03 9.151459671556949615e-03 7.953126728534698486e-02
2.028000000000000000e+06 7.673727814108133316e-03 9.131943807005882263e-03 7.940679043531417847e-02 7.673727814108133316e-03 9.131943807005882263e-03 7.940679043531417847e-02
2.029000000000000000e+06 7.434769999235868454e-03 9.153685532510280609e-03 7.868862897157669067e-02 7.434769999235868454e-03 9.153685532510280609e-03 7.868862897157669067e-02
2.030000000000000000e+06 7.552074734121561050e-03 9.140117093920707703e-03 7.897789776325225830e-02 7.552074734121561050e-03 9.140117093920707703e-03 7.897789776325225830e-02
2.031000000000000000e+06 7.229073438793420792e-03 9.145401418209075928e-03 7.914553582668304443e-02 7.229073438793420792e-03 9.145401418209075928e-03 7.914553582668304443e-02
2.032000000000000000e+06 7.899545133113861084e-03 9.148704819381237030e-03 7.802166044712066650e-02 7.899545133113861084e-03 9.148704819381237030e-03 7.802166044712066650e-02
2.033000000000000000e+06 7.933704182505607605e-03 9.152361191809177399e-03 7.825738936662673950e-02 7.933704182505607605e-03 9.152361191809177399e-03 7.825738936662673950e-02
2.034000000000000000e+06 9.815634228289127350e-03 9.125029668211936951e-03 7.956247031688690186e-02 9.815634228289127350e-03 9.125029668211936951e-03 7.956247031688690186e-02
2.035000000000000000e+06 7.832392118871212006e-03 9.119636379182338715e-03 7.871238887310028076e-02 7.832392118871212006e-03 9.119636379182338715e-03 7.871238887310028076e-02
2.036000000000000000e+06 8.226718753576278687e-03 9.114903397858142853e-03 7.912404835224151611e-02 8.226718753576278687e-03 9.114903397858142853e-03 7.912404835224151611e-02
2.037000000000000000e+06 8.288918994367122650e-03 9.139222092926502228e-03 8.018772304058074951e-02 8.288918994367122650e-03 9.139222092926502228e-03 8.018772304058074951e-02
2.038000000000000000e+06 8.374534547328948975e-03 9.172497317194938660e-03 7.985278218984603882e-02 8.374534547328948975e-03 9.172497317194938660e-03 7.985278218984603882e-02
2.039000000000000000e+06 7.627721875905990601e-03 9.156545624136924744e-03 7.956480979919433594e-02 7.627721875905990601e-03 9.156545624136924744e-03 7.956480979919433594e-02
2.040000000000000000e+06 6.836166139692068100e-03 9.128807112574577332e-03 7.841604202985763550e-02 6.836166139692068100e-03 9.128807112574577332e-03 7.841604202985763550e-02
2.041000000000000000e+06 7.543518673628568649e-03 9.126996621489524841e-03 7.838676124811172485e-02 7.543518673628568649e-03 9.126996621489524841e-03 7.838676124811172485e-02
2.042000000000000000e+06 8.262074552476406097e-03 9.135003201663494110e-03 7.847519218921661377e-02 8.262074552476406097e-03 9.135003201663494110e-03 7.847519218921661377e-02
2.043000000000000000e+06 6.847384385764598846e-03 9.114872664213180542e-03 7.836139947175979614e-02 6.847384385764598846e-03 9.114872664213180542e-03 7.836139947175979614e-02
2.044000000000000000e+06 7.832381874322891235e-03 9.161427617073059082e-03 7.981006801128387451e-02 7.832381874322891235e-03 9.161427617073059082e-03 7.981006801128387451e-02
2.045000000000000000e+06 9.552340023219585419e-03 9.141562506556510925e-03 7.965307682752609253e-02 9.552340023219585419e-03 9.141562506556510925e-03 7.965307682752609253e-02
2.046000000000000000e+06 8.077311329543590546e-03 9.127735160291194916e-03 7.922932505607604980e-02 8.077311329543590546e-03 9.127735160291194916e-03 7.922932505607604980e-02
2.047000000000000000e+06 7.722978945821523666e-03 9.154504165053367615e-03 7.878005504608154297e-02 7.722978945821523666e-03 9.154504165053367615e-03 7.878005504608154297e-02
2.048000000000000000e+06 7.601913996040821075e-03 9.182623587548732758e-03 7.889274507761001587e-02 7.601913996040821075e-03 9.182623587548732758e-03 7.889274507761001587e-02
2.049000000000000000e+06 8.119271136820316315e-03 9.149241261184215546e-03 7.832027971744537354e-02 8.119271136820316315e-03 9.149241261184215546e-03 7.832027971744537354e-02
2.050000000000000000e+06 7.131500169634819031e-03 9.176491759717464447e-03 7.768089324235916138e-02 7.131500169634819031e-03 9.176491759717464447e-03 7.768089324235916138e-02
2.051000000000000000e+06 8.212320506572723389e-03 9.158086962997913361e-03 7.868786901235580444e-02 8.212320506572723389e-03 9.158086962997913361e-03 7.868786901235580444e-02
2.052000000000000000e+06 7.371942512691020966e-03 9.141614660620689392e-03 7.852666825056076050e-02 7.371942512691020966e-03 9.141614660620689392e-03 7.852666825056076050e-02
2.053000000000000000e+06 8.648030459880828857e-03 9.166955016553401947e-03 7.946894317865371704e-02 8.648030459880828857e-03 9.166955016553401947e-03 7.946894317865371704e-02
2.054000000000000000e+06 7.135203108191490173e-03 9.155883453786373138e-03 7.822276651859283447e-02 7.135203108191490173e-03 9.155883453786373138e-03 7.822276651859283447e-02
2.055000000000000000e+06 7.413964252918958664e-03 9.130504913628101349e-03 7.826741039752960205e-02 7.413964252918958664e-03 9.130504913628101349e-03 7.826741039752960205e-02
2.056000000000000000e+06 7.353190798312425613e-03 9.130474179983139038e-03 7.781350612640380859e-02 7.353190798312425613e-03 9.130474179983139038e-03 7.781350612640380859e-02
2.057000000000000000e+06 7.218447513878345490e-03 9.122400544583797455e-03 7.803072035312652588e-02 7.218447513878345490e-03 9.122400544583797455e-03 7.803072035312652588e-02
2.058000000000000000e+06 7.680492475628852844e-03 9.145418182015419006e-03 7.809197157621383667e-02 7.680492475628852844e-03 9.145418182015419006e-03 7.809197157621383667e-02
2.059000000000000000e+06 6.967475637793540955e-03 9.147795848548412323e-03 7.775394618511199951e-02 6.967475637793540955e-03 9.147795848548412323e-03 7.775394618511199951e-02
2.060000000000000000e+06 8.292651735246181488e-03 9.139519184827804565e-03 7.863005995750427246e-02 8.292651735246181488e-03 9.139519184827804565e-03 7.863005995750427246e-02
2.061000000000000000e+06 7.979398593306541443e-03 9.153960272669792175e-03 7.874830067157745361e-02 7.979398593306541443e-03 9.153960272669792175e-03 7.874830067157745361e-02
2.062000000000000000e+06 8.154508657753467560e-03 9.146414697170257568e-03 7.910148799419403076e-02 8.154508657753467560e-03 9.146414697170257568e-03 7.910148799419403076e-02
2.063000000000000000e+06 8.413318544626235962e-03 9.107888676226139069e-03 7.784548401832580566e-02 8.413318544626235962e-03 9.107888676226139069e-03 7.784548401832580566e-02
2.064000000000000000e+06 7.504680659621953964e-03 9.140451438724994659e-03 7.771290093660354614e-02 7.504680659621953964e-03 9.140451438724994659e-03 7.771290093660354614e-02
2.065000000000000000e+06 7.307458203285932541e-03 9.137347340583801270e-03 7.874710112810134888e-02 7.307458203285932541e-03 9.137347340583801270e-03 7.874710112810134888e-02
2.066000000000000000e+06 8.057869970798492432e-03 9.153336286544799805e-03 7.920907437801361084e-02 8.057869970798492432e-03 9.153336286544799805e-03 7.920907437801361084e-02
2.067000000000000000e+06 7.933519780635833740e-03 9.126046672463417053e-03 7.826087623834609985e-02 7.933519780635833740e-03 9.126046672463417053e-03 7.826087623834609985e-02
2.068000000000000000e+06 8.358363993465900421e-03 9.193656034767627716e-03 7.848536223173141479e-02 8.358363993465900421e-03 9.193656034767627716e-03 7.848536223173141479e-02
2.069000000000000000e+06 8.191015571355819702e-03 9.131077677011489868e-03 7.760675251483917236e-02 8.191015571355819702e-03 9.131077677011489868e-03 7.760675251483917236e-02
2.070000000000000000e+06 8.221142925322055817e-03 9.124851785600185394e-03 7.818599790334701538e-02 8.221142925322055817e-03 9.124851785600185394e-03 7.818599790334701538e-02
2.071000000000000000e+06 7.195126265287399292e-03 9.142768569290637970e-03 7.722689211368560791e-02 7.195126265287399292e-03 9.142768569290637970e-03 7.722689211368560791e-02
2.072000000000000000e+06 7.831802591681480408e-03 9.163285605609416962e-03 7.767545431852340698e-02 7.831802591681480408e-03 9.163285605609416962e-03 7.767545431852340698e-02
2.073000000000000000e+06 7.545811124145984650e-03 9.150725789368152618e-03 7.695011049509048462e-02 7.545811124145984650e-03 9.150725789368152618e-03 7.695011049509048462e-02
2.074000000000000000e+06 8.019139058887958527e-03 9.155108593404293060e-03 7.743348181247711182e-02 8.019139058887958527e-03 9.155108593404293060e-03 7.743348181247711182e-02
2.075000000000000000e+06 9.422045201063156128e-03 9.161315858364105225e-03 7.882668077945709229e-02 9.422045201063156128e-03 9.161315858364105225e-03 7.882668077945709229e-02
2.076000000000000000e+06 7.964386604726314545e-03 9.132170118391513824e-03 7.744126021862030029e-02 7.964386604726314545e-03 9.132170118391513824e-03 7.744126021862030029e-02
2.077000000000000000e+06 8.243463002145290375e-03 9.151856414973735809e-03 7.723692059516906738e-02 8.243463002145290375e-03 9.151856414973735809e-03 7.723692059516906738e-02
2.078000000000000000e+06 8.970519527792930603e-03 9.120647795498371124e-03 7.790541648864746094e-02 8.970519527792930603e-03 9.120647795498371124e-03 7.790541648864746094e-02
2.079000000000000000e+06 7.913928478956222534e-03 9.146643802523612976e-03 7.776048779487609863e-02 7.913928478956222534e-03 9.146643802523612976e-03 7.776048779487609863e-02
2.080000000000000000e+06 7.035315502434968948e-03 9.114432148635387421e-03 7.703301310539245605e-02 7.035315502434968948e-03 9.114432148635387421e-03 7.703301310539245605e-02
2.081000000000000000e+06 8.126594126224517822e-03 9.140552021563053131e-03 7.742976397275924683e-02 8.126594126224517822e-03 9.140552021563053131e-03 7.742976397275924683e-02
2.082000000000000000e+06 7.858924567699432373e-03 9.144062176346778870e-03 7.733452320098876953e-02 7.858924567699432373e-03 9.144062176346778870e-03 7.733452320098876953e-02
2.083000000000000000e+06 6.941519677639007568e-03 9.147651493549346924e-03 7.621137052774429321e-02 6.941519677639007568e-03 9.147651493549346924e-03 7.621137052774429321e-02
2.084000000000000000e+06 7.642642594873905182e-03 9.166565723717212677e-03 7.760912179946899414e-02 7.642642594873905182e-03 9.166565723717212677e-03 7.760912179946899414e-02
2.085000000000000000e+06 8.322601206600666046e-03 9.139312431216239929e-03 7.798641175031661987e-02 8.322601206600666046e-03 9.139312431216239929e-03 7.798641175031661987e-02
2.086000000000000000e+06 7.840948179364204407e-03 9.141291491687297821e-03 7.697959989309310913e-02 7.840948179364204407e-03 9.141291491687297821e-03 7.697959989309310913e-02
2.087000000000000000e+06 7.618342526257038116e-03 9.130098856985569000e-03 7.688567042350769043e-02 7.618342526257038116e-03 9.130098856985569000e-03 7.688567042350769043e-02
2.088000000000000000e+06 9.316544048488140106e-03 9.160267189145088196e-03 7.781713455915451050e-02 9.316544048488140106e-03 9.160267189145088196e-03 7.781713455915451050e-02
2.089000000000000000e+06 7.239356637001037598e-03 9.158567525446414948e-03 7.710519433021545410e-02 7.239356637001037598e-03 9.158567525446414948e-03 7.710519433021545410e-02
2.090000000000000000e+06 7.577674463391304016e-03 9.199128486216068268e-03 7.673629373311996460e-02 7.577674463391304016e-03 9.199128486216068268e-03 7.673629373311996460e-02
2.091000000000000000e+06 7.567418273538351059e-03 9.145486168563365936e-03 7.717063277959823608e-02 7.567418273538351059e-03 9.145486168563365936e-03 7.717063277959823608e-02
2.092000000000000000e+06 9.027490392327308655e-03 9.120129048824310303e-03 7.754022628068923950e-02 9.027490392327308655e-03 9.120129048824310303e-03 7.754022628068923950e-02
2.093000000000000000e+06 6.926186848431825638e-03 9.163570590317249298e-03 7.647913694381713867e-02 6.926186848431825638e-03 9.163570590317249298e-03 7.647913694381713867e-02
2.094000000000000000e+06 8.499811403453350067e-03 9.140520356595516205e-03 7.913863658905029297e-02 8.499811403453350067e-03 9.140520356595516205e-03 7.913863658905029297e-02
2.095000000000000000e+06 8.528018370270729065e-03 9.141908027231693268e-03 7.714848965406417847e-02 8.528018370270729065e-03 9.141908027231693268e-03 7.714848965406417847e-02
2.096000000000000000e+06 7.271388545632362366e-03 9.177524596452713013e-03 7.738191634416580200e-02 7.271388545632362366e-03 9.177524596452713013e-03 7.738191634416580200e-02
2.097000000000000000e+06 7.211657706648111343e-03 9.165412746369838715e-03 7.602632045745849609e-02 7.211657706648111343e-03 9.165412746369838715e-03 7.602632045745849609e-02
2.098000000000000000e+06 7.724910043179988861e-03 9.157739579677581787e-03 7.627532631158828735e-02 7.724910043179988861e-03 9.157739579677581787e-03 7.627532631158828735e-02
2.099000000000000000e+06 7.005955092608928680e-03 9.184493683278560638e-03 7.672929018735885620e-02 7.005955092608928680e-03 9.184493683278560638e-03 7.672929018735885620e-02
2.100000000000000000e+06 8.007001131772994995e-03 9.195230901241302490e-03 7.700195163488388062e-02 8.007001131772994995e-03 9.195230901241302490e-03 7.700195163488388062e-02
2.101000000000000000e+06 8.045945316553115845e-03 9.189816191792488098e-03 7.809329777956008911e-02 8.045945316553115845e-03 9.189816191792488098e-03 7.809329777956008911e-02
2.102000000000000000e+06 7.507361937314271927e-03 9.155470877885818481e-03 7.707366347312927246e-02 7.507361937314271927e-03 9.155470877885818481e-03 7.707366347312927246e-02
2.103000000000000000e+06 7.785073947161436081e-03 9.146373718976974487e-03 7.701962441205978394e-02 7.785073947161436081e-03 9.146373718976974487e-03 7.701962441205978394e-02
2.104000000000000000e+06 7.401827257126569748e-03 9.143575094640254974e-03 7.667263597249984741e-02 7.401827257126569748e-03 9.143575094640254974e-03 7.667263597249984741e-02
2.105000000000000000e+06 8.222983218729496002e-03 9.159592911601066589e-03 7.747329771518707275e-02 8.222983218729496002e-03 9.159592911601066589e-03 7.747329771518707275e-02
2.106000000000000000e+06 7.802545558661222458e-03 9.161122143268585205e-03 7.754469662904739380e-02 7.802545558661222458e-03 9.161122143268585205e-03 7.754469662904739380e-02
2.107000000000000000e+06 8.700750768184661865e-03 9.153875522315502167e-03 7.659700512886047363e-02 8.700750768184661865e-03 9.153875522315502167e-03 7.659700512886047363e-02
2.108000000000000000e+06 8.007081225514411926e-03 9.158219210803508759e-03 7.733809947967529297e-02 8.007081225514411926e-03 9.158219210803508759e-03 7.733809947967529297e-02
2.109000000000000000e+06 8.306178264319896698e-03 9.160709567368030548e-03 7.767968624830245972e-02 8.306178264319896698e-03 9.160709567368030548e-03 7.767968624830245972e-02
2.110000000000000000e+06 7.459500338882207870e-03 9.166220203042030334e-03 7.652606070041656494e-02 7.459500338882207870e-03 9.166220203042030334e-03 7.652606070041656494e-02
2.111000000000000000e+06 7.436584215611219406e-03 9.161878377199172974e-03 7.627291232347488403e-02 7.436584215611219406e-03 9.161878377199172974e-03 7.627291232347488403e-02
2.112000000000000000e+06 7.058782503008842468e-03 9.188743308186531067e-03 7.619201391935348511e-02 7.058782503008842468e-03 9.188743308186531067e-03 7.619201391935348511e-02
2.113000000000000000e+06 7.681619375944137573e-03 9.138788096606731415e-03 7.624275982379913330e-02 7.681619375944137573e-03 9.138788096606731415e-03 7.624275982379913330e-02
2.114000000000000000e+06 8.473503403365612030e-03 9.161568246781826019e-03 7.600819319486618042e-02 8.473503403365612030e-03 9.161568246781826019e-03 7.600819319486618042e-02
2.115000000000000000e+06 8.389461785554885864e-03 9.128812700510025024e-03 7.645788788795471191e-02 8.389461785554885864e-03 9.128812700510025024e-03 7.645788788795471191e-02
2.116000000000000000e+06 7.526903413236141205e-03 9.144202806055545807e-03 7.692184299230575562e-02 7.526903413236141205e-03 9.144202806055545807e-03 7.692184299230575562e-02
2.117000000000000000e+06 7.088865619152784348e-03 9.169274009764194489e-03 7.778748869895935059e-02 7.088865619152784348e-03 9.169274009764194489e-03 7.778748869895935059e-02
2.118000000000000000e+06 7.166468072682619095e-03 9.166304953396320343e-03 7.639052718877792358e-02 7.166468072682619095e-03 9.166304953396320343e-03 7.639052718877792358e-02
2.119000000000000000e+06 9.509582072496414185e-03 9.146570228040218353e-03 7.780613005161285400e-02 9.509582072496414185e-03 9.146570228040218353e-03 7.780613005161285400e-02
2.120000000000000000e+06 8.801416493952274323e-03 9.134963154792785645e-03 7.739668339490890503e-02 8.801416493952274323e-03 9.134963154792785645e-03 7.739668339490890503e-02
2.121000000000000000e+06 8.585040457546710968e-03 9.135066531598567963e-03 7.607444375753402710e-02 8.585040457546710968e-03 9.135066531598567963e-03 7.607444375753402710e-02
2.122000000000000000e+06 8.261721581220626831e-03 9.176849387586116791e-03 7.759790122509002686e-02 8.261721581220626831e-03 9.176849387586116791e-03 7.759790122509002686e-02
2.123000000000000000e+06 8.039879612624645233e-03 9.171055629849433899e-03 7.591570913791656494e-02 8.039879612624645233e-03 9.171055629849433899e-03 7.591570913791656494e-02
2.124000000000000000e+06 7.353635970503091812e-03 9.164636954665184021e-03 7.714936137199401855e-02 7.353635970503091812e-03 9.164636954665184021e-03 7.714936137199401855e-02
2.125000000000000000e+06 7.323793601244688034e-03 9.160135872662067413e-03 7.642971724271774292e-02 7.323793601244688034e-03 9.160135872662067413e-03 7.642971724271774292e-02
2.126000000000000000e+06 8.354440331459045410e-03 9.153565391898155212e-03 7.624337077140808105e-02 8.354440331459045410e-03 9.153565391898155212e-03 7.624337077140808105e-02
2.127000000000000000e+06 7.209807634353637695e-03 9.190593846142292023e-03 7.681470364332199097e-02 7.209807634353637695e-03 9.190593846142292023e-03 7.681470364332199097e-02
2.128000000000000000e+06 8.094234392046928406e-03 9.165128692984580994e-03 7.632334530353546143e-02 8.094234392046928406e-03 9.165128692984580994e-03 7.632334530353546143e-02
2.129000000000000000e+06 7.637094240635633469e-03 9.150140918791294098e-03 7.753428816795349121e-02 7.637094240635633469e-03 9.150140918791294098e-03 7.753428816795349121e-02
2.130000000000000000e+06 8.180904202163219452e-03 9.137038141489028931e-03 7.701214402914047241e-02 8.180904202163219452e-03 9.137038141489028931e-03 7.701214402914047241e-02
2.131000000000000000e+06 6.827307399362325668e-03 9.160997346043586731e-03 7.579448819160461426e-02 6.827307399362325668e-03 9.160997346043586731e-03 7.579448819160461426e-02
2.132000000000000000e+06 6.922582630068063736e-03 9.169009514153003693e-03 7.611850649118423462e-02 6.922582630068063736e-03 9.169009514153003693e-03 7.611850649118423462e-02
2.133000000000000000e+06 8.153475821018218994e-03 9.164043702185153961e-03 7.682967185974121094e-02 8.153475821018218994e-03 9.164043702185153961e-03 7.682967185974121094e-02
2.134000000000000000e+06 7.958530448377132416e-03 9.145413525402545929e-03 7.733544707298278809e-02 7.958530448377132416e-03 9.145413525402545929e-03 7.733544707298278809e-02
2.135000000000000000e+06 7.834625430405139923e-03 9.160203859210014343e-03 7.645370811223983765e-02 7.834625430405139923e-03 9.160203859210014343e-03 7.645370811223983765e-02
2.136000000000000000e+06 8.071688935160636902e-03 9.139513596892356873e-03 7.572662085294723511e-02 8.071688935160636902e-03 9.139513596892356873e-03 7.572662085294723511e-02
2.137000000000000000e+06 7.054758723825216293e-03 9.172229096293449402e-03 7.516998797655105591e-02 7.054758723825216293e-03 9.172229096293449402e-03 7.516998797655105591e-02
2.138000000000000000e+06 7.730321958661079407e-03 9.149160236120223999e-03 7.561960071325302124e-02 7.730321958661079407e-03 9.149160236120223999e-03 7.561960071325302124e-02
2.139000000000000000e+06 8.394090458750724792e-03 9.152318350970745087e-03 7.531506568193435669e-02 8.394090458750724792e-03 9.152318350970745087e-03 7.531506568193435669e-02
2.140000000000000000e+06 7.892393507063388824e-03 9.144599549472332001e-03 7.629136741161346436e-02 7.892393507063388824e-03 9.144599549472332001e-03 7.629136741161346436e-02
2.141000000000000000e+06 8.498132228851318359e-03 9.113091975450515747e-03 7.608523219823837280e-02 8.498132228851318359e-03 9.113091975450515747e-03 7.608523219823837280e-02
2.142000000000000000e+06 7.399903144687414169e-03 9.140994399785995483e-03 7.595109939575195312e-02 7.399903144687414169e-03 9.140994399785995483e-03 7.595109939575195312e-02
2.143000000000000000e+06 1.028680056333541870e-02 9.117841720581054688e-03 7.737461477518081665e-02 1.028680056333541870e-02 9.117841720581054688e-03 7.737461477518081665e-02
2.144000000000000000e+06 8.248271420598030090e-03 9.148002602159976959e-03 7.612164318561553955e-02 8.248271420598030090e-03 9.148002602159976959e-03 7.612164318561553955e-02
2.145000000000000000e+06 7.840334437787532806e-03 9.139397181570529938e-03 7.495395839214324951e-02 7.840334437787532806e-03 9.139397181570529938e-03 7.495395839214324951e-02
2.146000000000000000e+06 7.470046170055866241e-03 9.136234410107135773e-03 7.638350129127502441e-02 7.470046170055866241e-03 9.136234410107135773e-03 7.638350129127502441e-02
2.147000000000000000e+06 7.227126043289899826e-03 9.123769588768482208e-03 7.679770886898040771e-02 7.227126043289899826e-03 9.123769588768482208e-03 7.679770886898040771e-02
2.148000000000000000e+06 7.513710297644138336e-03 9.124354459345340729e-03 7.557930052280426025e-02 7.513710297644138336e-03 9.124354459345340729e-03 7.557930052280426025e-02
2.149000000000000000e+06 7.591619621962308884e-03 9.177424944937229156e-03 7.604848593473434448e-02 7.591619621962308884e-03 9.177424944937229156e-03 7.604848593473434448e-02
2.150000000000000000e+06 7.626123260706663132e-03 9.167945012450218201e-03 7.597818225622177124e-02 7.626123260706663132e-03 9.167945012450218201e-03 7.597818225622177124e-02
2.151000000000000000e+06 7.912148721516132355e-03 9.136389940977096558e-03 7.639922946691513062e-02 7.912148721516132355e-03 9.136389940977096558e-03 7.639922946691513062e-02
2.152000000000000000e+06 7.778077386319637299e-03 9.131715632975101471e-03 7.501664757728576660e-02 7.778077386319637299e-03 9.131715632975101471e-03 7.501664757728576660e-02
2.153000000000000000e+06 7.418754976242780685e-03 9.149412624537944794e-03 7.521384209394454956e-02 7.418754976242780685e-03 9.149412624537944794e-03 7.521384209394454956e-02
2.154000000000000000e+06 7.094668224453926086e-03 9.139947593212127686e-03 7.491799443960189819e-02 7.094668224453926086e-03 9.139947593212127686e-03 7.491799443960189819e-02
2.155000000000000000e+06 9.235071018338203430e-03 9.169559925794601440e-03 7.618263363838195801e-02 9.235071018338203430e-03 9.169559925794601440e-03 7.618263363838195801e-02
2.156000000000000000e+06 6.754816509783267975e-03 9.156372398138046265e-03 7.484498620033264160e-02 6.754816509783267975e-03 9.156372398138046265e-03 7.484498620033264160e-02
2.157000000000000000e+06 7.666728924959897995e-03 9.139106608927249908e-03 7.491835206747055054e-02 7.666728924959897995e-03 9.139106608927249908e-03 7.491835206747055054e-02
2.158000000000000000e+06 7.388346362859010696e-03 9.159992448985576630e-03 7.592496275901794434e-02 7.388346362859010696e-03 9.159992448985576630e-03 7.592496275901794434e-02
2.159000000000000000e+06 7.497394457459449768e-03 9.194761514663696289e-03 7.519291341304779053e-02 7.497394457459449768e-03 9.194761514663696289e-03 7.519291341304779053e-02
2.160000000000000000e+06 6.988619919866323471e-03 9.172149933874607086e-03 7.495744526386260986e-02 6.988619919866323471e-03 9.172149933874607086e-03 7.495744526386260986e-02
2.161000000000000000e+06 7.458481471985578537e-03 9.187547490000724792e-03 7.566156238317489624e-02 7.458481471985578537e-03 9.187547490000724792e-03 7.566156238317489624e-02
2.162000000000000000e+06 7.514960132539272308e-03 9.201754815876483917e-03 7.589486241340637207e-02 7.514960132539272308e-03 9.201754815876483917e-03 7.589486241340637207e-02
2.163000000000000000e+06 7.725020404905080795e-03 9.189273230731487274e-03 7.646584510803222656e-02 7.725020404905080795e-03 9.189273230731487274e-03 7.646584510803222656e-02
2.164000000000000000e+06 7.572057656943798065e-03 9.151757694780826569e-03 7.634740322828292847e-02 7.572057656943798065e-03 9.151757694780826569e-03 7.634740322828292847e-02
2.165000000000000000e+06 8.642829023301601410e-03 9.126215241849422455e-03 7.600399851799011230e-02 8.642829023301601410e-03 9.126215241849422455e-03 7.600399851799011230e-02
2.166000000000000000e+06 8.188407868146896362e-03 9.148437529802322388e-03 7.475379854440689087e-02 8.188407868146896362e-03 9.148437529802322388e-03 7.475379854440689087e-02
2.167000000000000000e+06 6.654713768512010574e-03 9.185255505144596100e-03 7.462909817695617676e-02 6.654713768512010574e-03 9.185255505144596100e-03 7.462909817695617676e-02
2.168000000000000000e+06 7.184777874499559402e-03 9.160583838820457458e-03 7.497382164001464844e-02 7.184777874499559402e-03 9.160583838820457458e-03 7.497382164001464844e-02
2.169000000000000000e+06 7.460075430572032928e-03 9.201408363878726959e-03 7.448684424161911011e-02 7.460075430572032928e-03 9.201408363878726959e-03 7.448684424161911011e-02
2.170000000000000000e+06 8.369290269911289215e-03 9.114764630794525146e-03 7.462945580482482910e-02 8.369290269911289215e-03 9.114764630794525146e-03 7.462945580482482910e-02
2.171000000000000000e+06 9.049650281667709351e-03 9.176104329526424408e-03 7.557085901498794556e-02 9.049650281667709351e-03 9.176104329526424408e-03 7.557085901498794556e-02
2.172000000000000000e+06 7.132786326110363007e-03 9.168175049126148224e-03 7.516257464885711670e-02 7.132786326110363007e-03 9.168175049126148224e-03 7.516257464885711670e-02
2.173000000000000000e+06 7.073423825204372406e-03 9.136079810559749603e-03 7.402126491069793701e-02 7.073423825204372406e-03 9.136079810559749603e-03 7.402126491069793701e-02
2.174000000000000000e+06 8.405891247093677521e-03 9.118222631514072418e-03 7.429502159357070923e-02 8.405891247093677521e-03 9.118222631514072418e-03 7.429502159357070923e-02
2.175000000000000000e+06 7.424932438880205154e-03 9.145959280431270599e-03 7.515612989664077759e-02 7.424932438880205154e-03 9.145959280431270599e-03 7.515612989664077759e-02
2.176000000000000000e+06 7.293066009879112244e-03 9.180851280689239502e-03 7.472033798694610596e-02 7.293066009879112244e-03 9.180851280689239502e-03 7.472033798694610596e-02
2.177000000000000000e+06 9.760566055774688721e-03 9.182163514196872711e-03 7.687839120626449585e-02 9.760566055774688721e-03 9.182163514196872711e-03 7.687839120626449585e-02
2.178000000000000000e+06 8.285602554678916931e-03 9.152788668870925903e-03 7.544593513011932373e-02 8.285602554678916931e-03 9.152788668870925903e-03 7.544593513011932373e-02
2.179000000000000000e+06 7.223169319331645966e-03 9.178763255476951599e-03 7.396744936704635620e-02 7.223169319331645966e-03 9.178763255476951599e-03 7.396744936704635620e-02
2.180000000000000000e+06 8.672435767948627472e-03 9.186682291328907013e-03 7.596047222614288330e-02 8.672435767948627472e-03 9.186682291328907013e-03 7.596047222614288330e-02
2.181000000000000000e+06 8.435320109128952026e-03 9.178315289318561554e-03 7.547332346439361572e-02 8.435320109128952026e-03 9.178315289318561554e-03 7.547332346439361572e-02
2.182000000000000000e+06 8.707832545042037964e-03 9.143552742898464203e-03 7.520610094070434570e-02 8.707832545042037964e-03 9.143552742898464203e-03 7.520610094070434570e-02
2.183000000000000000e+06 7.425747811794281006e-03 9.182009845972061157e-03 7.419936358928680420e-02 7.425747811794281006e-03 9.182009845972061157e-03 7.419936358928680420e-02
2.184000000000000000e+06 7.513981312513351440e-03 9.122900664806365967e-03 7.462153583765029907e-02 7.513981312513351440e-03 9.122900664806365967e-03 7.462153583765029907e-02
2.185000000000000000e+06 7.699592038989067078e-03 9.127513505518436432e-03 7.602839916944503784e-02 7.699592038989067078e-03 9.127513505518436432e-03 7.602839916944503784e-02
2.186000000000000000e+06 8.242622949182987213e-03 9.151617065072059631e-03 7.543344795703887939e-02 8.242622949182987213e-03 9.151617065072059631e-03 7.543344795703887939e-02
2.187000000000000000e+06 7.586115971207618713e-03 9.190294891595840454e-03 7.633233815431594849e-02 7.586115971207618713e-03 9.190294891595840454e-03 7.633233815431594849e-02
2.188000000000000000e+06 7.286733482033014297e-03 9.174305945634841919e-03 7.405679672956466675e-02 7.286733482033014297e-03 9.174305945634841919e-03 7.405679672956466675e-02
2.189000000000000000e+06 8.544694632291793823e-03 9.133518673479557037e-03 7.446497678756713867e-02 8.544694632291793823e-03 9.133518673479557037e-03 7.446497678756713867e-02
2.190000000000000000e+06 8.005274459719657898e-03 9.146592579782009125e-03 7.454639673233032227e-02 8.005274459719657898e-03 9.146592579782009125e-03 7.454639673233032227e-02
2.191000000000000000e+06 6.746456027030944824e-03 9.162670932710170746e-03 7.410816103219985962e-02 6.746456027030944824e-03 9.162670932710170746e-03 7.410816103219985962e-02
2.192000000000000000e+06 6.805131211876869202e-03 9.161524474620819092e-03 7.440932840108871460e-02 6.805131211876869202e-03 9.161524474620819092e-03 7.440932840108871460e-02
2.193000000000000000e+06 7.809441071003675461e-03 9.136914275586605072e-03 7.481893151998519897e-02 7.809441071003675461e-03 9.136914275586605072e-03 7.481893151998519897e-02
2.194000000000000000e+06 7.897745817899703979e-03 9.170711971819400787e-03 7.430542260408401489e-02 7.897745817899703979e-03 9.170711971819400787e-03 7.430542260408401489e-02
2.195000000000000000e+06 7.774017285555601120e-03 9.211718104779720306e-03 7.443068176507949829e-02 7.774017285555601120e-03 9.211718104779720306e-03 7.443068176507949829e-02
2.196000000000000000e+06 8.607399649918079376e-03 9.146426804363727570e-03 7.412999123334884644e-02 8.607399649918079376e-03 9.146426804363727570e-03 7.412999123334884644e-02
2.197000000000000000e+06 7.930776104331016541e-03 9.141708724200725555e-03 7.465597242116928101e-02 7.930776104331016541e-03 9.141708724200725555e-03 7.465597242116928101e-02
2.198000000000000000e+06 7.809811271727085114e-03 9.152444079518318176e-03 7.476300001144409180e-02 7.809811271727085114e-03 9.152444079518318176e-03 7.476300001144409180e-02
2.199000000000000000e+06 7.157385814934968948e-03 9.137027896940708160e-03 7.384943962097167969e-02 7.157385814934968948e-03 9.137027896940708160e-03 7.384943962097167969e-02
2.200000000000000000e+06 7.751339580863714218e-03 9.196156635880470276e-03 7.454387098550796509e-02 7.751339580863714218e-03 9.196156635880470276e-03 7.454387098550796509e-02
2.201000000000000000e+06 6.984794046729803085e-03 9.166935458779335022e-03 7.420562207698822021e-02 6.984794046729803085e-03 9.166935458779335022e-03 7.420562207698822021e-02
2.202000000000000000e+06 7.022830657660961151e-03 9.160978719592094421e-03 7.366111874580383301e-02 7.022830657660961151e-03 9.160978719592094421e-03 7.366111874580383301e-02
2.203000000000000000e+06 7.895176298916339874e-03 9.188017807900905609e-03 7.537198066711425781e-02 7.895176298916339874e-03 9.188017807900905609e-03 7.537198066711425781e-02
2.204000000000000000e+06 8.411820046603679657e-03 9.127797558903694153e-03 7.553488016128540039e-02 8.411820046603679657e-03 9.127797558903694153e-03 7.553488016128540039e-02
2.205000000000000000e+06 8.554446510970592499e-03 9.168801829218864441e-03 7.505838572978973389e-02 8.554446510970592499e-03 9.168801829218864441e-03 7.505838572978973389e-02
2.206000000000000000e+06 8.207920938730239868e-03 9.144532494246959686e-03 7.472196221351623535e-02 8.207920938730239868e-03 9.144532494246959686e-03 7.472196221351623535e-02
2.207000000000000000e+06 9.018270298838615417e-03 9.144949726760387421e-03 7.635775953531265259e-02 9.018270298838615417e-03 9.144949726760387421e-03 7.635775953531265259e-02
2.208000000000000000e+06 7.853050716221332550e-03 9.160753339529037476e-03 7.533271610736846924e-02 7.853050716221332550e-03 9.160753339529037476e-03 7.533271610736846924e-02
2.209000000000000000e+06 8.450673893094062805e-03 9.196134284138679504e-03 7.434743642807006836e-02 8.450673893094062805e-03 9.196134284138679504e-03 7.434743642807006836e-02
2.210000000000000000e+06 7.746938616037368774e-03 9.175617247819900513e-03 7.343883812427520752e-02 7.746938616037368774e-03 9.175617247819900513e-03 7.343883812427520752e-02
2.211000000000000000e+06 6.951494608074426651e-03 9.178003296256065369e-03 7.396262884140014648e-02 6.951494608074426651e-03 9.178003296256065369e-03 7.396262884140014648e-02
2.212000000000000000e+06 7.393198553472757339e-03 9.172576479613780975e-03 7.433158904314041138e-02 7.393198553472757339e-03 9.172576479613780975e-03 7.433158904314041138e-02
2.213000000000000000e+06 7.937267422676086426e-03 9.154071100056171417e-03 7.427397370338439941e-02 7.937267422676086426e-03 9.154071100056171417e-03 7.427397370338439941e-02
2.214000000000000000e+06 7.556374650448560715e-03 9.193824604153633118e-03 7.523560523986816406e-02 7.556374650448560715e-03 9.193824604153633118e-03 7.523560523986816406e-02
2.215000000000000000e+06 6.997968535870313644e-03 9.181224741041660309e-03 7.346931099891662598e-02 6.997968535870313644e-03 9.181224741041660309e-03 7.346931099891662598e-02
2.216000000000000000e+06 7.844687439501285553e-03 9.168932214379310608e-03 7.420471310615539551e-02 7.844687439501285553e-03 9.168932214379310608e-03 7.420471310615539551e-02
2.217000000000000000e+06 9.779153391718864441e-03 9.135882370173931122e-03 7.669826596975326538e-02 9.779153391718864441e-03 9.135882370173931122e-03 7.669826596975326538e-02
2.218000000000000000e+06 7.617329247295856476e-03 9.153640829026699066e-03 7.397329807281494141e-02 7.617329247295856476e-03 9.153640829026699066e-03 7.397329807281494141e-02
2.219000000000000000e+06 8.677423000335693359e-03 9.179422631859779358e-03 7.437813282012939453e-02 8.677423000335693359e-03 9.179422631859779358e-03 7.437813282012939453e-02
2.220000000000000000e+06 6.718887947499752045e-03 9.179753251373767853e-03 7.298541814088821411e-02 6.718887947499752045e-03 9.179753251373767853e-03 7.298541814088821411e-02
2.221000000000000000e+06 8.617482148110866547e-03 9.117662906646728516e-03 7.391972839832305908e-02 8.617482148110866547e-03 9.117662906646728516e-03 7.391972839832305908e-02
2.222000000000000000e+06 7.028208114206790924e-03 9.175156243145465851e-03 7.348489016294479370e-02 7.028208114206790924e-03 9.175156243145465851e-03 7.348489016294479370e-02
2.223000000000000000e+06 7.095343898981809616e-03 9.141753427684307098e-03 7.372149080038070679e-02 7.095343898981809616e-03 9.141753427684307098e-03 7.372149080038070679e-02
2.224000000000000000e+06 6.942399311810731888e-03 9.172590449452400208e-03 7.297153025865554810e-02 6.942399311810731888e-03 9.172590449452400208e-03 7.297153025865554810e-02
2.225000000000000000e+06 8.287260308861732483e-03 9.177650325000286102e-03 7.429472357034683228e-02 8.287260308861732483e-03 9.177650325000286102e-03 7.429472357034683228e-02
2.226000000000000000e+06 7.905785925686359406e-03 9.158432483673095703e-03 7.351461052894592285e-02 7.905785925686359406e-03 9.158432483673095703e-03 7.351461052894592285e-02
2.227000000000000000e+06 7.928173989057540894e-03 9.179344400763511658e-03 7.356967777013778687e-02 7.928173989057540894e-03 9.179344400763511658e-03 7.356967777013778687e-02
2.228000000000000000e+06 7.880267687141895294e-03 9.152265265583992004e-03 7.378466427326202393e-02 7.880267687141895294e-03 9.152265265583992004e-03 7.378466427326202393e-02
2.229000000000000000e+06 7.358836475759744644e-03 9.157378226518630981e-03 7.418407499790191650e-02 7.358836475759744644e-03 9.157378226518630981e-03 7.418407499790191650e-02
2.230000000000000000e+06 7.980155758559703827e-03 9.175377897918224335e-03 7.385065406560897827e-02 7.980155758559703827e-03 9.175377897918224335e-03 7.385065406560897827e-02
2.231000000000000000e+06 7.455720566213130951e-03 9.153159335255622864e-03 7.335373014211654663e-02 7.455720566213130951e-03 9.153159335255622864e-03 7.335373014211654663e-02
2.232000000000000000e+06 7.577590178698301315e-03 9.197779931128025055e-03 7.502630352973937988e-02 7.577590178698301315e-03 9.197779931128025055e-03 7.502630352973937988e-02
2.233000000000000000e+06 7.222020998597145081e-03 9.173521772027015686e-03 7.284175604581832886e-02 7.222020998597145081e-03 9.173521772027015686e-03 7.284175604581832886e-02
2.234000000000000000e+06 7.829981856048107147e-03 9.153950028121471405e-03 7.396820932626724243e-02 7.829981856048107147e-03 9.153950028121471405e-03 7.396820932626724243e-02
2.235000000000000000e+06 7.762786932289600372e-03 9.130243211984634399e-03 7.377296686172485352e-02 7.762786932289600372e-03 9.130243211984634399e-03 7.377296686172485352e-02
2.236000000000000000e+06 6.816750392317771912e-03 9.169899858534336090e-03 7.405599951744079590e-02 6.816750392317771912e-03 9.169899858534336090e-03 7.405599951744079590e-02
2.237000000000000000e+06 7.802745327353477478e-03 9.145831689238548279e-03 7.408580929040908813e-02 7.802745327353477478e-03 9.145831689238548279e-03 7.408580929040908813e-02
2.238000000000000000e+06 7.321460638195276260e-03 9.177509695291519165e-03 7.354450970888137817e-02 7.321460638195276260e-03 9.177509695291519165e-03 7.354450970888137817e-02
2.239000000000000000e+06 7.021509110927581787e-03 9.177844971418380737e-03 7.322250306606292725e-02 7.021509110927581787e-03 9.177844971418380737e-03 7.322250306606292725e-02
2.240000000000000000e+06 7.422502618283033371e-03 9.178962558507919312e-03 7.445676624774932861e-02 7.422502618283033371e-03 9.178962558507919312e-03 7.445676624774932861e-02
2.241000000000000000e+06 7.161496207118034363e-03 9.153816848993301392e-03 7.331710308790206909e-02 7.161496207118034363e-03 9.153816848993301392e-03 7.331710308790206909e-02
2.242000000000000000e+06 6.720900069922208786e-03 9.178527630865573883e-03 7.263433188199996948e-02 6.720900069922208786e-03 9.178527630865573883e-03 7.263433188199996948e-02
2.243000000000000000e+06 7.092641200870275497e-03 9.194078855216503143e-03 7.301240414381027222e-02 7.092641200870275497e-03 9.194078855216503143e-03 7.301240414381027222e-02
2.244000000000000000e+06 7.495233323425054550e-03 9.171847254037857056e-03 7.352774590253829956e-02 7.495233323425054550e-03 9.171847254037857056e-03 7.352774590253829956e-02
2.245000000000000000e+06 7.267334032803773880e-03 9.156880900263786316e-03 7.328905910253524780e-02 7.267334032803773880e-03 9.156880900263786316e-03 7.328905910253524780e-02
2.246000000000000000e+06 7.804732304066419601e-03 9.148023091256618500e-03 7.346753031015396118e-02 7.804732304066419601e-03 9.148023091256618500e-03 7.346753031015396118e-02
2.247000000000000000e+06 6.828989367932081223e-03 9.196924045681953430e-03 7.355069369077682495e-02 6.828989367932081223e-03 9.196924045681953430e-03 7.355069369077682495e-02
2.248000000000000000e+06 7.827654480934143066e-03 9.180129505693912506e-03 7.293867319822311401e-02 7.827654480934143066e-03 9.180129505693912506e-03 7.293867319822311401e-02
2.249000000000000000e+06 6.761496420949697495e-03 9.196721017360687256e-03 7.333035767078399658e-02 6.761496420949697495e-03 9.196721017360687256e-03 7.333035767078399658e-02
2.250000000000000000e+06 9.377767331898212433e-03 9.182414039969444275e-03 7.514892518520355225e-02 9.377767331898212433e-03 9.182414039969444275e-03 7.514892518520355225e-02
2.251000000000000000e+06 7.092748768627643585e-03 9.175197221338748932e-03 7.327882945537567139e-02 7.092748768627643585e-03 9.175197221338748932e-03 7.327882945537567139e-02
2.252000000000000000e+06 6.599493790417909622e-03 9.179056622087955475e-03 7.343313843011856079e-02 6.599493790417909622e-03 9.179056622087955475e-03 7.343313843011856079e-02
2.253000000000000000e+06 8.000713773071765900e-03 9.156109765172004700e-03 7.336571067571640015e-02 8.000713773071765900e-03 9.156109765172004700e-03 7.336571067571640015e-02
2.254000000000000000e+06 6.894941907376050949e-03 9.143535979092121124e-03 7.396747916936874390e-02 6.894941907376050949e-03 9.143535979092121124e-03 7.396747916936874390e-02
2.255000000000000000e+06 6.749249994754791260e-03 9.182577021420001984e-03 7.308439165353775024e-02 6.749249994754791260e-03 9.182577021420001984e-03 7.308439165353775024e-02
2.256000000000000000e+06 7.670063991099596024e-03 9.167352691292762756e-03 7.362297922372817993e-02 7.670063991099596024e-03 9.167352691292762756e-03 7.362297922372817993e-02
2.257000000000000000e+06 7.616899907588958740e-03 9.151744656264781952e-03 7.227879017591476440e-02 7.616899907588958740e-03 9.151744656264781952e-03 7.227879017591476440e-02
2.258000000000000000e+06 8.223638869822025299e-03 9.181955829262733459e-03 7.322207093238830566e-02 8.223638869822025299e-03 9.181955829262733459e-03 7.322207093238830566e-02
2.259000000000000000e+06 6.804895121604204178e-03 9.164028801023960114e-03 7.306256890296936035e-02 6.804895121604204178e-03 9.164028801023960114e-03 7.306256890296936035e-02
2.260000000000000000e+06 7.082037627696990967e-03 9.130930528044700623e-03 7.309569418430328369e-02 7.082037627696990967e-03 9.130930528044700623e-03 7.309569418430328369e-02
2.261000000000000000e+06 6.681604776531457901e-03 9.188385680317878723e-03 7.263461500406265259e-02 6.681604776531457901e-03 9.188385680317878723e-03 7.263461500406265259e-02
2.262000000000000000e+06 7.364152465015649796e-03 9.195731952786445618e-03 7.297356426715850830e-02 7.364152465015649796e-03 9.195731952786445618e-03 7.297356426715850830e-02
2.263000000000000000e+06 7.066601421684026718e-03 9.187906980514526367e-03 7.205238193273544312e-02 7.066601421684026718e-03 9.187906980514526367e-03 7.205238193273544312e-02
2.264000000000000000e+06 7.635323796421289444e-03 9.198674932122230530e-03 7.228612899780273438e-02 7.635323796421289444e-03 9.198674932122230530e-03 7.228612899780273438e-02
2.265000000000000000e+06 7.513068616390228271e-03 9.192968718707561493e-03 7.257672399282455444e-02 7.513068616390228271e-03 9.192968718707561493e-03 7.257672399282455444e-02
2.266000000000000000e+06 7.646111771464347839e-03 9.156193584203720093e-03 7.266306132078170776e-02 7.646111771464347839e-03 9.156193584203720093e-03 7.266306132078170776e-02
2.267000000000000000e+06 7.965420372784137726e-03 9.196572005748748779e-03 7.399827241897583008e-02 7.965420372784137726e-03 9.196572005748748779e-03 7.399827241897583008e-02
2.268000000000000000e+06 7.154184859246015549e-03 9.135415777564048767e-03 7.219273597002029419e-02 7.154184859246015549e-03 9.135415777564048767e-03 7.219273597002029419e-02
2.269000000000000000e+06 7.568176835775375366e-03 9.151651524007320404e-03 7.284729927778244019e-02 7.568176835775375366e-03 9.151651524007320404e-03 7.284729927778244019e-02
2.270000000000000000e+06 8.038327097892761230e-03 9.160025045275688171e-03 7.461651414632797241e-02 8.038327097892761230e-03 9.160025045275688171e-03 7.461651414632797241e-02
2.271000000000000000e+06 8.564470335841178894e-03 9.123190306127071381e-03 7.355430722236633301e-02 8.564470335841178894e-03 9.123190306127071381e-03 7.355430722236633301e-02
2.272000000000000000e+06 7.432505022734403610e-03 9.165480732917785645e-03 7.240465283393859863e-02 7.432505022734403610e-03 9.165480732917785645e-03 7.240465283393859863e-02
2.273000000000000000e+06 7.713396102190017700e-03 9.174950420856475830e-03 7.247897982597351074e-02 7.713396102190017700e-03 9.174950420856475830e-03 7.247897982597351074e-02
2.274000000000000000e+06 7.171722128987312317e-03 9.171782061457633972e-03 7.194043695926666260e-02 7.171722128987312317e-03 9.171782061457633972e-03 7.194043695926666260e-02
2.275000000000000000e+06 8.997990749776363373e-03 9.130455553531646729e-03 7.300431281328201294e-02 8.997990749776363373e-03 9.130455553531646729e-03 7.300431281328201294e-02
2.276000000000000000e+06 6.706435233354568481e-03 9.174119681119918823e-03 7.160075753927230835e-02 6.706435233354568481e-03 9.174119681119918823e-03 7.160075753927230835e-02
2.277000000000000000e+06 6.824106909334659576e-03 9.177627041935920715e-03 7.246834784746170044e-02 6.824106909334659576e-03 9.177627041935920715e-03 7.246834784746170044e-02
2.278000000000000000e+06 7.065707352012395859e-03 9.163423441350460052e-03 7.265091687440872192e-02 7.065707352012395859e-03 9.163423441350460052e-03 7.265091687440872192e-02
2.279000000000000000e+06 6.857565138489007950e-03 9.183418937027454376e-03 7.258317619562149048e-02 6.857565138489007950e-03 9.183418937027454376e-03 7.258317619562149048e-02
2.280000000000000000e+06 8.017181418836116791e-03 9.134224615991115570e-03 7.209760695695877075e-02 8.017181418836116791e-03 9.134224615991115570e-03 7.209760695695877075e-02
2.281000000000000000e+06 7.429812569171190262e-03 9.148092940449714661e-03 7.294041663408279419e-02 7.429812569171190262e-03 9.148092940449714661e-03 7.294041663408279419e-02
2.282000000000000000e+06 8.270730264484882355e-03 9.156415238976478577e-03 7.273012399673461914e-02 8.270730264484882355e-03 9.156415238976478577e-03 7.273012399673461914e-02
2.283000000000000000e+06 7.345631718635559082e-03 9.203813970088958740e-03 7.261432707309722900e-02 7.345631718635559082e-03 9.203813970088958740e-03 7.261432707309722900e-02
2.284000000000000000e+06 7.006534375250339508e-03 9.174128994345664978e-03 7.241962850093841553e-02 7.006534375250339508e-03 9.174128994345664978e-03 7.241962850093841553e-02
2.285000000000000000e+06 8.675714954733848572e-03 9.200885891914367676e-03 7.176123559474945068e-02 8.675714954733848572e-03 9.200885891914367676e-03 7.176123559474945068e-02
2.286000000000000000e+06 7.330871652811765671e-03 9.152742102742195129e-03 7.258053123950958252e-02 7.330871652811765671e-03 9.152742102742195129e-03 7.258053123950958252e-02
2.287000000000000000e+06 7.696062326431274414e-03 9.170843288302421570e-03 7.282671332359313965e-02 7.696062326431274414e-03 9.170843288302421570e-03 7.282671332359313965e-02
2.288000000000000000e+06 6.813136395066976547e-03 9.162807837128639221e-03 7.226312905550003052e-02 6.813136395066976547e-03 9.162807837128639221e-03 7.226312905550003052e-02
2.289000000000000000e+06 8.315879851579666138e-03 9.165340103209018707e-03 7.322388887405395508e-02 8.315879851579666138e-03 9.165340103209018707e-03 7.322388887405395508e-02
2.290000000000000000e+06 7.240642793476581573e-03 9.165314957499504089e-03 7.179633527994155884e-02 7.240642793476581573e-03 9.165314957499504089e-03 7.179633527994155884e-02
2.291000000000000000e+06 7.161463145166635513e-03 9.147744625806808472e-03 7.139151543378829956e-02 7.161463145166635513e-03 9.147744625806808472e-03 7.139151543378829956e-02
2.292000000000000000e+06 7.521037943661212921e-03 9.179979562759399414e-03 7.227061688899993896e-02 7.521037943661212921e-03 9.179979562759399414e-03 7.227061688899993896e-02
2.293000000000000000e+06 7.144808769226074219e-03 9.158320724964141846e-03 7.279806584119796753e-02 7.144808769226074219e-03 9.158320724964141846e-03 7.279806584119796753e-02
2.294000000000000000e+06 7.339050062000751495e-03 9.191143326461315155e-03 7.295250147581100464e-02 7.339050062000751495e-03 9.191143326461315155e-03 7.295250147581100464e-02
2.295000000000000000e+06 7.315124385058879852e-03 9.194135665893554688e-03 7.169204950332641602e-02 7.315124385058879852e-03 9.194135665893554688e-03 7.169204950332641602e-02
2.296000000000000000e+06 8.395614102482795715e-03 9.125703014433383942e-03 7.446148246526718140e-02 8.395614102482795715e-03 9.125703014433383942e-03 7.446148246526718140e-02
2.297000000000000000e+06 7.004408165812492371e-03 9.197745472192764282e-03 7.147765159606933594e-02 7.004408165812492371e-03 9.197745472192764282e-03 7.147765159606933594e-02
2.298000000000000000e+06 7.446967530995607376e-03 9.212154895067214966e-03 7.252845913171768188e-02 7.446967530995607376e-03 9.212154895067214966e-03 7.252845913171768188e-02
2.299000000000000000e+06 7.139579858630895615e-03 9.177506901323795319e-03 7.156312465667724609e-02 7.139579858630895615e-03 9.177506901323795319e-03 7.156312465667724609e-02
2.300000000000000000e+06 7.711324840784072876e-03 9.151124395430088043e-03 7.212825119495391846e-02 7.711324840784072876e-03 9.151124395430088043e-03 7.212825119495391846e-02
2.301000000000000000e+06 7.709559984505176544e-03 9.209161624312400818e-03 7.182707637548446655e-02 7.709559984505176544e-03 9.209161624312400818e-03 7.182707637548446655e-02
2.302000000000000000e+06 8.162046782672405243e-03 9.160890243947505951e-03 7.212570309638977051e-02 8.162046782672405243e-03 9.160890243947505951e-03 7.212570309638977051e-02
2.303000000000000000e+06 7.039825432002544403e-03 9.155688807368278503e-03 7.227399200201034546e-02 7.039825432002544403e-03 9.155688807368278503e-03 7.227399200201034546e-02
2.304000000000000000e+06 7.932796142995357513e-03 9.145445190370082855e-03 7.221084833145141602e-02 7.932796142995357513e-03 9.145445190370082855e-03 7.221084833145141602e-02
2.305000000000000000e+06 7.136749103665351868e-03 9.184050373733043671e-03 7.163912802934646606e-02 7.136749103665351868e-03 9.184050373733043671e-03 7.163912802934646606e-02
2.306000000000000000e+06 7.457281928509473801e-03 9.123038500547409058e-03 7.173160463571548462e-02 7.457281928509473801e-03 9.123038500547409058e-03 7.173160463571548462e-02
2.307000000000000000e+06 7.315939757972955704e-03 9.183590300381183624e-03 7.156250625848770142e-02 7.315939757972955704e-03 9.183590300381183624e-03 7.156250625848770142e-02
2.308000000000000000e+06 7.370524108409881592e-03 9.179195389151573181e-03 7.261367142200469971e-02 7.370524108409881592e-03 9.179195389151573181e-03 7.261367142200469971e-02
2.309000000000000000e+06 8.378582075238227844e-03 9.156222455203533173e-03 7.353418320417404175e-02 8.378582075238227844e-03 9.156222455203533173e-03 7.353418320417404175e-02
2.310000000000000000e+06 7.485075388103723526e-03 9.141149930655956268e-03 7.149899005889892578e-02 7.485075388103723526e-03 9.141149930655956268e-03 7.149899005889892578e-02
2.311000000000000000e+06 6.696764379739761353e-03 9.156879037618637085e-03 7.167869806289672852e-02 6.696764379739761353e-03 9.156879037618637085e-03 7.167869806289672852e-02
2.312000000000000000e+06 8.429804816842079163e-03 9.184221737086772919e-03 7.154691964387893677e-02 8.429804816842079163e-03 9.184221737086772919e-03 7.154691964387893677e-02
2.313000000000000000e+06 7.512772921472787857e-03 9.156703017652034760e-03 7.145544886589050293e-02 7.512772921472787857e-03 9.156703017652034760e-03 7.145544886589050293e-02
2.314000000000000000e+06 6.920553743839263916e-03 9.150624275207519531e-03 7.196649909019470215e-02 6.920553743839263916e-03 9.150624275207519531e-03 7.196649909019470215e-02
2.315000000000000000e+06 6.933045107871294022e-03 9.172531776130199432e-03 7.128176093101501465e-02 6.933045107871294022e-03 9.172531776130199432e-03 7.128176093101501465e-02
2.316000000000000000e+06 7.349878083914518356e-03 9.150446392595767975e-03 7.044372707605361938e-02 7.349878083914518356e-03 9.150446392595767975e-03 7.044372707605361938e-02
2.317000000000000000e+06 7.133230101317167282e-03 9.151194244623184204e-03 7.087731361389160156e-02 7.133230101317167282e-03 9.151194244623184204e-03 7.087731361389160156e-02
2.318000000000000000e+06 8.537205867469310760e-03 9.130666032433509827e-03 7.177195698022842407e-02 8.537205867469310760e-03 9.130666032433509827e-03 7.177195698022842407e-02
2.319000000000000000e+06 6.987364031374454498e-03 9.152047336101531982e-03 7.164361327886581421e-02 6.987364031374454498e-03 9.152047336101531982e-03 7.164361327886581421e-02
2.320000000000000000e+06 8.234494365751743317e-03 9.154623374342918396e-03 7.385674118995666504e-02 8.234494365751743317e-03 9.154623374342918396e-03 7.385674118995666504e-02
2.321000000000000000e+06 7.921507582068443298e-03 9.106801822781562805e-03 7.218655198812484741e-02 7.921507582068443298e-03 9.106801822781562805e-03 7.218655198812484741e-02
2.322000000000000000e+06 7.748645730316638947e-03 9.131047874689102173e-03 7.076615095138549805e-02 7.748645730316638947e-03 9.131047874689102173e-03 7.076615095138549805e-02
2.323000000000000000e+06 6.597607396543025970e-03 9.152950718998908997e-03 7.151474803686141968e-02 6.597607396543025970e-03 9.152950718998908997e-03 7.151474803686141968e-02
2.324000000000000000e+06 7.310253102332353592e-03 9.140537120401859283e-03 7.174756377935409546e-02 7.310253102332353592e-03 9.140537120401859283e-03 7.174756377935409546e-02
2.325000000000000000e+06 6.456869188696146011e-03 9.137417189776897430e-03 7.112233340740203857e-02 6.456869188696146011e-03 9.137417189776897430e-03 7.112233340740203857e-02
2.326000000000000000e+06 6.857058499008417130e-03 9.170367382466793060e-03 7.147653400897979736e-02 6.857058499008417130e-03 9.170367382466793060e-03 7.147653400897979736e-02
2.327000000000000000e+06 8.380814455449581146e-03 9.140427224338054657e-03 7.215862721204757690e-02 8.380814455449581146e-03 9.140427224338054657e-03 7.215862721204757690e-02
2.328000000000000000e+06 8.344125933945178986e-03 9.097903035581111908e-03 7.183150202035903931e-02 8.344125933945178986e-03 9.097903035581111908e-03 7.183150202035903931e-02
2.329000000000000000e+06 7.020160555839538574e-03 9.141203947365283966e-03 7.064799964427947998e-02 7.020160555839538574e-03 9.141203947365283966e-03 7.064799964427947998e-02
2.330000000000000000e+06 6.982078310102224350e-03 9.161754511296749115e-03 7.087214291095733643e-02 6.982078310102224350e-03 9.161754511296749115e-03 7.087214291095733643e-02
2.331000000000000000e+06 7.921367883682250977e-03 9.140797890722751617e-03 7.180106639862060547e-02 7.921367883682250977e-03 9.140797890722751617e-03 7.180106639862060547e-02
2.332000000000000000e+06 7.177113089710474014e-03 9.128511883318424225e-03 7.057037949562072754e-02 7.177113089710474014e-03 9.128511883318424225e-03 7.057037949562072754e-02
2.333000000000000000e+06 7.083905860781669617e-03 9.133204817771911621e-03 7.202491909265518188e-02 7.083905860781669617e-03 9.133204817771911621e-03 7.202491909265518188e-02
2.334000000000000000e+06 7.352095562964677811e-03 9.144823998212814331e-03 7.206684350967407227e-02 7.352095562964677811e-03 9.144823998212814331e-03 7.206684350967407227e-02
2.335000000000000000e+06 7.537432480603456497e-03 9.125586599111557007e-03 7.176859676837921143e-02 7.537432480603456497e-03 9.125586599111557007e-03 7.176859676837921143e-02
2.336000000000000000e+06 7.987060584127902985e-03 9.149841032922267914e-03 7.172972708940505981e-02 7.987060584127902985e-03 9.149841032922267914e-03 7.172972708940505981e-02
2.337000000000000000e+06 8.860761299729347229e-03 9.150858037173748016e-03 7.364384829998016357e-02 8.860761299729347229e-03 9.150858037173748016e-03 7.364384829998016357e-02
2.338000000000000000e+06 7.381482515484094620e-03 9.142567403614521027e-03 7.194390147924423218e-02 7.381482515484094620e-03 9.142567403614521027e-03 7.194390147924423218e-02
2.339000000000000000e+06 6.967484019696712494e-03 9.136049076914787292e-03 7.058305293321609497e-02 6.967484019696712494e-03 9.136049076914787292e-03 7.058305293321609497e-02
2.340000000000000000e+06 6.654379423707723618e-03 9.170245379209518433e-03 7.166124135255813599e-02 6.654379423707723618e-03 9.170245379209518433e-03 7.166124135255813599e-02
2.341000000000000000e+06 7.311067543923854828e-03 9.148680604994297028e-03 7.207655906677246094e-02 7.311067543923854828e-03 9.148680604994297028e-03 7.207655906677246094e-02
2.342000000000000000e+06 7.084107026457786560e-03 9.124549105763435364e-03 7.088524848222732544e-02 7.084107026457786560e-03 9.124549105763435364e-03 7.088524848222732544e-02
2.343000000000000000e+06 7.650710176676511765e-03 9.160356596112251282e-03 7.116970419883728027e-02 7.650710176676511765e-03 9.160356596112251282e-03 7.116970419883728027e-02
2.344000000000000000e+06 7.626350037753582001e-03 9.150627069175243378e-03 7.148163020610809326e-02 7.626350037753582001e-03 9.150627069175243378e-03 7.148163020610809326e-02
2.345000000000000000e+06 6.805079989135265350e-03 9.155971929430961609e-03 7.127237319946289062e-02 6.805079989135265350e-03 9.155971929430961609e-03 7.127237319946289062e-02
2.346000000000000000e+06 6.671788636595010757e-03 9.148735553026199341e-03 7.084095478057861328e-02 6.671788636595010757e-03 9.148735553026199341e-03 7.084095478057861328e-02
2.347000000000000000e+06 7.228394970297813416e-03 9.157282300293445587e-03 7.148479670286178589e-02 7.228394970297813416e-03 9.157282300293445587e-03 7.148479670286178589e-02
2.348000000000000000e+06 8.405616506934165955e-03 9.145775809884071350e-03 7.254225015640258789e-02 8.405616506934165955e-03 9.145775809884071350e-03 7.254225015640258789e-02
2.349000000000000000e+06 8.017555810511112213e-03 9.125793352723121643e-03 7.244221866130828857e-02 8.017555810511112213e-03 9.125793352723121643e-03 7.244221866130828857e-02
2.350000000000000000e+06 7.262180093675851822e-03 9.124929085373878479e-03 7.049933820962905884e-02 7.262180093675851822e-03 9.124929085373878479e-03 7.049933820962905884e-02
2.351000000000000000e+06 5.974998697638511658e-03 9.159462526440620422e-03 7.038506120443344116e-02 5.974998697638511658e-03 9.159462526440620422e-03 7.038506120443344116e-02
2.352000000000000000e+06 7.455198559910058975e-03 9.123662486672401428e-03 7.111492753028869629e-02 7.455198559910058975e-03 9.123662486672401428e-03 7.111492753028869629e-02
2.353000000000000000e+06 6.548115983605384827e-03 9.120818227529525757e-03 7.085574418306350708e-02 6.548115983605384827e-03 9.120818227529525757e-03 7.085574418306350708e-02
2.354000000000000000e+06 7.038717158138751984e-03 9.116725064814090729e-03 7.043154537677764893e-02 7.038717158138751984e-03 9.116725064814090729e-03 7.043154537677764893e-02
2.355000000000000000e+06 6.386574823409318924e-03 9.158461354672908783e-03 6.959377974271774292e-02 6.386574823409318924e-03 9.158461354672908783e-03 6.959377974271774292e-02
2.356000000000000000e+06 7.982883602380752563e-03 9.179131127893924713e-03 7.088828086853027344e-02 7.982883602380752563e-03 9.179131127893924713e-03 7.088828086853027344e-02
2.357000000000000000e+06 7.783643901348114014e-03 9.134871885180473328e-03 7.105144858360290527e-02 7.783643901348114014e-03 9.134871885180473328e-03 7.105144858360290527e-02
2.358000000000000000e+06 6.990695837885141373e-03 9.164081886410713196e-03 7.121975719928741455e-02 6.990695837885141373e-03 9.164081886410713196e-03 7.121975719928741455e-02
2.359000000000000000e+06 7.529548369348049164e-03 9.138129651546478271e-03 7.104643434286117554e-02 7.529548369348049164e-03 9.138129651546478271e-03 7.104643434286117554e-02
2.360000000000000000e+06 7.052680477499961853e-03 9.119855239987373352e-03 7.140438258647918701e-02 7.052680477499961853e-03 9.119855239987373352e-03 7.140438258647918701e-02
2.361000000000000000e+06 7.447540294378995895e-03 9.165535680949687958e-03 7.058867067098617554e-02 7.447540294378995895e-03 9.165535680949687958e-03 7.058867067098617554e-02
2.362000000000000000e+06 8.883867412805557251e-03 9.147319942712783813e-03 7.224426418542861938e-02 8.883867412805557251e-03 9.147319942712783813e-03 7.224426418542861938e-02
2.363000000000000000e+06 8.159592747688293457e-03 9.140603244304656982e-03 7.112471759319305420e-02 8.159592747688293457e-03 9.140603244304656982e-03 7.112471759319305420e-02
2.364000000000000000e+06 6.563202012330293655e-03 9.147140197455883026e-03 6.993174552917480469e-02 6.563202012330293655e-03 9.147140197455883026e-03 6.993174552917480469e-02
2.365000000000000000e+06 9.354683570563793182e-03 9.178628213703632355e-03 7.113248109817504883e-02 9.354683570563793182e-03 9.178628213703632355e-03 7.113248109817504883e-02
2.366000000000000000e+06 6.941703148186206818e-03 9.129923768341541290e-03 7.095768302679061890e-02 6.941703148186206818e-03 9.129923768341541290e-03 7.095768302679061890e-02
2.367000000000000000e+06 7.600075565278530121e-03 9.150183759629726410e-03 7.190360873937606812e-02 7.600075565278530121e-03 9.150183759629726410e-03 7.190360873937606812e-02
2.368000000000000000e+06 7.191839162260293961e-03 9.123788215219974518e-03 7.007250189781188965e-02 7.191839162260293961e-03 9.123788215219974518e-03 7.007250189781188965e-02
2.369000000000000000e+06 7.481140084564685822e-03 9.154420346021652222e-03 7.074531167745590210e-02 7.481140084564685822e-03 9.154420346021652222e-03 7.074531167745590210e-02
2.370000000000000000e+06 7.068573031574487686e-03 9.125385433435440063e-03 7.032229006290435791e-02 7.068573031574487686e-03 9.125385433435440063e-03 7.032229006290435791e-02
2.371000000000000000e+06 7.610036060214042664e-03 9.164850227534770966e-03 7.103552669286727905e-02 7.610036060214042664e-03 9.164850227534770966e-03 7.103552669286727905e-02
2.372000000000000000e+06 7.783202920109033585e-03 9.131186641752719879e-03 7.035356760025024414e-02 7.783202920109033585e-03 9.131186641752719879e-03 7.035356760025024414e-02
2.373000000000000000e+06 8.142823353409767151e-03 9.153135120868682861e-03 7.144122570753097534e-02 8.142823353409767151e-03 9.153135120868682861e-03 7.144122570753097534e-02
2.374000000000000000e+06 7.658351212739944458e-03 9.137500077486038208e-03 7.095766812562942505e-02 7.658351212739944458e-03 9.137500077486038208e-03 7.095766812562942505e-02
2.375000000000000000e+06 7.055317983031272888e-03 9.127924218773841858e-03 7.127531617879867554e-02 7.055317983031272888e-03 9.127924218773841858e-03 7.127531617879867554e-02
2.376000000000000000e+06 6.204177625477313995e-03 9.127818979322910309e-03 7.002808153629302979e-02 6.204177625477313995e-03 9.127818979322910309e-03 7.002808153629302979e-02
2.377000000000000000e+06 7.126663811504840851e-03 9.133556857705116272e-03 7.084880769252777100e-02 7.126663811504840851e-03 9.133556857705116272e-03 7.084880769252777100e-02
2.378000000000000000e+06 7.247116882354021072e-03 9.149448946118354797e-03 7.061804831027984619e-02 7.247116882354021072e-03 9.149448946118354797e-03 7.061804831027984619e-02
2.379000000000000000e+06 8.056953549385070801e-03 9.119369089603424072e-03 7.195059955120086670e-02 8.056953549385070801e-03 9.119369089603424072e-03 7.195059955120086670e-02
2.380000000000000000e+06 6.960164289921522141e-03 9.126144461333751678e-03 6.984697282314300537e-02 6.960164289921522141e-03 9.126144461333751678e-03 6.984697282314300537e-02
2.381000000000000000e+06 6.434953771531581879e-03 9.127334691584110260e-03 7.021196931600570679e-02 6.434953771531581879e-03 9.127334691584110260e-03 7.021196931600570679e-02
2.382000000000000000e+06 6.672609597444534302e-03 9.131173603236675262e-03 6.996876001358032227e-02 6.672609597444534302e-03 9.131173603236675262e-03 6.996876001358032227e-02
2.383000000000000000e+06 7.068591658025979996e-03 9.149061515927314758e-03 7.051946967840194702e-02 7.068591658025979996e-03 9.149061515927314758e-03 7.051946967840194702e-02
2.384000000000000000e+06 6.773092783987522125e-03 9.127418510615825653e-03 6.992312520742416382e-02 6.773092783987522125e-03 9.127418510615825653e-03 6.992312520742416382e-02
2.385000000000000000e+06 7.070874795317649841e-03 9.113380685448646545e-03 7.029272615909576416e-02 7.070874795317649841e-03 9.113380685448646545e-03 7.029272615909576416e-02
2.386000000000000000e+06 7.105152588337659836e-03 9.129120036959648132e-03 6.962715089321136475e-02 7.105152588337659836e-03 9.129120036959648132e-03 6.962715089321136475e-02
2.387000000000000000e+06 8.281378075480461121e-03 9.075037203729152679e-03 6.946571916341781616e-02 8.281378075480461121e-03 9.075037203729152679e-03 6.946571916341781616e-02
2.388000000000000000e+06 7.148672826588153839e-03 9.100415743887424469e-03 6.983682513236999512e-02 7.148672826588153839e-03 9.100415743887424469e-03 6.983682513236999512e-02
2.389000000000000000e+06 7.883180864155292511e-03 9.106455370783805847e-03 7.011373341083526611e-02 7.883180864155292511e-03 9.106455370783805847e-03 7.011373341083526611e-02
2.390000000000000000e+06 7.579209748655557632e-03 9.142636321485042572e-03 7.003626972436904907e-02 7.579209748655557632e-03 9.142636321485042572e-03 7.003626972436904907e-02
2.391000000000000000e+06 7.084630895406007767e-03 9.120449423789978027e-03 7.084581255912780762e-02 7.084630895406007767e-03 9.120449423789978027e-03 7.084581255912780762e-02
2.392000000000000000e+06 6.954685784876346588e-03 9.125679731369018555e-03 6.991047412157058716e-02 6.954685784876346588e-03 9.125679731369018555e-03 6.991047412157058716e-02
2.393000000000000000e+06 7.412025239318609238e-03 9.094660170376300812e-03 6.989848613739013672e-02 7.412025239318609238e-03 9.094660170376300812e-03 6.989848613739013672e-02
2.394000000000000000e+06 7.238882593810558319e-03 9.107906371355056763e-03 6.950946152210235596e-02 7.238882593810558319e-03 9.107906371355056763e-03 6.950946152210235596e-02
2.395000000000000000e+06 7.226809393614530563e-03 9.094301611185073853e-03 7.101636379957199097e-02 7.226809393614530563e-03 9.094301611185073853e-03 7.101636379957199097e-02
2.396000000000000000e+06 7.496538572013378143e-03 9.117836132645606995e-03 7.033564895391464233e-02 7.496538572013378143e-03 9.117836132645606995e-03 7.033564895391464233e-02
2.397000000000000000e+06 7.634981535375118256e-03 9.101198986172676086e-03 7.143437117338180542e-02 7.634981535375118256e-03 9.101198986172676086e-03 7.143437117338180542e-02
2.398000000000000000e+06 7.025618106126785278e-03 9.110746905207633972e-03 7.028435915708541870e-02 7.025618106126785278e-03 9.110746905207633972e-03 7.028435915708541870e-02
2.399000000000000000e+06 8.145857602357864380e-03 9.141684509813785553e-03 7.137724012136459351e-02 8.145857602357864380e-03 9.141684509813785553e-03 7.137724012136459351e-02
2.400000000000000000e+06 7.148528471589088440e-03 9.114979766309261322e-03 6.978342682123184204e-02 7.148528471589088440e-03 9.114979766309261322e-03 6.978342682123184204e-02
2.401000000000000000e+06 9.710363112390041351e-03 9.140761569142341614e-03 7.233197987079620361e-02 9.710363112390041351e-03 9.140761569142341614e-03 7.233197987079620361e-02
2.402000000000000000e+06 6.744832266122102737e-03 9.113796055316925049e-03 6.955201923847198486e-02 6.744832266122102737e-03 9.113796055316925049e-03 6.955201923847198486e-02
2.403000000000000000e+06 7.593194022774696350e-03 9.133972227573394775e-03 7.080897688865661621e-02 7.593194022774696350e-03 9.133972227573394775e-03 7.080897688865661621e-02
2.404000000000000000e+06 7.439633365720510483e-03 9.120552800595760345e-03 7.077547907829284668e-02 7.439633365720510483e-03 9.120552800595760345e-03 7.077547907829284668e-02
2.405000000000000000e+06 7.886919192969799042e-03 9.139600209891796112e-03 6.984704732894897461e-02 7.886919192969799042e-03 9.139600209891796112e-03 6.984704732894897461e-02
2.406000000000000000e+06 7.504561450332403183e-03 9.095294401049613953e-03 6.935940682888031006e-02 7.504561450332403183e-03 9.095294401049613953e-03 6.935940682888031006e-02
2.407000000000000000e+06 7.673944346606731415e-03 9.084887802600860596e-03 7.072276622056961060e-02 7.673944346606731415e-03 9.084887802600860596e-03 7.072276622056961060e-02
2.408000000000000000e+06 7.261952850967645645e-03 9.123789146542549133e-03 6.950751692056655884e-02 7.261952850967645645e-03 9.123789146542549133e-03 6.950751692056655884e-02
2.409000000000000000e+06 6.981929298490285873e-03 9.140270762145519257e-03 6.954796612262725830e-02 6.981929298490285873e-03 9.140270762145519257e-03 6.954796612262725830e-02
2.410000000000000000e+06 6.993640679866075516e-03 9.138244204223155975e-03 6.907873600721359253e-02 6.993640679866075516e-03 9.138244204223155975e-03 6.907873600721359253e-02
2.411000000000000000e+06 7.050446234643459320e-03 9.135371074080467224e-03 7.135156542062759399e-02 7.050446234643459320e-03 9.135371074080467224e-03 7.135156542062759399e-02
2.412000000000000000e+06 9.398102760314941406e-03 9.084847755730152130e-03 7.069779932498931885e-02 9.398102760314941406e-03 9.084847755730152130e-03 7.069779932498931885e-02
2.413000000000000000e+06 7.339857984334230423e-03 9.097000584006309509e-03 6.949903070926666260e-02 7.339857984334230423e-03 9.097000584006309509e-03 6.949903070926666260e-02
2.414000000000000000e+06 8.083374239504337311e-03 9.128588251769542694e-03 6.982041150331497192e-02 8.083374239504337311e-03 9.128588251769542694e-03 6.982041150331497192e-02
2.415000000000000000e+06 7.338842377066612244e-03 9.106335230171680450e-03 6.973262876272201538e-02 7.338842377066612244e-03 9.106335230171680450e-03 6.973262876272201538e-02
2.416000000000000000e+06 8.044090121984481812e-03 9.113020263612270355e-03 7.064323127269744873e-02 8.044090121984481812e-03 9.113020263612270355e-03 7.064323127269744873e-02
2.417000000000000000e+06 6.786773446947336197e-03 9.127263911068439484e-03 6.970850378274917603e-02 6.786773446947336197e-03 9.127263911068439484e-03 6.970850378274917603e-02
2.418000000000000000e+06 7.529891096055507660e-03 9.067022241652011871e-03 7.073413580656051636e-02 7.529891096055507660e-03 9.067022241652011871e-03 7.073413580656051636e-02
2.419000000000000000e+06 8.668322116136550903e-03 9.077356196939945221e-03 7.028372585773468018e-02 8.668322116136550903e-03 9.077356196939945221e-03 7.028372585773468018e-02
2.420000000000000000e+06 7.026496343314647675e-03 9.121798910200595856e-03 6.869055330753326416e-02 7.026496343314647675e-03 9.121798910200595856e-03 6.869055330753326416e-02
2.421000000000000000e+06 7.127737626433372498e-03 9.087293408811092377e-03 7.027508318424224854e-02 7.127737626433372498e-03 9.087293408811092377e-03 7.027508318424224854e-02
2.422000000000000000e+06 7.105455733835697174e-03 9.127265773713588715e-03 6.883092224597930908e-02 7.105455733835697174e-03 9.127265773713588715e-03 6.883092224597930908e-02
2.423000000000000000e+06 6.814349908381700516e-03 9.133272804319858551e-03 6.886376440525054932e-02 6.814349908381700516e-03 9.133272804319858551e-03 6.886376440525054932e-02
2.424000000000000000e+06 7.350379601120948792e-03 9.110035374760627747e-03 6.952702254056930542e-02 7.350379601120948792e-03 9.110035374760627747e-03 6.952702254056930542e-02
2.425000000000000000e+06 7.209225557744503021e-03 9.110962972044944763e-03 6.881853938102722168e-02 7.209225557744503021e-03 9.110962972044944763e-03 6.881853938102722168e-02
2.426000000000000000e+06 8.479623124003410339e-03 9.098006412386894226e-03 7.125228643417358398e-02 8.479623124003410339e-03 9.098006412386894226e-03 7.125228643417358398e-02
2.427000000000000000e+06 7.242369931191205978e-03 9.076823480427265167e-03 6.950381398200988770e-02 7.242369931191205978e-03 9.076823480427265167e-03 6.950381398200988770e-02
2.428000000000000000e+06 7.951174862682819366e-03 9.167347103357315063e-03 6.959556788206100464e-02 7.951174862682819366e-03 9.167347103357315063e-03 6.959556788206100464e-02
2.429000000000000000e+06 7.872992195188999176e-03 9.130863472819328308e-03 6.909775733947753906e-02 7.872992195188999176e-03 9.130863472819328308e-03 6.909775733947753906e-02
2.430000000000000000e+06 8.249330334365367889e-03 9.110938757658004761e-03 7.031427323818206787e-02 8.249330334365367889e-03 9.110938757658004761e-03 7.031427323818206787e-02
2.431000000000000000e+06 7.202789187431335449e-03 9.137193672358989716e-03 6.908892840147018433e-02 7.202789187431335449e-03 9.137193672358989716e-03 6.908892840147018433e-02
2.432000000000000000e+06 6.836032029241323471e-03 9.085147641599178314e-03 6.986048817634582520e-02 6.836032029241323471e-03 9.085147641599178314e-03 6.986048817634582520e-02
2.433000000000000000e+06 6.692397408187389374e-03 9.083353914320468903e-03 6.867472827434539795e-02 6.692397408187389374e-03 9.083353914320468903e-03 6.867472827434539795e-02
2.434000000000000000e+06 7.308568805456161499e-03 9.073862805962562561e-03 6.942653656005859375e-02 7.308568805456161499e-03 9.073862805962562561e-03 6.942653656005859375e-02
2.435000000000000000e+06 8.196274749934673309e-03 9.101331233978271484e-03 6.950736045837402344e-02 8.196274749934673309e-03 9.101331233978271484e-03 6.950736045837402344e-02
2.436000000000000000e+06 7.115085143595933914e-03 9.093145839869976044e-03 6.895175576210021973e-02 7.115085143595933914e-03 9.093145839869976044e-03 6.895175576210021973e-02
2.437000000000000000e+06 6.969366688281297684e-03 9.105290286242961884e-03 6.937833875417709351e-02 6.969366688281297684e-03 9.105290286242961884e-03 6.937833875417709351e-02
2.438000000000000000e+06 7.692574523389339447e-03 9.129556827247142792e-03 6.933835148811340332e-02 7.692574523389339447e-03 9.129556827247142792e-03 6.933835148811340332e-02
2.439000000000000000e+06 7.411834783852100372e-03 9.065784513950347900e-03 6.905777752399444580e-02 7.411834783852100372e-03 9.065784513950347900e-03 6.905777752399444580e-02
2.440000000000000000e+06 6.920079700648784637e-03 9.084725752472877502e-03 6.808450073003768921e-02 6.920079700648784637e-03 9.084725752472877502e-03 6.808450073003768921e-02
2.441000000000000000e+06 8.838674053549766541e-03 9.061169810593128204e-03 7.144761085510253906e-02 8.838674053549766541e-03 9.061169810593128204e-03 7.144761085510253906e-02
2.442000000000000000e+06 8.917811326682567596e-03 9.064707905054092407e-03 6.986965239048004150e-02 8.917811326682567596e-03 9.064707905054092407e-03 6.986965239048004150e-02
2.443000000000000000e+06 7.115930318832397461e-03 9.100981056690216064e-03 6.970461457967758179e-02 7.115930318832397461e-03 9.100981056690216064e-03 6.970461457967758179e-02
2.444000000000000000e+06 6.978251039981842041e-03 9.091882035136222839e-03 6.894584000110626221e-02 6.978251039981842041e-03 9.091882035136222839e-03 6.894584000110626221e-02
2.445000000000000000e+06 7.366542238742113113e-03 9.119079448282718658e-03 6.890953332185745239e-02 7.366542238742113113e-03 9.119079448282718658e-03 6.890953332185745239e-02
2.446000000000000000e+06 8.834271691739559174e-03 9.053908288478851318e-03 7.039602845907211304e-02 8.834271691739559174e-03 9.053908288478851318e-03 7.039602845907211304e-02
2.447000000000000000e+06 8.879273198544979095e-03 9.044590406119823456e-03 6.866043806076049805e-02 8.879273198544979095e-03 9.044590406119823456e-03 6.866043806076049805e-02
2.448000000000000000e+06 7.639305200427770615e-03 9.079515002667903900e-03 6.983368098735809326e-02 7.639305200427770615e-03 9.079515002667903900e-03 6.983368098735809326e-02
2.449000000000000000e+06 6.458705291152000427e-03 9.099260903894901276e-03 6.801306456327438354e-02 6.458705291152000427e-03 9.099260903894901276e-03 6.801306456327438354e-02
2.450000000000000000e+06 8.335310034453868866e-03 9.094790555536746979e-03 7.007497549057006836e-02 8.335310034453868866e-03 9.094790555536746979e-03 7.007497549057006836e-02
2.451000000000000000e+06 8.154476992785930634e-03 9.062588214874267578e-03 6.899344921112060547e-02 8.154476992785930634e-03 9.062588214874267578e-03 6.899344921112060547e-02
2.452000000000000000e+06 8.751875720918178558e-03 9.131135419011116028e-03 7.092301547527313232e-02 8.751875720918178558e-03 9.131135419011116028e-03 7.092301547527313232e-02
2.453000000000000000e+06 7.262394297868013382e-03 9.105356410145759583e-03 6.921582669019699097e-02 7.262394297868013382e-03 9.105356410145759583e-03 6.921582669019699097e-02
2.454000000000000000e+06 7.601777557283639908e-03 9.078325703740119934e-03 7.013317942619323730e-02 7.601777557283639908e-03 9.078325703740119934e-03 7.013317942619323730e-02
2.455000000000000000e+06 7.138634100556373596e-03 9.080583229660987854e-03 6.922937184572219849e-02 7.138634100556373596e-03 9.080583229660987854e-03 6.922937184572219849e-02
2.456000000000000000e+06 6.849544122815132141e-03 9.111134335398674011e-03 6.915850192308425903e-02 6.849544122815132141e-03 9.111134335398674011e-03 6.915850192308425903e-02
2.457000000000000000e+06 6.984450388699769974e-03 9.089875966310501099e-03 6.894525885581970215e-02 6.984450388699769974e-03 9.089875966310501099e-03 6.894525885581970215e-02
2.458000000000000000e+06 6.662596017122268677e-03 9.137193672358989716e-03 6.867533922195434570e-02 6.662596017122268677e-03 9.137193672358989716e-03 6.867533922195434570e-02
2.459000000000000000e+06 7.588861975818872452e-03 9.071318432688713074e-03 6.941384077072143555e-02 7.588861975818872452e-03 9.071318432688713074e-03 6.941384077072143555e-02
2.460000000000000000e+06 6.915663834661245346e-03 9.076063521206378937e-03 6.803926825523376465e-02 6.915663834661245346e-03 9.076063521206378937e-03 6.803926825523376465e-02
2.461000000000000000e+06 7.317789830267429352e-03 9.063929319381713867e-03 6.826069951057434082e-02 7.317789830267429352e-03 9.063929319381713867e-03 6.826069951057434082e-02
2.462000000000000000e+06 7.375039160251617432e-03 9.061399847269058228e-03 6.886004656553268433e-02 7.375039160251617432e-03 9.061399847269058228e-03 6.886004656553268433e-02
2.463000000000000000e+06 7.519918959587812424e-03 9.115812368690967560e-03 6.868992745876312256e-02 7.519918959587812424e-03 9.115812368690967560e-03 6.868992745876312256e-02
2.464000000000000000e+06 7.942479103803634644e-03 9.056657552719116211e-03 6.902216374874114990e-02 7.942479103803634644e-03 9.056657552719116211e-03 6.902216374874114990e-02
2.465000000000000000e+06 7.588119246065616608e-03 9.067940525710582733e-03 6.807243078947067261e-02 7.588119246065616608e-03 9.067940525710582733e-03 6.807243078947067261e-02
2.466000000000000000e+06 6.756947841495275497e-03 9.088411927223205566e-03 6.803423911333084106e-02 6.756947841495275497e-03 9.088411927223205566e-03 6.803423911333084106e-02
2.467000000000000000e+06 8.514568209648132324e-03 9.130670689046382904e-03 6.837008148431777954e-02 8.514568209648132324e-03 9.130670689046382904e-03 6.837008148431777954e-02
2.468000000000000000e+06 8.154602721333503723e-03 9.056465700268745422e-03 6.984046846628189087e-02 8.154602721333503723e-03 9.056465700268745422e-03 6.984046846628189087e-02
2.469000000000000000e+06 7.223645225167274475e-03 9.112128987908363342e-03 6.819172948598861694e-02 7.223645225167274475e-03 9.112128987908363342e-03 6.819172948598861694e-02
2.470000000000000000e+06 6.824397947639226913e-03 9.096172638237476349e-03 6.876003742218017578e-02 6.824397947639226913e-03 9.096172638237476349e-03 6.876003742218017578e-02
2.471000000000000000e+06 7.464141119271516800e-03 9.069698862731456757e-03 6.835779547691345215e-02 7.464141119271516800e-03 9.069698862731456757e-03 6.835779547691345215e-02
2.472000000000000000e+06 7.368812337517738342e-03 9.061755612492561340e-03 6.890256702899932861e-02 7.368812337517738342e-03 9.061755612492561340e-03 6.890256702899932861e-02
2.473000000000000000e+06 7.993666455149650574e-03 9.096628986299037933e-03 6.935586780309677124e-02 7.993666455149650574e-03 9.096628986299037933e-03 6.935586780309677124e-02
2.474000000000000000e+06 6.459719501435756683e-03 9.098782204091548920e-03 6.839966773986816406e-02 6.459719501435756683e-03 9.098782204091548920e-03 6.839966773986816406e-02
2.475000000000000000e+06 7.801981642842292786e-03 9.060722775757312775e-03 6.925757974386215210e-02 7.801981642842292786e-03 9.060722775757312775e-03 6.925757974386215210e-02
2.476000000000000000e+06 8.361879736185073853e-03 9.104856289923191071e-03 6.922122836112976074e-02 8.361879736185073853e-03 9.104856289923191071e-03 6.922122836112976074e-02
2.477000000000000000e+06 7.529805414378643036e-03 9.083442389965057373e-03 6.852497160434722900e-02 7.529805414378643036e-03 9.083442389965057373e-03 6.852497160434722900e-02
2.478000000000000000e+06 8.119406178593635559e-03 9.093344211578369141e-03 6.798283755779266357e-02 8.119406178593635559e-03 9.093344211578369141e-03 6.798283755779266357e-02
2.479000000000000000e+06 7.023840676993131638e-03 9.068892337381839752e-03 6.865865737199783325e-02 7.023840676993131638e-03 9.068892337381839752e-03 6.865865737199783325e-02
2.480000000000000000e+06 6.973812356591224670e-03 9.068088605999946594e-03 6.868822872638702393e-02 6.973812356591224670e-03 9.068088605999946594e-03 6.868822872638702393e-02
2.481000000000000000e+06 7.133824750781059265e-03 9.062103927135467529e-03 6.800665706396102905e-02 7.133824750781059265e-03 9.062103927135467529e-03 6.800665706396102905e-02
2.482000000000000000e+06 6.597801577299833298e-03 9.118638932704925537e-03 6.789118796586990356e-02 6.597801577299833298e-03 9.118638932704925537e-03 6.789118796586990356e-02
2.483000000000000000e+06 6.910702679306268692e-03 9.071140550076961517e-03 6.822073459625244141e-02 6.910702679306268692e-03 9.071140550076961517e-03 6.822073459625244141e-02
2.484000000000000000e+06 7.175314705818891525e-03 9.072159416973590851e-03 6.853312253952026367e-02 7.175314705818891525e-03 9.072159416973590851e-03 6.853312253952026367e-02
2.485000000000000000e+06 7.009599357843399048e-03 9.064350277185440063e-03 6.789110600948333740e-02 7.009599357843399048e-03 9.064350277185440063e-03 6.789110600948333740e-02
2.486000000000000000e+06 6.690979003906250000e-03 9.053004905581474304e-03 6.767676025629043579e-02 6.690979003906250000e-03 9.053004905581474304e-03 6.767676025629043579e-02
2.487000000000000000e+06 6.841235328465700150e-03 9.076742455363273621e-03 6.784154474735260010e-02 6.841235328465700150e-03 9.076742455363273621e-03 6.784154474735260010e-02
2.488000000000000000e+06 7.006993517279624939e-03 9.078968316316604614e-03 6.843364238739013672e-02 7.006993517279624939e-03 9.078968316316604614e-03 6.843364238739013672e-02
2.489000000000000000e+06 6.771638523787260056e-03 9.088545106351375580e-03 6.769159436225891113e-02 6.771638523787260056e-03 9.088545106351375580e-03 6.769159436225891113e-02
2.490000000000000000e+06 7.129224482923746109e-03 9.079133160412311554e-03 6.883249431848526001e-02 7.129224482923746109e-03 9.079133160412311554e-03 6.883249431848526001e-02
2.491000000000000000e+06 6.983748637139797211e-03 9.085561148822307587e-03 6.831490993499755859e-02 6.983748637139797211e-03 9.085561148822307587e-03 6.831490993499755859e-02
2.492000000000000000e+06 7.890611886978149414e-03 9.075500071048736572e-03 6.959085911512374878e-02 7.890611886978149414e-03 9.075500071048736572e-03 6.959085911512374878e-02
2.493000000000000000e+06 6.739041302353143692e-03 9.073209017515182495e-03 6.820627301931381226e-02 6.739041302353143692e-03 9.073209017515182495e-03 6.820627301931381226e-02
2.494000000000000000e+06 6.856163498014211655e-03 9.044376201927661896e-03 6.713775545358657837e-02 6.856163498014211655e-03 9.044376201927661896e-03 6.713775545358657837e-02
2.495000000000000000e+06 8.173366077244281769e-03 9.034133516252040863e-03 6.834044307470321655e-02 8.173366077244281769e-03 9.034133516252040863e-03 6.834044307470321655e-02
2.496000000000000000e+06 6.707760039716959000e-03 9.059329517185688019e-03 6.817501038312911987e-02 6.707760039716959000e-03 9.059329517185688019e-03 6.817501038312911987e-02
2.497000000000000000e+06 6.658739876002073288e-03 9.065539576113224030e-03 6.821604073047637939e-02 6.658739876002073288e-03 9.065539576113224030e-03 6.821604073047637939e-02
2.498000000000000000e+06 8.382215164601802826e-03 9.095364250242710114e-03 6.706902384757995605e-02 8.382215164601802826e-03 9.095364250242710114e-03 6.706902384757995605e-02
2.499000000000000000e+06 6.107932422310113907e-03 9.063893929123878479e-03 6.761442124843597412e-02 6.107932422310113907e-03 9.063893929123878479e-03 6.761442124843597412e-02
2.500000000000000000e+06 6.907098460942506790e-03 9.074630215764045715e-03 6.742619723081588745e-02 6.907098460942506790e-03 9.074630215764045715e-03 6.742619723081588745e-02
2.501000000000000000e+06 6.909573450684547424e-03 9.052800014615058899e-03 6.837863475084304810e-02 6.909573450684547424e-03 9.052800014615058899e-03 6.837863475084304810e-02
2.502000000000000000e+06 7.770606316626071930e-03 8.999262936413288116e-03 6.878807395696640015e-02 7.770606316626071930e-03 8.999262936413288116e-03 6.878807395696640015e-02
2.503000000000000000e+06 7.638543844223022461e-03 9.023393504321575165e-03 6.740856915712356567e-02 7.638543844223022461e-03 9.023393504321575165e-03 6.740856915712356567e-02
2.504000000000000000e+06 7.056137546896934509e-03 9.042886085808277130e-03 6.736167520284652710e-02 7.056137546896934509e-03 9.042886085808277130e-03 6.736167520284652710e-02
2.505000000000000000e+06 7.157453335821628571e-03 9.020397439599037170e-03 6.755215674638748169e-02 7.157453335821628571e-03 9.020397439599037170e-03 6.755215674638748169e-02
2.506000000000000000e+06 6.733094807714223862e-03 9.071248583495616913e-03 6.709174811840057373e-02 6.733094807714223862e-03 9.071248583495616913e-03 6.709174811840057373e-02
2.507000000000000000e+06 6.842861883342266083e-03 9.022186510264873505e-03 6.931034475564956665e-02 6.842861883342266083e-03 9.022186510264873505e-03 6.931034475564956665e-02
2.508000000000000000e+06 7.228292990475893021e-03 9.107649326324462891e-03 6.724780052900314331e-02 7.228292990475893021e-03 9.107649326324462891e-03 6.724780052900314331e-02
2.509000000000000000e+06 7.600738666951656342e-03 9.028137661516666412e-03 6.745035201311111450e-02 7.600738666951656342e-03 9.028137661516666412e-03 6.745035201311111450e-02
2.510000000000000000e+06 6.947997026145458221e-03 9.052890352904796600e-03 6.736960262060165405e-02 6.947997026145458221e-03 9.052890352904796600e-03 6.736960262060165405e-02
2.511000000000000000e+06 6.875128019601106644e-03 9.030174463987350464e-03 6.764676421880722046e-02 6.875128019601106644e-03 9.030174463987350464e-03 6.764676421880722046e-02
2.512000000000000000e+06 8.191690780222415924e-03 9.058956056833267212e-03 6.859054416418075562e-02 8.191690780222415924e-03 9.058956056833267212e-03 6.859054416418075562e-02
2.513000000000000000e+06 7.857597433030605316e-03 9.060448966920375824e-03 6.930626928806304932e-02 7.857597433030605316e-03 9.060448966920375824e-03 6.930626928806304932e-02
2.514000000000000000e+06 6.238012108951807022e-03 9.030234068632125854e-03 6.747785955667495728e-02 6.238012108951807022e-03 9.030234068632125854e-03 6.747785955667495728e-02
2.515000000000000000e+06 7.514097727835178375e-03 9.048764593899250031e-03 6.774335354566574097e-02 7.514097727835178375e-03 9.048764593899250031e-03 6.774335354566574097e-02
2.516000000000000000e+06 7.487265393137931824e-03 9.032889269292354584e-03 6.796715408563613892e-02 7.487265393137931824e-03 9.032889269292354584e-03 6.796715408563613892e-02
2.517000000000000000e+06 7.510211784392595291e-03 9.075749665498733521e-03 6.783303618431091309e-02 7.510211784392595291e-03 9.075749665498733521e-03 6.783303618431091309e-02
2.518000000000000000e+06 6.848298478871583939e-03 9.036962874233722687e-03 6.830824911594390869e-02 6.848298478871583939e-03 9.036962874233722687e-03 6.830824911594390869e-02
2.519000000000000000e+06 6.919770035892724991e-03 9.051712229847908020e-03 6.692096590995788574e-02 6.919770035892724991e-03 9.051712229847908020e-03 6.692096590995788574e-02
2.520000000000000000e+06 7.172190118581056595e-03 9.052942506968975067e-03 6.827825307846069336e-02 7.172190118581056595e-03 9.052942506968975067e-03 6.827825307846069336e-02
2.521000000000000000e+06 8.731159381568431854e-03 9.021988138556480408e-03 6.865788251161575317e-02 8.731159381568431854e-03 9.021988138556480408e-03 6.865788251161575317e-02
2.522000000000000000e+06 6.975686177611351013e-03 9.043197147548198700e-03 6.669557094573974609e-02 6.975686177611351013e-03 9.043197147548198700e-03 6.669557094573974609e-02
2.523000000000000000e+06 7.051295600831508636e-03 9.021678008139133453e-03 6.721957772970199585e-02 7.051295600831508636e-03 9.021678008139133453e-03 6.721957772970199585e-02
2.524000000000000000e+06 7.146521471440792084e-03 9.035080671310424805e-03 6.738335639238357544e-02 7.146521471440792084e-03 9.035080671310424805e-03 6.738335639238357544e-02
2.525000000000000000e+06 6.643986795097589493e-03 9.060419164597988129e-03 6.682606786489486694e-02 6.643986795097589493e-03 9.060419164597988129e-03 6.682606786489486694e-02
2.526000000000000000e+06 6.842412985861301422e-03 9.042379446327686310e-03 6.757844239473342896e-02 6.842412985861301422e-03 9.042379446327686310e-03 6.757844239473342896e-02
2.527000000000000000e+06 7.997390814125537872e-03 8.993444964289665222e-03 6.802202016115188599e-02 7.997390814125537872e-03 8.993444964289665222e-03 6.802202016115188599e-02
2.528000000000000000e+06 7.202276028692722321e-03 9.064758196473121643e-03 6.754718720912933350e-02 7.202276028692722321e-03 9.064758196473121643e-03 6.754718720912933350e-02
2.529000000000000000e+06 7.804322522133588791e-03 8.992160670459270477e-03 6.765572726726531982e-02 7.804322522133588791e-03 8.992160670459270477e-03 6.765572726726531982e-02
2.530000000000000000e+06 7.213578093796968460e-03 9.042602032423019409e-03 6.955355405807495117e-02 7.213578093796968460e-03 9.042602032423019409e-03 6.955355405807495117e-02
2.531000000000000000e+06 7.585651706904172897e-03 9.027438238263130188e-03 6.772647798061370850e-02 7.585651706904172897e-03 9.027438238263130188e-03 6.772647798061370850e-02
2.532000000000000000e+06 8.112154901027679443e-03 9.034402668476104736e-03 6.770168989896774292e-02 8.112154901027679443e-03 9.034402668476104736e-03 6.770168989896774292e-02
2.533000000000000000e+06 6.949403323233127594e-03 8.995278738439083099e-03 6.752704083919525146e-02 6.949403323233127594e-03 8.995278738439083099e-03 6.752704083919525146e-02
2.534000000000000000e+06 7.289184723049402237e-03 9.044991806149482727e-03 6.726227700710296631e-02 7.289184723049402237e-03 9.044991806149482727e-03 6.726227700710296631e-02
2.535000000000000000e+06 7.785703986883163452e-03 8.990855887532234192e-03 6.889095157384872437e-02 7.785703986883163452e-03 8.990855887532234192e-03 6.889095157384872437e-02
2.536000000000000000e+06 7.209818344563245773e-03 9.006805717945098877e-03 6.751831620931625366e-02 7.209818344563245773e-03 9.006805717945098877e-03 6.751831620931625366e-02
2.537000000000000000e+06 6.868624128401279449e-03 9.007873013615608215e-03 6.732208281755447388e-02 6.868624128401279449e-03 9.007873013615608215e-03 6.732208281755447388e-02
2.538000000000000000e+06 7.291781250387430191e-03 9.006818756461143494e-03 6.691736727952957153e-02 7.291781250387430191e-03 9.006818756461143494e-03 6.691736727952957153e-02
2.539000000000000000e+06 7.094956003129482269e-03 8.994975127279758453e-03 6.833691895008087158e-02 7.094956003129482269e-03 8.994975127279758453e-03 6.833691895008087158e-02
2.540000000000000000e+06 6.809236016124486923e-03 8.994683623313903809e-03 6.713898479938507080e-02 6.809236016124486923e-03 8.994683623313903809e-03 6.713898479938507080e-02
2.541000000000000000e+06 7.105321157723665237e-03 9.030682034790515900e-03 6.695856899023056030e-02 7.105321157723665237e-03 9.030682034790515900e-03 6.695856899023056030e-02
2.542000000000000000e+06 7.355465088039636612e-03 8.995217271149158478e-03 6.735788285732269287e-02 7.355465088039636612e-03 8.995217271149158478e-03 6.735788285732269287e-02
2.543000000000000000e+06 6.270269397646188736e-03 9.024539031088352203e-03 6.650303304195404053e-02 6.270269397646188736e-03 9.024539031088352203e-03 6.650303304195404053e-02
2.544000000000000000e+06 7.316016592085361481e-03 9.011506102979183197e-03 6.861224770545959473e-02 7.316016592085361481e-03 9.011506102979183197e-03 6.861224770545959473e-02
2.545000000000000000e+06 6.481252610683441162e-03 9.012120775878429413e-03 6.632584333419799805e-02 6.481252610683441162e-03 9.012120775878429413e-03 6.632584333419799805e-02
2.546000000000000000e+06 6.904426030814647675e-03 9.021136909723281860e-03 6.714469194412231445e-02 6.904426030814647675e-03 9.021136909723281860e-03 6.714469194412231445e-02
2.547000000000000000e+06 7.367430254817008972e-03 9.014194831252098083e-03 6.732217967510223389e-02 7.367430254817008972e-03 9.014194831252098083e-03 6.732217967510223389e-02
2.548000000000000000e+06 7.798142265528440475e-03 9.024255909025669098e-03 6.816623359918594360e-02 7.798142265528440475e-03 9.024255909025669098e-03 6.816623359918594360e-02
2.549000000000000000e+06 7.511460687965154648e-03 9.007192216813564301e-03 6.722408533096313477e-02 7.511460687965154648e-03 9.007192216813564301e-03 6.722408533096313477e-02
2.550000000000000000e+06 7.545349188148975372e-03 9.050033055245876312e-03 6.690359115600585938e-02 7.545349188148975372e-03 9.050033055245876312e-03 6.690359115600585938e-02
2.551000000000000000e+06 7.809239439666271210e-03 9.018359705805778503e-03 6.655314564704895020e-02 7.809239439666271210e-03 9.018359705805778503e-03 6.655314564704895020e-02
2.552000000000000000e+06 7.935255765914916992e-03 9.062354452908039093e-03 6.704709678888320923e-02 7.935255765914916992e-03 9.062354452908039093e-03 6.704709678888320923e-02
2.553000000000000000e+06 6.682615727186203003e-03 9.057864546775817871e-03 6.636616587638854980e-02 6.682615727186203003e-03 9.057864546775817871e-03 6.636616587638854980e-02
2.554000000000000000e+06 6.736360024660825729e-03 9.024032391607761383e-03 6.718534231185913086e-02 6.736360024660825729e-03 9.024032391607761383e-03 6.718534231185913086e-02
2.555000000000000000e+06 6.332596298307180405e-03 9.043661877512931824e-03 6.690718233585357666e-02 6.332596298307180405e-03 9.043661877512931824e-03 6.690718233585357666e-02
2.556000000000000000e+06 6.926691625267267227e-03 8.988488465547561646e-03 6.619843095541000366e-02 6.926691625267267227e-03 8.988488465547561646e-03 6.619843095541000366e-02
2.557000000000000000e+06 7.376794703304767609e-03 9.010051377117633820e-03 6.759531795978546143e-02 7.376794703304767609e-03 9.010051377117633820e-03 6.759531795978546143e-02
2.558000000000000000e+06 7.963548414409160614e-03 9.047416970133781433e-03 6.756651401519775391e-02 7.963548414409160614e-03 9.047416970133781433e-03 6.756651401519775391e-02
2.559000000000000000e+06 6.681775674223899841e-03 9.026546962559223175e-03 6.810481101274490356e-02 6.681775674223899841e-03 9.026546962559223175e-03 6.810481101274490356e-02
2.560000000000000000e+06 8.617482148110866547e-03 8.990839123725891113e-03 6.775817275047302246e-02 8.617482148110866547e-03 8.990839123725891113e-03 6.775817275047302246e-02
2.561000000000000000e+06 7.520256098359823227e-03 9.039225056767463684e-03 6.654161959886550903e-02 7.520256098359823227e-03 9.039225056767463684e-03 6.654161959886550903e-02
2.562000000000000000e+06 7.134771440178155899e-03 8.992155082523822784e-03 6.627960503101348877e-02 7.134771440178155899e-03 8.992155082523822784e-03 6.627960503101348877e-02
2.563000000000000000e+06 6.328334100544452667e-03 9.015099145472049713e-03 6.597203761339187622e-02 6.328334100544452667e-03 9.015099145472049713e-03 6.597203761339187622e-02
2.564000000000000000e+06 6.976431701332330704e-03 9.010808542370796204e-03 6.614737212657928467e-02 6.976431701332330704e-03 9.010808542370796204e-03 6.614737212657928467e-02
2.565000000000000000e+06 7.243583910167217255e-03 9.015797637403011322e-03 6.667531281709671021e-02 7.243583910167217255e-03 9.015797637403011322e-03 6.667531281709671021e-02
2.566000000000000000e+06 7.128598168492317200e-03 8.983421139419078827e-03 6.676065176725387573e-02 7.128598168492317200e-03 8.983421139419078827e-03 6.676065176725387573e-02
2.567000000000000000e+06 7.237845100462436676e-03 9.049061685800552368e-03 6.653368473052978516e-02 7.237845100462436676e-03 9.049061685800552368e-03 6.653368473052978516e-02
2.568000000000000000e+06 6.661408115178346634e-03 8.999726735055446625e-03 6.649253517389297485e-02 6.661408115178346634e-03 8.999726735055446625e-03 6.649253517389297485e-02
2.569000000000000000e+06 8.016874082386493683e-03 9.022191166877746582e-03 6.736887991428375244e-02 8.016874082386493683e-03 9.022191166877746582e-03 6.736887991428375244e-02
2.570000000000000000e+06 8.170616813004016876e-03 8.931451477110385895e-03 6.680519878864288330e-02 8.170616813004016876e-03 8.931451477110385895e-03 6.680519878864288330e-02
2.571000000000000000e+06 7.676186040043830872e-03 9.024216793477535248e-03 6.654153764247894287e-02 7.676186040043830872e-03 9.024216793477535248e-03 6.654153764247894287e-02
2.572000000000000000e+06 6.480521522462368011e-03 9.004954248666763306e-03 6.575858592987060547e-02 6.480521522462368011e-03 9.004954248666763306e-03 6.575858592987060547e-02
2.573000000000000000e+06 7.056668866425752640e-03 9.032625705003738403e-03 6.691581010818481445e-02 7.056668866425752640e-03 9.032625705003738403e-03 6.691581010818481445e-02
2.574000000000000000e+06 6.711070425808429718e-03 9.022897109389305115e-03 6.654167920351028442e-02 6.711070425808429718e-03 9.022897109389305115e-03 6.654167920351028442e-02
2.575000000000000000e+06 7.947183214128017426e-03 8.985220454633235931e-03 6.698195636272430420e-02 7.947183214128017426e-03 8.985220454633235931e-03 6.698195636272430420e-02
2.576000000000000000e+06 6.414727307856082916e-03 8.986629545688629150e-03 6.691015511751174927e-02 6.414727307856082916e-03 8.986629545688629150e-03 6.691015511751174927e-02
2.577000000000000000e+06 6.827592849731445312e-03 8.970645256340503693e-03 6.582389026880264282e-02 6.827592849731445312e-03 8.970645256340503693e-03 6.582389026880264282e-02
2.578000000000000000e+06 6.795210298150777817e-03 8.999841287732124329e-03 6.594645231962203979e-02 6.795210298150777817e-03 8.999841287732124329e-03 6.594645231962203979e-02
2.579000000000000000e+06 6.752954330295324326e-03 8.994159288704395294e-03 6.644074618816375732e-02 6.752954330295324326e-03 8.994159288704395294e-03 6.644074618816375732e-02
2.580000000000000000e+06 7.416056003421545029e-03 9.029635228216648102e-03 6.797580420970916748e-02 7.416056003421545029e-03 9.029635228216648102e-03 6.797580420970916748e-02
2.581000000000000000e+06 7.962538860738277435e-03 9.005290456116199493e-03 6.623941659927368164e-02 7.962538860738277435e-03 9.005290456116199493e-03 6.623941659927368164e-02
2.582000000000000000e+06 6.313666235655546188e-03 9.010678157210350037e-03 6.623616069555282593e-02 6.313666235655546188e-03 9.010678157210350037e-03 6.623616069555282593e-02
2.583000000000000000e+06 6.760898977518081665e-03 9.031257592141628265e-03 6.654191017150878906e-02 6.760898977518081665e-03 9.031257592141628265e-03 6.654191017150878906e-02
2.584000000000000000e+06 6.719392258673906326e-03 9.036455303430557251e-03 6.549319624900817871e-02 6.719392258673906326e-03 9.036455303430557251e-03 6.549319624900817871e-02
2.585000000000000000e+06 7.783822249621152878e-03 9.017572738230228424e-03 6.687029451131820679e-02 7.783822249621152878e-03 9.017572738230228424e-03 6.687029451131820679e-02
2.586000000000000000e+06 6.085501983761787415e-03 9.011349640786647797e-03 6.558671593666076660e-02 6.085501983761787415e-03 9.011349640786647797e-03 6.558671593666076660e-02
2.587000000000000000e+06 6.886277813464403152e-03 9.019355289638042450e-03 6.613598018884658813e-02 6.886277813464403152e-03 9.019355289638042450e-03 6.613598018884658813e-02
2.588000000000000000e+06 8.924921043217182159e-03 8.956430479884147644e-03 6.611403822898864746e-02 8.924921043217182159e-03 8.956430479884147644e-03 6.611403822898864746e-02
2.589000000000000000e+06 6.548637524247169495e-03 9.000165387988090515e-03 6.573233753442764282e-02 6.548637524247169495e-03 9.000165387988090515e-03 6.573233753442764282e-02
2.590000000000000000e+06 6.738129537552595139e-03 9.012992493808269501e-03 6.620464473962783813e-02 6.738129537552595139e-03 9.012992493808269501e-03 6.620464473962783813e-02
2.591000000000000000e+06 8.051457814872264862e-03 9.027135558426380157e-03 6.635849177837371826e-02 8.051457814872264862e-03 9.027135558426380157e-03 6.635849177837371826e-02
2.592000000000000000e+06 6.791068706661462784e-03 8.986687287688255310e-03 6.555135548114776611e-02 6.791068706661462784e-03 8.986687287688255310e-03 6.555135548114776611e-02
2.593000000000000000e+06 7.139589637517929077e-03 8.974405936896800995e-03 6.633757799863815308e-02 7.139589637517929077e-03 8.974405936896800995e-03 6.633757799863815308e-02
2.594000000000000000e+06 5.994134582579135895e-03 9.015134535729885101e-03 6.557695567607879639e-02 5.994134582579135895e-03 9.015134535729885101e-03 6.557695567607879639e-02
2.595000000000000000e+06 6.908772513270378113e-03 9.015902876853942871e-03 6.581353396177291870e-02 6.908772513270378113e-03 9.015902876853942871e-03 6.581353396177291870e-02
2.596000000000000000e+06 6.671940442174673080e-03 9.026156738400459290e-03 6.566706299781799316e-02 6.671940442174673080e-03 9.026156738400459290e-03 6.566706299781799316e-02
2.597000000000000000e+06 6.810478400439023972e-03 9.015014395117759705e-03 6.666181981563568115e-02 6.810478400439023972e-03 9.015014395117759705e-03 6.666181981563568115e-02
2.598000000000000000e+06 7.589746266603469849e-03 8.995647542178630829e-03 6.703589856624603271e-02 7.589746266603469849e-03 8.995647542178630829e-03 6.703589856624603271e-02
2.599000000000000000e+06 6.602209061384201050e-03 9.020093828439712524e-03 6.585288047790527344e-02 6.602209061384201050e-03 9.020093828439712524e-03 6.585288047790527344e-02
2.600000000000000000e+06 7.825043052434921265e-03 9.001327678561210632e-03 6.760244071483612061e-02 7.825043052434921265e-03 9.001327678561210632e-03 6.760244071483612061e-02
2.601000000000000000e+06 8.824432268738746643e-03 8.947895839810371399e-03 6.760271638631820679e-02 8.824432268738746643e-03 8.947895839810371399e-03 6.760271638631820679e-02
2.602000000000000000e+06 8.026114664971828461e-03 9.045664221048355103e-03 6.569827347993850708e-02 8.026114664971828461e-03 9.045664221048355103e-03 6.569827347993850708e-02
2.603000000000000000e+06 7.769663352519273758e-03 9.003245271742343903e-03 6.618794798851013184e-02 7.769663352519273758e-03 9.003245271742343903e-03 6.618794798851013184e-02
2.604000000000000000e+06 7.229349575936794281e-03 8.952911011874675751e-03 6.541005522012710571e-02 7.229349575936794281e-03 8.952911011874675751e-03 6.541005522012710571e-02
2.605000000000000000e+06 6.711777299642562866e-03 8.977339603006839752e-03 6.599710136651992798e-02 6.711777299642562866e-03 8.977339603006839752e-03 6.599710136651992798e-02
2.606000000000000000e+06 7.750040385872125626e-03 8.965590968728065491e-03 6.624082475900650024e-02 7.750040385872125626e-03 8.965590968728065491e-03 6.624082475900650024e-02
2.607000000000000000e+06 6.493045482784509659e-03 8.976241573691368103e-03 6.571540981531143188e-02 6.493045482784509659e-03 8.976241573691368103e-03 6.571540981531143188e-02
2.608000000000000000e+06 7.017937023192644119e-03 8.977434597909450531e-03 6.633373349905014038e-02 7.017937023192644119e-03 8.977434597909450531e-03 6.633373349905014038e-02
2.609000000000000000e+06 6.918206810951232910e-03 8.986425586044788361e-03 6.592541188001632690e-02 6.918206810951232910e-03 8.986425586044788361e-03 6.592541188001632690e-02
2.610000000000000000e+06 6.633494049310684204e-03 8.958600461483001709e-03 6.616467982530593872e-02 6.633494049310684204e-03 8.958600461483001709e-03 6.616467982530593872e-02
2.611000000000000000e+06 6.828088779002428055e-03 9.038101881742477417e-03 6.574018299579620361e-02 6.828088779002428055e-03 9.038101881742477417e-03 6.574018299579620361e-02
2.612000000000000000e+06 6.249614059925079346e-03 9.004008024930953979e-03 6.555424630641937256e-02 6.249614059925079346e-03 9.004008024930953979e-03 6.555424630641937256e-02
2.613000000000000000e+06 7.372953929007053375e-03 8.950459770858287811e-03 6.564725190401077271e-02 7.372953929007053375e-03 8.950459770858287811e-03 6.564725190401077271e-02
2.614000000000000000e+06 7.625937461853027344e-03 8.970734663307666779e-03 6.695619970560073853e-02 7.625937461853027344e-03 8.970734663307666779e-03 6.695619970560073853e-02
2.615000000000000000e+06 8.284098468720912933e-03 9.027575142681598663e-03 6.560412049293518066e-02 8.284098468720912933e-03 9.027575142681598663e-03 6.560412049293518066e-02
2.616000000000000000e+06 6.899538915604352951e-03 8.974988013505935669e-03 6.527724117040634155e-02 6.899538915604352951e-03 8.974988013505935669e-03 6.527724117040634155e-02
2.617000000000000000e+06 8.479727432131767273e-03 8.968546055257320404e-03 6.654340773820877075e-02 8.479727432131767273e-03 8.968546055257320404e-03 6.654340773820877075e-02
2.618000000000000000e+06 7.647937629371881485e-03 8.976148441433906555e-03 6.728623062372207642e-02 7.647937629371881485e-03 8.976148441433906555e-03 6.728623062372207642e-02
2.619000000000000000e+06 6.933938711881637573e-03 8.958284743130207062e-03 6.523020565509796143e-02 6.933938711881637573e-03 8.958284743130207062e-03 6.523020565509796143e-02
2.620000000000000000e+06 6.628434639424085617e-03 8.976493030786514282e-03 6.616917252540588379e-02 6.628434639424085617e-03 8.976493030786514282e-03 6.616917252540588379e-02
2.621000000000000000e+06 6.481693591922521591e-03 8.989294059574604034e-03 6.540364772081375122e-02 6.481693591922521591e-03 8.989294059574604034e-03 6.540364772081375122e-02
2.622000000000000000e+06 6.259967572987079620e-03 8.960488252341747284e-03 6.478483229875564575e-02 6.259967572987079620e-03 8.960488252341747284e-03 6.478483229875564575e-02
2.623000000000000000e+06 6.814758758991956711e-03 8.964256383478641510e-03 6.456127762794494629e-02 6.814758758991956711e-03 8.964256383478641510e-03 6.456127762794494629e-02
2.624000000000000000e+06 7.773668505251407623e-03 8.929070085287094116e-03 6.526408344507217407e-02 7.773668505251407623e-03 8.929070085287094116e-03 6.526408344507217407e-02
2.625000000000000000e+06 6.834513042122125626e-03 8.964930661022663116e-03 6.526236236095428467e-02 6.834513042122125626e-03 8.964930661022663116e-03 6.526236236095428467e-02
2.626000000000000000e+06 7.206141017377376556e-03 8.947195485234260559e-03 6.615285575389862061e-02 7.206141017377376556e-03 8.947195485234260559e-03 6.615285575389862061e-02
2.627000000000000000e+06 6.780132185667753220e-03 8.957448415458202362e-03 6.527863442897796631e-02 6.780132185667753220e-03 8.957448415458202362e-03 6.527863442897796631e-02
2.628000000000000000e+06 7.667298894375562668e-03 8.940497413277626038e-03 6.634325534105300903e-02 7.667298894375562668e-03 8.940497413277626038e-03 6.634325534105300903e-02
2.629000000000000000e+06 7.651481311768293381e-03 8.958023041486740112e-03 6.592316180467605591e-02 7.651481311768293381e-03 8.958023041486740112e-03 6.592316180467605591e-02
2.630000000000000000e+06 7.201069965958595276e-03 8.949114009737968445e-03 6.498552858829498291e-02 7.201069965958595276e-03 8.949114009737968445e-03 6.498552858829498291e-02
2.631000000000000000e+06 6.826749537140130997e-03 8.973946794867515564e-03 6.534536182880401611e-02 6.826749537140130997e-03 8.973946794867515564e-03 6.534536182880401611e-02
2.632000000000000000e+06 7.143741939216852188e-03 8.987481705844402313e-03 6.450806558132171631e-02 7.143741939216852188e-03 8.987481705844402313e-03 6.450806558132171631e-02
2.633000000000000000e+06 7.160323206335306168e-03 8.953895419836044312e-03 6.572563946247100830e-02 7.160323206335306168e-03 8.953895419836044312e-03 6.572563946247100830e-02
2.634000000000000000e+06 6.883962545543909073e-03 9.011390618979930878e-03 6.533021479845046997e-02 6.883962545543909073e-03 9.011390618979930878e-03 6.533021479845046997e-02
2.635000000000000000e+06 7.491360418498516083e-03 8.977154269814491272e-03 6.554313004016876221e-02 7.491360418498516083e-03 8.977154269814491272e-03 6.554313004016876221e-02
2.636000000000000000e+06 6.833376828581094742e-03 8.959437720477581024e-03 6.461765617132186890e-02 6.833376828581094742e-03 8.959437720477581024e-03 6.461765617132186890e-02
2.637000000000000000e+06 8.582884445786476135e-03 8.946697227656841278e-03 6.612303853034973145e-02 8.582884445786476135e-03 8.946697227656841278e-03 6.612303853034973145e-02
2.638000000000000000e+06 6.616959348320960999e-03 8.994431234896183014e-03 6.587309390306472778e-02 6.616959348320960999e-03 8.994431234896183014e-03 6.587309390306472778e-02
2.639000000000000000e+06 6.774088367819786072e-03 8.958879858255386353e-03 6.550230085849761963e-02 6.774088367819786072e-03 8.958879858255386353e-03 6.550230085849761963e-02
2.640000000000000000e+06 7.935307919979095459e-03 8.968677371740341187e-03 6.736804544925689697e-02 7.935307919979095459e-03 8.968677371740341187e-03 6.736804544925689697e-02
2.641000000000000000e+06 8.103438653051853180e-03 8.984356187283992767e-03 6.546637415885925293e-02 8.103438653051853180e-03 8.984356187283992767e-03 6.546637415885925293e-02
2.642000000000000000e+06 7.771823555231094360e-03 9.020891040563583374e-03 6.551139801740646362e-02 7.771823555231094360e-03 9.020891040563583374e-03 6.551139801740646362e-02
2.643000000000000000e+06 7.309057284146547318e-03 8.981967344880104065e-03 6.485255062580108643e-02 7.309057284146547318e-03 8.981967344880104065e-03 6.485255062580108643e-02
2.644000000000000000e+06 5.884492304176092148e-03 8.958712220191955566e-03 6.473953276872634888e-02 5.884492304176092148e-03 8.958712220191955566e-03 6.473953276872634888e-02
2.645000000000000000e+06 6.217840127646923065e-03 8.995374664664268494e-03 6.583211570978164673e-02 6.217840127646923065e-03 8.995374664664268494e-03 6.583211570978164673e-02
2.646000000000000000e+06 7.131942082196474075e-03 8.950908668339252472e-03 6.514657288789749146e-02 7.131942082196474075e-03 8.950908668339252472e-03 6.514657288789749146e-02
2.647000000000000000e+06 7.046111393719911575e-03 8.957969956099987030e-03 6.514673680067062378e-02 7.046111393719911575e-03 8.957969956099987030e-03 6.514673680067062378e-02
2.648000000000000000e+06 6.668504793196916580e-03 8.966761641204357147e-03 6.476239860057830811e-02 6.668504793196916580e-03 8.966761641204357147e-03 6.476239860057830811e-02
2.649000000000000000e+06 6.928744260221719742e-03 9.002204053103923798e-03 6.424472481012344360e-02 6.928744260221719742e-03 9.002204053103923798e-03 6.424472481012344360e-02
2.650000000000000000e+06 7.035628426820039749e-03 8.979789912700653076e-03 6.456985324621200562e-02 7.035628426820039749e-03 8.979789912700653076e-03 6.456985324621200562e-02
2.651000000000000000e+06 6.325150374323129654e-03 8.975866250693798065e-03 6.467071175575256348e-02 6.325150374323129654e-03 8.975866250693798065e-03 6.467071175575256348e-02
2.652000000000000000e+06 6.124621257185935974e-03 8.958625607192516327e-03 6.420865654945373535e-02 6.124621257185935974e-03 8.958625607192516327e-03 6.420865654945373535e-02
2.653000000000000000e+06 7.393398322165012360e-03 8.997710421681404114e-03 6.438881158828735352e-02 7.393398322165012360e-03 8.997710421681404114e-03 6.438881158828735352e-02
2.654000000000000000e+06 7.086896337568759918e-03 8.977074176073074341e-03 6.578479707241058350e-02 7.086896337568759918e-03 8.977074176073074341e-03 6.578479707241058350e-02
2.655000000000000000e+06 6.847324781119823456e-03 8.979501202702522278e-03 6.425308436155319214e-02 6.847324781119823456e-03 8.979501202702522278e-03 6.425308436155319214e-02
2.656000000000000000e+06 6.828318815678358078e-03 8.998308330774307251e-03 6.452185660600662231e-02 6.828318815678358078e-03 8.998308330774307251e-03 6.452185660600662231e-02
2.657000000000000000e+06 7.942306809127330780e-03 8.918666280806064606e-03 6.461911648511886597e-02 7.942306809127330780e-03 8.918666280806064606e-03 6.461911648511886597e-02
2.658000000000000000e+06 6.026251707226037979e-03 8.955337107181549072e-03 6.368903815746307373e-02 6.026251707226037979e-03 8.955337107181549072e-03 6.368903815746307373e-02
2.659000000000000000e+06 6.972187664359807968e-03 8.962729945778846741e-03 6.367006897926330566e-02 6.972187664359807968e-03 8.962729945778846741e-03 6.367006897926330566e-02
2.660000000000000000e+06 6.483557634055614471e-03 8.960155770182609558e-03 6.465583294630050659e-02 6.483557634055614471e-03 8.960155770182609558e-03 6.465583294630050659e-02
2.661000000000000000e+06 6.007950287312269211e-03 8.950970135629177094e-03 6.344535946846008301e-02 6.007950287312269211e-03 8.950970135629177094e-03 6.344535946846008301e-02
2.662000000000000000e+06 7.885983213782310486e-03 8.908893913030624390e-03 6.514972448348999023e-02 7.885983213782310486e-03 8.908893913030624390e-03 6.514972448348999023e-02
2.663000000000000000e+06 6.291128229349851608e-03 8.962870575487613678e-03 6.350370496511459351e-02 6.291128229349851608e-03 8.962870575487613678e-03 6.350370496511459351e-02
2.664000000000000000e+06 7.126265671104192734e-03 8.938360027968883514e-03 6.452355533838272095e-02 7.126265671104192734e-03 8.938360027968883514e-03 6.452355533838272095e-02
2.665000000000000000e+06 7.644592318683862686e-03 8.994135074317455292e-03 6.453247368335723877e-02 7.644592318683862686e-03 8.994135074317455292e-03 6.453247368335723877e-02
2.666000000000000000e+06 6.938512902706861496e-03 9.022204205393791199e-03 6.468941271305084229e-02 6.938512902706861496e-03 9.022204205393791199e-03 6.468941271305084229e-02
2.667000000000000000e+06 6.664880551397800446e-03 8.947493508458137512e-03 6.462769210338592529e-02 6.664880551397800446e-03 8.947493508458137512e-03 6.462769210338592529e-02
2.668000000000000000e+06 6.950498092919588089e-03 8.921063505113124847e-03 6.460034847259521484e-02 6.950498092919588089e-03 8.921063505113124847e-03 6.460034847259521484e-02
2.669000000000000000e+06 6.904491689056158066e-03 8.914598263800144196e-03 6.387659162282943726e-02 6.904491689056158066e-03 8.914598263800144196e-03 6.387659162282943726e-02
2.670000000000000000e+06 6.359986960887908936e-03 8.966066874563694000e-03 6.349081546068191528e-02 6.359986960887908936e-03 8.966066874563694000e-03 6.349081546068191528e-02
2.671000000000000000e+06 6.694848649203777313e-03 8.952020667493343353e-03 6.472373008728027344e-02 6.694848649203777313e-03 8.952020667493343353e-03 6.472373008728027344e-02
2.672000000000000000e+06 7.148622069507837296e-03 8.960682898759841919e-03 6.415648013353347778e-02 7.148622069507837296e-03 8.960682898759841919e-03 6.415648013353347778e-02
2.673000000000000000e+06 6.668001879006624222e-03 8.958417922258377075e-03 6.362110376358032227e-02 6.668001879006624222e-03 8.958417922258377075e-03 6.362110376358032227e-02
2.674000000000000000e+06 7.045757491141557693e-03 8.962601423263549805e-03 6.487298011779785156e-02 7.045757491141557693e-03 8.962601423263549805e-03 6.487298011779785156e-02
2.675000000000000000e+06 6.558657623827457428e-03 8.961234241724014282e-03 6.429781764745712280e-02 6.558657623827457428e-03 8.961234241724014282e-03 6.429781764745712280e-02
2.676000000000000000e+06 6.908261217176914215e-03 8.965432643890380859e-03 6.390018761157989502e-02 6.908261217176914215e-03 8.965432643890380859e-03 6.390018761157989502e-02
2.677000000000000000e+06 7.204117253422737122e-03 8.943660184741020203e-03 6.385271251201629639e-02 7.204117253422737122e-03 8.943660184741020203e-03 6.385271251201629639e-02
2.678000000000000000e+06 6.190191488713026047e-03 8.942193351686000824e-03 6.383299082517623901e-02 6.190191488713026047e-03 8.942193351686000824e-03 6.383299082517623901e-02
2.679000000000000000e+06 6.786180660128593445e-03 8.913437835872173309e-03 6.359028816223144531e-02 6.786180660128593445e-03 8.913437835872173309e-03 6.359028816223144531e-02
2.680000000000000000e+06 7.143545895814895630e-03 8.916898630559444427e-03 6.419522315263748169e-02 7.143545895814895630e-03 8.916898630559444427e-03 6.419522315263748169e-02
2.681000000000000000e+06 6.840977352112531662e-03 8.912432938814163208e-03 6.420394033193588257e-02 6.840977352112531662e-03 8.912432938814163208e-03 6.420394033193588257e-02
2.682000000000000000e+06 6.557850167155265808e-03 8.950423449277877808e-03 6.358314305543899536e-02 6.557850167155265808e-03 8.950423449277877808e-03 6.358314305543899536e-02
2.683000000000000000e+06 6.289205048233270645e-03 8.962127380073070526e-03 6.467541307210922241e-02 6.289205048233270645e-03 8.962127380073070526e-03 6.467541307210922241e-02
2.684000000000000000e+06 6.788107566535472870e-03 8.933628909289836884e-03 6.460335850715637207e-02 6.788107566535472870e-03 8.933628909289836884e-03 6.460335850715637207e-02
2.685000000000000000e+06 6.854114122688770294e-03 8.967565372586250305e-03 6.370276957750320435e-02 6.854114122688770294e-03 8.967565372586250305e-03 6.370276957750320435e-02
2.686000000000000000e+06 6.021528039127588272e-03 8.942948654294013977e-03 6.375692039728164673e-02 6.021528039127588272e-03 8.942948654294013977e-03 6.375692039728164673e-02
2.687000000000000000e+06 6.589111872017383575e-03 8.951988071203231812e-03 6.428413838148117065e-02 6.589111872017383575e-03 8.951988071203231812e-03 6.428413838148117065e-02
2.688000000000000000e+06 6.274461280554533005e-03 8.943413384258747101e-03 6.360254436731338501e-02 6.274461280554533005e-03 8.943413384258747101e-03 6.360254436731338501e-02
2.689000000000000000e+06 6.408829241991043091e-03 8.952510543167591095e-03 6.397765874862670898e-02 6.408829241991043091e-03 8.952510543167591095e-03 6.397765874862670898e-02
2.690000000000000000e+06 6.368766538798809052e-03 8.935308083891868591e-03 6.352728605270385742e-02 6.368766538798809052e-03 8.935308083891868591e-03 6.352728605270385742e-02
2.691000000000000000e+06 6.403051316738128662e-03 8.951174095273017883e-03 6.406508386135101318e-02 6.403051316738128662e-03 8.951174095273017883e-03 6.406508386135101318e-02
2.692000000000000000e+06 6.694680079817771912e-03 8.932543918490409851e-03 6.380233913660049438e-02 6.694680079817771912e-03 8.932543918490409851e-03 6.380233913660049438e-02
2.693000000000000000e+06 6.790599785745143890e-03 8.977469056844711304e-03 6.413666158914566040e-02 6.790599785745143890e-03 8.977469056844711304e-03 6.413666158914566040e-02
2.694000000000000000e+06 6.629865150898694992e-03 8.986825123429298401e-03 6.361746788024902344e-02 6.629865150898694992e-03 8.986825123429298401e-03 6.361746788024902344e-02
2.695000000000000000e+06 7.091132458299398422e-03 8.975767530500888824e-03 6.432732939720153809e-02 7.091132458299398422e-03 8.975767530500888824e-03 6.432732939720153809e-02
2.696000000000000000e+06 7.252027280628681183e-03 8.951321244239807129e-03 6.431212276220321655e-02 7.252027280628681183e-03 8.951321244239807129e-03 6.431212276220321655e-02
2.697000000000000000e+06 7.607071660459041595e-03 8.958729915320873260e-03 6.394986063241958618e-02 7.607071660459041595e-03 8.958729915320873260e-03 6.394986063241958618e-02
2.698000000000000000e+06 6.731882691383361816e-03 8.977626450359821320e-03 6.374275684356689453e-02 6.731882691383361816e-03 8.977626450359821320e-03 6.374275684356689453e-02
2.699000000000000000e+06 7.616832852363586426e-03 8.949487470090389252e-03 6.380193680524826050e-02 7.616832852363586426e-03 8.949487470090389252e-03 6.380193680524826050e-02
2.700000000000000000e+06 6.816315930336713791e-03 8.950094692409038544e-03 6.356558203697204590e-02 6.816315930336713791e-03 8.950094692409038544e-03 6.356558203697204590e-02
2.701000000000000000e+06 6.542552262544631958e-03 8.944232948124408722e-03 6.354459375143051147e-02 6.542552262544631958e-03 8.944232948124408722e-03 6.354459375143051147e-02
2.702000000000000000e+06 6.917202845215797424e-03 8.970186114311218262e-03 6.420507282018661499e-02 6.917202845215797424e-03 8.970186114311218262e-03 6.420507282018661499e-02
2.703000000000000000e+06 7.411723490804433823e-03 8.929250761866569519e-03 6.356198340654373169e-02 7.411723490804433823e-03 8.929250761866569519e-03 6.356198340654373169e-02
2.704000000000000000e+06 6.403665523976087570e-03 8.948362432420253754e-03 6.359016895294189453e-02 6.403665523976087570e-03 8.948362432420253754e-03 6.359016895294189453e-02
2.705000000000000000e+06 7.384328171610832214e-03 8.961644023656845093e-03 6.369335204362869263e-02 7.384328171610832214e-03 8.961644023656845093e-03 6.369335204362869263e-02
2.706000000000000000e+06 7.066397462040185928e-03 8.952705189585685730e-03 6.352029740810394287e-02 7.066397462040185928e-03 8.952705189585685730e-03 6.352029740810394287e-02
2.707000000000000000e+06 7.361222058534622192e-03 8.902116678655147552e-03 6.393823027610778809e-02 7.361222058534622192e-03 8.902116678655147552e-03 6.393823027610778809e-02
2.708000000000000000e+06 7.787597365677356720e-03 8.948493748903274536e-03 6.448256969451904297e-02 7.787597365677356720e-03 8.948493748903274536e-03 6.448256969451904297e-02
2.709000000000000000e+06 6.864376831799745560e-03 8.984292857348918915e-03 6.349346041679382324e-02 6.864376831799745560e-03 8.984292857348918915e-03 6.349346041679382324e-02
2.710000000000000000e+06 6.298936437815427780e-03 8.945525623857975006e-03 6.320422142744064331e-02 6.298936437815427780e-03 8.945525623857975006e-03 6.320422142744064331e-02
2.711000000000000000e+06 6.667939480394124985e-03 8.926985785365104675e-03 6.403412669897079468e-02 6.667939480394124985e-03 8.926985785365104675e-03 6.403412669897079468e-02
2.712000000000000000e+06 6.731391418725252151e-03 8.915705606341362000e-03 6.355570256710052490e-02 6.731391418725252151e-03 8.915705606341362000e-03 6.355570256710052490e-02
2.713000000000000000e+06 7.262579165399074554e-03 8.947065100073814392e-03 6.334175914525985718e-02 7.262579165399074554e-03 8.947065100073814392e-03 6.334175914525985718e-02
2.714000000000000000e+06 6.983452942222356796e-03 8.953402750194072723e-03 6.428008526563644409e-02 6.983452942222356796e-03 8.953402750194072723e-03 6.428008526563644409e-02
2.715000000000000000e+06 7.152175065129995346e-03 8.906489238142967224e-03 6.397474557161331177e-02 7.152175065129995346e-03 8.906489238142967224e-03 6.397474557161331177e-02
2.716000000000000000e+06 7.335822563618421555e-03 8.948144502937793732e-03 6.292333453893661499e-02 7.335822563618421555e-03 8.948144502937793732e-03 6.292333453893661499e-02
2.717000000000000000e+06 6.622296292334794998e-03 8.961522020399570465e-03 6.298001110553741455e-02 6.622296292334794998e-03 8.961522020399570465e-03 6.298001110553741455e-02
2.718000000000000000e+06 6.453094538301229477e-03 8.917626924812793732e-03 6.339670717716217041e-02 6.453094538301229477e-03 8.917626924812793732e-03 6.339670717716217041e-02
2.719000000000000000e+06 7.105714175850152969e-03 8.918522857129573822e-03 6.295045465230941772e-02 7.105714175850152969e-03 8.918522857129573822e-03 6.295045465230941772e-02
2.720000000000000000e+06 7.329573854804039001e-03 8.928266353905200958e-03 6.289394199848175049e-02 7.329573854804039001e-03 8.928266353905200958e-03 6.289394199848175049e-02
2.721000000000000000e+06 8.485544472932815552e-03 8.891458623111248016e-03 6.518184393644332886e-02 8.485544472932815552e-03 8.891458623111248016e-03 6.518184393644332886e-02
2.722000000000000000e+06 7.199220824986696243e-03 8.932984434068202972e-03 6.413087248802185059e-02 7.199220824986696243e-03 8.932984434068202972e-03 6.413087248802185059e-02
2.723000000000000000e+06 5.575678311288356781e-03 8.949671871960163116e-03 6.265711784362792969e-02 5.575678311288356781e-03 8.949671871960163116e-03 6.265711784362792969e-02
2.724000000000000000e+06 7.912574335932731628e-03 8.968156762421131134e-03 6.362179666757583618e-02 7.912574335932731628e-03 8.968156762421131134e-03 6.362179666757583618e-02
2.725000000000000000e+06 5.951420404016971588e-03 8.929772302508354187e-03 6.215130537748336792e-02 5.951420404016971588e-03 8.929772302508354187e-03 6.215130537748336792e-02
2.726000000000000000e+06 8.638756349682807922e-03 8.910624310374259949e-03 6.335182487964630127e-02 8.638756349682807922e-03 8.910624310374259949e-03 6.335182487964630127e-02
2.727000000000000000e+06 6.548919714987277985e-03 8.917216211557388306e-03 6.272353231906890869e-02 6.548919714987277985e-03 8.917216211557388306e-03 6.272353231906890869e-02
2.728000000000000000e+06 7.440140470862388611e-03 8.895878680050373077e-03 6.307087838649749756e-02 7.440140470862388611e-03 8.895878680050373077e-03 6.307087838649749756e-02
2.729000000000000000e+06 6.669096183031797409e-03 8.962255902588367462e-03 6.390217691659927368e-02 6.669096183031797409e-03 8.962255902588367462e-03 6.390217691659927368e-02
2.730000000000000000e+06 6.493155378848314285e-03 8.935077115893363953e-03 6.420180946588516235e-02 6.493155378848314285e-03 8.935077115893363953e-03 6.420180946588516235e-02
2.731000000000000000e+06 6.346491631120443344e-03 8.948566392064094543e-03 6.341106444597244263e-02 6.346491631120443344e-03 8.948566392064094543e-03 6.341106444597244263e-02
2.732000000000000000e+06 6.459132302552461624e-03 8.949917741119861603e-03 6.315738707780838013e-02 6.459132302552461624e-03 8.949917741119861603e-03 6.315738707780838013e-02
2.733000000000000000e+06 6.526217330247163773e-03 8.927109651267528534e-03 6.369874626398086548e-02 6.526217330247163773e-03 8.927109651267528534e-03 6.369874626398086548e-02
2.734000000000000000e+06 6.421942729502916336e-03 8.929197676479816437e-03 6.248889863491058350e-02 6.421942729502916336e-03 8.929197676479816437e-03 6.248889863491058350e-02
2.735000000000000000e+06 6.128788460046052933e-03 8.958172984421253204e-03 6.335265934467315674e-02 6.128788460046052933e-03 8.958172984421253204e-03 6.335265934467315674e-02
2.736000000000000000e+06 7.039010059088468552e-03 8.939899504184722900e-03 6.304419785737991333e-02 7.039010059088468552e-03 8.939899504184722900e-03 6.304419785737991333e-02
2.737000000000000000e+06 7.053025066852569580e-03 8.981924504041671753e-03 6.299319118261337280e-02 7.053025066852569580e-03 8.981924504041671753e-03 6.299319118261337280e-02
2.738000000000000000e+06 5.653366446495056152e-03 8.924467489123344421e-03 6.206645071506500244e-02 5.653366446495056152e-03 8.924467489123344421e-03 6.206645071506500244e-02
2.739000000000000000e+06 7.430805824697017670e-03 8.927519433200359344e-03 6.291482597589492798e-02 7.430805824697017670e-03 8.927519433200359344e-03 6.291482597589492798e-02
2.740000000000000000e+06 6.869200151413679123e-03 8.920350112020969391e-03 6.311667710542678833e-02 6.869200151413679123e-03 8.920350112020969391e-03 6.311667710542678833e-02
2.741000000000000000e+06 6.662131752818822861e-03 8.946157060563564301e-03 6.270803511142730713e-02 6.662131752818822861e-03 8.946157060563564301e-03 6.270803511142730713e-02
2.742000000000000000e+06 6.259679794311523438e-03 8.916862308979034424e-03 6.211077421903610229e-02 6.259679794311523438e-03 8.916862308979034424e-03 6.211077421903610229e-02
2.743000000000000000e+06 6.058837287127971649e-03 8.903387002646923065e-03 6.224392727017402649e-02 6.058837287127971649e-03 8.903387002646923065e-03 6.224392727017402649e-02
2.744000000000000000e+06 7.318181451410055161e-03 8.965993300080299377e-03 6.274297833442687988e-02 7.318181451410055161e-03 8.965993300080299377e-03 6.274297833442687988e-02
2.745000000000000000e+06 6.069767288863658905e-03 8.947840891778469086e-03 6.253861635923385620e-02 6.069767288863658905e-03 8.947840891778469086e-03 6.253861635923385620e-02
2.746000000000000000e+06 6.726988125592470169e-03 8.934623561799526215e-03 6.312071532011032104e-02 6.726988125592470169e-03 8.934623561799526215e-03 6.312071532011032104e-02
2.747000000000000000e+06 6.542095914483070374e-03 8.920445106923580170e-03 6.259471178054809570e-02 6.542095914483070374e-03 8.920445106923580170e-03 6.259471178054809570e-02
2.748000000000000000e+06 6.568572018295526505e-03 8.960402570664882660e-03 6.327969580888748169e-02 6.568572018295526505e-03 8.960402570664882660e-03 6.327969580888748169e-02
2.749000000000000000e+06 5.606068298220634460e-03 8.942435495555400848e-03 6.167859956622123718e-02 5.606068298220634460e-03 8.942435495555400848e-03 6.167859956622123718e-02
2.750000000000000000e+06 7.177937775850296021e-03 8.938309736549854279e-03 6.218156218528747559e-02 7.177937775850296021e-03 8.938309736549854279e-03 6.218156218528747559e-02
2.751000000000000000e+06 6.642955821007490158e-03 8.938455022871494293e-03 6.309898197650909424e-02 6.642955821007490158e-03 8.938455022871494293e-03 6.309898197650909424e-02
2.752000000000000000e+06 6.563207600265741348e-03 8.951316587626934052e-03 6.318049877882003784e-02 6.563207600265741348e-03 8.951316587626934052e-03 6.318049877882003784e-02
2.753000000000000000e+06 6.408997345715761185e-03 8.951699361205101013e-03 6.232061982154846191e-02 6.408997345715761185e-03 8.951699361205101013e-03 6.232061982154846191e-02
2.754000000000000000e+06 6.122376304119825363e-03 8.936090394854545593e-03 6.189381703734397888e-02 6.122376304119825363e-03 8.936090394854545593e-03 6.189381703734397888e-02
2.755000000000000000e+06 6.652233190834522247e-03 8.940950036048889160e-03 6.347147375345230103e-02 6.652233190834522247e-03 8.940950036048889160e-03 6.347147375345230103e-02
2.756000000000000000e+06 6.184006575495004654e-03 8.928822353482246399e-03 6.328024715185165405e-02 6.184006575495004654e-03 8.928822353482246399e-03 6.328024715185165405e-02
2.757000000000000000e+06 6.680324673652648926e-03 8.908786810934543610e-03 6.260535120964050293e-02 6.680324673652648926e-03 8.908786810934543610e-03 6.260535120964050293e-02
2.758000000000000000e+06 5.891046021133661270e-03 8.933652192354202271e-03 6.203942000865936279e-02 5.891046021133661270e-03 8.933652192354202271e-03 6.203942000865936279e-02
2.759000000000000000e+06 7.736333180218935013e-03 8.903785608708858490e-03 6.269489228725433350e-02 7.736333180218935013e-03 8.903785608708858490e-03 6.269489228725433350e-02
2.760000000000000000e+06 8.094306103885173798e-03 8.941281586885452271e-03 6.373681873083114624e-02 8.094306103885173798e-03 8.941281586885452271e-03 6.373681873083114624e-02
2.761000000000000000e+06 6.420566234737634659e-03 8.927723392844200134e-03 6.259990483522415161e-02 6.420566234737634659e-03 8.927723392844200134e-03 6.259990483522415161e-02
2.762000000000000000e+06 6.761673837900161743e-03 8.931049145758152008e-03 6.296617537736892700e-02 6.761673837900161743e-03 8.931049145758152008e-03 6.296617537736892700e-02
2.763000000000000000e+06 6.387378554791212082e-03 8.884341455996036530e-03 6.177136674523353577e-02 6.387378554791212082e-03 8.884341455996036530e-03 6.177136674523353577e-02
2.764000000000000000e+06 6.628630682826042175e-03 8.893035352230072021e-03 6.189630925655364990e-02 6.628630682826042175e-03 8.893035352230072021e-03 6.189630925655364990e-02
2.765000000000000000e+06 6.411384325474500656e-03 8.928248658776283264e-03 6.158373504877090454e-02 6.411384325474500656e-03 8.928248658776283264e-03 6.158373504877090454e-02
2.766000000000000000e+06 7.212714757770299911e-03 8.948551490902900696e-03 6.255973130464553833e-02 7.212714757770299911e-03 8.948551490902900696e-03 6.255973130464553833e-02
2.767000000000000000e+06 5.886836443096399307e-03 8.914800360798835754e-03 6.167471781373023987e-02 5.886836443096399307e-03 8.914800360798835754e-03 6.167471781373023987e-02
2.768000000000000000e+06 6.617475301027297974e-03 8.921124972403049469e-03 6.243435293436050415e-02 6.617475301027297974e-03 8.921124972403049469e-03 6.243435293436050415e-02
2.769000000000000000e+06 6.895710248500108719e-03 8.924685418605804443e-03 6.170345470309257507e-02 6.895710248500108719e-03 8.924685418605804443e-03 6.170345470309257507e-02
2.770000000000000000e+06 6.296643987298011780e-03 8.928268216550350189e-03 6.115939468145370483e-02 6.296643987298011780e-03 8.928268216550350189e-03 6.115939468145370483e-02
2.771000000000000000e+06 8.101103827357292175e-03 8.987785317003726959e-03 6.208043172955513000e-02 8.101103827357292175e-03 8.987785317003726959e-03 6.208043172955513000e-02
2.772000000000000000e+06 6.384900771081447601e-03 8.909944444894790649e-03 6.213185191154479980e-02 6.384900771081447601e-03 8.909944444894790649e-03 6.213185191154479980e-02
2.773000000000000000e+06 7.222678046673536301e-03 8.980412036180496216e-03 6.232381984591484070e-02 7.222678046673536301e-03 8.980412036180496216e-03 6.232381984591484070e-02
2.774000000000000000e+06 6.522785872220993042e-03 8.958441205322742462e-03 6.257102638483047485e-02 6.522785872220993042e-03 8.958441205322742462e-03 6.257102638483047485e-02
2.775000000000000000e+06 6.522991228848695755e-03 8.962164632976055145e-03 6.168495118618011475e-02 6.522991228848695755e-03 8.962164632976055145e-03 6.168495118618011475e-02
2.776000000000000000e+06 7.653053384274244308e-03 8.966404944658279419e-03 6.213939189910888672e-02 7.653053384274244308e-03 8.966404944658279419e-03 6.213939189910888672e-02
2.777000000000000000e+06 8.150978013873100281e-03 8.976680226624011993e-03 6.217159703373908997e-02 8.150978013873100281e-03 8.976680226624011993e-03 6.217159703373908997e-02
2.778000000000000000e+06 5.857040639966726303e-03 8.912131190299987793e-03 6.142142415046691895e-02 5.857040639966726303e-03 8.912131190299987793e-03 6.142142415046691895e-02
2.779000000000000000e+06 6.221936084330081940e-03 8.915639482438564301e-03 6.243708357214927673e-02 6.221936084330081940e-03 8.915639482438564301e-03 6.243708357214927673e-02
2.780000000000000000e+06 6.988306064158678055e-03 8.903192356228828430e-03 6.197700276970863342e-02 6.988306064158678055e-03 8.903192356228828430e-03 6.197700276970863342e-02
2.781000000000000000e+06 6.079165264964103699e-03 8.926511742174625397e-03 6.285545229911804199e-02 6.079165264964103699e-03 8.926511742174625397e-03 6.285545229911804199e-02
2.782000000000000000e+06 6.685809232294559479e-03 8.913186378777027130e-03 6.158960238099098206e-02 6.685809232294559479e-03 8.913186378777027130e-03 6.158960238099098206e-02
2.783000000000000000e+06 6.963708903640508652e-03 8.942895568907260895e-03 6.146468967199325562e-02 6.963708903640508652e-03 8.942895568907260895e-03 6.146468967199325562e-02
2.784000000000000000e+06 6.714176852256059647e-03 8.941037580370903015e-03 6.186472624540328979e-02 6.714176852256059647e-03 8.941037580370903015e-03 6.186472624540328979e-02
2.785000000000000000e+06 8.055082522332668304e-03 8.988487534224987030e-03 6.127246841788291931e-02 8.055082522332668304e-03 8.988487534224987030e-03 6.127246841788291931e-02
2.786000000000000000e+06 6.806785706430673599e-03 8.903454989194869995e-03 6.203412637114524841e-02 6.806785706430673599e-03 8.903454989194869995e-03 6.203412637114524841e-02
2.787000000000000000e+06 5.860775709152221680e-03 8.922159671783447266e-03 6.118637323379516602e-02 5.860775709152221680e-03 8.922159671783447266e-03 6.118637323379516602e-02
2.788000000000000000e+06 6.736267823725938797e-03 8.897460997104644775e-03 6.221490353345870972e-02 6.736267823725938797e-03 8.897460997104644775e-03 6.221490353345870972e-02
2.789000000000000000e+06 7.014486473053693771e-03 8.919807150959968567e-03 6.256777793169021606e-02 7.014486473053693771e-03 8.919807150959968567e-03 6.256777793169021606e-02
2.790000000000000000e+06 6.700536701828241348e-03 8.960503153502941132e-03 6.123224273324012756e-02 6.700536701828241348e-03 8.960503153502941132e-03 6.123224273324012756e-02
2.791000000000000000e+06 6.609432864934206009e-03 8.929969742894172668e-03 6.120633333921432495e-02 6.609432864934206009e-03 8.929969742894172668e-03 6.120633333921432495e-02
2.792000000000000000e+06 7.000381592661142349e-03 8.890899829566478729e-03 6.151382625102996826e-02 7.000381592661142349e-03 8.890899829566478729e-03 6.151382625102996826e-02
2.793000000000000000e+06 7.710864767432212830e-03 8.940367028117179871e-03 6.218142807483673096e-02 7.710864767432212830e-03 8.940367028117179871e-03 6.218142807483673096e-02
2.794000000000000000e+06 6.651747040450572968e-03 8.916370570659637451e-03 6.195200234651565552e-02 6.651747040450572968e-03 8.916370570659637451e-03 6.195200234651565552e-02
2.795000000000000000e+06 5.885964259505271912e-03 8.900137618184089661e-03 6.139022856950759888e-02 5.885964259505271912e-03 8.900137618184089661e-03 6.139022856950759888e-02
2.796000000000000000e+06 6.208212580531835556e-03 8.910256437957286835e-03 6.077079474925994873e-02 6.208212580531835556e-03 8.910256437957286835e-03 6.077079474925994873e-02
2.797000000000000000e+06 6.455376744270324707e-03 8.887018077075481415e-03 6.152364611625671387e-02 6.455376744270324707e-03 8.887018077075481415e-03 6.152364611625671387e-02
2.798000000000000000e+06 6.613627541810274124e-03 8.919625543057918549e-03 6.180286407470703125e-02 6.613627541810274124e-03 8.919625543057918549e-03 6.180286407470703125e-02
2.799000000000000000e+06 6.263840943574905396e-03 8.931078016757965088e-03 6.117955222725868225e-02 6.263840943574905396e-03 8.931078016757965088e-03 6.117955222725868225e-02
2.800000000000000000e+06 6.706653162837028503e-03 8.912904188036918640e-03 6.199522316455841064e-02 6.706653162837028503e-03 8.912904188036918640e-03 6.199522316455841064e-02
2.801000000000000000e+06 6.518278736621141434e-03 8.936842903494834900e-03 6.106952205300331116e-02 6.518278736621141434e-03 8.936842903494834900e-03 6.106952205300331116e-02
2.802000000000000000e+06 7.123487070202827454e-03 8.936495520174503326e-03 6.137214228510856628e-02 7.123487070202827454e-03 8.936495520174503326e-03 6.137214228510856628e-02
2.803000000000000000e+06 7.839772850275039673e-03 8.902125991880893707e-03 6.282325088977813721e-02 7.839772850275039673e-03 8.902125991880893707e-03 6.282325088977813721e-02
2.804000000000000000e+06 6.338718812912702560e-03 8.931186981499195099e-03 6.129086762666702271e-02 6.338718812912702560e-03 8.931186981499195099e-03 6.129086762666702271e-02
2.805000000000000000e+06 6.472797133028507233e-03 8.918069303035736084e-03 6.204736977815628052e-02 6.472797133028507233e-03 8.918069303035736084e-03 6.204736977815628052e-02
2.806000000000000000e+06 6.457028910517692566e-03 8.927156217396259308e-03 6.056233495473861694e-02 6.457028910517692566e-03 8.927156217396259308e-03 6.056233495473861694e-02
2.807000000000000000e+06 7.253564894199371338e-03 8.886421099305152893e-03 6.262629479169845581e-02 7.253564894199371338e-03 8.886421099305152893e-03 6.262629479169845581e-02
2.808000000000000000e+06 8.415821939706802368e-03 8.883396163582801819e-03 6.194544211030006409e-02 8.415821939706802368e-03 8.883396163582801819e-03 6.194544211030006409e-02
2.809000000000000000e+06 6.971250288188457489e-03 8.926757611334323883e-03 6.157248467206954956e-02 6.971250288188457489e-03 8.926757611334323883e-03 6.157248467206954956e-02
2.810000000000000000e+06 6.812096107751131058e-03 8.914330974221229553e-03 6.201957538723945618e-02 6.812096107751131058e-03 8.914330974221229553e-03 6.201957538723945618e-02
2.811000000000000000e+06 6.606630515307188034e-03 8.907671086490154266e-03 6.051128730177879333e-02 6.606630515307188034e-03 8.907671086490154266e-03 6.051128730177879333e-02
2.812000000000000000e+06 7.446031551808118820e-03 8.887488394975662231e-03 6.104103475809097290e-02 7.446031551808118820e-03 8.887488394975662231e-03 6.104103475809097290e-02
2.813000000000000000e+06 6.967011373490095139e-03 8.916378021240234375e-03 6.068789958953857422e-02 6.967011373490095139e-03 8.916378021240234375e-03 6.068789958953857422e-02
2.814000000000000000e+06 6.504235323518514633e-03 8.908998221158981323e-03 6.117406487464904785e-02 6.504235323518514633e-03 8.908998221158981323e-03 6.117406487464904785e-02
2.815000000000000000e+06 6.920377258211374283e-03 8.898241445422172546e-03 6.159139424562454224e-02 6.920377258211374283e-03 8.898241445422172546e-03 6.159139424562454224e-02
2.816000000000000000e+06 6.095822900533676147e-03 8.915678597986698151e-03 6.222333014011383057e-02 6.095822900533676147e-03 8.915678597986698151e-03 6.222333014011383057e-02
2.817000000000000000e+06 7.566576823592185974e-03 8.903440088033676147e-03 6.178649514913558960e-02 7.566576823592185974e-03 8.903440088033676147e-03 6.178649514913558960e-02
2.818000000000000000e+06 6.656428799033164978e-03 8.951333351433277130e-03 6.146226823329925537e-02 6.656428799033164978e-03 8.951333351433277130e-03 6.146226823329925537e-02
2.819000000000000000e+06 6.358107551932334900e-03 8.893525227904319763e-03 6.090587005019187927e-02 6.358107551932334900e-03 8.893525227904319763e-03 6.090587005019187927e-02
2.820000000000000000e+06 6.555120460689067841e-03 8.903045207262039185e-03 6.141509115695953369e-02 6.555120460689067841e-03 8.903045207262039185e-03 6.141509115695953369e-02
2.821000000000000000e+06 7.124485448002815247e-03 8.898301050066947937e-03 6.089174002408981323e-02 7.124485448002815247e-03 8.898301050066947937e-03 6.089174002408981323e-02
2.822000000000000000e+06 6.645190995186567307e-03 8.917856961488723755e-03 6.153751909732818604e-02 6.645190995186567307e-03 8.917856961488723755e-03 6.153751909732818604e-02
2.823000000000000000e+06 6.337437313050031662e-03 8.903342299163341522e-03 6.030581891536712646e-02 6.337437313050031662e-03 8.903342299163341522e-03 6.030581891536712646e-02
2.824000000000000000e+06 6.284376606345176697e-03 8.922564797103404999e-03 6.077695265412330627e-02 6.284376606345176697e-03 8.922564797103404999e-03 6.077695265412330627e-02
2.825000000000000000e+06 6.437506526708602905e-03 8.921006694436073303e-03 6.075185909867286682e-02 6.437506526708602905e-03 8.921006694436073303e-03 6.075185909867286682e-02
2.826000000000000000e+06 6.428953725844621658e-03 8.914927020668983459e-03 6.035700067877769470e-02 6.428953725844621658e-03 8.914927020668983459e-03 6.035700067877769470e-02
2.827000000000000000e+06 6.961511448025703430e-03 8.920829743146896362e-03 6.083857268095016479e-02 6.961511448025703430e-03 8.920829743146896362e-03 6.083857268095016479e-02
2.828000000000000000e+06 7.343539036810398102e-03 8.945145644247531891e-03 6.048135831952095032e-02 7.343539036810398102e-03 8.945145644247531891e-03 6.048135831952095032e-02
2.829000000000000000e+06 6.880691275000572205e-03 8.895446546375751495e-03 6.042558327317237854e-02 6.880691275000572205e-03 8.895446546375751495e-03 6.042558327317237854e-02
2.830000000000000000e+06 6.268290337175130844e-03 8.923963643610477448e-03 6.124207749962806702e-02 6.268290337175130844e-03 8.923963643610477448e-03 6.124207749962806702e-02
2.831000000000000000e+06 6.601327098906040192e-03 8.882992900907993317e-03 6.068687140941619873e-02 6.601327098906040192e-03 8.882992900907993317e-03 6.068687140941619873e-02
2.832000000000000000e+06 6.450579501688480377e-03 8.954070508480072021e-03 6.037840992212295532e-02 6.450579501688480377e-03 8.954070508480072021e-03 6.037840992212295532e-02
2.833000000000000000e+06 6.710095331072807312e-03 8.880144916474819183e-03 5.998189002275466919e-02 6.710095331072807312e-03 8.880144916474819183e-03 5.998189002275466919e-02
2.834000000000000000e+06 6.384412292391061783e-03 8.915958926081657410e-03 6.096870079636573792e-02 6.384412292391061783e-03 8.915958926081657410e-03 6.096870079636573792e-02
2.835000000000000000e+06 6.595788057893514633e-03 8.914084173738956451e-03 6.129050254821777344e-02 6.595788057893514633e-03 8.914084173738956451e-03 6.129050254821777344e-02
2.836000000000000000e+06 7.498658727854490280e-03 8.869903162121772766e-03 6.040172278881072998e-02 7.498658727854490280e-03 8.869903162121772766e-03 6.040172278881072998e-02
2.837000000000000000e+06 6.874058861285448074e-03 8.920668624341487885e-03 6.099267676472663879e-02 6.874058861285448074e-03 8.920668624341487885e-03 6.099267676472663879e-02
2.838000000000000000e+06 7.135527208447456360e-03 8.925504051148891449e-03 6.136786937713623047e-02 7.135527208447456360e-03 8.925504051148891449e-03 6.136786937713623047e-02
2.839000000000000000e+06 6.898514460772275925e-03 8.883436210453510284e-03 6.024042889475822449e-02 6.898514460772275925e-03 8.883436210453510284e-03 6.024042889475822449e-02
2.840000000000000000e+06 6.576867308467626572e-03 8.918466046452522278e-03 6.109877675771713257e-02 6.576867308467626572e-03 8.918466046452522278e-03 6.109877675771713257e-02
2.841000000000000000e+06 8.066261187195777893e-03 8.931795135140419006e-03 6.182066351175308228e-02 8.066261187195777893e-03 8.931795135140419006e-03 6.182066351175308228e-02
2.842000000000000000e+06 6.827077362686395645e-03 8.947915397584438324e-03 6.101443991065025330e-02 6.827077362686395645e-03 8.947915397584438324e-03 6.101443991065025330e-02
2.843000000000000000e+06 6.641020067036151886e-03 8.900964632630348206e-03 6.063489243388175964e-02 6.641020067036151886e-03 8.900964632630348206e-03 6.063489243388175964e-02
2.844000000000000000e+06 6.701094564050436020e-03 8.879381231963634491e-03 6.056020408868789673e-02 6.701094564050436020e-03 8.879381231963634491e-03 6.056020408868789673e-02
2.845000000000000000e+06 6.050641182810068130e-03 8.904373273253440857e-03 6.006091088056564331e-02 6.050641182810068130e-03 8.904373273253440857e-03 6.006091088056564331e-02
2.846000000000000000e+06 7.662590127438306808e-03 8.924024179577827454e-03 6.114751845598220825e-02 7.662590127438306808e-03 8.924024179577827454e-03 6.114751845598220825e-02
2.847000000000000000e+06 6.279477849602699280e-03 8.885410614311695099e-03 6.028935313224792480e-02 6.279477849602699280e-03 8.885410614311695099e-03 6.028935313224792480e-02
2.848000000000000000e+06 7.451448123902082443e-03 8.917245082557201385e-03 6.099952757358551025e-02 7.451448123902082443e-03 8.917245082557201385e-03 6.099952757358551025e-02
2.849000000000000000e+06 6.630309391766786575e-03 8.892704732716083527e-03 6.022487580776214600e-02 6.630309391766786575e-03 8.892704732716083527e-03 6.022487580776214600e-02
2.850000000000000000e+06 6.667845882475376129e-03 8.924988098442554474e-03 6.101520359516143799e-02 6.667845882475376129e-03 8.924988098442554474e-03 6.101520359516143799e-02
2.851000000000000000e+06 5.974856670945882797e-03 8.942320011556148529e-03 5.937230959534645081e-02 5.974856670945882797e-03 8.942320011556148529e-03 5.937230959534645081e-02
2.852000000000000000e+06 9.141002781689167023e-03 8.951019495725631714e-03 6.063075736165046692e-02 9.141002781689167023e-03 8.951019495725631714e-03 6.063075736165046692e-02
2.853000000000000000e+06 7.406245451420545578e-03 8.875643834471702576e-03 6.130137294530868530e-02 7.406245451420545578e-03 8.875643834471702576e-03 6.130137294530868530e-02
2.854000000000000000e+06 7.104468066245317459e-03 8.930117823183536530e-03 5.995354056358337402e-02 7.104468066245317459e-03 8.930117823183536530e-03 5.995354056358337402e-02
2.855000000000000000e+06 8.602243848145008087e-03 8.895934559404850006e-03 6.061046198010444641e-02 8.602243848145008087e-03 8.895934559404850006e-03 6.061046198010444641e-02
2.856000000000000000e+06 6.903712637722492218e-03 8.890876546502113342e-03 6.002817675471305847e-02 6.903712637722492218e-03 8.890876546502113342e-03 6.002817675471305847e-02
2.857000000000000000e+06 5.909749772399663925e-03 8.882679976522922516e-03 5.996327474713325500e-02 5.909749772399663925e-03 8.882679976522922516e-03 5.996327474713325500e-02
2.858000000000000000e+06 6.711652968078851700e-03 8.902328088879585266e-03 6.056054309010505676e-02 6.711652968078851700e-03 8.902328088879585266e-03 6.056054309010505676e-02
2.859000000000000000e+06 7.598970085382461548e-03 8.929723873734474182e-03 6.233878806233406067e-02 7.598970085382461548e-03 8.929723873734474182e-03 6.233878806233406067e-02
2.860000000000000000e+06 8.407782763242721558e-03 8.900238201022148132e-03 6.192800402641296387e-02 8.407782763242721558e-03 8.900238201022148132e-03 6.192800402641296387e-02
2.861000000000000000e+06 6.247685756534337997e-03 8.921866305172443390e-03 6.006708741188049316e-02 6.247685756534337997e-03 8.921866305172443390e-03 6.006708741188049316e-02
2.862000000000000000e+06 6.416372954845428467e-03 8.918720297515392303e-03 6.015089899301528931e-02 6.416372954845428467e-03 8.918720297515392303e-03 6.015089899301528931e-02
2.863000000000000000e+06 6.188953295350074768e-03 8.876527659595012665e-03 6.018785014748573303e-02 6.188953295350074768e-03 8.876527659595012665e-03 6.018785014748573303e-02
2.864000000000000000e+06 8.220662362873554230e-03 8.867992088198661804e-03 6.049304082989692688e-02 8.220662362873554230e-03 8.867992088198661804e-03 6.049304082989692688e-02
2.865000000000000000e+06 7.191064767539501190e-03 8.878801949322223663e-03 6.088622659444808960e-02 7.191064767539501190e-03 8.878801949322223663e-03 6.088622659444808960e-02
2.866000000000000000e+06 6.430641282349824905e-03 8.886930532753467560e-03 6.073527038097381592e-02 6.430641282349824905e-03 8.886930532753467560e-03 6.073527038097381592e-02
2.867000000000000000e+06 6.826865486800670624e-03 8.914301171898841858e-03 6.120518222451210022e-02 6.826865486800670624e-03 8.914301171898841858e-03 6.120518222451210022e-02
2.868000000000000000e+06 5.922724027186632156e-03 8.878411725163459778e-03 5.942707136273384094e-02 5.922724027186632156e-03 8.878411725163459778e-03 5.942707136273384094e-02
2.869000000000000000e+06 6.105587817728519440e-03 8.882941678166389465e-03 5.938722938299179077e-02 6.105587817728519440e-03 8.882941678166389465e-03 5.938722938299179077e-02
2.870000000000000000e+06 6.192625500261783600e-03 8.902234956622123718e-03 5.960933119058609009e-02 6.192625500261783600e-03 8.902234956622123718e-03 5.960933119058609009e-02
2.871000000000000000e+06 7.553983945399522781e-03 8.955475874245166779e-03 6.097010523080825806e-02 7.553983945399522781e-03 8.955475874245166779e-03 6.097010523080825806e-02
2.872000000000000000e+06 5.918737966567277908e-03 8.916454389691352844e-03 5.954088270664215088e-02 5.918737966567277908e-03 8.916454389691352844e-03 5.954088270664215088e-02
2.873000000000000000e+06 6.536193657666444778e-03 8.896579034626483917e-03 6.165434420108795166e-02 6.536193657666444778e-03 8.896579034626483917e-03 6.165434420108795166e-02
2.874000000000000000e+06 6.287692580372095108e-03 8.910823613405227661e-03 6.001098081469535828e-02 6.287692580372095108e-03 8.910823613405227661e-03 6.001098081469535828e-02
2.875000000000000000e+06 6.891556549817323685e-03 8.902419358491897583e-03 6.017801165580749512e-02 6.891556549817323685e-03 8.902419358491897583e-03 6.017801165580749512e-02
2.876000000000000000e+06 6.373621523380279541e-03 8.914737030863761902e-03 6.027716398239135742e-02 6.373621523380279541e-03 8.914737030863761902e-03 6.027716398239135742e-02
2.877000000000000000e+06 6.339852232486009598e-03 8.881188929080963135e-03 6.004077568650245667e-02 6.339852232486009598e-03 8.881188929080963135e-03 6.004077568650245667e-02
2.878000000000000000e+06 6.512802094221115112e-03 8.901041932404041290e-03 5.944152921438217163e-02 6.512802094221115112e-03 8.901041932404041290e-03 5.944152921438217163e-02
2.879000000000000000e+06 5.628852639347314835e-03 8.877049200236797333e-03 5.892431363463401794e-02 5.628852639347314835e-03 8.877049200236797333e-03 5.892431363463401794e-02
2.880000000000000000e+06 5.944723729044198990e-03 8.883403614163398743e-03 5.987520143389701843e-02 5.944723729044198990e-03 8.883403614163398743e-03 5.987520143389701843e-02
2.881000000000000000e+06 8.332294411957263947e-03 8.864083327353000641e-03 6.016563996672630310e-02 8.332294411957263947e-03 8.864083327353000641e-03 6.016563996672630310e-02
2.882000000000000000e+06 7.171054370701313019e-03 8.859042078256607056e-03 5.964034795761108398e-02 7.171054370701313019e-03 8.859042078256607056e-03 5.964034795761108398e-02
2.883000000000000000e+06 7.230110466480255127e-03 8.888594806194305420e-03 5.986616760492324829e-02 7.230110466480255127e-03 8.888594806194305420e-03 5.986616760492324829e-02
2.884000000000000000e+06 7.162493653595447540e-03 8.869691751897335052e-03 6.055464595556259155e-02 7.162493653595447540e-03 8.869691751897335052e-03 6.055464595556259155e-02
2.885000000000000000e+06 6.334559991955757141e-03 8.882666006684303284e-03 5.973072350025177002e-02 6.334559991955757141e-03 8.882666006684303284e-03 5.973072350025177002e-02
2.886000000000000000e+06 8.041644468903541565e-03 8.880529552698135376e-03 6.041045859456062317e-02 8.041644468903541565e-03 8.880529552698135376e-03 6.041045859456062317e-02
2.887000000000000000e+06 6.410949863493442535e-03 8.873621001839637756e-03 6.012748926877975464e-02 6.410949863493442535e-03 8.873621001839637756e-03 6.012748926877975464e-02
2.888000000000000000e+06 6.536108907312154770e-03 8.853878825902938843e-03 5.966539680957794189e-02 6.536108907312154770e-03 8.853878825902938843e-03 5.966539680957794189e-02
2.889000000000000000e+06 6.662393920123577118e-03 8.876510895788669586e-03 6.062478199601173401e-02 6.662393920123577118e-03 8.876510895788669586e-03 6.062478199601173401e-02
2.890000000000000000e+06 6.358484271913766861e-03 8.873257786035537720e-03 6.013890355825424194e-02 6.358484271913766861e-03 8.873257786035537720e-03 6.013890355825424194e-02
2.891000000000000000e+06 5.834044422954320908e-03 8.858188055455684662e-03 5.877091735601425171e-02 5.834044422954320908e-03 8.858188055455684662e-03 5.877091735601425171e-02
2.892000000000000000e+06 8.025205694139003754e-03 8.888242766261100769e-03 6.072729080915451050e-02 8.025205694139003754e-03 8.888242766261100769e-03 6.072729080915451050e-02
2.893000000000000000e+06 7.256914395838975906e-03 8.880875073373317719e-03 5.960018560290336609e-02 7.256914395838975906e-03 8.880875073373317719e-03 5.960018560290336609e-02
2.894000000000000000e+06 6.743922363966703415e-03 8.917077444493770599e-03 5.941192060708999634e-02 6.743922363966703415e-03 8.917077444493770599e-03 5.941192060708999634e-02
2.895000000000000000e+06 6.489714141935110092e-03 8.888662792742252350e-03 5.931705236434936523e-02 6.489714141935110092e-03 8.888662792742252350e-03 5.931705236434936523e-02
2.896000000000000000e+06 7.000922691076993942e-03 8.895997889339923859e-03 5.956712365150451660e-02 7.000922691076993942e-03 8.895997889339923859e-03 5.956712365150451660e-02
2.897000000000000000e+06 6.827613338828086853e-03 8.922530338168144226e-03 5.950246751308441162e-02 6.827613338828086853e-03 8.922530338168144226e-03 5.950246751308441162e-02
2.898000000000000000e+06 5.909273400902748108e-03 8.900396525859832764e-03 5.909229069948196411e-02 5.909273400902748108e-03 8.900396525859832764e-03 5.909229069948196411e-02
2.899000000000000000e+06 6.949858274310827255e-03 8.940169587731361389e-03 5.914751067757606506e-02 6.949858274310827255e-03 8.940169587731361389e-03 5.914751067757606506e-02
2.900000000000000000e+06 7.348592858761548996e-03 8.936514146625995636e-03 6.071840599179267883e-02 7.348592858761548996e-03 8.936514146625995636e-03 6.071840599179267883e-02
2.901000000000000000e+06 6.651493720710277557e-03 8.882806636393070221e-03 5.910293385386466980e-02 6.651493720710277557e-03 8.882806636393070221e-03 5.910293385386466980e-02
2.902000000000000000e+06 6.016647908836603165e-03 8.905868977308273315e-03 5.922061204910278320e-02 6.016647908836603165e-03 8.905868977308273315e-03 5.922061204910278320e-02
2.903000000000000000e+06 6.656703539192676544e-03 8.903413079679012299e-03 5.886220559477806091e-02 6.656703539192676544e-03 8.903413079679012299e-03 5.886220559477806091e-02
2.904000000000000000e+06 6.725033745169639587e-03 8.881995454430580139e-03 5.964114516973495483e-02 6.725033745169639587e-03 8.881995454430580139e-03 5.964114516973495483e-02
2.905000000000000000e+06 6.168178748339414597e-03 8.881581015884876251e-03 5.894691497087478638e-02 6.168178748339414597e-03 8.881581015884876251e-03 5.894691497087478638e-02
2.906000000000000000e+06 6.295988336205482483e-03 8.870065212249755859e-03 5.813974514603614807e-02 6.295988336205482483e-03 8.870065212249755859e-03 5.813974514603614807e-02
2.907000000000000000e+06 6.002191454172134399e-03 8.886344730854034424e-03 5.931083112955093384e-02 6.002191454172134399e-03 8.886344730854034424e-03 5.931083112955093384e-02
2.908000000000000000e+06 6.415336392819881439e-03 8.915111422538757324e-03 5.876856297254562378e-02 6.415336392819881439e-03 8.915111422538757324e-03 5.876856297254562378e-02
2.909000000000000000e+06 6.014290265738964081e-03 8.890619501471519470e-03 5.960195511579513550e-02 6.014290265738964081e-03 8.890619501471519470e-03 5.960195511579513550e-02
2.910000000000000000e+06 6.132475100457668304e-03 8.885300718247890472e-03 5.928729474544525146e-02 6.132475100457668304e-03 8.885300718247890472e-03 5.928729474544525146e-02
2.911000000000000000e+06 7.212148047983646393e-03 8.931877091526985168e-03 6.008221954107284546e-02 7.212148047983646393e-03 8.931877091526985168e-03 6.008221954107284546e-02
2.912000000000000000e+06 6.496434565633535385e-03 8.857889100909233093e-03 5.918213725090026855e-02 6.496434565633535385e-03 8.857889100909233093e-03 5.918213725090026855e-02
2.913000000000000000e+06 7.186341565102338791e-03 8.872080594301223755e-03 5.942621454596519470e-02 7.186341565102338791e-03 8.872080594301223755e-03 5.942621454596519470e-02
2.914000000000000000e+06 6.562479771673679352e-03 8.907431736588478088e-03 5.865950509905815125e-02 6.562479771673679352e-03 8.907431736588478088e-03 5.865950509905815125e-02
2.915000000000000000e+06 5.896775517612695694e-03 8.878298103809356689e-03 5.872837081551551819e-02 5.896775517612695694e-03 8.878298103809356689e-03 5.872837081551551819e-02
2.916000000000000000e+06 5.806303583085536957e-03 8.916378952562808990e-03 5.841962248086929321e-02 5.806303583085536957e-03 8.916378952562808990e-03 5.841962248086929321e-02
2.917000000000000000e+06 6.722232792526483536e-03 8.882327936589717865e-03 5.993993952870368958e-02 6.722232792526483536e-03 8.882327936589717865e-03 5.993993952870368958e-02
2.918000000000000000e+06 6.482777185738086700e-03 8.917418308556079865e-03 5.835629999637603760e-02 6.482777185738086700e-03 8.917418308556079865e-03 5.835629999637603760e-02
2.919000000000000000e+06 6.050303578376770020e-03 8.891283534467220306e-03 5.877094343304634094e-02 6.050303578376770020e-03 8.891283534467220306e-03 5.877094343304634094e-02
2.920000000000000000e+06 7.791334297508001328e-03 8.874674327671527863e-03 5.997754633426666260e-02 7.791334297508001328e-03 8.874674327671527863e-03 5.997754633426666260e-02
2.921000000000000000e+06 6.906623486429452896e-03 8.875214494764804840e-03 5.861407890915870667e-02 6.906623486429452896e-03 8.875214494764804840e-03 5.861407890915870667e-02
2.922000000000000000e+06 6.835102569311857224e-03 8.870045654475688934e-03 5.922701582312583923e-02 6.835102569311857224e-03 8.870045654475688934e-03 5.922701582312583923e-02
2.923000000000000000e+06 6.673489231616258621e-03 8.904360234737396240e-03 5.851607397198677063e-02 6.673489231616258621e-03 8.904360234737396240e-03 5.851607397198677063e-02
2.924000000000000000e+06 8.041072636842727661e-03 8.849799633026123047e-03 5.994897335767745972e-02 8.041072636842727661e-03 8.849799633026123047e-03 5.994897335767745972e-02
2.925000000000000000e+06 6.755494512617588043e-03 8.882575668394565582e-03 5.833807960152626038e-02 6.755494512617588043e-03 8.882575668394565582e-03 5.833807960152626038e-02
2.926000000000000000e+06 5.687633063644170761e-03 8.873295038938522339e-03 5.875641852617263794e-02 5.687633063644170761e-03 8.873295038938522339e-03 5.875641852617263794e-02
2.927000000000000000e+06 7.208789698779582977e-03 8.874944411218166351e-03 5.875723436474800110e-02 7.208789698779582977e-03 8.874944411218166351e-03 5.875723436474800110e-02
2.928000000000000000e+06 6.022257264703512192e-03 8.888298645615577698e-03 5.858858302235603333e-02 6.022257264703512192e-03 8.888298645615577698e-03 5.858858302235603333e-02
2.929000000000000000e+06 7.632427383214235306e-03 8.881394751369953156e-03 5.914468690752983093e-02 7.632427383214235306e-03 8.881394751369953156e-03 5.914468690752983093e-02
2.930000000000000000e+06 5.652332212775945663e-03 8.881871588528156281e-03 5.849436298012733459e-02 5.652332212775945663e-03 8.881871588528156281e-03 5.849436298012733459e-02
2.931000000000000000e+06 6.017324980348348618e-03 8.891037665307521820e-03 5.833071842789649963e-02 6.017324980348348618e-03 8.891037665307521820e-03 5.833071842789649963e-02
2.932000000000000000e+06 7.087018806487321854e-03 8.871737867593765259e-03 5.840518325567245483e-02 7.087018806487321854e-03 8.871737867593765259e-03 5.840518325567245483e-02
2.933000000000000000e+06 7.609928492456674576e-03 8.901339955627918243e-03 5.926239117980003357e-02 7.609928492456674576e-03 8.901339955627918243e-03 5.926239117980003357e-02
2.934000000000000000e+06 7.186998613178730011e-03 8.859708905220031738e-03 6.058862805366516113e-02 7.186998613178730011e-03 8.859708905220031738e-03 6.058862805366516113e-02
2.935000000000000000e+06 7.378662936389446259e-03 8.950088173151016235e-03 5.880043655633926392e-02 7.378662936389446259e-03 8.950088173151016235e-03 5.880043655633926392e-02
2.936000000000000000e+06 7.227960508316755295e-03 8.856912143528461456e-03 5.891028046607971191e-02 7.227960508316755295e-03 8.856912143528461456e-03 5.891028046607971191e-02
2.937000000000000000e+06 8.659546263515949249e-03 8.948721922934055328e-03 5.864818394184112549e-02 8.659546263515949249e-03 8.948721922934055328e-03 5.864818394184112549e-02
2.938000000000000000e+06 6.025152746587991714e-03 8.883364498615264893e-03 5.849623680114746094e-02 6.025152746587991714e-03 8.883364498615264893e-03 5.849623680114746094e-02
2.939000000000000000e+06 7.995570078492164612e-03 8.856737986207008362e-03 5.927206203341484070e-02 7.995570078492164612e-03 8.856737986207008362e-03 5.927206203341484070e-02
2.940000000000000000e+06 6.928181275725364685e-03 8.869952522218227386e-03 5.905653163790702820e-02 6.928181275725364685e-03 8.869952522218227386e-03 5.905653163790702820e-02
2.941000000000000000e+06 7.169377058744430542e-03 8.860017172992229462e-03 5.829921737313270569e-02 7.169377058744430542e-03 8.860017172992229462e-03 5.829921737313270569e-02
2.942000000000000000e+06 6.953845731914043427e-03 8.875803090631961823e-03 5.925202369689941406e-02 6.953845731914043427e-03 8.875803090631961823e-03 5.925202369689941406e-02
2.943000000000000000e+06 6.059939507395029068e-03 8.899359032511711121e-03 5.812763050198554993e-02 6.059939507395029068e-03 8.899359032511711121e-03 5.812763050198554993e-02
2.944000000000000000e+06 6.871738936752080917e-03 8.885355666279792786e-03 5.998832732439041138e-02 6.871738936752080917e-03 8.885355666279792786e-03 5.998832732439041138e-02
2.945000000000000000e+06 6.153679918497800827e-03 8.891049772500991821e-03 5.814888328313827515e-02 6.153679918497800827e-03 8.891049772500991821e-03 5.814888328313827515e-02
2.946000000000000000e+06 6.759404204785823822e-03 8.869063109159469604e-03 5.874481797218322754e-02 6.759404204785823822e-03 8.869063109159469604e-03 5.874481797218322754e-02
2.947000000000000000e+06 7.035170681774616241e-03 8.884802460670471191e-03 5.831773579120635986e-02 7.035170681774616241e-03 8.884802460670471191e-03 5.831773579120635986e-02
2.948000000000000000e+06 6.209492217749357224e-03 8.880014531314373016e-03 5.968131497502326965e-02 6.209492217749357224e-03 8.880014531314373016e-03 5.968131497502326965e-02
2.949000000000000000e+06 7.156023755669593811e-03 8.918926119804382324e-03 5.825172364711761475e-02 7.156023755669593811e-03 8.918926119804382324e-03 5.825172364711761475e-02
2.950000000000000000e+06 7.136663421988487244e-03 8.861809968948364258e-03 5.891419202089309692e-02 7.136663421988487244e-03 8.861809968948364258e-03 5.891419202089309692e-02
2.951000000000000000e+06 5.907420068979263306e-03 8.865007199347019196e-03 5.798116326332092285e-02 5.907420068979263306e-03 8.865007199347019196e-03 5.798116326332092285e-02
2.952000000000000000e+06 6.347246468067169189e-03 8.875440806150436401e-03 5.800936371088027954e-02 6.347246468067169189e-03 8.875440806150436401e-03 5.800936371088027954e-02
2.953000000000000000e+06 6.268293596804141998e-03 8.875758387148380280e-03 5.854387953877449036e-02 6.268293596804141998e-03 8.875758387148380280e-03 5.854387953877449036e-02
2.954000000000000000e+06 7.042759563773870468e-03 8.847236633300781250e-03 5.874289944767951965e-02 7.042759563773870468e-03 8.847236633300781250e-03 5.874289944767951965e-02
2.955000000000000000e+06 6.737634539604187012e-03 8.881574496626853943e-03 5.929391086101531982e-02 6.737634539604187012e-03 8.881574496626853943e-03 5.929391086101531982e-02
2.956000000000000000e+06 6.334205158054828644e-03 8.882790803909301758e-03 5.783487111330032349e-02 6.334205158054828644e-03 8.882790803909301758e-03 5.783487111330032349e-02
2.957000000000000000e+06 6.565848365426063538e-03 8.880365639925003052e-03 5.858870595693588257e-02 6.565848365426063538e-03 8.880365639925003052e-03 5.858870595693588257e-02
2.958000000000000000e+06 6.304789800196886063e-03 8.857741951942443848e-03 5.786480009555816650e-02 6.304789800196886063e-03 8.857741951942443848e-03 5.786480009555816650e-02
2.959000000000000000e+06 6.880684755742549896e-03 8.858867920935153961e-03 5.853348970413208008e-02 6.880684755742549896e-03 8.858867920935153961e-03 5.853348970413208008e-02
2.960000000000000000e+06 6.659601815044879913e-03 8.844918571412563324e-03 5.838861688971519470e-02 6.659601815044879913e-03 8.844918571412563324e-03 5.838861688971519470e-02
2.961000000000000000e+06 6.476434413343667984e-03 8.877743966877460480e-03 5.866589397192001343e-02 6.476434413343667984e-03 8.877743966877460480e-03 5.866589397192001343e-02
2.962000000000000000e+06 6.858545355498790741e-03 8.895174600183963776e-03 5.935699492692947388e-02 6.858545355498790741e-03 8.895174600183963776e-03 5.935699492692947388e-02
2.963000000000000000e+06 6.796789355576038361e-03 8.883647620677947998e-03 5.823500826954841614e-02 6.796789355576038361e-03 8.883647620677947998e-03 5.823500826954841614e-02
2.964000000000000000e+06 6.781812291592359543e-03 8.929907344281673431e-03 5.806444212794303894e-02 6.781812291592359543e-03 8.929907344281673431e-03 5.806444212794303894e-02
2.965000000000000000e+06 7.384751923382282257e-03 8.852305822074413300e-03 5.816639214754104614e-02 7.384751923382282257e-03 8.852305822074413300e-03 5.816639214754104614e-02
2.966000000000000000e+06 7.640623487532138824e-03 8.914527483284473419e-03 5.959491431713104248e-02 7.640623487532138824e-03 8.914527483284473419e-03 5.959491431713104248e-02
2.967000000000000000e+06 5.987954791635274887e-03 8.870551362633705139e-03 5.841676145792007446e-02 5.987954791635274887e-03 8.870551362633705139e-03 5.841676145792007446e-02
2.968000000000000000e+06 6.242652423679828644e-03 8.885628543794155121e-03 5.855641886591911316e-02 6.242652423679828644e-03 8.885628543794155121e-03 5.855641886591911316e-02
2.969000000000000000e+06 6.077009718865156174e-03 8.899710141122341156e-03 5.755644664168357849e-02 6.077009718865156174e-03 8.899710141122341156e-03 5.755644664168357849e-02
2.970000000000000000e+06 7.540944498032331467e-03 8.906949311494827271e-03 5.854850262403488159e-02 7.540944498032331467e-03 8.906949311494827271e-03 5.854850262403488159e-02
2.971000000000000000e+06 6.974496878683567047e-03 8.892883546650409698e-03 5.864444375038146973e-02 6.974496878683567047e-03 8.892883546650409698e-03 5.864444375038146973e-02
2.972000000000000000e+06 7.492185104638338089e-03 8.812868036329746246e-03 5.768840014934539795e-02 7.492185104638338089e-03 8.812868036329746246e-03 5.768840014934539795e-02
2.973000000000000000e+06 7.090595085173845291e-03 8.904028683900833130e-03 5.838815867900848389e-02 7.090595085173845291e-03 8.904028683900833130e-03 5.838815867900848389e-02
2.974000000000000000e+06 6.847573444247245789e-03 8.896175771951675415e-03 5.794688314199447632e-02 6.847573444247245789e-03 8.896175771951675415e-03 5.794688314199447632e-02
2.975000000000000000e+06 5.986764561384916306e-03 8.883927017450332642e-03 5.735535547137260437e-02 5.986764561384916306e-03 8.883927017450332642e-03 5.735535547137260437e-02
2.976000000000000000e+06 6.497373338788747787e-03 8.871266618371009827e-03 5.812944099307060242e-02 6.497373338788747787e-03 8.871266618371009827e-03 5.812944099307060242e-02
2.977000000000000000e+06 7.138853427022695541e-03 8.933600969612598419e-03 5.766664817929267883e-02 7.138853427022695541e-03 8.933600969612598419e-03 5.766664817929267883e-02
2.978000000000000000e+06 6.101058330386877060e-03 8.887264877557754517e-03 5.791305378079414368e-02 6.101058330386877060e-03 8.887264877557754517e-03 5.791305378079414368e-02
2.979000000000000000e+06 6.696111522614955902e-03 8.814877830445766449e-03 5.790586024522781372e-02 6.696111522614955902e-03 8.814877830445766449e-03 5.790586024522781372e-02
2.980000000000000000e+06 6.137956865131855011e-03 8.860612288117408752e-03 5.723997205495834351e-02 6.137956865131855011e-03 8.860612288117408752e-03 5.723997205495834351e-02
2.981000000000000000e+06 5.842172540724277496e-03 8.898747153580188751e-03 5.742673575878143311e-02 5.842172540724277496e-03 8.898747153580188751e-03 5.742673575878143311e-02
2.982000000000000000e+06 6.261828355491161346e-03 8.906565606594085693e-03 5.778616294264793396e-02 6.261828355491161346e-03 8.906565606594085693e-03 5.778616294264793396e-02
2.983000000000000000e+06 6.399938836693763733e-03 8.859675377607345581e-03 5.833749473094940186e-02 6.399938836693763733e-03 8.859675377607345581e-03 5.833749473094940186e-02
2.984000000000000000e+06 6.127966102212667465e-03 8.887389674782752991e-03 5.741314217448234558e-02 6.127966102212667465e-03 8.887389674782752991e-03 5.741314217448234558e-02
2.985000000000000000e+06 7.579270750284194946e-03 8.869210258126258850e-03 6.017607077956199646e-02 7.579270750284194946e-03 8.869210258126258850e-03 6.017607077956199646e-02
2.986000000000000000e+06 6.400988437235355377e-03 8.905584923923015594e-03 5.769507959485054016e-02 6.400988437235355377e-03 8.905584923923015594e-03 5.769507959485054016e-02
2.987000000000000000e+06 7.172991521656513214e-03 8.919960819184780121e-03 5.830266326665878296e-02 7.172991521656513214e-03 8.919960819184780121e-03 5.830266326665878296e-02
2.988000000000000000e+06 6.172714289277791977e-03 8.864202536642551422e-03 5.804152414202690125e-02 6.172714289277791977e-03 8.864202536642551422e-03 5.804152414202690125e-02
2.989000000000000000e+06 6.223087664693593979e-03 8.888100273907184601e-03 5.756192654371261597e-02 6.223087664693593979e-03 8.888100273907184601e-03 5.756192654371261597e-02
2.990000000000000000e+06 8.568138815462589264e-03 8.865584619343280792e-03 5.805835872888565063e-02 8.568138815462589264e-03 8.865584619343280792e-03 5.805835872888565063e-02
2.991000000000000000e+06 6.913507357239723206e-03 8.895894512534141541e-03 5.745530873537063599e-02 6.913507357239723206e-03 8.895894512534141541e-03 5.745530873537063599e-02
2.992000000000000000e+06 6.267566233873367310e-03 8.870329707860946655e-03 5.764322727918624878e-02 6.267566233873367310e-03 8.870329707860946655e-03 5.764322727918624878e-02
2.993000000000000000e+06 6.098554935306310654e-03 8.881460875272750854e-03 5.714852735400199890e-02 6.098554935306310654e-03 8.881460875272750854e-03 5.714852735400199890e-02
2.994000000000000000e+06 6.295909173786640167e-03 8.881847374141216278e-03 5.710938572883605957e-02 6.295909173786640167e-03 8.881847374141216278e-03 5.710938572883605957e-02
2.995000000000000000e+06 6.328938528895378113e-03 8.841257542371749878e-03 5.646267160773277283e-02 6.328938528895378113e-03 8.841257542371749878e-03 5.646267160773277283e-02
2.996000000000000000e+06 6.519677117466926575e-03 8.880474604666233063e-03 5.731429159641265869e-02 6.519677117466926575e-03 8.880474604666233063e-03 5.731429159641265869e-02
2.997000000000000000e+06 6.617610342800617218e-03 8.879414759576320648e-03 5.724293738603591919e-02 6.617610342800617218e-03 8.879414759576320648e-03 5.724293738603591919e-02
2.998000000000000000e+06 7.087933365255594254e-03 8.887330070137977600e-03 5.861354246735572815e-02 7.087933365255594254e-03 8.887330070137977600e-03 5.861354246735572815e-02
2.999000000000000000e+06 6.400469224900007248e-03 8.879258297383785248e-03 5.739590898156166077e-02 6.400469224900007248e-03 8.879258297383785248e-03 5.739590898156166077e-02
3.000000000000000000e+06 6.483315490186214447e-03 8.911848068237304688e-03 5.694541707634925842e-02 6.483315490186214447e-03 8.911848068237304688e-03 5.694541707634925842e-02
3.001000000000000000e+06 7.167440373450517654e-03 8.867030963301658630e-03 5.856276303529739380e-02 7.167440373450517654e-03 8.867030963301658630e-03 5.856276303529739380e-02
3.002000000000000000e+06 6.458145100623369217e-03 8.875809609889984131e-03 5.736149474978446960e-02 6.458145100623369217e-03 8.875809609889984131e-03 5.736149474978446960e-02
3.003000000000000000e+06 5.883389152586460114e-03 8.830067701637744904e-03 5.660451203584671021e-02 5.883389152586460114e-03 8.830067701637744904e-03 5.660451203584671021e-02
3.004000000000000000e+06 6.523187272250652313e-03 8.856327272951602936e-03 5.756580457091331482e-02 6.523187272250652313e-03 8.856327272951602936e-03 5.756580457091331482e-02
3.005000000000000000e+06 5.945621058344841003e-03 8.850029669702053070e-03 5.802495777606964111e-02 5.945621058344841003e-03 8.850029669702053070e-03 5.802495777606964111e-02
3.006000000000000000e+06 6.757731083780527115e-03 8.868654258549213409e-03 5.703194066882133484e-02 6.757731083780527115e-03 8.868654258549213409e-03 5.703194066882133484e-02
3.007000000000000000e+06 6.301497109234333038e-03 8.858627639710903168e-03 5.732027441263198853e-02 6.301497109234333038e-03 8.858627639710903168e-03 5.732027441263198853e-02
3.008000000000000000e+06 5.955543369054794312e-03 8.877906017005443573e-03 5.725847929716110229e-02 5.955543369054794312e-03 8.877906017005443573e-03 5.725847929716110229e-02
3.009000000000000000e+06 8.036649785935878754e-03 8.893727324903011322e-03 5.858368426561355591e-02 8.036649785935878754e-03 8.893727324903011322e-03 5.858368426561355591e-02
3.010000000000000000e+06 5.823645740747451782e-03 8.863030932843685150e-03 5.736068636178970337e-02 5.823645740747451782e-03 8.863030932843685150e-03 5.736068636178970337e-02
3.011000000000000000e+06 6.043974310159683228e-03 8.874457329511642456e-03 5.682017654180526733e-02 6.043974310159683228e-03 8.874457329511642456e-03 5.682017654180526733e-02
3.012000000000000000e+06 6.134407129138708115e-03 8.884774520993232727e-03 5.739875882863998413e-02 6.134407129138708115e-03 8.884774520993232727e-03 5.739875882863998413e-02
3.013000000000000000e+06 5.786595400422811508e-03 8.871892467141151428e-03 5.674694478511810303e-02 5.786595400422811508e-03 8.871892467141151428e-03 5.674694478511810303e-02
3.014000000000000000e+06 6.266169715672731400e-03 8.866567164659500122e-03 5.654089152812957764e-02 6.266169715672731400e-03 8.866567164659500122e-03 5.654089152812957764e-02
3.015000000000000000e+06 6.224824581295251846e-03 8.882991038262844086e-03 5.666932091116905212e-02 6.224824581295251846e-03 8.882991038262844086e-03 5.666932091116905212e-02
3.016000000000000000e+06 6.933759432286024094e-03 8.861814625561237335e-03 5.781082436442375183e-02 6.933759432286024094e-03 8.861814625561237335e-03 5.781082436442375183e-02
3.017000000000000000e+06 6.452057510614395142e-03 8.846890181303024292e-03 5.762275680899620056e-02 6.452057510614395142e-03 8.846890181303024292e-03 5.762275680899620056e-02
3.018000000000000000e+06 7.118165493011474609e-03 8.866793476045131683e-03 5.773365125060081482e-02 7.118165493011474609e-03 8.866793476045131683e-03 5.773365125060081482e-02
3.019000000000000000e+06 6.297606043517589569e-03 8.873322047293186188e-03 5.701118335127830505e-02 6.297606043517589569e-03 8.873322047293186188e-03 5.701118335127830505e-02
3.020000000000000000e+06 6.693673785775899887e-03 8.899465203285217285e-03 5.707214772701263428e-02 6.693673785775899887e-03 8.899465203285217285e-03 5.707214772701263428e-02
3.021000000000000000e+06 6.610137876123189926e-03 8.856725879013538361e-03 5.725875496864318848e-02 6.610137876123189926e-03 8.856725879013538361e-03 5.725875496864318848e-02
3.022000000000000000e+06 6.432666443288326263e-03 8.854730054736137390e-03 5.675810948014259338e-02 6.432666443288326263e-03 8.854730054736137390e-03 5.675810948014259338e-02
3.023000000000000000e+06 6.397662684321403503e-03 8.873268030583858490e-03 5.671013519167900085e-02 6.397662684321403503e-03 8.873268030583858490e-03 5.671013519167900085e-02
3.024000000000000000e+06 6.934463512152433395e-03 8.839881047606468201e-03 5.667198449373245239e-02 6.934463512152433395e-03 8.839881047606468201e-03 5.667198449373245239e-02
3.025000000000000000e+06 6.639656145125627518e-03 8.841698989272117615e-03 5.798723921179771423e-02 6.639656145125627518e-03 8.841698989272117615e-03 5.798723921179771423e-02
3.026000000000000000e+06 6.097708363085985184e-03 8.844953030347824097e-03 5.680444836616516113e-02 6.097708363085985184e-03 8.844953030347824097e-03 5.680444836616516113e-02
3.027000000000000000e+06 6.216832436621189117e-03 8.859781548380851746e-03 5.687088146805763245e-02 6.216832436621189117e-03 8.859781548380851746e-03 5.687088146805763245e-02
3.028000000000000000e+06 6.511577870696783066e-03 8.870502933859825134e-03 5.729009956121444702e-02 6.511577870696783066e-03 8.870502933859825134e-03 5.729009956121444702e-02
3.029000000000000000e+06 7.006718777120113373e-03 8.868216536939144135e-03 5.695406720042228699e-02 7.006718777120113373e-03 8.868216536939144135e-03 5.695406720042228699e-02
3.030000000000000000e+06 6.079273298382759094e-03 8.864311501383781433e-03 5.643610656261444092e-02 6.079273298382759094e-03 8.864311501383781433e-03 5.643610656261444092e-02
3.031000000000000000e+06 5.788970738649368286e-03 8.859351277351379395e-03 5.614784732460975647e-02 5.788970738649368286e-03 8.859351277351379395e-03 5.614784732460975647e-02
3.032000000000000000e+06 6.267630495131015778e-03 8.849481120705604553e-03 5.730745568871498108e-02 6.267630495131015778e-03 8.849481120705604553e-03 5.730745568871498108e-02
3.033000000000000000e+06 5.728216841816902161e-03 8.834843523800373077e-03 5.611972883343696594e-02 5.728216841816902161e-03 8.834843523800373077e-03 5.611972883343696594e-02
3.034000000000000000e+06 5.669083446264266968e-03 8.867073804140090942e-03 5.612501874566078186e-02 5.669083446264266968e-03 8.867073804140090942e-03 5.612501874566078186e-02
3.035000000000000000e+06 7.009855471551418304e-03 8.846330456435680389e-03 5.723484605550765991e-02 7.009855471551418304e-03 8.846330456435680389e-03 5.723484605550765991e-02
3.036000000000000000e+06 5.496867466717958450e-03 8.860246278345584869e-03 5.701621994376182556e-02 5.496867466717958450e-03 8.860246278345584869e-03 5.701621994376182556e-02
3.037000000000000000e+06 5.569844506680965424e-03 8.855860680341720581e-03 5.625426024198532104e-02 5.569844506680965424e-03 8.855860680341720581e-03 5.625426024198532104e-02
3.038000000000000000e+06 6.498280912637710571e-03 8.845336735248565674e-03 5.707613378763198853e-02 6.498280912637710571e-03 8.845336735248565674e-03 5.707613378763198853e-02
3.039000000000000000e+06 5.545523483306169510e-03 8.848621509969234467e-03 5.592576786875724792e-02 5.545523483306169510e-03 8.848621509969234467e-03 5.592576786875724792e-02
3.040000000000000000e+06 6.265406031161546707e-03 8.884602226316928864e-03 5.637459829449653625e-02 6.265406031161546707e-03 8.884602226316928864e-03 5.637459829449653625e-02
3.041000000000000000e+06 6.399416830390691757e-03 8.840770460665225983e-03 5.697473511099815369e-02 6.399416830390691757e-03 8.840770460665225983e-03 5.697473511099815369e-02
3.042000000000000000e+06 6.184129975736141205e-03 8.850065991282463074e-03 5.794646590948104858e-02 6.184129975736141205e-03 8.850065991282463074e-03 5.794646590948104858e-02
3.043000000000000000e+06 6.207345984876155853e-03 8.836607448756694794e-03 5.600719526410102844e-02 6.207345984876155853e-03 8.836607448756694794e-03 5.600719526410102844e-02
3.044000000000000000e+06 6.864971481263637543e-03 8.863814175128936768e-03 5.746886506676673889e-02 6.864971481263637543e-03 8.863814175128936768e-03 5.746886506676673889e-02
3.045000000000000000e+06 6.487541366368532181e-03 8.869146928191184998e-03 5.641511082649230957e-02 6.487541366368532181e-03 8.869146928191184998e-03 5.641511082649230957e-02
3.046000000000000000e+06 6.281408481299877167e-03 8.842113427817821503e-03 5.776346102356910706e-02 6.281408481299877167e-03 8.842113427817821503e-03 5.776346102356910706e-02
3.047000000000000000e+06 7.369051687419414520e-03 8.791344240307807922e-03 5.681161954998970032e-02 7.369051687419414520e-03 8.791344240307807922e-03 5.681161954998970032e-02
3.048000000000000000e+06 6.340842228382825851e-03 8.851829916238784790e-03 5.675889551639556885e-02 6.340842228382825851e-03 8.851829916238784790e-03 5.675889551639556885e-02
3.049000000000000000e+06 6.629736162722110748e-03 8.841807022690773010e-03 5.662172287702560425e-02 6.629736162722110748e-03 8.841807022690773010e-03 5.662172287702560425e-02
3.050000000000000000e+06 6.712119560688734055e-03 8.905190043151378632e-03 5.761151015758514404e-02 6.712119560688734055e-03 8.905190043151378632e-03 5.761151015758514404e-02
3.051000000000000000e+06 7.454050704836845398e-03 8.835123851895332336e-03 5.820944905281066895e-02 7.454050704836845398e-03 8.835123851895332336e-03 5.820944905281066895e-02
3.052000000000000000e+06 6.233176216483116150e-03 8.836394175887107849e-03 5.597275868058204651e-02 6.233176216483116150e-03 8.836394175887107849e-03 5.597275868058204651e-02
3.053000000000000000e+06 6.369394715875387192e-03 8.837464265525341034e-03 5.642519518733024597e-02 6.369394715875387192e-03 8.837464265525341034e-03 5.642519518733024597e-02
3.054000000000000000e+06 6.324648857116699219e-03 8.849704638123512268e-03 5.639230459928512573e-02 6.324648857116699219e-03 8.849704638123512268e-03 5.639230459928512573e-02
3.055000000000000000e+06 6.832743994891643524e-03 8.841103874146938324e-03 5.615572631359100342e-02 6.832743994891643524e-03 8.841103874146938324e-03 5.615572631359100342e-02
3.056000000000000000e+06 6.126499734818935394e-03 8.802107535302639008e-03 5.611266940832138062e-02 6.126499734818935394e-03 8.802107535302639008e-03 5.611266940832138062e-02
3.057000000000000000e+06 6.909056100994348526e-03 8.865543641149997711e-03 5.553683638572692871e-02 6.909056100994348526e-03 8.865543641149997711e-03 5.553683638572692871e-02
3.058000000000000000e+06 5.994648672640323639e-03 8.850581943988800049e-03 5.545847117900848389e-02 5.994648672640323639e-03 8.850581943988800049e-03 5.545847117900848389e-02
3.059000000000000000e+06 6.037503946572542191e-03 8.829881437122821808e-03 5.588607862591743469e-02 6.037503946572542191e-03 8.829881437122821808e-03 5.588607862591743469e-02
3.060000000000000000e+06 6.649425718933343887e-03 8.847282268106937408e-03 5.567401647567749023e-02 6.649425718933343887e-03 8.847282268106937408e-03 5.567401647567749023e-02
3.061000000000000000e+06 5.876315291970968246e-03 8.834589272737503052e-03 5.615619570016860962e-02 5.876315291970968246e-03 8.834589272737503052e-03 5.615619570016860962e-02
3.062000000000000000e+06 6.601114757359027863e-03 8.856772445142269135e-03 5.701880529522895813e-02 6.601114757359027863e-03 8.856772445142269135e-03 5.701880529522895813e-02
3.063000000000000000e+06 6.521572824567556381e-03 8.835170418024063110e-03 5.607062578201293945e-02 6.521572824567556381e-03 8.835170418024063110e-03 5.607062578201293945e-02
3.064000000000000000e+06 7.459657266736030579e-03 8.811812847852706909e-03 5.716748908162117004e-02 7.459657266736030579e-03 8.811812847852706909e-03 5.716748908162117004e-02
3.065000000000000000e+06 6.393099669367074966e-03 8.825472556054592133e-03 5.601907521486282349e-02 6.393099669367074966e-03 8.825472556054592133e-03 5.601907521486282349e-02
3.066000000000000000e+06 6.158832460641860962e-03 8.859267458319664001e-03 5.649084225296974182e-02 6.158832460641860962e-03 8.859267458319664001e-03 5.649084225296974182e-02
3.067000000000000000e+06 6.508150137960910797e-03 8.834247477352619171e-03 5.630474165081977844e-02 6.508150137960910797e-03 8.834247477352619171e-03 5.630474165081977844e-02
3.068000000000000000e+06 7.540574297308921814e-03 8.826395496726036072e-03 5.722314119338989258e-02 7.540574297308921814e-03 8.826395496726036072e-03 5.722314119338989258e-02
3.069000000000000000e+06 7.119676563888788223e-03 8.831077255308628082e-03 5.658420175313949585e-02 7.119676563888788223e-03 8.831077255308628082e-03 5.658420175313949585e-02
3.070000000000000000e+06 5.995464976876974106e-03 8.869412355124950409e-03 5.563605204224586487e-02 5.995464976876974106e-03 8.869412355124950409e-03 5.563605204224586487e-02
3.071000000000000000e+06 7.012400310486555099e-03 8.826618082821369171e-03 5.689186975359916687e-02 7.012400310486555099e-03 8.826618082821369171e-03 5.689186975359916687e-02
3.072000000000000000e+06 6.426647305488586426e-03 8.830511011183261871e-03 5.645669251680374146e-02 6.426647305488586426e-03 8.830511011183261871e-03 5.645669251680374146e-02
3.073000000000000000e+06 7.100709248334169388e-03 8.824391290545463562e-03 5.646986514329910278e-02 7.100709248334169388e-03 8.824391290545463562e-03 5.646986514329910278e-02
3.074000000000000000e+06 6.349962670356035233e-03 8.840914815664291382e-03 5.650542303919792175e-02 6.349962670356035233e-03 8.840914815664291382e-03 5.650542303919792175e-02
3.075000000000000000e+06 5.985368043184280396e-03 8.810149505734443665e-03 5.585992336273193359e-02 5.985368043184280396e-03 8.810149505734443665e-03 5.585992336273193359e-02
3.076000000000000000e+06 6.423654966056346893e-03 8.830450475215911865e-03 5.609021335840225220e-02 6.423654966056346893e-03 8.830450475215911865e-03 5.609021335840225220e-02
3.077000000000000000e+06 6.722576450556516647e-03 8.839132264256477356e-03 5.657196789979934692e-02 6.722576450556516647e-03 8.839132264256477356e-03 5.657196789979934692e-02
3.078000000000000000e+06 7.083651609718799591e-03 8.854215033352375031e-03 5.715460330247879028e-02 7.083651609718799591e-03 8.854215033352375031e-03 5.715460330247879028e-02
3.079000000000000000e+06 6.786206737160682678e-03 8.815698325634002686e-03 5.592823773622512817e-02 6.786206737160682678e-03 8.815698325634002686e-03 5.592823773622512817e-02
3.080000000000000000e+06 6.339613348245620728e-03 8.825347758829593658e-03 5.540625378489494324e-02 6.339613348245620728e-03 8.825347758829593658e-03 5.540625378489494324e-02
3.081000000000000000e+06 6.787799764424562454e-03 8.843540214002132416e-03 5.602681264281272888e-02 6.787799764424562454e-03 8.843540214002132416e-03 5.602681264281272888e-02
3.082000000000000000e+06 5.932339001446962357e-03 8.855505846440792084e-03 5.607706680893898010e-02 5.932339001446962357e-03 8.855505846440792084e-03 5.607706680893898010e-02
3.083000000000000000e+06 6.511795800179243088e-03 8.815631270408630371e-03 5.661510676145553589e-02 6.511795800179243088e-03 8.815631270408630371e-03 5.661510676145553589e-02
3.084000000000000000e+06 6.227906793355941772e-03 8.814156055450439453e-03 5.568702891469001770e-02 6.227906793355941772e-03 8.814156055450439453e-03 5.568702891469001770e-02
3.085000000000000000e+06 6.133977323770523071e-03 8.833443745970726013e-03 5.578250810503959656e-02 6.133977323770523071e-03 8.833443745970726013e-03 5.578250810503959656e-02
3.086000000000000000e+06 6.442141719162464142e-03 8.839163929224014282e-03 5.660955235362052917e-02 6.442141719162464142e-03 8.839163929224014282e-03 5.660955235362052917e-02
3.087000000000000000e+06 6.813730578869581223e-03 8.834086358547210693e-03 5.645748972892761230e-02 6.813730578869581223e-03 8.834086358547210693e-03 5.645748972892761230e-02
3.088000000000000000e+06 6.368371658027172089e-03 8.826630190014839172e-03 5.540791153907775879e-02 6.368371658027172089e-03 8.826630190014839172e-03 5.540791153907775879e-02
3.089000000000000000e+06 6.650165189057588577e-03 8.852135390043258667e-03 5.612276867032051086e-02 6.650165189057588577e-03 8.852135390043258667e-03 5.612276867032051086e-02
3.090000000000000000e+06 6.088916677981615067e-03 8.839595131576061249e-03 5.641796812415122986e-02 6.088916677981615067e-03 8.839595131576061249e-03 5.641796812415122986e-02
3.091000000000000000e+06 6.006644573062658310e-03 8.817259222269058228e-03 5.488966777920722961e-02 6.006644573062658310e-03 8.817259222269058228e-03 5.488966777920722961e-02
3.092000000000000000e+06 5.554508417844772339e-03 8.829881437122821808e-03 5.562399700284004211e-02 5.554508417844772339e-03 8.829881437122821808e-03 5.562399700284004211e-02
3.093000000000000000e+06 5.933126900345087051e-03 8.859656751155853271e-03 5.563259869813919067e-02 5.933126900345087051e-03 8.859656751155853271e-03 5.563259869813919067e-02
3.094000000000000000e+06 6.017804145812988281e-03 8.814255706965923309e-03 5.549204722046852112e-02 6.017804145812988281e-03 8.814255706965923309e-03 5.549204722046852112e-02
3.095000000000000000e+06 7.441570982336997986e-03 8.801121264696121216e-03 5.704648047685623169e-02 7.441570982336997986e-03 8.801121264696121216e-03 5.704648047685623169e-02
3.096000000000000000e+06 6.768362130969762802e-03 8.821561001241207123e-03 5.612287670373916626e-02 6.768362130969762802e-03 8.821561001241207123e-03 5.612287670373916626e-02
3.097000000000000000e+06 7.799486164003610611e-03 8.795265108346939087e-03 5.828992649912834167e-02 7.799486164003610611e-03 8.795265108346939087e-03 5.828992649912834167e-02
3.098000000000000000e+06 6.471927277743816376e-03 8.836511522531509399e-03 5.656902864575386047e-02 6.471927277743816376e-03 8.836511522531509399e-03 5.656902864575386047e-02
3.099000000000000000e+06 8.253158070147037506e-03 8.783342316746711731e-03 5.758468061685562134e-02 8.253158070147037506e-03 8.783342316746711731e-03 5.758468061685562134e-02
3.100000000000000000e+06 7.575227413326501846e-03 8.859940804541110992e-03 5.534468218684196472e-02 7.575227413326501846e-03 8.859940804541110992e-03 5.534468218684196472e-02
3.101000000000000000e+06 6.084989290684461594e-03 8.813791908323764801e-03 5.505362153053283691e-02 6.084989290684461594e-03 8.813791908323764801e-03 5.505362153053283691e-02
3.102000000000000000e+06 7.263174280524253845e-03 8.827643468976020813e-03 5.574055761098861694e-02 7.263174280524253845e-03 8.827643468976020813e-03 5.574055761098861694e-02
3.103000000000000000e+06 6.853919010609388351e-03 8.854669518768787384e-03 5.701049417257308960e-02 6.853919010609388351e-03 8.854669518768787384e-03 5.701049417257308960e-02
3.104000000000000000e+06 5.753813311457633972e-03 8.811828680336475372e-03 5.492739006876945496e-02 5.753813311457633972e-03 8.811828680336475372e-03 5.492739006876945496e-02
3.105000000000000000e+06 6.850103382021188736e-03 8.843816816806793213e-03 5.549777299165725708e-02 6.850103382021188736e-03 8.843816816806793213e-03 5.549777299165725708e-02
3.106000000000000000e+06 6.311571225523948669e-03 8.829372934997081757e-03 5.589456856250762939e-02 6.311571225523948669e-03 8.829372934997081757e-03 5.589456856250762939e-02
3.107000000000000000e+06 5.983976647257804871e-03 8.828941732645034790e-03 5.558338761329650879e-02 5.983976647257804871e-03 8.828941732645034790e-03 5.558338761329650879e-02
3.108000000000000000e+06 5.649494472891092300e-03 8.813058957457542419e-03 5.494807288050651550e-02 5.649494472891092300e-03 8.813058957457542419e-03 5.494807288050651550e-02
3.109000000000000000e+06 6.358343176543712616e-03 8.833568543195724487e-03 5.533528700470924377e-02 6.358343176543712616e-03 8.833568543195724487e-03 5.533528700470924377e-02
3.110000000000000000e+06 6.693676114082336426e-03 8.802908472716808319e-03 5.499316751956939697e-02 6.693676114082336426e-03 8.802908472716808319e-03 5.499316751956939697e-02
3.111000000000000000e+06 5.478089209645986557e-03 8.821174502372741699e-03 5.532146245241165161e-02 5.478089209645986557e-03 8.821174502372741699e-03 5.532146245241165161e-02
3.112000000000000000e+06 6.821074523031711578e-03 8.842126466333866119e-03 5.545765906572341919e-02 6.821074523031711578e-03 8.842126466333866119e-03 5.545765906572341919e-02
3.113000000000000000e+06 6.338144186884164810e-03 8.843814954161643982e-03 5.454985052347183228e-02 6.338144186884164810e-03 8.843814954161643982e-03 5.454985052347183228e-02
3.114000000000000000e+06 5.931653082370758057e-03 8.834228850901126862e-03 5.494546517729759216e-02 5.931653082370758057e-03 8.834228850901126862e-03 5.494546517729759216e-02
3.115000000000000000e+06 6.938151083886623383e-03 8.838446810841560364e-03 5.624482780694961548e-02 6.938151083886623383e-03 8.838446810841560364e-03 5.624482780694961548e-02
3.116000000000000000e+06 5.768315400928258896e-03 8.824415504932403564e-03 5.484350770711898804e-02 5.768315400928258896e-03 8.824415504932403564e-03 5.484350770711898804e-02
3.117000000000000000e+06 6.507475394755601883e-03 8.785124868154525757e-03 5.484383925795555115e-02 6.507475394755601883e-03 8.785124868154525757e-03 5.484383925795555115e-02
3.118000000000000000e+06 7.555889897048473358e-03 8.830056525766849518e-03 5.603882670402526855e-02 7.555889897048473358e-03 8.830056525766849518e-03 5.603882670402526855e-02
3.119000000000000000e+06 7.617732975631952286e-03 8.781324140727519989e-03 5.548756942152976990e-02 7.617732975631952286e-03 8.781324140727519989e-03 5.548756942152976990e-02
3.120000000000000000e+06 6.043474189937114716e-03 8.833956904709339142e-03 5.560728535056114197e-02 6.043474189937114716e-03 8.833956904709339142e-03 5.560728535056114197e-02
3.121000000000000000e+06 6.854986306279897690e-03 8.809479884803295135e-03 5.647046491503715515e-02 6.854986306279897690e-03 8.809479884803295135e-03 5.647046491503715515e-02
3.122000000000000000e+06 6.459278520196676254e-03 8.819320239126682281e-03 5.557151883840560913e-02 6.459278520196676254e-03 8.819320239126682281e-03 5.557151883840560913e-02
3.123000000000000000e+06 6.436402909457683563e-03 8.822880685329437256e-03 5.528299883008003235e-02 6.436402909457683563e-03 8.822880685329437256e-03 5.528299883008003235e-02
3.124000000000000000e+06 6.527153309434652328e-03 8.817218244075775146e-03 5.629141628742218018e-02 6.527153309434652328e-03 8.817218244075775146e-03 5.629141628742218018e-02
3.125000000000000000e+06 6.841934751719236374e-03 8.796416223049163818e-03 5.492392182350158691e-02 6.841934751719236374e-03 8.796416223049163818e-03 5.492392182350158691e-02
3.126000000000000000e+06 5.691510625183582306e-03 8.811274543404579163e-03 5.557232722640037537e-02 5.691510625183582306e-03 8.811274543404579163e-03 5.557232722640037537e-02
3.127000000000000000e+06 6.058508530259132385e-03 8.801086805760860443e-03 5.577468499541282654e-02 6.058508530259132385e-03 8.801086805760860443e-03 5.577468499541282654e-02
3.128000000000000000e+06 5.616399925202131271e-03 8.827948942780494690e-03 5.470642447471618652e-02 5.616399925202131271e-03 8.827948942780494690e-03 5.470642447471618652e-02
3.129000000000000000e+06 6.329002790153026581e-03 8.811823092401027679e-03 5.554185435175895691e-02 6.329002790153026581e-03 8.811823092401027679e-03 5.554185435175895691e-02
3.130000000000000000e+06 6.273797713220119476e-03 8.797545917332172394e-03 5.517670139670372009e-02 6.273797713220119476e-03 8.797545917332172394e-03 5.517670139670372009e-02
3.131000000000000000e+06 6.345896981656551361e-03 8.820749819278717041e-03 5.485824123024940491e-02 6.345896981656551361e-03 8.820749819278717041e-03 5.485824123024940491e-02
3.132000000000000000e+06 6.462209858000278473e-03 8.813309483230113983e-03 5.584322661161422729e-02 6.462209858000278473e-03 8.813309483230113983e-03 5.584322661161422729e-02
3.133000000000000000e+06 6.097628735005855560e-03 8.821952156722545624e-03 5.443096905946731567e-02 6.097628735005855560e-03 8.821952156722545624e-03 5.443096905946731567e-02
3.134000000000000000e+06 6.157184951007366180e-03 8.822935633361339569e-03 5.560160055756568909e-02 6.157184951007366180e-03 8.822935633361339569e-03 5.560160055756568909e-02
3.135000000000000000e+06 6.352963391691446304e-03 8.830383419990539551e-03 5.502071604132652283e-02 6.352963391691446304e-03 8.830383419990539551e-03 5.502071604132652283e-02
3.136000000000000000e+06 6.116374861449003220e-03 8.828133344650268555e-03 5.523572489619255066e-02 6.116374861449003220e-03 8.828133344650268555e-03 5.523572489619255066e-02
3.137000000000000000e+06 6.171251647174358368e-03 8.783609606325626373e-03 5.464691296219825745e-02 6.171251647174358368e-03 8.783609606325626373e-03 5.464691296219825745e-02
3.138000000000000000e+06 7.076826412230730057e-03 8.826326578855514526e-03 5.501829460263252258e-02 7.076826412230730057e-03 8.826326578855514526e-03 5.501829460263252258e-02
3.139000000000000000e+06 6.468309555202722549e-03 8.797258138656616211e-03 5.559512600302696228e-02 6.468309555202722549e-03 8.797258138656616211e-03 5.559512600302696228e-02
3.140000000000000000e+06 6.843167357146739960e-03 8.760900236666202545e-03 5.597347021102905273e-02 6.843167357146739960e-03 8.760900236666202545e-03 5.597347021102905273e-02
3.141000000000000000e+06 5.639809183776378632e-03 8.786891587078571320e-03 5.420021340250968933e-02 5.639809183776378632e-03 8.786891587078571320e-03 5.420021340250968933e-02
3.142000000000000000e+06 6.386935245245695114e-03 8.759357966482639313e-03 5.551860481500625610e-02 6.386935245245695114e-03 8.759357966482639313e-03 5.551860481500625610e-02
3.143000000000000000e+06 6.314199417829513550e-03 8.816732093691825867e-03 5.481733381748199463e-02 6.314199417829513550e-03 8.816732093691825867e-03 5.481733381748199463e-02
3.144000000000000000e+06 6.111847702413797379e-03 8.774010464549064636e-03 5.590032786130905151e-02 6.111847702413797379e-03 8.774010464549064636e-03 5.590032786130905151e-02
3.145000000000000000e+06 6.422217935323715210e-03 8.790730498731136322e-03 5.496808886528015137e-02 6.422217935323715210e-03 8.790730498731136322e-03 5.496808886528015137e-02
3.146000000000000000e+06 7.481287699192762375e-03 8.809629827737808228e-03 5.517924576997756958e-02 7.481287699192762375e-03 8.809629827737808228e-03 5.517924576997756958e-02
3.147000000000000000e+06 6.216880399733781815e-03 8.799551986157894135e-03 5.518923699855804443e-02 6.216880399733781815e-03 8.799551986157894135e-03 5.518923699855804443e-02
3.148000000000000000e+06 6.448233500123023987e-03 8.811068721115589142e-03 5.549445003271102905e-02 6.448233500123023987e-03 8.811068721115589142e-03 5.549445003271102905e-02
3.149000000000000000e+06 5.784777924418449402e-03 8.794219233095645905e-03 5.482883378863334656e-02 5.784777924418449402e-03 8.794219233095645905e-03 5.482883378863334656e-02
3.150000000000000000e+06 6.341073662042617798e-03 8.798683062195777893e-03 5.526820197701454163e-02 6.341073662042617798e-03 8.798683062195777893e-03 5.526820197701454163e-02
3.151000000000000000e+06 6.818273570388555527e-03 8.791092783212661743e-03 5.513961240649223328e-02 6.818273570388555527e-03 8.791092783212661743e-03 5.513961240649223328e-02
3.152000000000000000e+06 5.419708788394927979e-03 8.796401321887969971e-03 5.425981804728507996e-02 5.419708788394927979e-03 8.796401321887969971e-03 5.425981804728507996e-02
3.153000000000000000e+06 5.811751820147037506e-03 8.818645961582660675e-03 5.493373051285743713e-02 5.811751820147037506e-03 8.818645961582660675e-03 5.493373051285743713e-02
3.154000000000000000e+06 6.364671047776937485e-03 8.767491206526756287e-03 5.482126027345657349e-02 6.364671047776937485e-03 8.767491206526756287e-03 5.482126027345657349e-02
3.155000000000000000e+06 6.493417080491781235e-03 8.828116580843925476e-03 5.463063716888427734e-02 6.493417080491781235e-03 8.828116580843925476e-03 5.463063716888427734e-02
3.156000000000000000e+06 6.526208948343992233e-03 8.813768625259399414e-03 5.457961931824684143e-02 6.526208948343992233e-03 8.813768625259399414e-03 5.457961931824684143e-02
3.157000000000000000e+06 6.335485260933637619e-03 8.764871396124362946e-03 5.516538023948669434e-02 6.335485260933637619e-03 8.764871396124362946e-03 5.516538023948669434e-02
3.158000000000000000e+06 6.277893669903278351e-03 8.778462186455726624e-03 5.481734499335289001e-02 6.277893669903278351e-03 8.778462186455726624e-03 5.481734499335289001e-02
3.159000000000000000e+06 6.820363458245992661e-03 8.800351060926914215e-03 5.437219515442848206e-02 6.820363458245992661e-03 8.800351060926914215e-03 5.437219515442848206e-02
3.160000000000000000e+06 6.637199781835079193e-03 8.770545944571495056e-03 5.526243895292282104e-02 6.637199781835079193e-03 8.770545944571495056e-03 5.526243895292282104e-02
3.161000000000000000e+06 7.073645945638418198e-03 8.791565895080566406e-03 5.569650605320930481e-02 7.073645945638418198e-03 8.791565895080566406e-03 5.569650605320930481e-02
3.162000000000000000e+06 5.942841060459613800e-03 8.812120184302330017e-03 5.467697232961654663e-02 5.942841060459613800e-03 8.812120184302330017e-03 5.467697232961654663e-02
3.163000000000000000e+06 5.824564024806022644e-03 8.786627091467380524e-03 5.519890785217285156e-02 5.824564024806022644e-03 8.786627091467380524e-03 5.519890785217285156e-02
3.164000000000000000e+06 6.993934046477079391e-03 8.790702559053897858e-03 5.553183704614639282e-02 6.993934046477079391e-03 8.790702559053897858e-03 5.553183704614639282e-02
3.165000000000000000e+06 6.807874422520399094e-03 8.748370222747325897e-03 5.588883534073829651e-02 6.807874422520399094e-03 8.748370222747325897e-03 5.588883534073829651e-02
3.166000000000000000e+06 6.358344573527574539e-03 8.793484419584274292e-03 5.502625182271003723e-02 6.358344573527574539e-03 8.793484419584274292e-03 5.502625182271003723e-02
3.167000000000000000e+06 5.420566536486148834e-03 8.781060576438903809e-03 5.451295897364616394e-02 5.420566536486148834e-03 8.781060576438903809e-03 5.451295897364616394e-02
3.168000000000000000e+06 6.637812126427888870e-03 8.736986666917800903e-03 5.418147146701812744e-02 6.637812126427888870e-03 8.736986666917800903e-03 5.418147146701812744e-02
3.169000000000000000e+06 6.099379621446132660e-03 8.763478137552738190e-03 5.422034114599227905e-02 6.099379621446132660e-03 8.763478137552738190e-03 5.422034114599227905e-02
3.170000000000000000e+06 5.610443651676177979e-03 8.793208748102188110e-03 5.389185994863510132e-02 5.610443651676177979e-03 8.793208748102188110e-03 5.389185994863510132e-02
3.171000000000000000e+06 6.433397531509399414e-03 8.783041499555110931e-03 5.459978803992271423e-02 6.433397531509399414e-03 8.783041499555110931e-03 5.459978803992271423e-02
3.172000000000000000e+06 6.319830659776926041e-03 8.774579502642154694e-03 5.489009618759155273e-02 6.319830659776926041e-03 8.774579502642154694e-03 5.489009618759155273e-02
3.173000000000000000e+06 6.816966924816370010e-03 8.768393658101558685e-03 5.494426190853118896e-02 6.816966924816370010e-03 8.768393658101558685e-03 5.494426190853118896e-02
3.174000000000000000e+06 5.436378065496683121e-03 8.794386871159076691e-03 5.454274266958236694e-02 5.436378065496683121e-03 8.794386871159076691e-03 5.454274266958236694e-02
3.175000000000000000e+06 5.803069099783897400e-03 8.797278627753257751e-03 5.484605208039283752e-02 5.803069099783897400e-03 8.797278627753257751e-03 5.484605208039283752e-02
3.176000000000000000e+06 5.764674395322799683e-03 8.778012357652187347e-03 5.433710664510726929e-02 5.764674395322799683e-03 8.778012357652187347e-03 5.433710664510726929e-02
3.177000000000000000e+06 7.062379270792007446e-03 8.770219981670379639e-03 5.439268425107002258e-02 7.062379270792007446e-03 8.770219981670379639e-03 5.439268425107002258e-02
3.178000000000000000e+06 7.022960111498832703e-03 8.790441788733005524e-03 5.494190379977226257e-02 7.022960111498832703e-03 8.790441788733005524e-03 5.494190379977226257e-02
3.179000000000000000e+06 5.505732260644435883e-03 8.790580555796623230e-03 5.372167378664016724e-02 5.505732260644435883e-03 8.790580555796623230e-03 5.372167378664016724e-02
3.180000000000000000e+06 6.496498361229896545e-03 8.772131986916065216e-03 5.398585274815559387e-02 6.496498361229896545e-03 8.772131986916065216e-03 5.398585274815559387e-02
3.181000000000000000e+06 5.780637729912996292e-03 8.775034919381141663e-03 5.404593050479888916e-02 5.780637729912996292e-03 8.775034919381141663e-03 5.404593050479888916e-02
3.182000000000000000e+06 6.649874616414308548e-03 8.777278475463390350e-03 5.459292605519294739e-02 6.649874616414308548e-03 8.777278475463390350e-03 5.459292605519294739e-02
3.183000000000000000e+06 6.596268154680728912e-03 8.780027739703655243e-03 5.397669598460197449e-02 6.596268154680728912e-03 8.780027739703655243e-03 5.397669598460197449e-02
3.184000000000000000e+06 6.156935822218656540e-03 8.780966512858867645e-03 5.405962467193603516e-02 6.156935822218656540e-03 8.780966512858867645e-03 5.405962467193603516e-02
3.185000000000000000e+06 6.385890301316976547e-03 8.740303106606006622e-03 5.407937988638877869e-02 6.385890301316976547e-03 8.740303106606006622e-03 5.407937988638877869e-02
3.186000000000000000e+06 6.173924542963504791e-03 8.798727765679359436e-03 5.395051091909408569e-02 6.173924542963504791e-03 8.798727765679359436e-03 5.395051091909408569e-02
3.187000000000000000e+06 6.493002176284790039e-03 8.777738548815250397e-03 5.460383743047714233e-02 6.493002176284790039e-03 8.777738548815250397e-03 5.460383743047714233e-02
3.188000000000000000e+06 5.652689374983310699e-03 8.777840994298458099e-03 5.437718331813812256e-02 5.652689374983310699e-03 8.777840994298458099e-03 5.437718331813812256e-02
3.189000000000000000e+06 6.251755636185407639e-03 8.791034109890460968e-03 5.451518297195434570e-02 6.251755636185407639e-03 8.791034109890460968e-03 5.451518297195434570e-02
3.190000000000000000e+06 5.712542682886123657e-03 8.783916942775249481e-03 5.404542386531829834e-02 5.712542682886123657e-03 8.783916942775249481e-03 5.404542386531829834e-02
3.191000000000000000e+06 7.081737741827964783e-03 8.758916519582271576e-03 5.396611616015434265e-02 7.081737741827964783e-03 8.758916519582271576e-03 5.396611616015434265e-02
3.192000000000000000e+06 6.070853210985660553e-03 8.784042671322822571e-03 5.412275716662406921e-02 6.070853210985660553e-03 8.784042671322822571e-03 5.412275716662406921e-02
3.193000000000000000e+06 6.505299825221300125e-03 8.740913122892379761e-03 5.531969293951988220e-02 6.505299825221300125e-03 8.740913122892379761e-03 5.531969293951988220e-02
3.194000000000000000e+06 5.052639171481132507e-03 8.766049519181251526e-03 5.398112535476684570e-02 5.052639171481132507e-03 8.766049519181251526e-03 5.398112535476684570e-02
3.195000000000000000e+06 6.014109589159488678e-03 8.771585300564765930e-03 5.443220585584640503e-02 6.014109589159488678e-03 8.771585300564765930e-03 5.443220585584640503e-02
3.196000000000000000e+06 6.749300751835107803e-03 8.767725899815559387e-03 5.518799275159835815e-02 6.749300751835107803e-03 8.767725899815559387e-03 5.518799275159835815e-02
3.197000000000000000e+06 6.735431961715221405e-03 8.742017671465873718e-03 5.526784062385559082e-02 6.735431961715221405e-03 8.742017671465873718e-03 5.526784062385559082e-02
3.198000000000000000e+06 5.451963748782873154e-03 8.779006078839302063e-03 5.354453623294830322e-02 5.451963748782873154e-03 8.779006078839302063e-03 5.354453623294830322e-02
3.199000000000000000e+06 6.478619296103715897e-03 8.739159442484378815e-03 5.450600758194923401e-02 6.478619296103715897e-03 8.739159442484378815e-03 5.450600758194923401e-02
3.200000000000000000e+06 7.369311992079019547e-03 8.783679455518722534e-03 5.494724586606025696e-02 7.369311992079019547e-03 8.783679455518722534e-03 5.494724586606025696e-02
3.201000000000000000e+06 6.242175120860338211e-03 8.757367730140686035e-03 5.468825250864028931e-02 6.242175120860338211e-03 8.757367730140686035e-03 5.468825250864028931e-02
3.202000000000000000e+06 5.808182992041110992e-03 8.762323297560214996e-03 5.393548682332038879e-02 5.808182992041110992e-03 8.762323297560214996e-03 5.393548682332038879e-02
3.203000000000000000e+06 5.786920897662639618e-03 8.762138895690441132e-03 5.428187921643257141e-02 5.786920897662639618e-03 8.762138895690441132e-03 5.428187921643257141e-02
3.204000000000000000e+06 5.750049371272325516e-03 8.759530261158943176e-03 5.423219874501228333e-02 5.750049371272325516e-03 8.759530261158943176e-03 5.423219874501228333e-02
3.205000000000000000e+06 6.622546352446079254e-03 8.741833269596099854e-03 5.452280119061470032e-02 6.622546352446079254e-03 8.741833269596099854e-03 5.452280119061470032e-02
3.206000000000000000e+06 7.033566478639841080e-03 8.736030198633670807e-03 5.412569642066955566e-02 7.033566478639841080e-03 8.736030198633670807e-03 5.412569642066955566e-02
3.207000000000000000e+06 5.992130842059850693e-03 8.735462091863155365e-03 5.353887751698493958e-02 5.992130842059850693e-03 8.735462091863155365e-03 5.353887751698493958e-02
3.208000000000000000e+06 6.363520864397287369e-03 8.742175996303558350e-03 5.372051894664764404e-02 6.363520864397287369e-03 8.742175996303558350e-03 5.372051894664764404e-02
3.209000000000000000e+06 5.764046218246221542e-03 8.746781386435031891e-03 5.387154966592788696e-02 5.764046218246221542e-03 8.746781386435031891e-03 5.387154966592788696e-02
3.210000000000000000e+06 6.199885159730911255e-03 8.753885515034198761e-03 5.390063673257827759e-02 6.199885159730911255e-03 8.753885515034198761e-03 5.390063673257827759e-02
3.211000000000000000e+06 5.914126988500356674e-03 8.757710456848144531e-03 5.424095317721366882e-02 5.914126988500356674e-03 8.757710456848144531e-03 5.424095317721366882e-02
3.212000000000000000e+06 6.991061381995677948e-03 8.795849047601222992e-03 5.435221269726753235e-02 6.991061381995677948e-03 8.795849047601222992e-03 5.435221269726753235e-02
3.213000000000000000e+06 5.695107392966747284e-03 8.767251856625080109e-03 5.458918213844299316e-02 5.695107392966747284e-03 8.767251856625080109e-03 5.458918213844299316e-02
3.214000000000000000e+06 6.788037717342376709e-03 8.740643039345741272e-03 5.553257092833518982e-02 6.788037717342376709e-03 8.740643039345741272e-03 5.553257092833518982e-02
3.215000000000000000e+06 6.306617986410856247e-03 8.751043118536472321e-03 5.369327217340469360e-02 6.306617986410856247e-03 8.751043118536472321e-03 5.369327217340469360e-02
3.216000000000000000e+06 5.448536481708288193e-03 8.752301335334777832e-03 5.397994071245193481e-02 5.448536481708288193e-03 8.752301335334777832e-03 5.397994071245193481e-02
3.217000000000000000e+06 6.432483438402414322e-03 8.770578540861606598e-03 5.363079905509948730e-02 6.432483438402414322e-03 8.770578540861606598e-03 5.363079905509948730e-02
3.218000000000000000e+06 6.333438679575920105e-03 8.735698647797107697e-03 5.340586602687835693e-02 6.333438679575920105e-03 8.735698647797107697e-03 5.340586602687835693e-02
3.219000000000000000e+06 6.182716693729162216e-03 8.746829815208911896e-03 5.391114950180053711e-02 6.182716693729162216e-03 8.746829815208911896e-03 5.391114950180053711e-02
3.220000000000000000e+06 5.868180189281702042e-03 8.757694624364376068e-03 5.429581925272941589e-02 5.868180189281702042e-03 8.757694624364376068e-03 5.429581925272941589e-02
3.221000000000000000e+06 6.354861427098512650e-03 8.767735213041305542e-03 5.411776527762413025e-02 6.354861427098512650e-03 8.767735213041305542e-03 5.411776527762413025e-02
3.222000000000000000e+06 6.661247462034225464e-03 8.745515719056129456e-03 5.387549102306365967e-02 6.661247462034225464e-03 8.745515719056129456e-03 5.387549102306365967e-02
3.223000000000000000e+06 6.229144055396318436e-03 8.736722171306610107e-03 5.337807908654212952e-02 6.229144055396318436e-03 8.736722171306610107e-03 5.337807908654212952e-02
3.224000000000000000e+06 6.676971446722745895e-03 8.724736981093883514e-03 5.439423769712448120e-02 6.676971446722745895e-03 8.724736981093883514e-03 5.439423769712448120e-02
3.225000000000000000e+06 6.037009879946708679e-03 8.741571567952632904e-03 5.458193644881248474e-02 6.037009879946708679e-03 8.741571567952632904e-03 5.458193644881248474e-02
3.226000000000000000e+06 6.764156278222799301e-03 8.705496788024902344e-03 5.470635369420051575e-02 6.764156278222799301e-03 8.705496788024902344e-03 5.470635369420051575e-02
3.227000000000000000e+06 5.621023010462522507e-03 8.732823655009269714e-03 5.369647964835166931e-02 5.621023010462522507e-03 8.732823655009269714e-03 5.369647964835166931e-02
3.228000000000000000e+06 6.160120479762554169e-03 8.739333599805831909e-03 5.348129197955131531e-02 6.160120479762554169e-03 8.739333599805831909e-03 5.348129197955131531e-02
3.229000000000000000e+06 6.755906622856855392e-03 8.760483004152774811e-03 5.330205336213111877e-02 6.755906622856855392e-03 8.760483004152774811e-03 5.330205336213111877e-02
3.230000000000000000e+06 6.201161537319421768e-03 8.725476451218128204e-03 5.377242341637611389e-02 6.201161537319421768e-03 8.725476451218128204e-03 5.377242341637611389e-02
3.231000000000000000e+06 5.396860651671886444e-03 8.753525093197822571e-03 5.363200977444648743e-02 5.396860651671886444e-03 8.753525093197822571e-03 5.363200977444648743e-02
3.232000000000000000e+06 5.896183662116527557e-03 8.718849159777164459e-03 5.380165576934814453e-02 5.896183662116527557e-03 8.718849159777164459e-03 5.380165576934814453e-02
3.233000000000000000e+06 5.494539625942707062e-03 8.747056126594543457e-03 5.337622761726379395e-02 5.494539625942707062e-03 8.747056126594543457e-03 5.337622761726379395e-02
3.234000000000000000e+06 5.137987900525331497e-03 8.747376501560211182e-03 5.315210297703742981e-02 5.137987900525331497e-03 8.747376501560211182e-03 5.315210297703742981e-02
3.235000000000000000e+06 5.111261736601591110e-03 8.748804219067096710e-03 5.260859429836273193e-02 5.111261736601591110e-03 8.748804219067096710e-03 5.260859429836273193e-02
3.236000000000000000e+06 5.645311437547206879e-03 8.750717155635356903e-03 5.449211969971656799e-02 5.645311437547206879e-03 8.750717155635356903e-03 5.449211969971656799e-02
3.237000000000000000e+06 5.851912777870893478e-03 8.758208714425563812e-03 5.387488752603530884e-02 5.851912777870893478e-03 8.758208714425563812e-03 5.387488752603530884e-02
3.238000000000000000e+06 6.040681153535842896e-03 8.736310526728630066e-03 5.405293777585029602e-02 6.040681153535842896e-03 8.736310526728630066e-03 5.405293777585029602e-02
3.239000000000000000e+06 6.283092778176069260e-03 8.688774891197681427e-03 5.337138846516609192e-02 6.283092778176069260e-03 8.688774891197681427e-03 5.337138846516609192e-02
3.240000000000000000e+06 6.393442861735820770e-03 8.746764622628688812e-03 5.487630888819694519e-02 6.393442861735820770e-03 8.746764622628688812e-03 5.487630888819694519e-02
3.241000000000000000e+06 6.052209064364433289e-03 8.735535666346549988e-03 5.349183827638626099e-02 6.052209064364433289e-03 8.735535666346549988e-03 5.349183827638626099e-02
3.242000000000000000e+06 5.639254115521907806e-03 8.753534406423568726e-03 5.297729000449180603e-02 5.639254115521907806e-03 8.753534406423568726e-03 5.297729000449180603e-02
3.243000000000000000e+06 5.591072607785463333e-03 8.734867908060550690e-03 5.343192070722579956e-02 5.591072607785463333e-03 8.734867908060550690e-03 5.343192070722579956e-02
3.244000000000000000e+06 6.263573188334703445e-03 8.763921447098255157e-03 5.381658673286437988e-02 6.263573188334703445e-03 8.763921447098255157e-03 5.381658673286437988e-02
3.245000000000000000e+06 6.068315822631120682e-03 8.761377073824405670e-03 5.347099527716636658e-02 6.068315822631120682e-03 8.761377073824405670e-03 5.347099527716636658e-02
3.246000000000000000e+06 5.856398493051528931e-03 8.741468191146850586e-03 5.352350324392318726e-02 5.856398493051528931e-03 8.741468191146850586e-03 5.352350324392318726e-02
3.247000000000000000e+06 6.748282350599765778e-03 8.705066516995429993e-03 5.412319302558898926e-02 6.748282350599765778e-03 8.705066516995429993e-03 5.412319302558898926e-02
3.248000000000000000e+06 5.519384983927011490e-03 8.718746714293956757e-03 5.400654673576354980e-02 5.519384983927011490e-03 8.718746714293956757e-03 5.400654673576354980e-02
3.249000000000000000e+06 5.951171275228261948e-03 8.733458817005157471e-03 5.397629737854003906e-02 5.951171275228261948e-03 8.733458817005157471e-03 5.397629737854003906e-02
3.250000000000000000e+06 6.385642569512128830e-03 8.719649165868759155e-03 5.346264317631721497e-02 6.385642569512128830e-03 8.719649165868759155e-03 5.346264317631721497e-02
3.251000000000000000e+06 6.763763260096311569e-03 8.750327862799167633e-03 5.361445248126983643e-02 6.763763260096311569e-03 8.750327862799167633e-03 5.361445248126983643e-02
3.252000000000000000e+06 5.811159498989582062e-03 8.709884248673915863e-03 5.355236306786537170e-02 5.811159498989582062e-03 8.709884248673915863e-03 5.355236306786537170e-02
3.253000000000000000e+06 5.672909785062074661e-03 8.734476752579212189e-03 5.323776975274085999e-02 5.672909785062074661e-03 8.734476752579212189e-03 5.323776975274085999e-02
3.254000000000000000e+06 6.739100906997919083e-03 8.708183653652667999e-03 5.349370837211608887e-02 6.739100906997919083e-03 8.708183653652667999e-03 5.349370837211608887e-02
3.255000000000000000e+06 6.438495591282844543e-03 8.726878091692924500e-03 5.441126972436904907e-02 6.438495591282844543e-03 8.726878091692924500e-03 5.441126972436904907e-02
3.256000000000000000e+06 5.586821585893630981e-03 8.699148893356323242e-03 5.294885486364364624e-02 5.586821585893630981e-03 8.699148893356323242e-03 5.294885486364364624e-02
3.257000000000000000e+06 6.628484930843114853e-03 8.691610768437385559e-03 5.270444229245185852e-02 6.628484930843114853e-03 8.691610768437385559e-03 5.270444229245185852e-02
3.258000000000000000e+06 5.881852470338344574e-03 8.710498921573162079e-03 5.380908772349357605e-02 5.881852470338344574e-03 8.710498921573162079e-03 5.380908772349357605e-02
3.259000000000000000e+06 7.416094187647104263e-03 8.713275194168090820e-03 5.439643934369087219e-02 7.416094187647104263e-03 8.713275194168090820e-03 5.439643934369087219e-02
3.260000000000000000e+06 6.986521184444427490e-03 8.713130839169025421e-03 5.334679782390594482e-02 6.986521184444427490e-03 8.713130839169025421e-03 5.334679782390594482e-02
3.261000000000000000e+06 5.697938147932291031e-03 8.732847869396209717e-03 5.340006947517395020e-02 5.697938147932291031e-03 8.732847869396209717e-03 5.340006947517395020e-02
3.262000000000000000e+06 7.064866367727518082e-03 8.739721029996871948e-03 5.416996031999588013e-02 7.064866367727518082e-03 8.739721029996871948e-03 5.416996031999588013e-02
3.263000000000000000e+06 5.659903865307569504e-03 8.728734217584133148e-03 5.316871777176856995e-02 5.659903865307569504e-03 8.728734217584133148e-03 5.316871777176856995e-02
3.264000000000000000e+06 6.710975430905818939e-03 8.723353967070579529e-03 5.548144131898880005e-02 6.710975430905818939e-03 8.723353967070579529e-03 5.548144131898880005e-02
3.265000000000000000e+06 6.144764367491006851e-03 8.731714449822902679e-03 5.375063791871070862e-02 6.144764367491006851e-03 8.731714449822902679e-03 5.375063791871070862e-02
3.266000000000000000e+06 5.847409367561340332e-03 8.715450763702392578e-03 5.320595204830169678e-02 5.847409367561340332e-03 8.715450763702392578e-03 5.320595204830169678e-02
3.267000000000000000e+06 5.679770838469266891e-03 8.724207989871501923e-03 5.402757227420806885e-02 5.679770838469266891e-03 8.724207989871501923e-03 5.402757227420806885e-02
3.268000000000000000e+06 5.820998456329107285e-03 8.727088570594787598e-03 5.375158414244651794e-02 5.820998456329107285e-03 8.727088570594787598e-03 5.375158414244651794e-02
3.269000000000000000e+06 6.196076981723308563e-03 8.732015267014503479e-03 5.362631753087043762e-02 6.196076981723308563e-03 8.732015267014503479e-03 5.362631753087043762e-02
3.270000000000000000e+06 6.620245054364204407e-03 8.733575232326984406e-03 5.357362702488899231e-02 6.620245054364204407e-03 8.733575232326984406e-03 5.357362702488899231e-02
3.271000000000000000e+06 6.463405676186084747e-03 8.735730312764644623e-03 5.487917736172676086e-02 6.463405676186084747e-03 8.735730312764644623e-03 5.487917736172676086e-02
3.272000000000000000e+06 5.690950434654951096e-03 8.722471073269844055e-03 5.323026701807975769e-02 5.690950434654951096e-03 8.722471073269844055e-03 5.323026701807975769e-02
3.273000000000000000e+06 5.764246452599763870e-03 8.732029236853122711e-03 5.323786661028862000e-02 5.764246452599763870e-03 8.732029236853122711e-03 5.323786661028862000e-02
3.274000000000000000e+06 7.277642376720905304e-03 8.742989972233772278e-03 5.425960943102836609e-02 7.277642376720905304e-03 8.742989972233772278e-03 5.425960943102836609e-02
3.275000000000000000e+06 6.239010486751794815e-03 8.700278587639331818e-03 5.324504524469375610e-02 6.239010486751794815e-03 8.700278587639331818e-03 5.324504524469375610e-02
3.276000000000000000e+06 5.814402364194393158e-03 8.704669773578643799e-03 5.336551740765571594e-02 5.814402364194393158e-03 8.704669773578643799e-03 5.336551740765571594e-02
3.277000000000000000e+06 5.919605493545532227e-03 8.688163943588733673e-03 5.244279652833938599e-02 5.919605493545532227e-03 8.688163943588733673e-03 5.244279652833938599e-02
3.278000000000000000e+06 5.678385961800813675e-03 8.683455176651477814e-03 5.323516577482223511e-02 5.678385961800813675e-03 8.683455176651477814e-03 5.323516577482223511e-02
3.279000000000000000e+06 6.103941239416599274e-03 8.722666651010513306e-03 5.272173881530761719e-02 6.103941239416599274e-03 8.722666651010513306e-03 5.272173881530761719e-02
3.280000000000000000e+06 5.997340660542249680e-03 8.730066008865833282e-03 5.230715498328208923e-02 5.997340660542249680e-03 8.730066008865833282e-03 5.230715498328208923e-02
3.281000000000000000e+06 6.013723090291023254e-03 8.746298961341381073e-03 5.242110416293144226e-02 6.013723090291023254e-03 8.746298961341381073e-03 5.242110416293144226e-02
3.282000000000000000e+06 5.486751906573772430e-03 8.711659349501132965e-03 5.228875577449798584e-02 5.486751906573772430e-03 8.711659349501132965e-03 5.228875577449798584e-02
3.283000000000000000e+06 7.119729183614253998e-03 8.728302083909511566e-03 5.275274813175201416e-02 7.119729183614253998e-03 8.728302083909511566e-03 5.275274813175201416e-02
3.284000000000000000e+06 5.980471149086952209e-03 8.695341646671295166e-03 5.325305461883544922e-02 5.980471149086952209e-03 8.695341646671295166e-03 5.325305461883544922e-02
3.285000000000000000e+06 5.920010618865489960e-03 8.672319352626800537e-03 5.277654156088829041e-02 5.920010618865489960e-03 8.672319352626800537e-03 5.277654156088829041e-02
3.286000000000000000e+06 5.988641642034053802e-03 8.730615489184856415e-03 5.313600972294807434e-02 5.988641642034053802e-03 8.730615489184856415e-03 5.313600972294807434e-02
3.287000000000000000e+06 7.362557575106620789e-03 8.717776276171207428e-03 5.366526171565055847e-02 7.362557575106620789e-03 8.717776276171207428e-03 5.366526171565055847e-02
3.288000000000000000e+06 6.310420576483011246e-03 8.690261282026767731e-03 5.291054397821426392e-02 6.310420576483011246e-03 8.690261282026767731e-03 5.291054397821426392e-02
3.289000000000000000e+06 5.859006196260452271e-03 8.716696873307228088e-03 5.302891507744789124e-02 5.859006196260452271e-03 8.716696873307228088e-03 5.302891507744789124e-02
3.290000000000000000e+06 5.954496562480926514e-03 8.683945052325725555e-03 5.261853337287902832e-02 5.954496562480926514e-03 8.683945052325725555e-03 5.261853337287902832e-02
3.291000000000000000e+06 6.366309709846973419e-03 8.680064231157302856e-03 5.239131301641464233e-02 6.366309709846973419e-03 8.680064231157302856e-03 5.239131301641464233e-02
3.292000000000000000e+06 6.207640748471021652e-03 8.709877729415893555e-03 5.334363505244255066e-02 6.207640748471021652e-03 8.709877729415893555e-03 5.334363505244255066e-02
3.293000000000000000e+06 5.793193820863962173e-03 8.691932074725627899e-03 5.270437523722648621e-02 5.793193820863962173e-03 8.691932074725627899e-03 5.270437523722648621e-02
3.294000000000000000e+06 6.521502975374460220e-03 8.706185966730117798e-03 5.259832367300987244e-02 6.521502975374460220e-03 8.706185966730117798e-03 5.259832367300987244e-02
3.295000000000000000e+06 6.288028322160243988e-03 8.666994981467723846e-03 5.342197418212890625e-02 6.288028322160243988e-03 8.666994981467723846e-03 5.342197418212890625e-02
3.296000000000000000e+06 5.825198255479335785e-03 8.695005439221858978e-03 5.276248976588249207e-02 5.825198255479335785e-03 8.695005439221858978e-03 5.276248976588249207e-02
3.297000000000000000e+06 5.525619257241487503e-03 8.688951842486858368e-03 5.260800942778587341e-02 5.525619257241487503e-03 8.688951842486858368e-03 5.260800942778587341e-02
3.298000000000000000e+06 6.163710728287696838e-03 8.708324283361434937e-03 5.354859307408332825e-02 6.163710728287696838e-03 8.708324283361434937e-03 5.354859307408332825e-02
3.299000000000000000e+06 6.426827516406774521e-03 8.699271827936172485e-03 5.265410989522933960e-02 6.426827516406774521e-03 8.699271827936172485e-03 5.265410989522933960e-02
3.300000000000000000e+06 6.248514633625745773e-03 8.702165447175502777e-03 5.311156809329986572e-02 6.248514633625745773e-03 8.702165447175502777e-03 5.311156809329986572e-02
3.301000000000000000e+06 5.285209976136684418e-03 8.697870187461376190e-03 5.245486274361610413e-02 5.285209976136684418e-03 8.697870187461376190e-03 5.245486274361610413e-02
3.302000000000000000e+06 6.132928654551506042e-03 8.695464581251144409e-03 5.295909196138381958e-02 6.132928654551506042e-03 8.695464581251144409e-03 5.295909196138381958e-02
3.303000000000000000e+06 5.746032577008008957e-03 8.712419308722019196e-03 5.256161093711853027e-02 5.746032577008008957e-03 8.712419308722019196e-03 5.256161093711853027e-02
3.304000000000000000e+06 6.511134561151266098e-03 8.697250857949256897e-03 5.261879414319992065e-02 6.511134561151266098e-03 8.697250857949256897e-03 5.261879414319992065e-02
3.305000000000000000e+06 5.366228520870208740e-03 8.692552335560321808e-03 5.208508670330047607e-02 5.366228520870208740e-03 8.692552335560321808e-03 5.208508670330047607e-02
3.306000000000000000e+06 6.799160968512296677e-03 8.736314252018928528e-03 5.281462147831916809e-02 6.799160968512296677e-03 8.736314252018928528e-03 5.281462147831916809e-02
3.307000000000000000e+06 6.386412773281335831e-03 8.681050501763820648e-03 5.285161361098289490e-02 6.386412773281335831e-03 8.681050501763820648e-03 5.285161361098289490e-02
3.308000000000000000e+06 5.076111294329166412e-03 8.673310279846191406e-03 5.221692100167274475e-02 5.076111294329166412e-03 8.673310279846191406e-03 5.221692100167274475e-02
3.309000000000000000e+06 5.823622923344373703e-03 8.691441267728805542e-03 5.258595198392868042e-02 5.823622923344373703e-03 8.691441267728805542e-03 5.258595198392868042e-02
3.310000000000000000e+06 6.156518124043941498e-03 8.693485520780086517e-03 5.332113802433013916e-02 6.156518124043941498e-03 8.693485520780086517e-03 5.332113802433013916e-02
3.311000000000000000e+06 5.807733163237571716e-03 8.670016191899776459e-03 5.217731744050979614e-02 5.807733163237571716e-03 8.670016191899776459e-03 5.217731744050979614e-02
3.312000000000000000e+06 7.115009240806102753e-03 8.703369647264480591e-03 5.254431813955307007e-02 7.115009240806102753e-03 8.703369647264480591e-03 5.254431813955307007e-02
3.313000000000000000e+06 5.845865234732627869e-03 8.685289882123470306e-03 5.221137031912803650e-02 5.845865234732627869e-03 8.685289882123470306e-03 5.221137031912803650e-02
3.314000000000000000e+06 6.573165301233530045e-03 8.664377965033054352e-03 5.258526653051376343e-02 6.573165301233530045e-03 8.664377965033054352e-03 5.258526653051376343e-02
3.315000000000000000e+06 6.773488130420446396e-03 8.660653606057167053e-03 5.296948924660682678e-02 6.773488130420446396e-03 8.660653606057167053e-03 5.296948924660682678e-02
3.316000000000000000e+06 6.083109416067600250e-03 8.682491257786750793e-03 5.241355299949645996e-02 6.083109416067600250e-03 8.682491257786750793e-03 5.241355299949645996e-02
3.317000000000000000e+06 5.914691835641860962e-03 8.698013611137866974e-03 5.294238030910491943e-02 5.914691835641860962e-03 8.698013611137866974e-03 5.294238030910491943e-02
3.318000000000000000e+06 6.260596681386232376e-03 8.674665354192256927e-03 5.260615795850753784e-02 6.260596681386232376e-03 8.674665354192256927e-03 5.260615795850753784e-02
3.319000000000000000e+06 6.292676087468862534e-03 8.667368441820144653e-03 5.215807631611824036e-02 6.292676087468862534e-03 8.667368441820144653e-03 5.215807631611824036e-02
3.320000000000000000e+06 5.657718516886234283e-03 8.644269779324531555e-03 5.191547051072120667e-02 5.657718516886234283e-03 8.644269779324531555e-03 5.191547051072120667e-02
3.321000000000000000e+06 5.899529904127120972e-03 8.655485697090625763e-03 5.272039398550987244e-02 5.899529904127120972e-03 8.655485697090625763e-03 5.272039398550987244e-02
3.322000000000000000e+06 5.910171195864677429e-03 8.663449436426162720e-03 5.280296504497528076e-02 5.910171195864677429e-03 8.663449436426162720e-03 5.280296504497528076e-02
3.323000000000000000e+06 6.224928889423608780e-03 8.679604157805442810e-03 5.187254399061203003e-02 6.224928889423608780e-03 8.679604157805442810e-03 5.187254399061203003e-02
3.324000000000000000e+06 6.836486048996448517e-03 8.670847862958908081e-03 5.210492014884948730e-02 6.836486048996448517e-03 8.670847862958908081e-03 5.210492014884948730e-02
3.325000000000000000e+06 5.929748993366956711e-03 8.674542419612407684e-03 5.233688279986381531e-02 5.929748993366956711e-03 8.674542419612407684e-03 5.233688279986381531e-02
3.326000000000000000e+06 5.802455823868513107e-03 8.667863905429840088e-03 5.227404832839965820e-02 5.802455823868513107e-03 8.667863905429840088e-03 5.227404832839965820e-02
3.327000000000000000e+06 6.099546793848276138e-03 8.659624494612216949e-03 5.223648622632026672e-02 6.099546793848276138e-03 8.659624494612216949e-03 5.223648622632026672e-02
3.328000000000000000e+06 5.706259515136480331e-03 8.648995310068130493e-03 5.237578228116035461e-02 5.706259515136480331e-03 8.648995310068130493e-03 5.237578228116035461e-02
3.329000000000000000e+06 6.065702065825462341e-03 8.656798861920833588e-03 5.244159698486328125e-02 6.065702065825462341e-03 8.656798861920833588e-03 5.244159698486328125e-02
3.330000000000000000e+06 6.359475199133157730e-03 8.681700564920902252e-03 5.316980928182601929e-02 6.359475199133157730e-03 8.681700564920902252e-03 5.316980928182601929e-02
3.331000000000000000e+06 5.653948523104190826e-03 8.660781197249889374e-03 5.204889923334121704e-02 5.653948523104190826e-03 8.660781197249889374e-03 5.204889923334121704e-02
3.332000000000000000e+06 5.989345721900463104e-03 8.674912154674530029e-03 5.176952108740806580e-02 5.989345721900463104e-03 8.674912154674530029e-03 5.176952108740806580e-02
3.333000000000000000e+06 6.186489015817642212e-03 8.642480708658695221e-03 5.214248597621917725e-02 6.186489015817642212e-03 8.642480708658695221e-03 5.214248597621917725e-02
3.334000000000000000e+06 5.704212002456188202e-03 8.669155649840831757e-03 5.269315466284751892e-02 5.704212002456188202e-03 8.669155649840831757e-03 5.269315466284751892e-02
3.335000000000000000e+06 6.275345571339130402e-03 8.636709302663803101e-03 5.268110707402229309e-02 6.275345571339130402e-03 8.636709302663803101e-03 5.268110707402229309e-02
3.336000000000000000e+06 6.378275342285633087e-03 8.655310608446598053e-03 5.166613310575485229e-02 6.378275342285633087e-03 8.655310608446598053e-03 5.166613310575485229e-02
3.337000000000000000e+06 6.777424830943346024e-03 8.644045330584049225e-03 5.263338610529899597e-02 6.777424830943346024e-03 8.644045330584049225e-03 5.263338610529899597e-02
3.338000000000000000e+06 5.904297344386577606e-03 8.660116232931613922e-03 5.226311460137367249e-02 5.904297344386577606e-03 8.660116232931613922e-03 5.226311460137367249e-02
3.339000000000000000e+06 6.426247768104076385e-03 8.631749078631401062e-03 5.207705497741699219e-02 6.426247768104076385e-03 8.631749078631401062e-03 5.207705497741699219e-02
3.340000000000000000e+06 5.274435970932245255e-03 8.679800666868686676e-03 5.222271382808685303e-02 5.274435970932245255e-03 8.679800666868686676e-03 5.222271382808685303e-02
3.341000000000000000e+06 5.597300361841917038e-03 8.654835633933544159e-03 5.254615843296051025e-02 5.597300361841917038e-03 8.654835633933544159e-03 5.254615843296051025e-02
3.342000000000000000e+06 5.333354230970144272e-03 8.677193894982337952e-03 5.173674970865249634e-02 5.333354230970144272e-03 8.677193894982337952e-03 5.173674970865249634e-02
3.343000000000000000e+06 5.995785351842641830e-03 8.659401908516883850e-03 5.164567753672599792e-02 5.995785351842641830e-03 8.659401908516883850e-03 5.164567753672599792e-02
3.344000000000000000e+06 5.463168956339359283e-03 8.664338849484920502e-03 5.260891094803810120e-02 5.463168956339359283e-03 8.664338849484920502e-03 5.260891094803810120e-02
3.345000000000000000e+06 5.963174160569906235e-03 8.675360120832920074e-03 5.157828703522682190e-02 5.963174160569906235e-03 8.675360120832920074e-03 5.157828703522682190e-02
3.346000000000000000e+06 7.096737157553434372e-03 8.668913505971431732e-03 5.301041528582572937e-02 7.096737157553434372e-03 8.668913505971431732e-03 5.301041528582572937e-02
3.347000000000000000e+06 6.246983073651790619e-03 8.678792044520378113e-03 5.176363512873649597e-02 6.246983073651790619e-03 8.678792044520378113e-03 5.176363512873649597e-02
3.348000000000000000e+06 5.875207949429750443e-03 8.660080842673778534e-03 5.179433524608612061e-02 5.875207949429750443e-03 8.660080842673778534e-03 5.179433524608612061e-02
3.349000000000000000e+06 5.427334457635879517e-03 8.675703778862953186e-03 5.237770453095436096e-02 5.427334457635879517e-03 8.675703778862953186e-03 5.237770453095436096e-02
3.350000000000000000e+06 5.770704243332147598e-03 8.636415004730224609e-03 5.192439258098602295e-02 5.770704243332147598e-03 8.636415004730224609e-03 5.192439258098602295e-02
3.351000000000000000e+06 5.799589678645133972e-03 8.649398572742938995e-03 5.220513418316841125e-02 5.799589678645133972e-03 8.649398572742938995e-03 5.220513418316841125e-02
3.352000000000000000e+06 5.931568797677755356e-03 8.663320913910865784e-03 5.209917947649955750e-02 5.931568797677755356e-03 8.663320913910865784e-03 5.209917947649955750e-02
3.353000000000000000e+06 6.875087041407823563e-03 8.643906563520431519e-03 5.231460556387901306e-02 6.875087041407823563e-03 8.643906563520431519e-03 5.231460556387901306e-02
3.354000000000000000e+06 5.938606336712837219e-03 8.651127107441425323e-03 5.181442946195602417e-02 5.938606336712837219e-03 8.651127107441425323e-03 5.181442946195602417e-02
3.355000000000000000e+06 4.998880904167890549e-03 8.662638254463672638e-03 5.187053978443145752e-02 4.998880904167890549e-03 8.662638254463672638e-03 5.187053978443145752e-02
3.356000000000000000e+06 7.228185888379812241e-03 8.654988370835781097e-03 5.243818834424018860e-02 7.228185888379812241e-03 8.654988370835781097e-03 5.243818834424018860e-02
3.357000000000000000e+06 6.727582775056362152e-03 8.697871118783950806e-03 5.244005098938941956e-02 6.727582775056362152e-03 8.697871118783950806e-03 5.244005098938941956e-02
3.358000000000000000e+06 5.738121457397937775e-03 8.652321062982082367e-03 5.186881870031356812e-02 5.738121457397937775e-03 8.652321062982082367e-03 5.186881870031356812e-02
3.359000000000000000e+06 5.237635690718889236e-03 8.653327822685241699e-03 5.163368582725524902e-02 5.237635690718889236e-03 8.653327822685241699e-03 5.163368582725524902e-02
3.360000000000000000e+06 6.251906510442495346e-03 8.640528656542301178e-03 5.155465751886367798e-02 6.251906510442495346e-03 8.640528656542301178e-03 5.155465751886367798e-02
3.361000000000000000e+06 7.117510773241519928e-03 8.646653033792972565e-03 5.264326930046081543e-02 7.117510773241519928e-03 8.646653033792972565e-03 5.264326930046081543e-02
3.362000000000000000e+06 6.698752287775278091e-03 8.686241693794727325e-03 5.209130421280860901e-02 6.698752287775278091e-03 8.686241693794727325e-03 5.209130421280860901e-02
3.363000000000000000e+06 6.656230892986059189e-03 8.685878477990627289e-03 5.206552520394325256e-02 6.656230892986059189e-03 8.685878477990627289e-03 5.206552520394325256e-02
3.364000000000000000e+06 6.393051706254482269e-03 8.664376102387905121e-03 5.181302502751350403e-02 6.393051706254482269e-03 8.664376102387905121e-03 5.181302502751350403e-02
3.365000000000000000e+06 6.113489624112844467e-03 8.652861230075359344e-03 5.265846848487854004e-02 6.113489624112844467e-03 8.652861230075359344e-03 5.265846848487854004e-02
3.366000000000000000e+06 5.794933997094631195e-03 8.630442433059215546e-03 5.275032669305801392e-02 5.794933997094631195e-03 8.630442433059215546e-03 5.275032669305801392e-02
3.367000000000000000e+06 6.686171051114797592e-03 8.627012372016906738e-03 5.289986729621887207e-02 6.686171051114797592e-03 8.627012372016906738e-03 5.289986729621887207e-02
3.368000000000000000e+06 7.424412295222282410e-03 8.627984672784805298e-03 5.212598294019699097e-02 7.424412295222282410e-03 8.627984672784805298e-03 5.212598294019699097e-02
3.369000000000000000e+06 7.004952523857355118e-03 8.678376674652099609e-03 5.176897346973419189e-02 7.004952523857355118e-03 8.678376674652099609e-03 5.176897346973419189e-02
3.370000000000000000e+06 6.027600727975368500e-03 8.629444055259227753e-03 5.167131125926971436e-02 6.027600727975368500e-03 8.629444055259227753e-03 5.167131125926971436e-02
3.371000000000000000e+06 5.492536351084709167e-03 8.619922213256359100e-03 5.179273337125778198e-02 5.492536351084709167e-03 8.619922213256359100e-03 5.179273337125778198e-02
3.372000000000000000e+06 6.453228648751974106e-03 8.655817247927188873e-03 5.224719643592834473e-02 6.453228648751974106e-03 8.655817247927188873e-03 5.224719643592834473e-02
3.373000000000000000e+06 7.119964342564344406e-03 8.627569302916526794e-03 5.225314944982528687e-02 7.119964342564344406e-03 8.627569302916526794e-03 5.225314944982528687e-02
3.374000000000000000e+06 6.424091290682554245e-03 8.654205128550529480e-03 5.196805670857429504e-02 6.424091290682554245e-03 8.654205128550529480e-03 5.196805670857429504e-02
3.375000000000000000e+06 5.814647767692804337e-03 8.663963526487350464e-03 5.171599984169006348e-02 5.814647767692804337e-03 8.663963526487350464e-03 5.171599984169006348e-02
3.376000000000000000e+06 6.874478887766599655e-03 8.644498884677886963e-03 5.227036774158477783e-02 6.874478887766599655e-03 8.644498884677886963e-03 5.227036774158477783e-02
3.377000000000000000e+06 5.423590075224637985e-03 8.600308559834957123e-03 5.165980011224746704e-02 5.423590075224637985e-03 8.600308559834957123e-03 5.165980011224746704e-02
3.378000000000000000e+06 6.162250414490699768e-03 8.610483258962631226e-03 5.158933997154235840e-02 6.162250414490699768e-03 8.610483258962631226e-03 5.158933997154235840e-02
3.379000000000000000e+06 5.531021393835544586e-03 8.621118031442165375e-03 5.189458653330802917e-02 5.531021393835544586e-03 8.621118031442165375e-03 5.189458653330802917e-02
3.380000000000000000e+06 6.151698529720306396e-03 8.645321242511272430e-03 5.216921493411064148e-02 6.151698529720306396e-03 8.645321242511272430e-03 5.216921493411064148e-02
3.381000000000000000e+06 6.923350505530834198e-03 8.617966435849666595e-03 5.199473723769187927e-02 6.923350505530834198e-03 8.617966435849666595e-03 5.199473723769187927e-02
3.382000000000000000e+06 5.616892594844102859e-03 8.615158498287200928e-03 5.153489857912063599e-02 5.616892594844102859e-03 8.615158498287200928e-03 5.153489857912063599e-02
3.383000000000000000e+06 5.281894467771053314e-03 8.638012222945690155e-03 5.167612805962562561e-02 5.281894467771053314e-03 8.638012222945690155e-03 5.167612805962562561e-02
3.384000000000000000e+06 5.668120458722114563e-03 8.615130558609962463e-03 5.148315057158470154e-02 5.668120458722114563e-03 8.615130558609962463e-03 5.148315057158470154e-02
3.385000000000000000e+06 7.346806582063436508e-03 8.594683371484279633e-03 5.273318290710449219e-02 7.346806582063436508e-03 8.594683371484279633e-03 5.273318290710449219e-02
3.386000000000000000e+06 7.319091819226741791e-03 8.607922121882438660e-03 5.292713642120361328e-02 7.319091819226741791e-03 8.607922121882438660e-03 5.292713642120361328e-02
3.387000000000000000e+06 6.190768443048000336e-03 8.607684634625911713e-03 5.184708163142204285e-02 6.190768443048000336e-03 8.607684634625911713e-03 5.184708163142204285e-02
3.388000000000000000e+06 6.015766412019729614e-03 8.619550615549087524e-03 5.186715722084045410e-02 6.015766412019729614e-03 8.619550615549087524e-03 5.186715722084045410e-02
3.389000000000000000e+06 6.353579461574554443e-03 8.629037067294120789e-03 5.217076465487480164e-02 6.353579461574554443e-03 8.629037067294120789e-03 5.217076465487480164e-02
3.390000000000000000e+06 6.816929206252098083e-03 8.622845634818077087e-03 5.189799144864082336e-02 6.816929206252098083e-03 8.622845634818077087e-03 5.189799144864082336e-02
3.391000000000000000e+06 5.581049714237451553e-03 8.612033911049365997e-03 5.132535099983215332e-02 5.581049714237451553e-03 8.612033911049365997e-03 5.132535099983215332e-02
3.392000000000000000e+06 6.730050779879093170e-03 8.625156246125698090e-03 5.176058039069175720e-02 6.730050779879093170e-03 8.625156246125698090e-03 5.176058039069175720e-02
3.393000000000000000e+06 5.994001869112253189e-03 8.592233061790466309e-03 5.182876437902450562e-02 5.994001869112253189e-03 8.592233061790466309e-03 5.182876437902450562e-02
3.394000000000000000e+06 7.239930797368288040e-03 8.623067289590835571e-03 5.267043039202690125e-02 7.239930797368288040e-03 8.623067289590835571e-03 5.267043039202690125e-02
3.395000000000000000e+06 6.311424542218446732e-03 8.624205365777015686e-03 5.135444179177284241e-02 6.311424542218446732e-03 8.624205365777015686e-03 5.135444179177284241e-02
3.396000000000000000e+06 5.744936875998973846e-03 8.625593967735767365e-03 5.126823484897613525e-02 5.744936875998973846e-03 8.625593967735767365e-03 5.126823484897613525e-02
3.397000000000000000e+06 5.283149890601634979e-03 8.606827817857265472e-03 5.147173255681991577e-02 5.283149890601634979e-03 8.606827817857265472e-03 5.147173255681991577e-02
3.398000000000000000e+06 6.377141457051038742e-03 8.636713959276676178e-03 5.195473879575729370e-02 6.377141457051038742e-03 8.636713959276676178e-03 5.195473879575729370e-02
3.399000000000000000e+06 6.523277610540390015e-03 8.642082102596759796e-03 5.179054662585258484e-02 6.523277610540390015e-03 8.642082102596759796e-03 5.179054662585258484e-02
3.400000000000000000e+06 6.268111523240804672e-03 8.607231080532073975e-03 5.175196006894111633e-02 6.268111523240804672e-03 8.607231080532073975e-03 5.175196006894111633e-02
3.401000000000000000e+06 6.406567990779876709e-03 8.619789034128189087e-03 5.169738829135894775e-02 6.406567990779876709e-03 8.619789034128189087e-03 5.169738829135894775e-02
3.402000000000000000e+06 6.564693059772253036e-03 8.599896915256977081e-03 5.180289596319198608e-02 6.564693059772253036e-03 8.599896915256977081e-03 5.180289596319198608e-02
3.403000000000000000e+06 5.870692431926727295e-03 8.603961206972599030e-03 5.172614008188247681e-02 5.870692431926727295e-03 8.603961206972599030e-03 5.172614008188247681e-02
3.404000000000000000e+06 5.728341639041900635e-03 8.603132329881191254e-03 5.165084823966026306e-02 5.728341639041900635e-03 8.603132329881191254e-03 5.165084823966026306e-02
3.405000000000000000e+06 6.710415706038475037e-03 8.609397336840629578e-03 5.126907676458358765e-02 6.710415706038475037e-03 8.609397336840629578e-03 5.126907676458358765e-02
3.406000000000000000e+06 5.732691381126642227e-03 8.605200797319412231e-03 5.125718191266059875e-02 5.732691381126642227e-03 8.605200797319412231e-03 5.125718191266059875e-02
3.407000000000000000e+06 6.830259691923856735e-03 8.599776774644851685e-03 5.198145657777786255e-02 6.830259691923856735e-03 8.599776774644851685e-03 5.198145657777786255e-02
3.408000000000000000e+06 5.847968626767396927e-03 8.658169768750667572e-03 5.112395063042640686e-02 5.847968626767396927e-03 8.658169768750667572e-03 5.112395063042640686e-02
3.409000000000000000e+06 7.107591256499290466e-03 8.576489984989166260e-03 5.094405636191368103e-02 7.107591256499290466e-03 8.576489984989166260e-03 5.094405636191368103e-02
3.410000000000000000e+06 5.277859047055244446e-03 8.615572005510330200e-03 5.102232098579406738e-02 5.277859047055244446e-03 8.615572005510330200e-03 5.102232098579406738e-02
3.411000000000000000e+06 7.599981501698493958e-03 8.629800751805305481e-03 5.325912684202194214e-02 7.599981501698493958e-03 8.629800751805305481e-03 5.325912684202194214e-02
3.412000000000000000e+06 5.648917052894830704e-03 8.613812737166881561e-03 5.221036076545715332e-02 5.648917052894830704e-03 8.613812737166881561e-03 5.221036076545715332e-02
3.413000000000000000e+06 6.861370988190174103e-03 8.618609048426151276e-03 5.248416587710380554e-02 6.861370988190174103e-03 8.618609048426151276e-03 5.248416587710380554e-02
3.414000000000000000e+06 6.403082050383090973e-03 8.600586093962192535e-03 5.206531658768653870e-02 6.403082050383090973e-03 8.600586093962192535e-03 5.206531658768653870e-02
3.415000000000000000e+06 5.382290575653314590e-03 8.598603308200836182e-03 5.079824477434158325e-02 5.382290575653314590e-03 8.598603308200836182e-03 5.079824477434158325e-02
3.416000000000000000e+06 5.621003452688455582e-03 8.596625179052352905e-03 5.136123672127723694e-02 5.621003452688455582e-03 8.596625179052352905e-03 5.136123672127723694e-02
3.417000000000000000e+06 6.203793920576572418e-03 8.603006601333618164e-03 5.208462849259376526e-02 6.203793920576572418e-03 8.603006601333618164e-03 5.208462849259376526e-02
3.418000000000000000e+06 5.854746326804161072e-03 8.588038384914398193e-03 5.206221714615821838e-02 5.854746326804161072e-03 8.588038384914398193e-03 5.206221714615821838e-02
3.419000000000000000e+06 5.910068284720182419e-03 8.605059236288070679e-03 5.172491818666458130e-02 5.910068284720182419e-03 8.605059236288070679e-03 5.172491818666458130e-02
3.420000000000000000e+06 5.846312735229730606e-03 8.626604452729225159e-03 5.163884907960891724e-02 5.846312735229730606e-03 8.626604452729225159e-03 5.163884907960891724e-02
3.421000000000000000e+06 6.549302488565444946e-03 8.589640259742736816e-03 5.114447697997093201e-02 6.549302488565444946e-03 8.589640259742736816e-03 5.114447697997093201e-02
3.422000000000000000e+06 7.106985896825790405e-03 8.585232309997081757e-03 5.211563035845756531e-02 7.106985896825790405e-03 8.585232309997081757e-03 5.211563035845756531e-02
3.423000000000000000e+06 5.902542266994714737e-03 8.605925366282463074e-03 5.084782466292381287e-02 5.902542266994714737e-03 8.605925366282463074e-03 5.084782466292381287e-02
3.424000000000000000e+06 5.477323196828365326e-03 8.565999567508697510e-03 5.108840391039848328e-02 5.477323196828365326e-03 8.565999567508697510e-03 5.108840391039848328e-02
3.425000000000000000e+06 5.506574641913175583e-03 8.597561158239841461e-03 5.106806755065917969e-02 5.506574641913175583e-03 8.597561158239841461e-03 5.106806755065917969e-02
3.426000000000000000e+06 6.637298502027988434e-03 8.618272840976715088e-03 5.098090693354606628e-02 6.637298502027988434e-03 8.618272840976715088e-03 5.098090693354606628e-02
3.427000000000000000e+06 7.940954528748989105e-03 8.605961687862873077e-03 5.232329666614532471e-02 7.940954528748989105e-03 8.605961687862873077e-03 5.232329666614532471e-02
3.428000000000000000e+06 6.054060999304056168e-03 8.598568849265575409e-03 5.013262107968330383e-02 6.054060999304056168e-03 8.598568849265575409e-03 5.013262107968330383e-02
3.429000000000000000e+06 5.777791142463684082e-03 8.596903644502162933e-03 5.065785348415374756e-02 5.777791142463684082e-03 8.596903644502162933e-03 5.065785348415374756e-02
3.430000000000000000e+06 5.466483067721128464e-03 8.568958379328250885e-03 5.052289366722106934e-02 5.466483067721128464e-03 8.568958379328250885e-03 5.052289366722106934e-02
3.431000000000000000e+06 5.805955734103918076e-03 8.579275570809841156e-03 5.101085454225540161e-02 5.805955734103918076e-03 8.579275570809841156e-03 5.101085454225540161e-02
3.432000000000000000e+06 6.283638998866081238e-03 8.601877838373184204e-03 5.105383321642875671e-02 6.283638998866081238e-03 8.601877838373184204e-03 5.105383321642875671e-02
3.433000000000000000e+06 6.066048517823219299e-03 8.606509305536746979e-03 5.067034065723419189e-02 6.066048517823219299e-03 8.606509305536746979e-03 5.067034065723419189e-02
3.434000000000000000e+06 6.103874649852514267e-03 8.607866242527961731e-03 5.088212341070175171e-02 6.103874649852514267e-03 8.607866242527961731e-03 5.088212341070175171e-02
3.435000000000000000e+06 5.428001284599304199e-03 8.568513207137584686e-03 5.049892514944076538e-02 5.428001284599304199e-03 8.568513207137584686e-03 5.049892514944076538e-02
3.436000000000000000e+06 6.064908113330602646e-03 8.560965768992900848e-03 5.103995278477668762e-02 6.064908113330602646e-03 8.560965768992900848e-03 5.103995278477668762e-02
3.437000000000000000e+06 5.686420947313308716e-03 8.575409650802612305e-03 5.006033554673194885e-02 5.686420947313308716e-03 8.575409650802612305e-03 5.006033554673194885e-02
3.438000000000000000e+06 6.807240191847085953e-03 8.565537631511688232e-03 5.071239918470382690e-02 6.807240191847085953e-03 8.565537631511688232e-03 5.071239918470382690e-02
3.439000000000000000e+06 5.701747257262468338e-03 8.587765507400035858e-03 5.137768387794494629e-02 5.701747257262468338e-03 8.587765507400035858e-03 5.137768387794494629e-02
3.440000000000000000e+06 7.172505836933851242e-03 8.629160001873970032e-03 5.166773498058319092e-02 7.172505836933851242e-03 8.629160001873970032e-03 5.166773498058319092e-02
3.441000000000000000e+06 6.103717721998691559e-03 8.579501882195472717e-03 5.187319591641426086e-02 6.103717721998691559e-03 8.579501882195472717e-03 5.187319591641426086e-02
3.442000000000000000e+06 6.008079741150140762e-03 8.571586571633815765e-03 5.132272094488143921e-02 6.008079741150140762e-03 8.571586571633815765e-03 5.132272094488143921e-02
3.443000000000000000e+06 6.139305420219898224e-03 8.572869934141635895e-03 5.172027274966239929e-02 6.139305420219898224e-03 8.572869934141635895e-03 5.172027274966239929e-02
3.444000000000000000e+06 6.801083218306303024e-03 8.592786267399787903e-03 5.164520069956779480e-02 6.801083218306303024e-03 8.592786267399787903e-03 5.164520069956779480e-02
3.445000000000000000e+06 5.132076330482959747e-03 8.556104265153408051e-03 5.048476904630661011e-02 5.132076330482959747e-03 8.556104265153408051e-03 5.048476904630661011e-02
3.446000000000000000e+06 6.398657802492380142e-03 8.568794466555118561e-03 5.097666755318641663e-02 6.398657802492380142e-03 8.568794466555118561e-03 5.097666755318641663e-02
3.447000000000000000e+06 6.307740695774555206e-03 8.554347790777683258e-03 5.142547190189361572e-02 6.307740695774555206e-03 8.554347790777683258e-03 5.142547190189361572e-02
3.448000000000000000e+06 5.343643017113208771e-03 8.548003621399402618e-03 5.065413936972618103e-02 5.343643017113208771e-03 8.548003621399402618e-03 5.065413936972618103e-02
3.449000000000000000e+06 6.300884298980236053e-03 8.554608561098575592e-03 5.165901407599449158e-02 6.300884298980236053e-03 8.554608561098575592e-03 5.165901407599449158e-02
3.450000000000000000e+06 5.622599739581346512e-03 8.561708964407444000e-03 5.082046985626220703e-02 5.622599739581346512e-03 8.561708964407444000e-03 5.082046985626220703e-02
3.451000000000000000e+06 5.421992857009172440e-03 8.580280467867851257e-03 5.073241144418716431e-02 5.421992857009172440e-03 8.580280467867851257e-03 5.073241144418716431e-02
3.452000000000000000e+06 6.230198312550783157e-03 8.574262261390686035e-03 5.113018676638603210e-02 6.230198312550783157e-03 8.574262261390686035e-03 5.113018676638603210e-02
3.453000000000000000e+06 5.905310623347759247e-03 8.568456396460533142e-03 5.111548677086830139e-02 5.905310623347759247e-03 8.568456396460533142e-03 5.111548677086830139e-02
3.454000000000000000e+06 5.921378731727600098e-03 8.563609793782234192e-03 5.140600726008415222e-02 5.921378731727600098e-03 8.563609793782234192e-03 5.140600726008415222e-02
3.455000000000000000e+06 5.702965892851352692e-03 8.572864346206188202e-03 5.049834772944450378e-02 5.702965892851352692e-03 8.572864346206188202e-03 5.049834772944450378e-02
3.456000000000000000e+06 6.362466141581535339e-03 8.566578850150108337e-03 5.119657889008522034e-02 6.362466141581535339e-03 8.566578850150108337e-03 5.119657889008522034e-02
3.457000000000000000e+06 5.543015431612730026e-03 8.553782477974891663e-03 5.048927664756774902e-02 5.543015431612730026e-03 8.553782477974891663e-03 5.048927664756774902e-02
3.458000000000000000e+06 6.047483999282121658e-03 8.569976314902305603e-03 5.139756202697753906e-02 6.047483999282121658e-03 8.569976314902305603e-03 5.139756202697753906e-02
3.459000000000000000e+06 6.419131066650152206e-03 8.546895347535610199e-03 5.169580876827239990e-02 6.419131066650152206e-03 8.546895347535610199e-03 5.169580876827239990e-02
3.460000000000000000e+06 6.560351233929395676e-03 8.552966639399528503e-03 5.111934244632720947e-02 6.560351233929395676e-03 8.552966639399528503e-03 5.111934244632720947e-02
3.461000000000000000e+06 5.376024637371301651e-03 8.559513837099075317e-03 5.018038302659988403e-02 5.376024637371301651e-03 8.559513837099075317e-03 5.018038302659988403e-02
3.462000000000000000e+06 7.095907814800739288e-03 8.585565723478794098e-03 5.156801640987396240e-02 7.095907814800739288e-03 8.585565723478794098e-03 5.156801640987396240e-02
3.463000000000000000e+06 5.723061505705118179e-03 8.554327301681041718e-03 5.142441391944885254e-02 5.723061505705118179e-03 8.554327301681041718e-03 5.142441391944885254e-02
3.464000000000000000e+06 6.392566487193107605e-03 8.551930077373981476e-03 5.097515508532524109e-02 6.392566487193107605e-03 8.551930077373981476e-03 5.097515508532524109e-02
3.465000000000000000e+06 5.499511491507291794e-03 8.574693463742733002e-03 5.034795030951499939e-02 5.499511491507291794e-03 8.574693463742733002e-03 5.034795030951499939e-02
3.466000000000000000e+06 5.853102542459964752e-03 8.565511554479598999e-03 5.025943368673324585e-02 5.853102542459964752e-03 8.565511554479598999e-03 5.025943368673324585e-02
3.467000000000000000e+06 5.315373651683330536e-03 8.555023930966854095e-03 4.988904297351837158e-02 5.315373651683330536e-03 8.555023930966854095e-03 4.988904297351837158e-02
3.468000000000000000e+06 5.789045244455337524e-03 8.547569625079631805e-03 5.057278275489807129e-02 5.789045244455337524e-03 8.547569625079631805e-03 5.057278275489807129e-02
3.469000000000000000e+06 5.342699121683835983e-03 8.570693433284759521e-03 5.031457915902137756e-02 5.342699121683835983e-03 8.570693433284759521e-03 5.031457915902137756e-02
3.470000000000000000e+06 5.716724321246147156e-03 8.548046462237834930e-03 5.029927194118499756e-02 5.716724321246147156e-03 8.548046462237834930e-03 5.029927194118499756e-02
3.471000000000000000e+06 5.786802619695663452e-03 8.577988483011722565e-03 5.117188394069671631e-02 5.786802619695663452e-03 8.577988483011722565e-03 5.117188394069671631e-02
3.472000000000000000e+06 6.098759826272726059e-03 8.540280163288116455e-03 5.077157542109489441e-02 6.098759826272726059e-03 8.540280163288116455e-03 5.077157542109489441e-02
3.473000000000000000e+06 5.952999927103519440e-03 8.570743724703788757e-03 5.059194564819335938e-02 5.952999927103519440e-03 8.570743724703788757e-03 5.059194564819335938e-02
3.474000000000000000e+06 6.435907911509275436e-03 8.568013086915016174e-03 4.993516951799392700e-02 6.435907911509275436e-03 8.568013086915016174e-03 4.993516951799392700e-02
3.475000000000000000e+06 5.161026492714881897e-03 8.570881560444831848e-03 5.096184834837913513e-02 5.161026492714881897e-03 8.570881560444831848e-03 5.096184834837913513e-02
3.476000000000000000e+06 5.339392460882663727e-03 8.559590205550193787e-03 5.003675445914268494e-02 5.339392460882663727e-03 8.559590205550193787e-03 5.003675445914268494e-02
3.477000000000000000e+06 5.951696541160345078e-03 8.552873507142066956e-03 5.017774552106857300e-02 5.951696541160345078e-03 8.552873507142066956e-03 5.017774552106857300e-02
3.478000000000000000e+06 6.343607325106859207e-03 8.553996682167053223e-03 5.170310661196708679e-02 6.343607325106859207e-03 8.553996682167053223e-03 5.170310661196708679e-02
3.479000000000000000e+06 5.683406721800565720e-03 8.581657893955707550e-03 5.085288360714912415e-02 5.683406721800565720e-03 8.581657893955707550e-03 5.085288360714912415e-02
3.480000000000000000e+06 5.483081564307212830e-03 8.582319132983684540e-03 4.977057874202728271e-02 5.483081564307212830e-03 8.582319132983684540e-03 4.977057874202728271e-02
3.481000000000000000e+06 7.101393304765224457e-03 8.572455495595932007e-03 5.125962942838668823e-02 7.101393304765224457e-03 8.572455495595932007e-03 5.125962942838668823e-02
3.482000000000000000e+06 6.238720845431089401e-03 8.529211394488811493e-03 5.012155696749687195e-02 6.238720845431089401e-03 8.529211394488811493e-03 5.012155696749687195e-02
3.483000000000000000e+06 5.548533517867326736e-03 8.543631061911582947e-03 4.988928139209747314e-02 5.548533517867326736e-03 8.543631061911582947e-03 4.988928139209747314e-02
3.484000000000000000e+06 5.883859004825353622e-03 8.551684208214282990e-03 5.024949088692665100e-02 5.883859004825353622e-03 8.551684208214282990e-03 5.024949088692665100e-02
3.485000000000000000e+06 6.265141069889068604e-03 8.544374257326126099e-03 5.006577819585800171e-02 6.265141069889068604e-03 8.544374257326126099e-03 5.006577819585800171e-02
3.486000000000000000e+06 5.919825751334428787e-03 8.540946990251541138e-03 5.037437006831169128e-02 5.919825751334428787e-03 8.540946990251541138e-03 5.037437006831169128e-02
3.487000000000000000e+06 5.750303622335195541e-03 8.552985265851020813e-03 5.043993517756462097e-02 5.750303622335195541e-03 8.552985265851020813e-03 5.043993517756462097e-02
3.488000000000000000e+06 6.854143925011157990e-03 8.564917370676994324e-03 5.075554549694061279e-02 6.854143925011157990e-03 8.564917370676994324e-03 5.075554549694061279e-02
3.489000000000000000e+06 6.050572730600833893e-03 8.545769378542900085e-03 5.067856237292289734e-02 6.050572730600833893e-03 8.545769378542900085e-03 5.067856237292289734e-02
3.490000000000000000e+06 6.313212215900421143e-03 8.558840490877628326e-03 5.111073702573776245e-02 6.313212215900421143e-03 8.558840490877628326e-03 5.111073702573776245e-02
3.491000000000000000e+06 5.464685149490833282e-03 8.561821654438972473e-03 5.019436776638031006e-02 5.464685149490833282e-03 8.561821654438972473e-03 5.019436776638031006e-02
3.492000000000000000e+06 6.243756972253322601e-03 8.513194508850574493e-03 5.024263635277748108e-02 6.243756972253322601e-03 8.513194508850574493e-03 5.024263635277748108e-02
3.493000000000000000e+06 5.887786857783794403e-03 8.563375100493431091e-03 4.990314319729804993e-02 5.887786857783794403e-03 8.563375100493431091e-03 4.990314319729804993e-02
3.494000000000000000e+06 5.499061197042465210e-03 8.546370081603527069e-03 5.014305934309959412e-02 5.499061197042465210e-03 8.546370081603527069e-03 5.014305934309959412e-02
3.495000000000000000e+06 6.410650443285703659e-03 8.555124513804912567e-03 5.022165179252624512e-02 6.410650443285703659e-03 8.555124513804912567e-03 5.022165179252624512e-02
3.496000000000000000e+06 6.901070009917020798e-03 8.523775264620780945e-03 5.080609023571014404e-02 6.901070009917020798e-03 8.523775264620780945e-03 5.080609023571014404e-02
3.497000000000000000e+06 5.658519919961690903e-03 8.558167144656181335e-03 4.994960501790046692e-02 5.658519919961690903e-03 8.558167144656181335e-03 4.994960501790046692e-02
3.498000000000000000e+06 5.464003887027502060e-03 8.551570586860179901e-03 5.009086430072784424e-02 5.464003887027502060e-03 8.551570586860179901e-03 5.009086430072784424e-02
3.499000000000000000e+06 5.589345004409551620e-03 8.566971868276596069e-03 4.985764995217323303e-02 5.589345004409551620e-03 8.566971868276596069e-03 4.985764995217323303e-02
3.500000000000000000e+06 5.865405313670635223e-03 8.556900545954704285e-03 5.040667578577995300e-02 5.865405313670635223e-03 8.556900545954704285e-03 5.040667578577995300e-02
3.500000000000000000e+06 5.865405313670635223e-03 8.556900545954704285e-03 5.040667601861059666e-04 5.865405313670635223e-03 8.556900545954704285e-03 5.040667601861059666e-04
3.500017000000000000e+06 5.865405313670635223e-03 8.556900545954704285e-03 5.040667601861059666e-04 5.865405313670635223e-03 8.556900545954704285e-03 5.040667601861059666e-04
