# step, loss_train, loss_test, metrics_test
0.000000000000000000e+00 1.865236908197402954e-01 7.425489276647567749e-02 4.275597265625000000e+04 1.865236908197402954e-01 7.425489276647567749e-02 4.275597265625000000e+04
1.000000000000000000e+03 4.520241636782884598e-03 2.668956527486443520e-03 9.004587890625000000e+03 4.520241636782884598e-03 2.668956527486443520e-03 9.004587890625000000e+03
2.000000000000000000e+03 5.143364542163908482e-04 8.070906187640503049e-05 3.832337646484375000e+03 5.143364542163908482e-04 8.070906187640503049e-05 3.832337646484375000e+03
3.000000000000000000e+03 2.193576219724491239e-04 1.849745422077830881e-05 1.392212768554687500e+03 2.193576219724491239e-04 1.849745422077830881e-05 1.392212768554687500e+03
4.000000000000000000e+03 1.684504386503249407e-04 9.457618943997658789e-06 5.029235839843750000e+02 1.684504386503249407e-04 9.457618943997658789e-06 5.029235839843750000e+02
5.000000000000000000e+03 1.552397006889805198e-04 7.332069071708247066e-05 2.496659545898437500e+02 1.552397006889805198e-04 7.332069071708247066e-05 2.496659545898437500e+02
6.000000000000000000e+03 7.356344722211360931e-04 7.835059077478945255e-04 1.560753021240234375e+02 7.356344722211360931e-04 7.835059077478945255e-04 1.560753021240234375e+02
7.000000000000000000e+03 5.583767779171466827e-04 6.382737774401903152e-04 1.240232696533203125e+02 5.583767779171466827e-04 6.382737774401903152e-04 1.240232696533203125e+02
8.000000000000000000e+03 3.013293026015162468e-03 6.220376235432922840e-04 1.088915100097656250e+02 3.013293026015162468e-03 6.220376235432922840e-04 1.088915100097656250e+02
9.000000000000000000e+03 3.929433412849903107e-03 1.451742835342884064e-03 9.991021728515625000e+01 3.929433412849903107e-03 1.451742835342884064e-03 9.991021728515625000e+01
1.000000000000000000e+04 1.600166596472263336e-02 2.939554164186120033e-03 9.481657409667968750e+01 1.600166596472263336e-02 2.939554164186120033e-03 9.481657409667968750e+01
1.100000000000000000e+04 7.089161872863769531e-02 1.446648873388767242e-02 8.187404632568359375e+01 7.089161872863769531e-02 1.446648873388767242e-02 8.187404632568359375e+01
1.200000000000000000e+04 2.304966449737548828e-01 1.531944051384925842e-02 7.339043426513671875e+01 2.304966449737548828e-01 1.531944051384925842e-02 7.339043426513671875e+01
1.300000000000000000e+04 6.610556840896606445e-01 1.622393727302551270e-02 3.931653213500976562e+01 6.610556840896606445e-01 1.622393727302551270e-02 3.931653213500976562e+01
1.400000000000000000e+04 7.178329825401306152e-01 1.471602544188499451e-02 1.376643371582031250e+01 7.178329825401306152e-01 1.471602544188499451e-02 1.376643371582031250e+01
1.500000000000000000e+04 7.103177905082702637e-01 8.828056976199150085e-03 8.391071319580078125e+00 7.103177905082702637e-01 8.828056976199150085e-03 8.391071319580078125e+00
1.600000000000000000e+04 6.761118769645690918e-01 9.441454894840717316e-03 5.915669918060302734e+00 6.761118769645690918e-01 9.441454894840717316e-03 5.915669918060302734e+00
1.700000000000000000e+04 6.300309896469116211e-01 1.233045756816864014e-02 4.700405120849609375e+00 6.300309896469116211e-01 1.233045756816864014e-02 4.700405120849609375e+00
1.800000000000000000e+04 5.157278776168823242e-01 1.404039748013019562e-02 3.925153255462646484e+00 5.157278776168823242e-01 1.404039748013019562e-02 3.925153255462646484e+00
1.900000000000000000e+04 4.374245703220367432e-01 1.221304293721914291e-02 3.387137889862060547e+00 4.374245703220367432e-01 1.221304293721914291e-02 3.387137889862060547e+00
2.000000000000000000e+04 3.799113929271697998e-01 1.081167999655008316e-02 2.765420913696289062e+00 3.799113929271697998e-01 1.081167999655008316e-02 2.765420913696289062e+00
2.100000000000000000e+04 3.418500125408172607e-01 1.140468101948499680e-02 2.209318637847900391e+00 3.418500125408172607e-01 1.140468101948499680e-02 2.209318637847900391e+00
2.200000000000000000e+04 3.153187632560729980e-01 1.313974708318710327e-02 1.878497004508972168e+00 3.153187632560729980e-01 1.313974708318710327e-02 1.878497004508972168e+00
2.300000000000000000e+04 2.501275241374969482e-01 1.530432980507612228e-02 1.651994347572326660e+00 2.501275241374969482e-01 1.530432980507612228e-02 1.651994347572326660e+00
2.400000000000000000e+04 1.821908056735992432e-01 1.605388894677162170e-02 1.484169960021972656e+00 1.821908056735992432e-01 1.605388894677162170e-02 1.484169960021972656e+00
2.500000000000000000e+04 1.472336500883102417e-01 1.629601418972015381e-02 1.365956068038940430e+00 1.472336500883102417e-01 1.629601418972015381e-02 1.365956068038940430e+00
2.600000000000000000e+04 1.227943524718284607e-01 1.622122898697853088e-02 1.274311184883117676e+00 1.227943524718284607e-01 1.622122898697853088e-02 1.274311184883117676e+00
2.700000000000000000e+04 1.168053746223449707e-01 1.555802952498197556e-02 1.201890707015991211e+00 1.168053746223449707e-01 1.555802952498197556e-02 1.201890707015991211e+00
2.800000000000000000e+04 1.120295748114585876e-01 1.549984607845544815e-02 1.136588454246520996e+00 1.120295748114585876e-01 1.549984607845544815e-02 1.136588454246520996e+00
2.900000000000000000e+04 1.075991466641426086e-01 1.530864555388689041e-02 1.052046418190002441e+00 1.075991466641426086e-01 1.530864555388689041e-02 1.052046418190002441e+00
3.000000000000000000e+04 1.044971272349357605e-01 1.569706201553344727e-02 9.658740758895874023e-01 1.044971272349357605e-01 1.569706201553344727e-02 9.658740758895874023e-01
3.100000000000000000e+04 1.026275828480720520e-01 1.633769646286964417e-02 8.993133902549743652e-01 1.026275828480720520e-01 1.633769646286964417e-02 8.993133902549743652e-01
3.200000000000000000e+04 9.677436947822570801e-02 1.659152098000049591e-02 8.582766056060791016e-01 9.677436947822570801e-02 1.659152098000049591e-02 8.582766056060791016e-01
3.300000000000000000e+04 8.955856412649154663e-02 1.651021651923656464e-02 8.280785679817199707e-01 8.955856412649154663e-02 1.651021651923656464e-02 8.280785679817199707e-01
3.400000000000000000e+04 8.353725075721740723e-02 1.621921546757221222e-02 8.082808852195739746e-01 8.353725075721740723e-02 1.621921546757221222e-02 8.082808852195739746e-01
3.500000000000000000e+04 7.853397727012634277e-02 1.588542200624942780e-02 7.899776101112365723e-01 7.853397727012634277e-02 1.588542200624942780e-02 7.899776101112365723e-01
3.600000000000000000e+04 7.378179579973220825e-02 1.536660268902778625e-02 7.713495492935180664e-01 7.378179579973220825e-02 1.536660268902778625e-02 7.713495492935180664e-01
3.700000000000000000e+04 6.929833441972732544e-02 1.505904085934162140e-02 7.557247877120971680e-01 6.929833441972732544e-02 1.505904085934162140e-02 7.557247877120971680e-01
3.800000000000000000e+04 6.916011124849319458e-02 1.479690987616777420e-02 7.484877109527587891e-01 6.916011124849319458e-02 1.479690987616777420e-02 7.484877109527587891e-01
3.900000000000000000e+04 6.355004012584686279e-02 1.442687399685382843e-02 7.271897196769714355e-01 6.355004012584686279e-02 1.442687399685382843e-02 7.271897196769714355e-01
4.000000000000000000e+04 6.108815595507621765e-02 1.416662428528070450e-02 7.136690616607666016e-01 6.108815595507621765e-02 1.416662428528070450e-02 7.136690616607666016e-01
4.100000000000000000e+04 6.019126623868942261e-02 1.395846717059612274e-02 7.054849863052368164e-01 6.019126623868942261e-02 1.395846717059612274e-02 7.054849863052368164e-01
4.200000000000000000e+04 5.825677886605262756e-02 1.374688372015953064e-02 6.901772618293762207e-01 5.825677886605262756e-02 1.374688372015953064e-02 6.901772618293762207e-01
4.300000000000000000e+04 5.550018697977066040e-02 1.372849941253662109e-02 6.792994737625122070e-01 5.550018697977066040e-02 1.372849941253662109e-02 6.792994737625122070e-01
4.400000000000000000e+04 5.665586516261100769e-02 1.350817084312438965e-02 6.692146062850952148e-01 5.665586516261100769e-02 1.350817084312438965e-02 6.692146062850952148e-01
4.500000000000000000e+04 5.546192452311515808e-02 1.361725665628910065e-02 6.570432186126708984e-01 5.546192452311515808e-02 1.361725665628910065e-02 6.570432186126708984e-01
4.600000000000000000e+04 5.418759211897850037e-02 1.351356692612171173e-02 6.474153399467468262e-01 5.418759211897850037e-02 1.351356692612171173e-02 6.474153399467468262e-01
4.700000000000000000e+04 5.424369126558303833e-02 1.351883821189403534e-02 6.365168690681457520e-01 5.424369126558303833e-02 1.351883821189403534e-02 6.365168690681457520e-01
4.800000000000000000e+04 5.087240785360336304e-02 1.337256748229265213e-02 6.263225674629211426e-01 5.087240785360336304e-02 1.337256748229265213e-02 6.263225674629211426e-01
4.900000000000000000e+04 5.054119974374771118e-02 1.333158090710639954e-02 6.185371875762939453e-01 5.054119974374771118e-02 1.333158090710639954e-02 6.185371875762939453e-01
5.000000000000000000e+04 4.947416111826896667e-02 1.333172153681516647e-02 6.093273162841796875e-01 4.947416111826896667e-02 1.333172153681516647e-02 6.093273162841796875e-01
5.100000000000000000e+04 4.932251945137977600e-02 1.332539599388837814e-02 5.952757596969604492e-01 4.932251945137977600e-02 1.332539599388837814e-02 5.952757596969604492e-01
5.200000000000000000e+04 5.014161765575408936e-02 1.331639476120471954e-02 5.869113206863403320e-01 5.014161765575408936e-02 1.331639476120471954e-02 5.869113206863403320e-01
5.300000000000000000e+04 4.877469316124916077e-02 1.332732848823070526e-02 5.751264691352844238e-01 4.877469316124916077e-02 1.332732848823070526e-02 5.751264691352844238e-01
5.400000000000000000e+04 5.096441134810447693e-02 1.347717083990573883e-02 5.650378465652465820e-01 5.096441134810447693e-02 1.347717083990573883e-02 5.650378465652465820e-01
5.500000000000000000e+04 5.055147409439086914e-02 1.337200589478015900e-02 5.536070466041564941e-01 5.055147409439086914e-02 1.337200589478015900e-02 5.536070466041564941e-01
5.600000000000000000e+04 4.941619932651519775e-02 1.349628530442714691e-02 5.429579615592956543e-01 4.941619932651519775e-02 1.349628530442714691e-02 5.429579615592956543e-01
5.700000000000000000e+04 4.969561845064163208e-02 1.355460286140441895e-02 5.352228879928588867e-01 4.969561845064163208e-02 1.355460286140441895e-02 5.352228879928588867e-01
5.800000000000000000e+04 5.095690861344337463e-02 1.356672029942274094e-02 5.262292623519897461e-01 5.095690861344337463e-02 1.356672029942274094e-02 5.262292623519897461e-01
5.900000000000000000e+04 5.001416429877281189e-02 1.372772920876741409e-02 5.181052684783935547e-01 5.001416429877281189e-02 1.372772920876741409e-02 5.181052684783935547e-01
6.000000000000000000e+04 5.003595724701881409e-02 1.384102087467908859e-02 5.124952793121337891e-01 5.003595724701881409e-02 1.384102087467908859e-02 5.124952793121337891e-01
6.100000000000000000e+04 5.022148787975311279e-02 1.382325030863285065e-02 5.042098760604858398e-01 5.022148787975311279e-02 1.382325030863285065e-02 5.042098760604858398e-01
6.200000000000000000e+04 4.991780593991279602e-02 1.388726197183132172e-02 4.975732862949371338e-01 4.991780593991279602e-02 1.388726197183132172e-02 4.975732862949371338e-01
6.300000000000000000e+04 4.993489384651184082e-02 1.387470494955778122e-02 4.926971197128295898e-01 4.993489384651184082e-02 1.387470494955778122e-02 4.926971197128295898e-01
6.400000000000000000e+04 4.922593384981155396e-02 1.392008736729621887e-02 4.866898655891418457e-01 4.922593384981155396e-02 1.392008736729621887e-02 4.866898655891418457e-01
6.500000000000000000e+04 5.059423670172691345e-02 1.384962629526853561e-02 4.816820323467254639e-01 5.059423670172691345e-02 1.384962629526853561e-02 4.816820323467254639e-01
6.600000000000000000e+04 4.865011945366859436e-02 1.398827508091926575e-02 4.769879281520843506e-01 4.865011945366859436e-02 1.398827508091926575e-02 4.769879281520843506e-01
6.700000000000000000e+04 4.997735098004341125e-02 1.392187178134918213e-02 4.737910926342010498e-01 4.997735098004341125e-02 1.392187178134918213e-02 4.737910926342010498e-01
6.800000000000000000e+04 4.789868369698524475e-02 1.389069296419620514e-02 4.682391881942749023e-01 4.789868369698524475e-02 1.389069296419620514e-02 4.682391881942749023e-01
6.900000000000000000e+04 4.978299513459205627e-02 1.385577209293842316e-02 4.643505513668060303e-01 4.978299513459205627e-02 1.385577209293842316e-02 4.643505513668060303e-01
7.000000000000000000e+04 4.791666194796562195e-02 1.392267271876335144e-02 4.696246683597564697e-01 4.791666194796562195e-02 1.392267271876335144e-02 4.696246683597564697e-01
7.100000000000000000e+04 4.580836743116378784e-02 1.381172705441713333e-02 4.556435644626617432e-01 4.580836743116378784e-02 1.381172705441713333e-02 4.556435644626617432e-01
7.200000000000000000e+04 4.665339738130569458e-02 1.379669643938541412e-02 4.530203640460968018e-01 4.665339738130569458e-02 1.379669643938541412e-02 4.530203640460968018e-01
7.300000000000000000e+04 4.512534663081169128e-02 1.378901861608028412e-02 4.501651525497436523e-01 4.512534663081169128e-02 1.378901861608028412e-02 4.501651525497436523e-01
7.400000000000000000e+04 4.511313140392303467e-02 1.383836381137371063e-02 4.471474885940551758e-01 4.511313140392303467e-02 1.383836381137371063e-02 4.471474885940551758e-01
7.500000000000000000e+04 4.688792675733566284e-02 1.381993573158979416e-02 4.444314539432525635e-01 4.688792675733566284e-02 1.381993573158979416e-02 4.444314539432525635e-01
7.600000000000000000e+04 4.610839113593101501e-02 1.382093410938978195e-02 4.379125833511352539e-01 4.610839113593101501e-02 1.382093410938978195e-02 4.379125833511352539e-01
7.700000000000000000e+04 4.416373744606971741e-02 1.373764779418706894e-02 4.364725351333618164e-01 4.416373744606971741e-02 1.373764779418706894e-02 4.364725351333618164e-01
7.800000000000000000e+04 4.408616945147514343e-02 1.365298312157392502e-02 4.340759515762329102e-01 4.408616945147514343e-02 1.365298312157392502e-02 4.340759515762329102e-01
7.900000000000000000e+04 4.377401620149612427e-02 1.369827147573232651e-02 4.279220104217529297e-01 4.377401620149612427e-02 1.369827147573232651e-02 4.279220104217529297e-01
8.000000000000000000e+04 4.424672573804855347e-02 1.350261829793453217e-02 4.253456890583038330e-01 4.424672573804855347e-02 1.350261829793453217e-02 4.253456890583038330e-01
8.100000000000000000e+04 4.237819090485572815e-02 1.359398849308490753e-02 4.197371602058410645e-01 4.237819090485572815e-02 1.359398849308490753e-02 4.197371602058410645e-01
8.200000000000000000e+04 4.229943454265594482e-02 1.358202379196882248e-02 4.163145422935485840e-01 4.229943454265594482e-02 1.358202379196882248e-02 4.163145422935485840e-01
8.300000000000000000e+04 4.274402931332588196e-02 1.353775616735219955e-02 4.121400415897369385e-01 4.274402931332588196e-02 1.353775616735219955e-02 4.121400415897369385e-01
8.400000000000000000e+04 4.166808351874351501e-02 1.352036651223897934e-02 4.107806682586669922e-01 4.166808351874351501e-02 1.352036651223897934e-02 4.107806682586669922e-01
8.500000000000000000e+04 4.202918708324432373e-02 1.347705069929361343e-02 4.055220186710357666e-01 4.202918708324432373e-02 1.347705069929361343e-02 4.055220186710357666e-01
8.600000000000000000e+04 4.274700582027435303e-02 1.347171049565076828e-02 4.043914973735809326e-01 4.274700582027435303e-02 1.347171049565076828e-02 4.043914973735809326e-01
8.700000000000000000e+04 4.151020199060440063e-02 1.344763766974210739e-02 3.971517086029052734e-01 4.151020199060440063e-02 1.344763766974210739e-02 3.971517086029052734e-01
8.800000000000000000e+04 4.263416677713394165e-02 1.342468243092298508e-02 3.930491507053375244e-01 4.263416677713394165e-02 1.342468243092298508e-02 3.930491507053375244e-01
8.900000000000000000e+04 4.194869101047515869e-02 1.345586311072111130e-02 3.887717723846435547e-01 4.194869101047515869e-02 1.345586311072111130e-02 3.887717723846435547e-01
9.000000000000000000e+04 4.380943626165390015e-02 1.331876870244741440e-02 3.845852017402648926e-01 4.380943626165390015e-02 1.331876870244741440e-02 3.845852017402648926e-01
9.100000000000000000e+04 4.226128384470939636e-02 1.340459566563367844e-02 3.852113187313079834e-01 4.226128384470939636e-02 1.340459566563367844e-02 3.852113187313079834e-01
9.200000000000000000e+04 4.267384856939315796e-02 1.341537758708000183e-02 3.758778572082519531e-01 4.267384856939315796e-02 1.341537758708000183e-02 3.758778572082519531e-01
9.300000000000000000e+04 4.248103871941566467e-02 1.339749433100223541e-02 3.730798959732055664e-01 4.248103871941566467e-02 1.339749433100223541e-02 3.730798959732055664e-01
9.400000000000000000e+04 4.121872782707214355e-02 1.336947735399007797e-02 3.671085238456726074e-01 4.121872782707214355e-02 1.336947735399007797e-02 3.671085238456726074e-01
9.500000000000000000e+04 4.174403101205825806e-02 1.339257787913084030e-02 3.644902110099792480e-01 4.174403101205825806e-02 1.339257787913084030e-02 3.644902110099792480e-01
9.600000000000000000e+04 4.321651160717010498e-02 1.326669286936521530e-02 3.604191541671752930e-01 4.321651160717010498e-02 1.326669286936521530e-02 3.604191541671752930e-01
9.700000000000000000e+04 4.126503691077232361e-02 1.336254272609949112e-02 3.571861088275909424e-01 4.126503691077232361e-02 1.336254272609949112e-02 3.571861088275909424e-01
9.800000000000000000e+04 4.229242354631423950e-02 1.334489509463310242e-02 3.545729815959930420e-01 4.229242354631423950e-02 1.334489509463310242e-02 3.545729815959930420e-01
9.900000000000000000e+04 4.246357455849647522e-02 1.333230175077915192e-02 3.585167229175567627e-01 4.246357455849647522e-02 1.333230175077915192e-02 3.585167229175567627e-01
1.000000000000000000e+05 4.310198500752449036e-02 1.337157003581523895e-02 3.502240180969238281e-01 4.310198500752449036e-02 1.337157003581523895e-02 3.502240180969238281e-01
1.010000000000000000e+05 4.095368832349777222e-02 1.327184028923511505e-02 3.458113968372344971e-01 4.095368832349777222e-02 1.327184028923511505e-02 3.458113968372344971e-01
1.020000000000000000e+05 4.286118969321250916e-02 1.328358054161071777e-02 3.447425067424774170e-01 4.286118969321250916e-02 1.328358054161071777e-02 3.447425067424774170e-01
1.030000000000000000e+05 4.156342521309852600e-02 1.319947559386491776e-02 3.427096605300903320e-01 4.156342521309852600e-02 1.319947559386491776e-02 3.427096605300903320e-01
1.040000000000000000e+05 4.037421569228172302e-02 1.327928248792886734e-02 3.415261507034301758e-01 4.037421569228172302e-02 1.327928248792886734e-02 3.415261507034301758e-01
1.050000000000000000e+05 4.041448608040809631e-02 1.326536573469638824e-02 3.396810889244079590e-01 4.041448608040809631e-02 1.326536573469638824e-02 3.396810889244079590e-01
1.060000000000000000e+05 4.082899168133735657e-02 1.323345024138689041e-02 3.395584225654602051e-01 4.082899168133735657e-02 1.323345024138689041e-02 3.395584225654602051e-01
1.070000000000000000e+05 4.285919666290283203e-02 1.323113869875669479e-02 3.368195295333862305e-01 4.285919666290283203e-02 1.323113869875669479e-02 3.368195295333862305e-01
1.080000000000000000e+05 4.038667678833007812e-02 1.319139730185270309e-02 3.374568521976470947e-01 4.038667678833007812e-02 1.319139730185270309e-02 3.374568521976470947e-01
1.090000000000000000e+05 3.997028991580009460e-02 1.309426128864288330e-02 3.353185057640075684e-01 3.997028991580009460e-02 1.309426128864288330e-02 3.353185057640075684e-01
1.100000000000000000e+05 3.823770582675933838e-02 1.315808668732643127e-02 3.331688344478607178e-01 3.823770582675933838e-02 1.315808668732643127e-02 3.331688344478607178e-01
1.110000000000000000e+05 3.874133154749870300e-02 1.311853900551795959e-02 3.358532786369323730e-01 3.874133154749870300e-02 1.311853900551795959e-02 3.358532786369323730e-01
1.120000000000000000e+05 3.836084902286529541e-02 1.313245482742786407e-02 3.295950889587402344e-01 3.836084902286529541e-02 1.313245482742786407e-02 3.295950889587402344e-01
1.130000000000000000e+05 3.896681964397430420e-02 1.305757928639650345e-02 3.285366892814636230e-01 3.896681964397430420e-02 1.305757928639650345e-02 3.285366892814636230e-01
1.140000000000000000e+05 3.749391809105873108e-02 1.310094632208347321e-02 3.262503445148468018e-01 3.749391809105873108e-02 1.310094632208347321e-02 3.262503445148468018e-01
1.150000000000000000e+05 3.794592246413230896e-02 1.311807427555322647e-02 3.288846909999847412e-01 3.794592246413230896e-02 1.311807427555322647e-02 3.288846909999847412e-01
1.160000000000000000e+05 3.721842542290687561e-02 1.310055702924728394e-02 3.246763050556182861e-01 3.721842542290687561e-02 1.310055702924728394e-02 3.246763050556182861e-01
1.170000000000000000e+05 3.766465559601783752e-02 1.300613116472959518e-02 3.260142505168914795e-01 3.766465559601783752e-02 1.300613116472959518e-02 3.260142505168914795e-01
1.180000000000000000e+05 3.871013969182968140e-02 1.304847095161676407e-02 3.274804353713989258e-01 3.871013969182968140e-02 1.304847095161676407e-02 3.274804353713989258e-01
1.190000000000000000e+05 3.871718794107437134e-02 1.301833335310220718e-02 3.227112591266632080e-01 3.871718794107437134e-02 1.301833335310220718e-02 3.227112591266632080e-01
1.200000000000000000e+05 3.610118478536605835e-02 1.301414240151643753e-02 3.220837712287902832e-01 3.610118478536605835e-02 1.301414240151643753e-02 3.220837712287902832e-01
1.210000000000000000e+05 3.555529937148094177e-02 1.301862765103578568e-02 3.211261332035064697e-01 3.555529937148094177e-02 1.301862765103578568e-02 3.211261332035064697e-01
1.220000000000000000e+05 3.484655544161796570e-02 1.304877735674381256e-02 3.188571035861968994e-01 3.484655544161796570e-02 1.304877735674381256e-02 3.188571035861968994e-01
1.230000000000000000e+05 3.892263397574424744e-02 1.309382356703281403e-02 3.169297873973846436e-01 3.892263397574424744e-02 1.309382356703281403e-02 3.169297873973846436e-01
1.240000000000000000e+05 3.507701307535171509e-02 1.302586123347282410e-02 3.170745074748992920e-01 3.507701307535171509e-02 1.302586123347282410e-02 3.170745074748992920e-01
1.250000000000000000e+05 3.440977632999420166e-02 1.299343723803758621e-02 3.178249001502990723e-01 3.440977632999420166e-02 1.299343723803758621e-02 3.178249001502990723e-01
1.260000000000000000e+05 3.666958957910537720e-02 1.302941050380468369e-02 3.137731552124023438e-01 3.666958957910537720e-02 1.302941050380468369e-02 3.137731552124023438e-01
1.270000000000000000e+05 3.513194620609283447e-02 1.298438385128974915e-02 3.129294812679290771e-01 3.513194620609283447e-02 1.298438385128974915e-02 3.129294812679290771e-01
1.280000000000000000e+05 3.420763090252876282e-02 1.298933289945125580e-02 3.153916895389556885e-01 3.420763090252876282e-02 1.298933289945125580e-02 3.153916895389556885e-01
1.290000000000000000e+05 3.435021266341209412e-02 1.304514799267053604e-02 3.124750554561614990e-01 3.435021266341209412e-02 1.304514799267053604e-02 3.124750554561614990e-01
1.300000000000000000e+05 3.397371247410774231e-02 1.297703944146633148e-02 3.108722269535064697e-01 3.397371247410774231e-02 1.297703944146633148e-02 3.108722269535064697e-01
1.310000000000000000e+05 3.699400275945663452e-02 1.299321651458740234e-02 3.097038567066192627e-01 3.699400275945663452e-02 1.299321651458740234e-02 3.097038567066192627e-01
1.320000000000000000e+05 3.518680110573768616e-02 1.304160803556442261e-02 3.077377974987030029e-01 3.518680110573768616e-02 1.304160803556442261e-02 3.077377974987030029e-01
1.330000000000000000e+05 3.452740609645843506e-02 1.302969455718994141e-02 3.099237680435180664e-01 3.452740609645843506e-02 1.302969455718994141e-02 3.099237680435180664e-01
1.340000000000000000e+05 3.321526944637298584e-02 1.302642188966274261e-02 3.054988384246826172e-01 3.321526944637298584e-02 1.302642188966274261e-02 3.054988384246826172e-01
1.350000000000000000e+05 3.321020305156707764e-02 1.303183659911155701e-02 3.074272871017456055e-01 3.321020305156707764e-02 1.303183659911155701e-02 3.074272871017456055e-01
1.360000000000000000e+05 3.258451446890830994e-02 1.300860755145549774e-02 3.056446611881256104e-01 3.258451446890830994e-02 1.300860755145549774e-02 3.056446611881256104e-01
1.370000000000000000e+05 3.579076007008552551e-02 1.300980336964130402e-02 3.050260841846466064e-01 3.579076007008552551e-02 1.300980336964130402e-02 3.050260841846466064e-01
1.380000000000000000e+05 3.251758217811584473e-02 1.297238003462553024e-02 3.040065765380859375e-01 3.251758217811584473e-02 1.297238003462553024e-02 3.040065765380859375e-01
1.390000000000000000e+05 3.411049768328666687e-02 1.294587925076484680e-02 3.068061470985412598e-01 3.411049768328666687e-02 1.294587925076484680e-02 3.068061470985412598e-01
1.400000000000000000e+05 3.188730403780937195e-02 1.302165724337100983e-02 3.035234212875366211e-01 3.188730403780937195e-02 1.302165724337100983e-02 3.035234212875366211e-01
1.410000000000000000e+05 3.222295641899108887e-02 1.303923688828945160e-02 3.016004562377929688e-01 3.222295641899108887e-02 1.303923688828945160e-02 3.016004562377929688e-01
1.420000000000000000e+05 3.151899948716163635e-02 1.299337856471538544e-02 3.006168305873870850e-01 3.151899948716163635e-02 1.299337856471538544e-02 3.006168305873870850e-01
1.430000000000000000e+05 3.256296738982200623e-02 1.299574784934520721e-02 3.036933243274688721e-01 3.256296738982200623e-02 1.299574784934520721e-02 3.036933243274688721e-01
1.440000000000000000e+05 3.204335272312164307e-02 1.303008291870355606e-02 2.992726266384124756e-01 3.204335272312164307e-02 1.303008291870355606e-02 2.992726266384124756e-01
1.450000000000000000e+05 3.236251324415206909e-02 1.294622477144002914e-02 3.015884757041931152e-01 3.236251324415206909e-02 1.294622477144002914e-02 3.015884757041931152e-01
1.460000000000000000e+05 3.336758911609649658e-02 1.298414543271064758e-02 2.981269359588623047e-01 3.336758911609649658e-02 1.298414543271064758e-02 2.981269359588623047e-01
1.470000000000000000e+05 3.225911781191825867e-02 1.298012305051088333e-02 2.967392206192016602e-01 3.225911781191825867e-02 1.298012305051088333e-02 2.967392206192016602e-01
1.480000000000000000e+05 3.150704503059387207e-02 1.300958544015884399e-02 2.992464900016784668e-01 3.150704503059387207e-02 1.300958544015884399e-02 2.992464900016784668e-01
1.490000000000000000e+05 3.124971687793731689e-02 1.305953413248062134e-02 2.947939038276672363e-01 3.124971687793731689e-02 1.305953413248062134e-02 2.947939038276672363e-01
1.500000000000000000e+05 3.122570738196372986e-02 1.303665619343519211e-02 2.958065271377563477e-01 3.122570738196372986e-02 1.303665619343519211e-02 2.958065271377563477e-01
1.510000000000000000e+05 3.209398314356803894e-02 1.295530423521995544e-02 2.964169383049011230e-01 3.209398314356803894e-02 1.295530423521995544e-02 2.964169383049011230e-01
1.520000000000000000e+05 3.137505054473876953e-02 1.299785822629928589e-02 2.925801277160644531e-01 3.137505054473876953e-02 1.299785822629928589e-02 2.925801277160644531e-01
1.530000000000000000e+05 3.166080638766288757e-02 1.303720101714134216e-02 2.922830283641815186e-01 3.166080638766288757e-02 1.303720101714134216e-02 2.922830283641815186e-01
1.540000000000000000e+05 3.394260257482528687e-02 1.304353401064872742e-02 2.930488586425781250e-01 3.394260257482528687e-02 1.304353401064872742e-02 2.930488586425781250e-01
1.550000000000000000e+05 3.228453546762466431e-02 1.297019328922033310e-02 2.918130457401275635e-01 3.228453546762466431e-02 1.297019328922033310e-02 2.918130457401275635e-01
1.560000000000000000e+05 3.369553759694099426e-02 1.300661824643611908e-02 2.915512025356292725e-01 3.369553759694099426e-02 1.300661824643611908e-02 2.915512025356292725e-01
1.570000000000000000e+05 3.165629506111145020e-02 1.309895515441894531e-02 2.899662852287292480e-01 3.165629506111145020e-02 1.309895515441894531e-02 2.899662852287292480e-01
1.580000000000000000e+05 3.078703023493289948e-02 1.304233632981777191e-02 2.937203347682952881e-01 3.078703023493289948e-02 1.304233632981777191e-02 2.937203347682952881e-01
1.590000000000000000e+05 3.431453555822372437e-02 1.296895369887351990e-02 2.906516790390014648e-01 3.431453555822372437e-02 1.296895369887351990e-02 2.906516790390014648e-01
1.600000000000000000e+05 4.201430082321166992e-02 1.297657284885644913e-02 2.918380200862884521e-01 4.201430082321166992e-02 1.297657284885644913e-02 2.918380200862884521e-01
1.610000000000000000e+05 3.135836496949195862e-02 1.306510437279939651e-02 2.879222035408020020e-01 3.135836496949195862e-02 1.306510437279939651e-02 2.879222035408020020e-01
1.620000000000000000e+05 3.049058280885219574e-02 1.306141912937164307e-02 2.882038652896881104e-01 3.049058280885219574e-02 1.306141912937164307e-02 2.882038652896881104e-01
1.630000000000000000e+05 3.147421777248382568e-02 1.303944177925586700e-02 2.857884466648101807e-01 3.147421777248382568e-02 1.303944177925586700e-02 2.857884466648101807e-01
1.640000000000000000e+05 3.123402595520019531e-02 1.310011465102434158e-02 2.855118513107299805e-01 3.123402595520019531e-02 1.310011465102434158e-02 2.855118513107299805e-01
1.650000000000000000e+05 3.126657754182815552e-02 1.311608869582414627e-02 2.858361601829528809e-01 3.126657754182815552e-02 1.311608869582414627e-02 2.858361601829528809e-01
1.660000000000000000e+05 3.195122256875038147e-02 1.303984597325325012e-02 2.847112119197845459e-01 3.195122256875038147e-02 1.303984597325325012e-02 2.847112119197845459e-01
1.670000000000000000e+05 2.976141311228275299e-02 1.305650267750024796e-02 2.842462062835693359e-01 2.976141311228275299e-02 1.305650267750024796e-02 2.842462062835693359e-01
1.680000000000000000e+05 3.132954239845275879e-02 1.303830370306968689e-02 2.853396236896514893e-01 3.132954239845275879e-02 1.303830370306968689e-02 2.853396236896514893e-01
1.690000000000000000e+05 3.074334375560283661e-02 1.309498213231563568e-02 2.869561910629272461e-01 3.074334375560283661e-02 1.309498213231563568e-02 2.869561910629272461e-01
1.700000000000000000e+05 3.322641178965568542e-02 1.317144650965929031e-02 2.819366753101348877e-01 3.322641178965568542e-02 1.317144650965929031e-02 2.819366753101348877e-01
1.710000000000000000e+05 3.059265948832035065e-02 1.306909136474132538e-02 2.807726263999938965e-01 3.059265948832035065e-02 1.306909136474132538e-02 2.807726263999938965e-01
1.720000000000000000e+05 3.480805084109306335e-02 1.304636616259813309e-02 2.810598611831665039e-01 3.480805084109306335e-02 1.304636616259813309e-02 2.810598611831665039e-01
1.730000000000000000e+05 3.297502920031547546e-02 1.301649957895278931e-02 2.788093090057373047e-01 3.297502920031547546e-02 1.301649957895278931e-02 2.788093090057373047e-01
1.740000000000000000e+05 3.440514951944351196e-02 1.300794631242752075e-02 2.780998051166534424e-01 3.440514951944351196e-02 1.300794631242752075e-02 2.780998051166534424e-01
1.750000000000000000e+05 3.737089410424232483e-02 1.302421744912862778e-02 2.810661196708679199e-01 3.737089410424232483e-02 1.302421744912862778e-02 2.810661196708679199e-01
1.760000000000000000e+05 3.168949857354164124e-02 1.306999847292900085e-02 2.807053923606872559e-01 3.168949857354164124e-02 1.306999847292900085e-02 2.807053923606872559e-01
1.770000000000000000e+05 3.061978891491889954e-02 1.311036013066768646e-02 2.774867117404937744e-01 3.061978891491889954e-02 1.311036013066768646e-02 2.774867117404937744e-01
1.780000000000000000e+05 2.950141765177249908e-02 1.312560774385929108e-02 2.749061584472656250e-01 2.950141765177249908e-02 1.312560774385929108e-02 2.749061584472656250e-01
1.790000000000000000e+05 3.021023422479629517e-02 1.309227012097835541e-02 2.744787037372589111e-01 3.021023422479629517e-02 1.309227012097835541e-02 2.744787037372589111e-01
1.800000000000000000e+05 3.154768422245979309e-02 1.315788645297288895e-02 2.743616104125976562e-01 3.154768422245979309e-02 1.315788645297288895e-02 2.743616104125976562e-01
1.810000000000000000e+05 2.998154424130916595e-02 1.313333865255117416e-02 2.744929492473602295e-01 2.998154424130916595e-02 1.313333865255117416e-02 2.744929492473602295e-01
1.820000000000000000e+05 3.095954284071922302e-02 1.305946800857782364e-02 2.759728431701660156e-01 3.095954284071922302e-02 1.305946800857782364e-02 2.759728431701660156e-01
1.830000000000000000e+05 3.307580947875976562e-02 1.306142192333936691e-02 2.748495042324066162e-01 3.307580947875976562e-02 1.306142192333936691e-02 2.748495042324066162e-01
1.840000000000000000e+05 3.154599666595458984e-02 1.307723578065633774e-02 2.736758291721343994e-01 3.154599666595458984e-02 1.307723578065633774e-02 2.736758291721343994e-01
1.850000000000000000e+05 3.244251012802124023e-02 1.308227516710758209e-02 2.797614336013793945e-01 3.244251012802124023e-02 1.308227516710758209e-02 2.797614336013793945e-01
1.860000000000000000e+05 3.218328207731246948e-02 1.308779418468475342e-02 2.701705098152160645e-01 3.218328207731246948e-02 1.308779418468475342e-02 2.701705098152160645e-01
1.870000000000000000e+05 3.082264028489589691e-02 1.307660806924104691e-02 2.700708210468292236e-01 3.082264028489589691e-02 1.307660806924104691e-02 2.700708210468292236e-01
1.880000000000000000e+05 3.287899866700172424e-02 1.320979837328195572e-02 2.700231969356536865e-01 3.287899866700172424e-02 1.320979837328195572e-02 2.700231969356536865e-01
1.890000000000000000e+05 3.183071687817573547e-02 1.310268323868513107e-02 2.700258493423461914e-01 3.183071687817573547e-02 1.310268323868513107e-02 2.700258493423461914e-01
1.900000000000000000e+05 3.003567643463611603e-02 1.310593262314796448e-02 2.704001367092132568e-01 3.003567643463611603e-02 1.310593262314796448e-02 2.704001367092132568e-01
1.910000000000000000e+05 2.950558252632617950e-02 1.311298459768295288e-02 2.678079903125762939e-01 2.950558252632617950e-02 1.311298459768295288e-02 2.678079903125762939e-01
1.920000000000000000e+05 3.152385726571083069e-02 1.307358499616384506e-02 2.715162634849548340e-01 3.152385726571083069e-02 1.307358499616384506e-02 2.715162634849548340e-01
1.930000000000000000e+05 3.155931830406188965e-02 1.313340850174427032e-02 2.694969475269317627e-01 3.155931830406188965e-02 1.313340850174427032e-02 2.694969475269317627e-01
1.940000000000000000e+05 3.200527653098106384e-02 1.315422262996435165e-02 2.688763439655303955e-01 3.200527653098106384e-02 1.315422262996435165e-02 2.688763439655303955e-01
1.950000000000000000e+05 3.355614468455314636e-02 1.307111699134111404e-02 2.695946395397186279e-01 3.355614468455314636e-02 1.307111699134111404e-02 2.695946395397186279e-01
1.960000000000000000e+05 3.191848099231719971e-02 1.321767456829547882e-02 2.643935382366180420e-01 3.191848099231719971e-02 1.321767456829547882e-02 2.643935382366180420e-01
1.970000000000000000e+05 3.005891293287277222e-02 1.313709467649459839e-02 2.638866603374481201e-01 3.005891293287277222e-02 1.313709467649459839e-02 2.638866603374481201e-01
1.980000000000000000e+05 2.955499477684497833e-02 1.311573665589094162e-02 2.641003727912902832e-01 2.955499477684497833e-02 1.311573665589094162e-02 2.641003727912902832e-01
1.990000000000000000e+05 3.028185479342937469e-02 1.316795684397220612e-02 2.653990089893341064e-01 3.028185479342937469e-02 1.316795684397220612e-02 2.653990089893341064e-01
2.000000000000000000e+05 3.265214711427688599e-02 1.315099187195301056e-02 2.641580104827880859e-01 3.265214711427688599e-02 1.315099187195301056e-02 2.641580104827880859e-01
2.010000000000000000e+05 2.976858429610729218e-02 1.317053195089101791e-02 2.617400288581848145e-01 2.976858429610729218e-02 1.317053195089101791e-02 2.617400288581848145e-01
2.020000000000000000e+05 3.040832839906215668e-02 1.312300935387611389e-02 2.624851465225219727e-01 3.040832839906215668e-02 1.312300935387611389e-02 2.624851465225219727e-01
2.030000000000000000e+05 3.131179884076118469e-02 1.315718702971935272e-02 2.636976540088653564e-01 3.131179884076118469e-02 1.315718702971935272e-02 2.636976540088653564e-01
2.040000000000000000e+05 3.841225430369377136e-02 1.304636057466268539e-02 2.729230523109436035e-01 3.841225430369377136e-02 1.304636057466268539e-02 2.729230523109436035e-01
2.050000000000000000e+05 3.111250139772891998e-02 1.317393127828836441e-02 2.654665708541870117e-01 3.111250139772891998e-02 1.317393127828836441e-02 2.654665708541870117e-01
2.060000000000000000e+05 3.462653979659080505e-02 1.325383596122264862e-02 2.592644989490509033e-01 3.462653979659080505e-02 1.325383596122264862e-02 2.592644989490509033e-01
2.070000000000000000e+05 3.279999271035194397e-02 1.321331504732370377e-02 2.676238417625427246e-01 3.279999271035194397e-02 1.321331504732370377e-02 2.676238417625427246e-01
2.080000000000000000e+05 2.981350570917129517e-02 1.317922398447990417e-02 2.600141465663909912e-01 2.981350570917129517e-02 1.317922398447990417e-02 2.600141465663909912e-01
2.090000000000000000e+05 3.261882066726684570e-02 1.313489954918622971e-02 2.601886093616485596e-01 3.261882066726684570e-02 1.313489954918622971e-02 2.601886093616485596e-01
2.100000000000000000e+05 2.955629490315914154e-02 1.323907170444726944e-02 2.582437694072723389e-01 2.955629490315914154e-02 1.323907170444726944e-02 2.582437694072723389e-01
2.110000000000000000e+05 2.974142506718635559e-02 1.321687269955873489e-02 2.569605112075805664e-01 2.974142506718635559e-02 1.321687269955873489e-02 2.569605112075805664e-01
2.120000000000000000e+05 3.306086733937263489e-02 1.310307532548904419e-02 2.573998868465423584e-01 3.306086733937263489e-02 1.310307532548904419e-02 2.573998868465423584e-01
2.130000000000000000e+05 3.007112070918083191e-02 1.321260258555412292e-02 2.553718984127044678e-01 3.007112070918083191e-02 1.321260258555412292e-02 2.553718984127044678e-01
2.140000000000000000e+05 3.059880062937736511e-02 1.334778685122728348e-02 2.550843358039855957e-01 3.059880062937736511e-02 1.334778685122728348e-02 2.550843358039855957e-01
2.150000000000000000e+05 2.896216884255409241e-02 1.323388982564210892e-02 2.540987133979797363e-01 2.896216884255409241e-02 1.323388982564210892e-02 2.540987133979797363e-01
2.160000000000000000e+05 3.002767451107501984e-02 1.325552165508270264e-02 2.571362257003784180e-01 3.002767451107501984e-02 1.325552165508270264e-02 2.571362257003784180e-01
2.170000000000000000e+05 2.966501004993915558e-02 1.330398954451084137e-02 2.569800615310668945e-01 2.966501004993915558e-02 1.330398954451084137e-02 2.569800615310668945e-01
2.180000000000000000e+05 3.001403249800205231e-02 1.324306800961494446e-02 2.547060251235961914e-01 3.001403249800205231e-02 1.324306800961494446e-02 2.547060251235961914e-01
2.190000000000000000e+05 3.131142631173133850e-02 1.323097757995128632e-02 2.523628473281860352e-01 3.131142631173133850e-02 1.323097757995128632e-02 2.523628473281860352e-01
2.200000000000000000e+05 2.961146458983421326e-02 1.333929970860481262e-02 2.525027692317962646e-01 2.961146458983421326e-02 1.333929970860481262e-02 2.525027692317962646e-01
2.210000000000000000e+05 2.918522618710994720e-02 1.331277005374431610e-02 2.511647641658782959e-01 2.918522618710994720e-02 1.331277005374431610e-02 2.511647641658782959e-01
2.220000000000000000e+05 3.242442756891250610e-02 1.331377588212490082e-02 2.577145695686340332e-01 3.242442756891250610e-02 1.331377588212490082e-02 2.577145695686340332e-01
2.230000000000000000e+05 3.098954260349273682e-02 1.330365519970655441e-02 2.552871704101562500e-01 3.098954260349273682e-02 1.330365519970655441e-02 2.552871704101562500e-01
2.240000000000000000e+05 2.941163256764411926e-02 1.333783846348524094e-02 2.513600885868072510e-01 2.941163256764411926e-02 1.333783846348524094e-02 2.513600885868072510e-01
2.250000000000000000e+05 3.007557615637779236e-02 1.333817280828952789e-02 2.526898086071014404e-01 3.007557615637779236e-02 1.333817280828952789e-02 2.526898086071014404e-01
2.260000000000000000e+05 3.205957636237144470e-02 1.346298959106206894e-02 2.500554919242858887e-01 3.205957636237144470e-02 1.346298959106206894e-02 2.500554919242858887e-01
2.270000000000000000e+05 2.942810952663421631e-02 1.335583906620740891e-02 2.504283189773559570e-01 2.942810952663421631e-02 1.335583906620740891e-02 2.504283189773559570e-01
2.280000000000000000e+05 3.063690476119518280e-02 1.337671652436256409e-02 2.518531084060668945e-01 3.063690476119518280e-02 1.337671652436256409e-02 2.518531084060668945e-01
2.290000000000000000e+05 3.145921230316162109e-02 1.347564999014139175e-02 2.492803782224655151e-01 3.145921230316162109e-02 1.347564999014139175e-02 2.492803782224655151e-01
2.300000000000000000e+05 2.892066538333892822e-02 1.341775245964527130e-02 2.463713735342025757e-01 2.892066538333892822e-02 1.341775245964527130e-02 2.463713735342025757e-01
2.310000000000000000e+05 3.193033114075660706e-02 1.342847943305969238e-02 2.476251870393753052e-01 3.193033114075660706e-02 1.342847943305969238e-02 2.476251870393753052e-01
2.320000000000000000e+05 3.022801876068115234e-02 1.338613126426935196e-02 2.474940121173858643e-01 3.022801876068115234e-02 1.338613126426935196e-02 2.474940121173858643e-01
2.330000000000000000e+05 2.990623190999031067e-02 1.340761873871088028e-02 2.476552724838256836e-01 2.990623190999031067e-02 1.340761873871088028e-02 2.476552724838256836e-01
2.340000000000000000e+05 3.015500493347644806e-02 1.342115830630064011e-02 2.469324767589569092e-01 3.015500493347644806e-02 1.342115830630064011e-02 2.469324767589569092e-01
2.350000000000000000e+05 3.020213730633258820e-02 1.341050770133733749e-02 2.448115795850753784e-01 3.020213730633258820e-02 1.341050770133733749e-02 2.448115795850753784e-01
2.360000000000000000e+05 2.983108907938003540e-02 1.342130824923515320e-02 2.444182932376861572e-01 2.983108907938003540e-02 1.342130824923515320e-02 2.444182932376861572e-01
2.370000000000000000e+05 2.970697358250617981e-02 1.350061129778623581e-02 2.456170469522476196e-01 2.970697358250617981e-02 1.350061129778623581e-02 2.456170469522476196e-01
2.380000000000000000e+05 3.143906593322753906e-02 1.345800515264272690e-02 2.441372722387313843e-01 3.143906593322753906e-02 1.345800515264272690e-02 2.441372722387313843e-01
2.390000000000000000e+05 2.916202135384082794e-02 1.350176986306905746e-02 2.448584139347076416e-01 2.916202135384082794e-02 1.350176986306905746e-02 2.448584139347076416e-01
2.400000000000000000e+05 3.166193515062332153e-02 1.339358091354370117e-02 2.427947074174880981e-01 3.166193515062332153e-02 1.339358091354370117e-02 2.427947074174880981e-01
2.410000000000000000e+05 2.988650836050510406e-02 1.363587286323308945e-02 2.433533072471618652e-01 2.988650836050510406e-02 1.363587286323308945e-02 2.433533072471618652e-01
2.420000000000000000e+05 2.954060211777687073e-02 1.344392914324998856e-02 2.419686913490295410e-01 2.954060211777687073e-02 1.344392914324998856e-02 2.419686913490295410e-01
2.430000000000000000e+05 2.852896787226200104e-02 1.356467977166175842e-02 2.440293282270431519e-01 2.852896787226200104e-02 1.356467977166175842e-02 2.440293282270431519e-01
2.440000000000000000e+05 2.955966256558895111e-02 1.355089619755744934e-02 2.430242449045181274e-01 2.955966256558895111e-02 1.355089619755744934e-02 2.430242449045181274e-01
2.450000000000000000e+05 3.058464638888835907e-02 1.350018568336963654e-02 2.441217005252838135e-01 3.058464638888835907e-02 1.350018568336963654e-02 2.441217005252838135e-01
2.460000000000000000e+05 2.956052869558334351e-02 1.360195036977529526e-02 2.408757358789443970e-01 2.956052869558334351e-02 1.360195036977529526e-02 2.408757358789443970e-01
2.470000000000000000e+05 2.999244816601276398e-02 1.348883938044309616e-02 2.398388683795928955e-01 2.999244816601276398e-02 1.348883938044309616e-02 2.398388683795928955e-01
2.480000000000000000e+05 3.028186038136482239e-02 1.354022510349750519e-02 2.401050627231597900e-01 3.028186038136482239e-02 1.354022510349750519e-02 2.401050627231597900e-01
2.490000000000000000e+05 2.997389063239097595e-02 1.353831961750984192e-02 2.414954304695129395e-01 2.997389063239097595e-02 1.353831961750984192e-02 2.414954304695129395e-01
2.500000000000000000e+05 3.238145634531974792e-02 1.360381487756967545e-02 2.430281192064285278e-01 3.238145634531974792e-02 1.360381487756967545e-02 2.430281192064285278e-01
2.510000000000000000e+05 3.513019531965255737e-02 1.348398532718420029e-02 2.443110793828964233e-01 3.513019531965255737e-02 1.348398532718420029e-02 2.443110793828964233e-01
2.520000000000000000e+05 3.052021749317646027e-02 1.367780379951000214e-02 2.381422519683837891e-01 3.052021749317646027e-02 1.367780379951000214e-02 2.381422519683837891e-01
2.530000000000000000e+05 3.019655682146549225e-02 1.360784936696290970e-02 2.395927459001541138e-01 3.019655682146549225e-02 1.360784936696290970e-02 2.395927459001541138e-01
2.540000000000000000e+05 3.177132830023765564e-02 1.353184320032596588e-02 2.394655495882034302e-01 3.177132830023765564e-02 1.353184320032596588e-02 2.394655495882034302e-01
2.550000000000000000e+05 3.063275478780269623e-02 1.364838611334562302e-02 2.376942187547683716e-01 3.063275478780269623e-02 1.364838611334562302e-02 2.376942187547683716e-01
2.560000000000000000e+05 3.031919524073600769e-02 1.365826372057199478e-02 2.391946315765380859e-01 3.031919524073600769e-02 1.365826372057199478e-02 2.391946315765380859e-01
2.570000000000000000e+05 2.989617921411991119e-02 1.371379755437374115e-02 2.385009825229644775e-01 2.989617921411991119e-02 1.371379755437374115e-02 2.385009825229644775e-01
2.580000000000000000e+05 3.017029352486133575e-02 1.373590063303709030e-02 2.362487912178039551e-01 3.017029352486133575e-02 1.373590063303709030e-02 2.362487912178039551e-01
2.590000000000000000e+05 2.918688021600246429e-02 1.366791035979986191e-02 2.363061755895614624e-01 2.918688021600246429e-02 1.366791035979986191e-02 2.363061755895614624e-01
2.600000000000000000e+05 2.890527807176113129e-02 1.362749189138412476e-02 2.369535565376281738e-01 2.890527807176113129e-02 1.362749189138412476e-02 2.369535565376281738e-01
2.610000000000000000e+05 3.040690347552299500e-02 1.370829250663518906e-02 2.371492385864257812e-01 3.040690347552299500e-02 1.370829250663518906e-02 2.371492385864257812e-01
2.620000000000000000e+05 2.817908301949501038e-02 1.367277838289737701e-02 2.332182824611663818e-01 2.817908301949501038e-02 1.367277838289737701e-02 2.332182824611663818e-01
2.630000000000000000e+05 2.853105776011943817e-02 1.365737617015838623e-02 2.335360050201416016e-01 2.853105776011943817e-02 1.365737617015838623e-02 2.335360050201416016e-01
2.640000000000000000e+05 2.950281649827957153e-02 1.361687667667865753e-02 2.341974824666976929e-01 2.950281649827957153e-02 1.361687667667865753e-02 2.341974824666976929e-01
2.650000000000000000e+05 2.919006533920764923e-02 1.380449999123811722e-02 2.338227778673171997e-01 2.919006533920764923e-02 1.380449999123811722e-02 2.338227778673171997e-01
2.660000000000000000e+05 2.990634925663471222e-02 1.374563574790954590e-02 2.317100018262863159e-01 2.990634925663471222e-02 1.374563574790954590e-02 2.317100018262863159e-01
2.670000000000000000e+05 2.998201176524162292e-02 1.379613671451807022e-02 2.346871495246887207e-01 2.998201176524162292e-02 1.379613671451807022e-02 2.346871495246887207e-01
2.680000000000000000e+05 2.988537214696407318e-02 1.372014079242944717e-02 2.389382123947143555e-01 2.988537214696407318e-02 1.372014079242944717e-02 2.389382123947143555e-01
2.690000000000000000e+05 2.826347015798091888e-02 1.378631871193647385e-02 2.340370714664459229e-01 2.826347015798091888e-02 1.378631871193647385e-02 2.340370714664459229e-01
2.700000000000000000e+05 3.349216282367706299e-02 1.385622844099998474e-02 2.401443868875503540e-01 3.349216282367706299e-02 1.385622844099998474e-02 2.401443868875503540e-01
2.710000000000000000e+05 2.848676592111587524e-02 1.379358023405075073e-02 2.304442971944808960e-01 2.848676592111587524e-02 1.379358023405075073e-02 2.304442971944808960e-01
2.720000000000000000e+05 2.841645665466785431e-02 1.374633517116308212e-02 2.307690382003784180e-01 2.841645665466785431e-02 1.374633517116308212e-02 2.307690382003784180e-01
2.730000000000000000e+05 3.060337528586387634e-02 1.380329485982656479e-02 2.474286109209060669e-01 3.060337528586387634e-02 1.380329485982656479e-02 2.474286109209060669e-01
2.740000000000000000e+05 2.907385863363742828e-02 1.382295414805412292e-02 2.294261455535888672e-01 2.907385863363742828e-02 1.382295414805412292e-02 2.294261455535888672e-01
2.750000000000000000e+05 2.931897528469562531e-02 1.383278239518404007e-02 2.297804206609725952e-01 2.931897528469562531e-02 1.383278239518404007e-02 2.297804206609725952e-01
2.760000000000000000e+05 3.029437549412250519e-02 1.377156563103199005e-02 2.315106391906738281e-01 3.029437549412250519e-02 1.377156563103199005e-02 2.315106391906738281e-01
2.770000000000000000e+05 2.784989029169082642e-02 1.382007542997598648e-02 2.286209017038345337e-01 2.784989029169082642e-02 1.382007542997598648e-02 2.286209017038345337e-01
2.780000000000000000e+05 2.897843345999717712e-02 1.387918554246425629e-02 2.280228734016418457e-01 2.897843345999717712e-02 1.387918554246425629e-02 2.280228734016418457e-01
2.790000000000000000e+05 2.971093356609344482e-02 1.378684211522340775e-02 2.273461520671844482e-01 2.971093356609344482e-02 1.378684211522340775e-02 2.273461520671844482e-01
2.800000000000000000e+05 2.900078520178794861e-02 1.388617791235446930e-02 2.265405654907226562e-01 2.900078520178794861e-02 1.388617791235446930e-02 2.265405654907226562e-01
2.810000000000000000e+05 2.948652580380439758e-02 1.384762395173311234e-02 2.262736707925796509e-01 2.948652580380439758e-02 1.384762395173311234e-02 2.262736707925796509e-01
2.820000000000000000e+05 3.043485432863235474e-02 1.387819088995456696e-02 2.242935895919799805e-01 3.043485432863235474e-02 1.387819088995456696e-02 2.242935895919799805e-01
2.830000000000000000e+05 2.817076444625854492e-02 1.387705001980066299e-02 2.286654412746429443e-01 2.817076444625854492e-02 1.387705001980066299e-02 2.286654412746429443e-01
2.840000000000000000e+05 2.947511523962020874e-02 1.384292170405387878e-02 2.278210818767547607e-01 2.947511523962020874e-02 1.384292170405387878e-02 2.278210818767547607e-01
2.850000000000000000e+05 2.816726267337799072e-02 1.390739809721708298e-02 2.235433310270309448e-01 2.816726267337799072e-02 1.390739809721708298e-02 2.235433310270309448e-01
2.860000000000000000e+05 2.993371523916721344e-02 1.386924553662538528e-02 2.232796251773834229e-01 2.993371523916721344e-02 1.386924553662538528e-02 2.232796251773834229e-01
2.870000000000000000e+05 2.740518562495708466e-02 1.387227326631546021e-02 2.229156643152236938e-01 2.740518562495708466e-02 1.387227326631546021e-02 2.229156643152236938e-01
2.880000000000000000e+05 2.773346006870269775e-02 1.387496106326580048e-02 2.229652851819992065e-01 2.773346006870269775e-02 1.387496106326580048e-02 2.229652851819992065e-01
2.890000000000000000e+05 3.109919093549251556e-02 1.394060999155044556e-02 2.213537991046905518e-01 3.109919093549251556e-02 1.394060999155044556e-02 2.213537991046905518e-01
2.900000000000000000e+05 2.777207642793655396e-02 1.392601616680622101e-02 2.210453897714614868e-01 2.777207642793655396e-02 1.392601616680622101e-02 2.210453897714614868e-01
2.910000000000000000e+05 3.134662285447120667e-02 1.401166338473558426e-02 2.224894464015960693e-01 3.134662285447120667e-02 1.401166338473558426e-02 2.224894464015960693e-01
2.920000000000000000e+05 2.796470373868942261e-02 1.395107619464397430e-02 2.197581827640533447e-01 2.796470373868942261e-02 1.395107619464397430e-02 2.197581827640533447e-01
2.930000000000000000e+05 2.699732594192028046e-02 1.398126501590013504e-02 2.201727628707885742e-01 2.699732594192028046e-02 1.398126501590013504e-02 2.201727628707885742e-01
2.940000000000000000e+05 2.815906517207622528e-02 1.395355537533760071e-02 2.195904254913330078e-01 2.815906517207622528e-02 1.395355537533760071e-02 2.195904254913330078e-01
2.950000000000000000e+05 2.928180992603302002e-02 1.395455934107303619e-02 2.184558361768722534e-01 2.928180992603302002e-02 1.395455934107303619e-02 2.184558361768722534e-01
2.960000000000000000e+05 2.834880724549293518e-02 1.401767693459987640e-02 2.196616232395172119e-01 2.834880724549293518e-02 1.401767693459987640e-02 2.196616232395172119e-01
2.970000000000000000e+05 2.944820746779441833e-02 1.398596446961164474e-02 2.199047952890396118e-01 2.944820746779441833e-02 1.398596446961164474e-02 2.199047952890396118e-01
2.980000000000000000e+05 3.058237954974174500e-02 1.401610765606164932e-02 2.189206928014755249e-01 3.058237954974174500e-02 1.401610765606164932e-02 2.189206928014755249e-01
2.990000000000000000e+05 2.896540798246860504e-02 1.410204730927944183e-02 2.200775146484375000e-01 2.896540798246860504e-02 1.410204730927944183e-02 2.200775146484375000e-01
3.000000000000000000e+05 2.698894403874874115e-02 1.403292641043663025e-02 2.182323187589645386e-01 2.698894403874874115e-02 1.403292641043663025e-02 2.182323187589645386e-01
3.010000000000000000e+05 2.845513634383678436e-02 1.400503516197204590e-02 2.160886526107788086e-01 2.845513634383678436e-02 1.400503516197204590e-02 2.160886526107788086e-01
3.020000000000000000e+05 2.894395217299461365e-02 1.401339285075664520e-02 2.171686142683029175e-01 2.894395217299461365e-02 1.401339285075664520e-02 2.171686142683029175e-01
3.030000000000000000e+05 3.027802892029285431e-02 1.395666785538196564e-02 2.212921679019927979e-01 3.027802892029285431e-02 1.395666785538196564e-02 2.212921679019927979e-01
3.040000000000000000e+05 2.780213579535484314e-02 1.404245384037494659e-02 2.156499326229095459e-01 2.780213579535484314e-02 1.404245384037494659e-02 2.156499326229095459e-01
3.050000000000000000e+05 2.884658612310886383e-02 1.408813148736953735e-02 2.145482748746871948e-01 2.884658612310886383e-02 1.408813148736953735e-02 2.145482748746871948e-01
3.060000000000000000e+05 2.865691855549812317e-02 1.396646723151206970e-02 2.161172032356262207e-01 2.865691855549812317e-02 1.396646723151206970e-02 2.161172032356262207e-01
3.070000000000000000e+05 2.867192029953002930e-02 1.404589507728815079e-02 2.131652534008026123e-01 2.867192029953002930e-02 1.404589507728815079e-02 2.131652534008026123e-01
3.080000000000000000e+05 3.029668889939785004e-02 1.399691030383110046e-02 2.183877825736999512e-01 3.029668889939785004e-02 1.399691030383110046e-02 2.183877825736999512e-01
3.090000000000000000e+05 2.749558724462985992e-02 1.403519418090581894e-02 2.130593806505203247e-01 2.749558724462985992e-02 1.403519418090581894e-02 2.130593806505203247e-01
3.100000000000000000e+05 3.067873045802116394e-02 1.394268963485956192e-02 2.136961817741394043e-01 3.067873045802116394e-02 1.394268963485956192e-02 2.136961817741394043e-01
3.110000000000000000e+05 2.763992734253406525e-02 1.405082456767559052e-02 2.124337255954742432e-01 2.763992734253406525e-02 1.405082456767559052e-02 2.124337255954742432e-01
3.120000000000000000e+05 2.767209336161613464e-02 1.406139414757490158e-02 2.103035151958465576e-01 2.767209336161613464e-02 1.406139414757490158e-02 2.103035151958465576e-01
3.130000000000000000e+05 2.706518024206161499e-02 1.410314347594976425e-02 2.099259048700332642e-01 2.706518024206161499e-02 1.410314347594976425e-02 2.099259048700332642e-01
3.140000000000000000e+05 2.703266218304634094e-02 1.410747878253459930e-02 2.096812725067138672e-01 2.703266218304634094e-02 1.410747878253459930e-02 2.096812725067138672e-01
3.150000000000000000e+05 2.967625111341476440e-02 1.406285725533962250e-02 2.096811980009078979e-01 2.967625111341476440e-02 1.406285725533962250e-02 2.096811980009078979e-01
3.160000000000000000e+05 2.783294953405857086e-02 1.413609366863965988e-02 2.093333303928375244e-01 2.783294953405857086e-02 1.413609366863965988e-02 2.093333303928375244e-01
3.170000000000000000e+05 2.747248671948909760e-02 1.406161300837993622e-02 2.097558528184890747e-01 2.747248671948909760e-02 1.406161300837993622e-02 2.097558528184890747e-01
3.180000000000000000e+05 2.991956472396850586e-02 1.410997658967971802e-02 2.097652554512023926e-01 2.991956472396850586e-02 1.410997658967971802e-02 2.097652554512023926e-01
3.190000000000000000e+05 2.986031584441661835e-02 1.419437676668167114e-02 2.080320864915847778e-01 2.986031584441661835e-02 1.419437676668167114e-02 2.080320864915847778e-01
3.200000000000000000e+05 2.714425697922706604e-02 1.414114795625209808e-02 2.077735215425491333e-01 2.714425697922706604e-02 1.414114795625209808e-02 2.077735215425491333e-01
3.210000000000000000e+05 2.767519652843475342e-02 1.410793047398328781e-02 2.072071731090545654e-01 2.767519652843475342e-02 1.410793047398328781e-02 2.072071731090545654e-01
3.220000000000000000e+05 2.745440974831581116e-02 1.412802934646606445e-02 2.063250690698623657e-01 2.745440974831581116e-02 1.412802934646606445e-02 2.063250690698623657e-01
3.230000000000000000e+05 2.808880060911178589e-02 1.417781226336956024e-02 2.060916572809219360e-01 2.808880060911178589e-02 1.417781226336956024e-02 2.060916572809219360e-01
3.240000000000000000e+05 2.713279984891414642e-02 1.414237264543771744e-02 2.078142911195755005e-01 2.713279984891414642e-02 1.414237264543771744e-02 2.078142911195755005e-01
3.250000000000000000e+05 2.829126454889774323e-02 1.411597803235054016e-02 2.079132646322250366e-01 2.829126454889774323e-02 1.411597803235054016e-02 2.079132646322250366e-01
3.260000000000000000e+05 2.755802869796752930e-02 1.413958892226219177e-02 2.042206972837448120e-01 2.755802869796752930e-02 1.413958892226219177e-02 2.042206972837448120e-01
3.270000000000000000e+05 2.811574563384056091e-02 1.418204698711633682e-02 2.059205174446105957e-01 2.811574563384056091e-02 1.418204698711633682e-02 2.059205174446105957e-01
3.280000000000000000e+05 2.663900330662727356e-02 1.411083247512578964e-02 2.018573284149169922e-01 2.663900330662727356e-02 1.411083247512578964e-02 2.018573284149169922e-01
3.290000000000000000e+05 2.990654110908508301e-02 1.422789040952920914e-02 2.029582113027572632e-01 2.990654110908508301e-02 1.422789040952920914e-02 2.029582113027572632e-01
3.300000000000000000e+05 2.782884612679481506e-02 1.416509691625833511e-02 2.050687074661254883e-01 2.782884612679481506e-02 1.416509691625833511e-02 2.050687074661254883e-01
3.310000000000000000e+05 2.689939551055431366e-02 1.409137994050979614e-02 2.002229690551757812e-01 2.689939551055431366e-02 1.409137994050979614e-02 2.002229690551757812e-01
3.320000000000000000e+05 2.681256644427776337e-02 1.417223084717988968e-02 1.994132250547409058e-01 2.681256644427776337e-02 1.417223084717988968e-02 1.994132250547409058e-01
3.330000000000000000e+05 2.791765518486499786e-02 1.409447658807039261e-02 2.069940268993377686e-01 2.791765518486499786e-02 1.409447658807039261e-02 2.069940268993377686e-01
3.340000000000000000e+05 2.830641344189643860e-02 1.409513317048549652e-02 2.004186660051345825e-01 2.830641344189643860e-02 1.409513317048549652e-02 2.004186660051345825e-01
3.350000000000000000e+05 2.804521471261978149e-02 1.411709468811750412e-02 2.017283737659454346e-01 2.804521471261978149e-02 1.411709468811750412e-02 2.017283737659454346e-01
3.360000000000000000e+05 2.823175862431526184e-02 1.412910036742687225e-02 1.996947973966598511e-01 2.823175862431526184e-02 1.412910036742687225e-02 1.996947973966598511e-01
3.370000000000000000e+05 2.892431057989597321e-02 1.410907227545976639e-02 1.997655928134918213e-01 2.892431057989597321e-02 1.410907227545976639e-02 1.997655928134918213e-01
3.380000000000000000e+05 2.841204591095447540e-02 1.410559099167585373e-02 1.989924311637878418e-01 2.841204591095447540e-02 1.410559099167585373e-02 1.989924311637878418e-01
3.390000000000000000e+05 3.472063690423965454e-02 1.417572144418954849e-02 1.988569945096969604e-01 3.472063690423965454e-02 1.417572144418954849e-02 1.988569945096969604e-01
3.400000000000000000e+05 2.857475914061069489e-02 1.400852762162685394e-02 1.979880332946777344e-01 2.857475914061069489e-02 1.400852762162685394e-02 1.979880332946777344e-01
3.410000000000000000e+05 2.754628472030162811e-02 1.408482436090707779e-02 1.984182000160217285e-01 2.754628472030162811e-02 1.408482436090707779e-02 1.984182000160217285e-01
3.420000000000000000e+05 2.818840369582176208e-02 1.408999785780906677e-02 1.979011595249176025e-01 2.818840369582176208e-02 1.408999785780906677e-02 1.979011595249176025e-01
3.430000000000000000e+05 2.724332734942436218e-02 1.414224971085786819e-02 1.960408240556716919e-01 2.724332734942436218e-02 1.414224971085786819e-02 1.960408240556716919e-01
3.440000000000000000e+05 2.735448628664016724e-02 1.411951240152120590e-02 1.946020722389221191e-01 2.735448628664016724e-02 1.411951240152120590e-02 1.946020722389221191e-01
3.450000000000000000e+05 2.857557870447635651e-02 1.402239408344030380e-02 1.981190592050552368e-01 2.857557870447635651e-02 1.402239408344030380e-02 1.981190592050552368e-01
3.460000000000000000e+05 2.783227153122425079e-02 1.418961584568023682e-02 1.940017640590667725e-01 2.783227153122425079e-02 1.418961584568023682e-02 1.940017640590667725e-01
3.470000000000000000e+05 2.673788554966449738e-02 1.408653147518634796e-02 1.942470371723175049e-01 2.673788554966449738e-02 1.408653147518634796e-02 1.942470371723175049e-01
3.480000000000000000e+05 2.716967836022377014e-02 1.414762809872627258e-02 1.959904134273529053e-01 2.716967836022377014e-02 1.414762809872627258e-02 1.959904134273529053e-01
3.490000000000000000e+05 2.808860316872596741e-02 1.407897751778364182e-02 2.002559304237365723e-01 2.808860316872596741e-02 1.407897751778364182e-02 2.002559304237365723e-01
3.500000000000000000e+05 2.923617698252201080e-02 1.414545252919197083e-02 1.936530321836471558e-01 2.923617698252201080e-02 1.414545252919197083e-02 1.936530321836471558e-01
3.510000000000000000e+05 2.653764933347702026e-02 1.409981399774551392e-02 1.939640641212463379e-01 2.653764933347702026e-02 1.409981399774551392e-02 1.939640641212463379e-01
3.520000000000000000e+05 2.704933844506740570e-02 1.412562467157840729e-02 1.893563568592071533e-01 2.704933844506740570e-02 1.412562467157840729e-02 1.893563568592071533e-01
3.530000000000000000e+05 2.725292928516864777e-02 1.416393555700778961e-02 1.905238181352615356e-01 2.725292928516864777e-02 1.416393555700778961e-02 1.905238181352615356e-01
3.540000000000000000e+05 2.726027742028236389e-02 1.413589902222156525e-02 1.896085739135742188e-01 2.726027742028236389e-02 1.413589902222156525e-02 1.896085739135742188e-01
3.550000000000000000e+05 2.723685652017593384e-02 1.398964878171682358e-02 1.886268407106399536e-01 2.723685652017593384e-02 1.398964878171682358e-02 1.886268407106399536e-01
3.560000000000000000e+05 2.635245770215988159e-02 1.411254424601793289e-02 1.915146261453628540e-01 2.635245770215988159e-02 1.411254424601793289e-02 1.915146261453628540e-01
3.570000000000000000e+05 2.691879309713840485e-02 1.417186018079519272e-02 1.885677427053451538e-01 2.691879309713840485e-02 1.417186018079519272e-02 1.885677427053451538e-01
3.580000000000000000e+05 2.618634887039661407e-02 1.416885480284690857e-02 1.881925910711288452e-01 2.618634887039661407e-02 1.416885480284690857e-02 1.881925910711288452e-01
3.590000000000000000e+05 2.673107944428920746e-02 1.412675529718399048e-02 1.870658844709396362e-01 2.673107944428920746e-02 1.412675529718399048e-02 1.870658844709396362e-01
3.600000000000000000e+05 2.758986689150333405e-02 1.406146958470344543e-02 1.869031637907028198e-01 2.758986689150333405e-02 1.406146958470344543e-02 1.869031637907028198e-01
3.610000000000000000e+05 2.810242772102355957e-02 1.408069301396608353e-02 1.892351955175399780e-01 2.810242772102355957e-02 1.408069301396608353e-02 1.892351955175399780e-01
3.620000000000000000e+05 2.879701368510723114e-02 1.407739799469709396e-02 1.881692111492156982e-01 2.879701368510723114e-02 1.407739799469709396e-02 1.881692111492156982e-01
3.630000000000000000e+05 2.595371194183826447e-02 1.415799092501401901e-02 1.865959465503692627e-01 2.595371194183826447e-02 1.415799092501401901e-02 1.865959465503692627e-01
3.640000000000000000e+05 2.535169012844562531e-02 1.411956921219825745e-02 1.846271008253097534e-01 2.535169012844562531e-02 1.411956921219825745e-02 1.846271008253097534e-01
3.650000000000000000e+05 2.787933871150016785e-02 1.415496785193681717e-02 1.856172382831573486e-01 2.787933871150016785e-02 1.415496785193681717e-02 1.856172382831573486e-01
3.660000000000000000e+05 2.768168039619922638e-02 1.403989922255277634e-02 1.874437481164932251e-01 2.768168039619922638e-02 1.403989922255277634e-02 1.874437481164932251e-01
3.670000000000000000e+05 2.668737806379795074e-02 1.412864495068788528e-02 1.854183375835418701e-01 2.668737806379795074e-02 1.412864495068788528e-02 1.854183375835418701e-01
3.680000000000000000e+05 2.645825222134590149e-02 1.409852504730224609e-02 1.859421581029891968e-01 2.645825222134590149e-02 1.409852504730224609e-02 1.859421581029891968e-01
3.690000000000000000e+05 2.785879932343959808e-02 1.413645967841148376e-02 1.839901953935623169e-01 2.785879932343959808e-02 1.413645967841148376e-02 1.839901953935623169e-01
3.700000000000000000e+05 2.604005672037601471e-02 1.407796237617731094e-02 1.827089935541152954e-01 2.604005672037601471e-02 1.407796237617731094e-02 1.827089935541152954e-01
3.710000000000000000e+05 2.693520300090312958e-02 1.408777385950088501e-02 1.857424080371856689e-01 2.693520300090312958e-02 1.408777385950088501e-02 1.857424080371856689e-01
3.720000000000000000e+05 2.712598256766796112e-02 1.414581853896379471e-02 1.861707419157028198e-01 2.712598256766796112e-02 1.414581853896379471e-02 1.861707419157028198e-01
3.730000000000000000e+05 2.651948481798171997e-02 1.415156014263629913e-02 1.847203224897384644e-01 2.651948481798171997e-02 1.415156014263629913e-02 1.847203224897384644e-01
3.740000000000000000e+05 2.578097023069858551e-02 1.411113608628511429e-02 1.836506426334381104e-01 2.578097023069858551e-02 1.411113608628511429e-02 1.836506426334381104e-01
3.750000000000000000e+05 2.672255970537662506e-02 1.405700203031301498e-02 1.833205074071884155e-01 2.672255970537662506e-02 1.405700203031301498e-02 1.833205074071884155e-01
3.760000000000000000e+05 2.612531371414661407e-02 1.411821320652961731e-02 1.821388602256774902e-01 2.612531371414661407e-02 1.411821320652961731e-02 1.821388602256774902e-01
3.770000000000000000e+05 2.621518634259700775e-02 1.405699178576469421e-02 1.819528341293334961e-01 2.621518634259700775e-02 1.405699178576469421e-02 1.819528341293334961e-01
3.780000000000000000e+05 2.541793324053287506e-02 1.416401285678148270e-02 1.831162273883819580e-01 2.541793324053287506e-02 1.416401285678148270e-02 1.831162273883819580e-01
3.790000000000000000e+05 2.885603718459606171e-02 1.410092599689960480e-02 1.851163208484649658e-01 2.885603718459606171e-02 1.410092599689960480e-02 1.851163208484649658e-01
3.800000000000000000e+05 2.565575577318668365e-02 1.409701071679592133e-02 1.818126291036605835e-01 2.565575577318668365e-02 1.409701071679592133e-02 1.818126291036605835e-01
3.810000000000000000e+05 2.587722614407539368e-02 1.405046693980693817e-02 1.850570738315582275e-01 2.587722614407539368e-02 1.405046693980693817e-02 1.850570738315582275e-01
3.820000000000000000e+05 2.642419375479221344e-02 1.405974477529525757e-02 1.800538152456283569e-01 2.642419375479221344e-02 1.405974477529525757e-02 1.800538152456283569e-01
3.830000000000000000e+05 2.605728805065155029e-02 1.407068874686956406e-02 1.809580475091934204e-01 2.605728805065155029e-02 1.407068874686956406e-02 1.809580475091934204e-01
3.840000000000000000e+05 2.594170160591602325e-02 1.421390753239393234e-02 1.791342198848724365e-01 2.594170160591602325e-02 1.421390753239393234e-02 1.791342198848724365e-01
3.850000000000000000e+05 2.939137443900108337e-02 1.412496808916330338e-02 1.833098530769348145e-01 2.939137443900108337e-02 1.412496808916330338e-02 1.833098530769348145e-01
3.860000000000000000e+05 2.588928118348121643e-02 1.415881887078285217e-02 1.805501431226730347e-01 2.588928118348121643e-02 1.415881887078285217e-02 1.805501431226730347e-01
3.870000000000000000e+05 2.509786747395992279e-02 1.414859388023614883e-02 1.777206063270568848e-01 2.509786747395992279e-02 1.414859388023614883e-02 1.777206063270568848e-01
3.880000000000000000e+05 2.640804089605808258e-02 1.395471207797527313e-02 1.787359714508056641e-01 2.640804089605808258e-02 1.395471207797527313e-02 1.787359714508056641e-01
3.890000000000000000e+05 2.529971115291118622e-02 1.409474946558475494e-02 1.803030818700790405e-01 2.529971115291118622e-02 1.409474946558475494e-02 1.803030818700790405e-01
3.900000000000000000e+05 2.588435262441635132e-02 1.403965521603822708e-02 1.810667067766189575e-01 2.588435262441635132e-02 1.403965521603822708e-02 1.810667067766189575e-01
3.910000000000000000e+05 2.931649610400199890e-02 1.402617525309324265e-02 1.803403645753860474e-01 2.931649610400199890e-02 1.402617525309324265e-02 1.803403645753860474e-01
3.920000000000000000e+05 2.752579189836978912e-02 1.404303871095180511e-02 1.786242425441741943e-01 2.752579189836978912e-02 1.404303871095180511e-02 1.786242425441741943e-01
3.930000000000000000e+05 2.537901140749454498e-02 1.409742794930934906e-02 1.781025379896163940e-01 2.537901140749454498e-02 1.409742794930934906e-02 1.781025379896163940e-01
3.940000000000000000e+05 2.531996369361877441e-02 1.399373915046453476e-02 1.772124916315078735e-01 2.531996369361877441e-02 1.399373915046453476e-02 1.772124916315078735e-01
3.950000000000000000e+05 2.461352571845054626e-02 1.406300161033868790e-02 1.766586303710937500e-01 2.461352571845054626e-02 1.406300161033868790e-02 1.766586303710937500e-01
3.960000000000000000e+05 2.469729445874691010e-02 1.402862090617418289e-02 1.779276281595230103e-01 2.469729445874691010e-02 1.402862090617418289e-02 1.779276281595230103e-01
3.970000000000000000e+05 2.735398709774017334e-02 1.410995610058307648e-02 1.800079643726348877e-01 2.735398709774017334e-02 1.410995610058307648e-02 1.800079643726348877e-01
3.980000000000000000e+05 2.584087476134300232e-02 1.395012531429529190e-02 1.776955574750900269e-01 2.584087476134300232e-02 1.395012531429529190e-02 1.776955574750900269e-01
3.990000000000000000e+05 2.563458494842052460e-02 1.395265944302082062e-02 1.760103851556777954e-01 2.563458494842052460e-02 1.395265944302082062e-02 1.760103851556777954e-01
4.000000000000000000e+05 2.514257840812206268e-02 1.399008743464946747e-02 1.789393275976181030e-01 2.514257840812206268e-02 1.399008743464946747e-02 1.789393275976181030e-01
4.010000000000000000e+05 2.523262426257133484e-02 1.405013259500265121e-02 1.770127415657043457e-01 2.523262426257133484e-02 1.405013259500265121e-02 1.770127415657043457e-01
4.020000000000000000e+05 2.494687587022781372e-02 1.408570446074008942e-02 1.748926490545272827e-01 2.494687587022781372e-02 1.408570446074008942e-02 1.748926490545272827e-01
4.030000000000000000e+05 2.486845105886459351e-02 1.395727228373289108e-02 1.764093935489654541e-01 2.486845105886459351e-02 1.395727228373289108e-02 1.764093935489654541e-01
4.040000000000000000e+05 2.433501742780208588e-02 1.398901641368865967e-02 1.768690794706344604e-01 2.433501742780208588e-02 1.398901641368865967e-02 1.768690794706344604e-01
4.050000000000000000e+05 2.559541724622249603e-02 1.396923512220382690e-02 1.746841371059417725e-01 2.559541724622249603e-02 1.396923512220382690e-02 1.746841371059417725e-01
4.060000000000000000e+05 2.684321440756320953e-02 1.403183117508888245e-02 1.768424808979034424e-01 2.684321440756320953e-02 1.403183117508888245e-02 1.768424808979034424e-01
4.070000000000000000e+05 2.474429458379745483e-02 1.400803495198488235e-02 1.744901835918426514e-01 2.474429458379745483e-02 1.400803495198488235e-02 1.744901835918426514e-01
4.080000000000000000e+05 2.462978102266788483e-02 1.396307907998561859e-02 1.745818704366683960e-01 2.462978102266788483e-02 1.396307907998561859e-02 1.745818704366683960e-01
4.090000000000000000e+05 2.656560018658638000e-02 1.405985094606876373e-02 1.761527657508850098e-01 2.656560018658638000e-02 1.405985094606876373e-02 1.761527657508850098e-01
4.100000000000000000e+05 2.478955686092376709e-02 1.398134045302867889e-02 1.747526526451110840e-01 2.478955686092376709e-02 1.398134045302867889e-02 1.747526526451110840e-01
4.110000000000000000e+05 2.803349308669567108e-02 1.401715353131294250e-02 1.765556633472442627e-01 2.803349308669567108e-02 1.401715353131294250e-02 1.765556633472442627e-01
4.120000000000000000e+05 2.468537539243698120e-02 1.399278175085783005e-02 1.751290410757064819e-01 2.468537539243698120e-02 1.399278175085783005e-02 1.751290410757064819e-01
4.130000000000000000e+05 2.986625768244266510e-02 1.408158615231513977e-02 1.743061542510986328e-01 2.986625768244266510e-02 1.408158615231513977e-02 1.743061542510986328e-01
4.140000000000000000e+05 2.541670203208923340e-02 1.397831365466117859e-02 1.783550381660461426e-01 2.541670203208923340e-02 1.397831365466117859e-02 1.783550381660461426e-01
4.150000000000000000e+05 2.622285857796669006e-02 1.400956325232982635e-02 1.752011626958847046e-01 2.622285857796669006e-02 1.400956325232982635e-02 1.752011626958847046e-01
4.160000000000000000e+05 2.577440813183784485e-02 1.396965701133012772e-02 1.738285124301910400e-01 2.577440813183784485e-02 1.396965701133012772e-02 1.738285124301910400e-01
4.170000000000000000e+05 2.378735318779945374e-02 1.401730440557003021e-02 1.732089370489120483e-01 2.378735318779945374e-02 1.401730440557003021e-02 1.732089370489120483e-01
4.180000000000000000e+05 2.482900209724903107e-02 1.398771163076162338e-02 1.732988059520721436e-01 2.482900209724903107e-02 1.398771163076162338e-02 1.732988059520721436e-01
4.190000000000000000e+05 2.536953054368495941e-02 1.389473490417003632e-02 1.723618954420089722e-01 2.536953054368495941e-02 1.389473490417003632e-02 1.723618954420089722e-01
4.200000000000000000e+05 2.714352309703826904e-02 1.391543168574571609e-02 1.752687543630599976e-01 2.714352309703826904e-02 1.391543168574571609e-02 1.752687543630599976e-01
4.210000000000000000e+05 2.427305281162261963e-02 1.393922884017229080e-02 1.721072196960449219e-01 2.427305281162261963e-02 1.393922884017229080e-02 1.721072196960449219e-01
4.220000000000000000e+05 2.438327670097351074e-02 1.396418828517198563e-02 1.726664304733276367e-01 2.438327670097351074e-02 1.396418828517198563e-02 1.726664304733276367e-01
4.230000000000000000e+05 2.445264160633087158e-02 1.389635074883699417e-02 1.732019037008285522e-01 2.445264160633087158e-02 1.389635074883699417e-02 1.732019037008285522e-01
4.240000000000000000e+05 2.418050915002822876e-02 1.397829595953226089e-02 1.726320087909698486e-01 2.418050915002822876e-02 1.397829595953226089e-02 1.726320087909698486e-01
4.250000000000000000e+05 2.455095015466213226e-02 1.387588493525981903e-02 1.718258559703826904e-01 2.455095015466213226e-02 1.387588493525981903e-02 1.718258559703826904e-01
4.260000000000000000e+05 2.457856573164463043e-02 1.394121535122394562e-02 1.738414466381072998e-01 2.457856573164463043e-02 1.394121535122394562e-02 1.738414466381072998e-01
4.270000000000000000e+05 2.556779235601425171e-02 1.387517713010311127e-02 1.751556694507598877e-01 2.556779235601425171e-02 1.387517713010311127e-02 1.751556694507598877e-01
4.280000000000000000e+05 2.372592873871326447e-02 1.388726197183132172e-02 1.716565042734146118e-01 2.372592873871326447e-02 1.388726197183132172e-02 1.716565042734146118e-01
4.290000000000000000e+05 2.501911297440528870e-02 1.396190561354160309e-02 1.729542315006256104e-01 2.501911297440528870e-02 1.396190561354160309e-02 1.729542315006256104e-01
4.300000000000000000e+05 2.426499314606189728e-02 1.382425334304571152e-02 1.724187135696411133e-01 2.426499314606189728e-02 1.382425334304571152e-02 1.724187135696411133e-01
4.310000000000000000e+05 2.411246672272682190e-02 1.386307179927825928e-02 1.716831624507904053e-01 2.411246672272682190e-02 1.386307179927825928e-02 1.716831624507904053e-01
4.320000000000000000e+05 2.340025454759597778e-02 1.391705870628356934e-02 1.711032539606094360e-01 2.340025454759597778e-02 1.391705870628356934e-02 1.711032539606094360e-01
4.330000000000000000e+05 2.402218058705329895e-02 1.382325030863285065e-02 1.708360314369201660e-01 2.402218058705329895e-02 1.382325030863285065e-02 1.708360314369201660e-01
4.340000000000000000e+05 2.932022698223590851e-02 1.375410985201597214e-02 1.717977970838546753e-01 2.932022698223590851e-02 1.375410985201597214e-02 1.717977970838546753e-01
4.350000000000000000e+05 2.607665024697780609e-02 1.383228413760662079e-02 1.717065721750259399e-01 2.607665024697780609e-02 1.383228413760662079e-02 1.717065721750259399e-01
4.360000000000000000e+05 2.385573275387287140e-02 1.392276119440793991e-02 1.725846081972122192e-01 2.385573275387287140e-02 1.392276119440793991e-02 1.725846081972122192e-01
4.370000000000000000e+05 2.557155862450599670e-02 1.384597923606634140e-02 1.718210577964782715e-01 2.557155862450599670e-02 1.384597923606634140e-02 1.718210577964782715e-01
4.380000000000000000e+05 2.383564598858356476e-02 1.376800797879695892e-02 1.701682657003402710e-01 2.383564598858356476e-02 1.376800797879695892e-02 1.701682657003402710e-01
4.390000000000000000e+05 2.405876852571964264e-02 1.379725895822048187e-02 1.721434295177459717e-01 2.405876852571964264e-02 1.379725895822048187e-02 1.721434295177459717e-01
4.400000000000000000e+05 2.505968138575553894e-02 1.383015234023332596e-02 1.707827150821685791e-01 2.505968138575553894e-02 1.383015234023332596e-02 1.707827150821685791e-01
4.410000000000000000e+05 2.385144308209419250e-02 1.385797373950481415e-02 1.694854050874710083e-01 2.385144308209419250e-02 1.385797373950481415e-02 1.694854050874710083e-01
4.420000000000000000e+05 2.372609078884124756e-02 1.382684893906116486e-02 1.707635521888732910e-01 2.372609078884124756e-02 1.382684893906116486e-02 1.707635521888732910e-01
4.430000000000000000e+05 2.414694614708423615e-02 1.383233629167079926e-02 1.695052385330200195e-01 2.414694614708423615e-02 1.383233629167079926e-02 1.695052385330200195e-01
4.440000000000000000e+05 2.399611473083496094e-02 1.378952991217374802e-02 1.701079010963439941e-01 2.399611473083496094e-02 1.378952991217374802e-02 1.701079010963439941e-01
4.450000000000000000e+05 2.340906113386154175e-02 1.378262788057327271e-02 1.678369045257568359e-01 2.340906113386154175e-02 1.378262788057327271e-02 1.678369045257568359e-01
4.460000000000000000e+05 2.491590566933155060e-02 1.379503402858972549e-02 1.692693829536437988e-01 2.491590566933155060e-02 1.379503402858972549e-02 1.692693829536437988e-01
4.470000000000000000e+05 2.582905255258083344e-02 1.381589751690626144e-02 1.703465729951858521e-01 2.582905255258083344e-02 1.381589751690626144e-02 1.703465729951858521e-01
4.480000000000000000e+05 2.517123520374298096e-02 1.370144169777631760e-02 1.691933721303939819e-01 2.517123520374298096e-02 1.370144169777631760e-02 1.691933721303939819e-01
4.490000000000000000e+05 2.570303156971931458e-02 1.383558288216590881e-02 1.766209751367568970e-01 2.570303156971931458e-02 1.383558288216590881e-02 1.766209751367568970e-01
4.500000000000000000e+05 2.391713112592697144e-02 1.378351263701915741e-02 1.722813397645950317e-01 2.391713112592697144e-02 1.378351263701915741e-02 1.722813397645950317e-01
4.510000000000000000e+05 2.441299892961978912e-02 1.381672173738479614e-02 1.715072989463806152e-01 2.441299892961978912e-02 1.381672173738479614e-02 1.715072989463806152e-01
4.520000000000000000e+05 2.471150085330009460e-02 1.374749746173620224e-02 1.680610626935958862e-01 2.471150085330009460e-02 1.374749746173620224e-02 1.680610626935958862e-01
4.530000000000000000e+05 2.472190000116825104e-02 1.380025316029787064e-02 1.691974848508834839e-01 2.472190000116825104e-02 1.380025316029787064e-02 1.691974848508834839e-01
4.540000000000000000e+05 2.459440939128398895e-02 1.371865253895521164e-02 1.688086539506912231e-01 2.459440939128398895e-02 1.371865253895521164e-02 1.688086539506912231e-01
4.550000000000000000e+05 2.358185686171054840e-02 1.373575534671545029e-02 1.682612746953964233e-01 2.358185686171054840e-02 1.373575534671545029e-02 1.682612746953964233e-01
4.560000000000000000e+05 2.467518486082553864e-02 1.377750188112258911e-02 1.688201725482940674e-01 2.467518486082553864e-02 1.377750188112258911e-02 1.688201725482940674e-01
4.570000000000000000e+05 2.371540665626525879e-02 1.377220638096332550e-02 1.692552119493484497e-01 2.371540665626525879e-02 1.377220638096332550e-02 1.692552119493484497e-01
4.580000000000000000e+05 2.370623685419559479e-02 1.377742923796176910e-02 1.700113117694854736e-01 2.370623685419559479e-02 1.377742923796176910e-02 1.700113117694854736e-01
4.590000000000000000e+05 2.648372575640678406e-02 1.379015482962131500e-02 1.691313832998275757e-01 2.648372575640678406e-02 1.379015482962131500e-02 1.691313832998275757e-01
4.600000000000000000e+05 2.463195845484733582e-02 1.376174204051494598e-02 1.669990122318267822e-01 2.463195845484733582e-02 1.376174204051494598e-02 1.669990122318267822e-01
4.610000000000000000e+05 2.558815106749534607e-02 1.381031423807144165e-02 1.686650961637496948e-01 2.558815106749534607e-02 1.381031423807144165e-02 1.686650961637496948e-01
4.620000000000000000e+05 2.415131963789463043e-02 1.378692034631967545e-02 1.664806902408599854e-01 2.415131963789463043e-02 1.378692034631967545e-02 1.664806902408599854e-01
4.630000000000000000e+05 2.356937900185585022e-02 1.368294563144445419e-02 1.683198213577270508e-01 2.356937900185585022e-02 1.368294563144445419e-02 1.683198213577270508e-01
4.640000000000000000e+05 2.398197539150714874e-02 1.378983817994594574e-02 1.668225675821304321e-01 2.398197539150714874e-02 1.378983817994594574e-02 1.668225675821304321e-01
4.650000000000000000e+05 2.662807703018188477e-02 1.389744319021701813e-02 1.670400798320770264e-01 2.662807703018188477e-02 1.389744319021701813e-02 1.670400798320770264e-01
4.660000000000000000e+05 2.448515594005584717e-02 1.376541238278150558e-02 1.698925048112869263e-01 2.448515594005584717e-02 1.376541238278150558e-02 1.698925048112869263e-01
4.670000000000000000e+05 2.420914731919765472e-02 1.379986014217138290e-02 1.677593737840652466e-01 2.420914731919765472e-02 1.379986014217138290e-02 1.677593737840652466e-01
4.680000000000000000e+05 2.375190146267414093e-02 1.365491002798080444e-02 1.659032851457595825e-01 2.375190146267414093e-02 1.365491002798080444e-02 1.659032851457595825e-01
4.690000000000000000e+05 2.339330315589904785e-02 1.373244170099496841e-02 1.684365868568420410e-01 2.339330315589904785e-02 1.373244170099496841e-02 1.684365868568420410e-01
4.700000000000000000e+05 2.301488444209098816e-02 1.372277829796075821e-02 1.657593101263046265e-01 2.301488444209098816e-02 1.372277829796075821e-02 1.657593101263046265e-01
4.710000000000000000e+05 2.312348410487174988e-02 1.365687139332294464e-02 1.666267067193984985e-01 2.312348410487174988e-02 1.365687139332294464e-02 1.666267067193984985e-01
4.720000000000000000e+05 2.339814417064189911e-02 1.370406989008188248e-02 1.652234345674514771e-01 2.339814417064189911e-02 1.370406989008188248e-02 1.652234345674514771e-01
4.730000000000000000e+05 2.408100292086601257e-02 1.359985210001468658e-02 1.672652810811996460e-01 2.408100292086601257e-02 1.359985210001468658e-02 1.672652810811996460e-01
4.740000000000000000e+05 2.808047831058502197e-02 1.370726898312568665e-02 1.665996015071868896e-01 2.808047831058502197e-02 1.370726898312568665e-02 1.665996015071868896e-01
4.750000000000000000e+05 2.400645054876804352e-02 1.373335160315036774e-02 1.673636585474014282e-01 2.400645054876804352e-02 1.373335160315036774e-02 1.673636585474014282e-01
4.760000000000000000e+05 2.327360585331916809e-02 1.369450893253087997e-02 1.665303409099578857e-01 2.327360585331916809e-02 1.369450893253087997e-02 1.665303409099578857e-01
4.770000000000000000e+05 2.529103308916091919e-02 1.360612548887729645e-02 1.738057881593704224e-01 2.529103308916091919e-02 1.360612548887729645e-02 1.738057881593704224e-01
4.780000000000000000e+05 2.402608469128608704e-02 1.366287190467119217e-02 1.649659872055053711e-01 2.402608469128608704e-02 1.366287190467119217e-02 1.649659872055053711e-01
4.790000000000000000e+05 2.331590652465820312e-02 1.370059605687856674e-02 1.650719493627548218e-01 2.331590652465820312e-02 1.370059605687856674e-02 1.650719493627548218e-01
4.800000000000000000e+05 2.336387336254119873e-02 1.354625541716814041e-02 1.669016033411026001e-01 2.336387336254119873e-02 1.354625541716814041e-02 1.669016033411026001e-01
4.810000000000000000e+05 2.380497194826602936e-02 1.371440012007951736e-02 1.654471606016159058e-01 2.380497194826602936e-02 1.371440012007951736e-02 1.654471606016159058e-01
4.820000000000000000e+05 2.549631521105766296e-02 1.353796478360891342e-02 1.652629971504211426e-01 2.549631521105766296e-02 1.353796478360891342e-02 1.652629971504211426e-01
4.830000000000000000e+05 2.300268970429897308e-02 1.367175020277500153e-02 1.664205789566040039e-01 2.300268970429897308e-02 1.367175020277500153e-02 1.664205789566040039e-01
4.840000000000000000e+05 2.279804833233356476e-02 1.369074452668428421e-02 1.652915328741073608e-01 2.279804833233356476e-02 1.369074452668428421e-02 1.652915328741073608e-01
4.850000000000000000e+05 2.431136369705200195e-02 1.363286282867193222e-02 1.642048358917236328e-01 2.431136369705200195e-02 1.363286282867193222e-02 1.642048358917236328e-01
4.860000000000000000e+05 2.234820276498794556e-02 1.367780845612287521e-02 1.670400500297546387e-01 2.234820276498794556e-02 1.367780845612287521e-02 1.670400500297546387e-01
4.870000000000000000e+05 2.267539314925670624e-02 1.367397047579288483e-02 1.643331646919250488e-01 2.267539314925670624e-02 1.367397047579288483e-02 1.643331646919250488e-01
4.880000000000000000e+05 2.240663394331932068e-02 1.363785471767187119e-02 1.639202237129211426e-01 2.240663394331932068e-02 1.363785471767187119e-02 1.639202237129211426e-01
4.890000000000000000e+05 2.206414006650447845e-02 1.363919675350189209e-02 1.653497964143753052e-01 2.206414006650447845e-02 1.363919675350189209e-02 1.653497964143753052e-01
4.900000000000000000e+05 2.356988005340099335e-02 1.359740924090147018e-02 1.661233454942703247e-01 2.356988005340099335e-02 1.359740924090147018e-02 1.661233454942703247e-01
4.910000000000000000e+05 2.264814451336860657e-02 1.363763306289911270e-02 1.642538458108901978e-01 2.264814451336860657e-02 1.363763306289911270e-02 1.642538458108901978e-01
4.920000000000000000e+05 2.296748012304306030e-02 1.363613549619913101e-02 1.647171676158905029e-01 2.296748012304306030e-02 1.363613549619913101e-02 1.647171676158905029e-01
4.930000000000000000e+05 2.563553862273693085e-02 1.353737991303205490e-02 1.652802526950836182e-01 2.563553862273693085e-02 1.353737991303205490e-02 1.652802526950836182e-01
4.940000000000000000e+05 2.336657978594303131e-02 1.363389100879430771e-02 1.625396162271499634e-01 2.336657978594303131e-02 1.363389100879430771e-02 1.625396162271499634e-01
4.950000000000000000e+05 2.264113537967205048e-02 1.362401340156793594e-02 1.664381772279739380e-01 2.264113537967205048e-02 1.362401340156793594e-02 1.664381772279739380e-01
4.960000000000000000e+05 2.264459058642387390e-02 1.357008237391710281e-02 1.633446812629699707e-01 2.264459058642387390e-02 1.357008237391710281e-02 1.633446812629699707e-01
4.970000000000000000e+05 2.264873869717121124e-02 1.357997022569179535e-02 1.634026318788528442e-01 2.264873869717121124e-02 1.357997022569179535e-02 1.634026318788528442e-01
4.980000000000000000e+05 2.229179814457893372e-02 1.360048074275255203e-02 1.644505113363265991e-01 2.229179814457893372e-02 1.360048074275255203e-02 1.644505113363265991e-01
4.990000000000000000e+05 2.260179817676544189e-02 1.365737896412611008e-02 1.658603250980377197e-01 2.260179817676544189e-02 1.365737896412611008e-02 1.658603250980377197e-01
5.000000000000000000e+05 2.298129908740520477e-02 1.362558361142873764e-02 1.656945049762725830e-01 2.298129908740520477e-02 1.362558361142873764e-02 1.656945049762725830e-01
5.010000000000000000e+05 2.303406968712806702e-02 1.356206927448511124e-02 1.635366380214691162e-01 2.303406968712806702e-02 1.356206927448511124e-02 1.635366380214691162e-01
5.020000000000000000e+05 2.346647158265113831e-02 1.360047794878482819e-02 1.623627096414566040e-01 2.346647158265113831e-02 1.360047794878482819e-02 1.623627096414566040e-01
5.030000000000000000e+05 2.324632368981838226e-02 1.350765582174062729e-02 1.617863029241561890e-01 2.324632368981838226e-02 1.350765582174062729e-02 1.617863029241561890e-01
5.040000000000000000e+05 2.210510522127151489e-02 1.360956113785505295e-02 1.628634184598922729e-01 2.210510522127151489e-02 1.360956113785505295e-02 1.628634184598922729e-01
5.050000000000000000e+05 2.363642118871212006e-02 1.349829509854316711e-02 1.627887785434722900e-01 2.363642118871212006e-02 1.349829509854316711e-02 1.627887785434722900e-01
5.060000000000000000e+05 2.300800196826457977e-02 1.354795135557651520e-02 1.637643724679946899e-01 2.300800196826457977e-02 1.354795135557651520e-02 1.637643724679946899e-01
5.070000000000000000e+05 2.219497598707675934e-02 1.364086940884590149e-02 1.629259288311004639e-01 2.219497598707675934e-02 1.364086940884590149e-02 1.629259288311004639e-01
5.080000000000000000e+05 2.300143986940383911e-02 1.358175184577703476e-02 1.618925482034683228e-01 2.300143986940383911e-02 1.358175184577703476e-02 1.618925482034683228e-01
5.090000000000000000e+05 2.429499104619026184e-02 1.352301612496376038e-02 1.675083190202713013e-01 2.429499104619026184e-02 1.352301612496376038e-02 1.675083190202713013e-01
5.100000000000000000e+05 2.255747467279434204e-02 1.356208138167858124e-02 1.604654341936111450e-01 2.255747467279434204e-02 1.356208138167858124e-02 1.604654341936111450e-01
5.110000000000000000e+05 2.196995355188846588e-02 1.360566448420286179e-02 1.618294268846511841e-01 2.196995355188846588e-02 1.360566448420286179e-02 1.618294268846511841e-01
5.120000000000000000e+05 2.198504842817783356e-02 1.353169418871402740e-02 1.613329797983169556e-01 2.198504842817783356e-02 1.353169418871402740e-02 1.613329797983169556e-01
5.130000000000000000e+05 2.197835594415664673e-02 1.354302279651165009e-02 1.619418710470199585e-01 2.197835594415664673e-02 1.354302279651165009e-02 1.619418710470199585e-01
5.140000000000000000e+05 2.411573939025402069e-02 1.348392479121685028e-02 1.642770469188690186e-01 2.411573939025402069e-02 1.348392479121685028e-02 1.642770469188690186e-01
5.150000000000000000e+05 2.266421355307102203e-02 1.350198499858379364e-02 1.624189466238021851e-01 2.266421355307102203e-02 1.350198499858379364e-02 1.624189466238021851e-01
5.160000000000000000e+05 2.412179484963417053e-02 1.353026460856199265e-02 1.672379523515701294e-01 2.412179484963417053e-02 1.353026460856199265e-02 1.672379523515701294e-01
5.170000000000000000e+05 2.267997339367866516e-02 1.348648220300674438e-02 1.601195931434631348e-01 2.267997339367866516e-02 1.348648220300674438e-02 1.601195931434631348e-01
5.180000000000000000e+05 2.445955947041511536e-02 1.352625247091054916e-02 1.626747101545333862e-01 2.445955947041511536e-02 1.352625247091054916e-02 1.626747101545333862e-01
5.190000000000000000e+05 2.311116829514503479e-02 1.356370560824871063e-02 1.640981435775756836e-01 2.311116829514503479e-02 1.356370560824871063e-02 1.640981435775756836e-01
5.200000000000000000e+05 2.504686824977397919e-02 1.357766520231962204e-02 1.617175489664077759e-01 2.504686824977397919e-02 1.357766520231962204e-02 1.617175489664077759e-01
5.210000000000000000e+05 2.402216196060180664e-02 1.344131305813789368e-02 1.603112965822219849e-01 2.402216196060180664e-02 1.344131305813789368e-02 1.603112965822219849e-01
5.220000000000000000e+05 2.138479240238666534e-02 1.353483460843563080e-02 1.600504368543624878e-01 2.138479240238666534e-02 1.353483460843563080e-02 1.600504368543624878e-01
5.230000000000000000e+05 2.289505861699581146e-02 1.347117964178323746e-02 1.643548458814620972e-01 2.289505861699581146e-02 1.347117964178323746e-02 1.643548458814620972e-01
5.240000000000000000e+05 2.157967165112495422e-02 1.348537486046552658e-02 1.611314266920089722e-01 2.157967165112495422e-02 1.348537486046552658e-02 1.611314266920089722e-01
5.250000000000000000e+05 2.270140126347541809e-02 1.349773257970809937e-02 1.609365642070770264e-01 2.270140126347541809e-02 1.349773257970809937e-02 1.609365642070770264e-01
5.260000000000000000e+05 2.262543514370918274e-02 1.351869106292724609e-02 1.601008176803588867e-01 2.262543514370918274e-02 1.351869106292724609e-02 1.601008176803588867e-01
5.270000000000000000e+05 2.162987552583217621e-02 1.345571875572204590e-02 1.603020876646041870e-01 2.162987552583217621e-02 1.345571875572204590e-02 1.603020876646041870e-01
5.280000000000000000e+05 2.516474202275276184e-02 1.339300628751516342e-02 1.618323475122451782e-01 2.516474202275276184e-02 1.339300628751516342e-02 1.618323475122451782e-01
5.290000000000000000e+05 2.309599705040454865e-02 1.352489367127418518e-02 1.598966568708419800e-01 2.309599705040454865e-02 1.352489367127418518e-02 1.598966568708419800e-01
5.300000000000000000e+05 2.328820712864398956e-02 1.347904186695814133e-02 1.604852676391601562e-01 2.328820712864398956e-02 1.347904186695814133e-02 1.604852676391601562e-01
5.310000000000000000e+05 2.173518016934394836e-02 1.345656905323266983e-02 1.595690250396728516e-01 2.173518016934394836e-02 1.345656905323266983e-02 1.595690250396728516e-01
5.320000000000000000e+05 2.325046248733997345e-02 1.347284484654664993e-02 1.616614162921905518e-01 2.325046248733997345e-02 1.347284484654664993e-02 1.616614162921905518e-01
5.330000000000000000e+05 2.197472751140594482e-02 1.347645465284585953e-02 1.584374606609344482e-01 2.197472751140594482e-02 1.347645465284585953e-02 1.584374606609344482e-01
5.340000000000000000e+05 2.506672032177448273e-02 1.346426270902156830e-02 1.603116095066070557e-01 2.506672032177448273e-02 1.346426270902156830e-02 1.603116095066070557e-01
5.350000000000000000e+05 2.324942499399185181e-02 1.337899453938007355e-02 1.614315211772918701e-01 2.324942499399185181e-02 1.337899453938007355e-02 1.614315211772918701e-01
5.360000000000000000e+05 2.154554612934589386e-02 1.348827965557575226e-02 1.592523604631423950e-01 2.154554612934589386e-02 1.348827965557575226e-02 1.592523604631423950e-01
5.370000000000000000e+05 2.607375010848045349e-02 1.343376189470291138e-02 1.600655317306518555e-01 2.607375010848045349e-02 1.343376189470291138e-02 1.600655317306518555e-01
5.380000000000000000e+05 2.350020594894886017e-02 1.346269529312849045e-02 1.591507494449615479e-01 2.350020594894886017e-02 1.346269529312849045e-02 1.591507494449615479e-01
5.390000000000000000e+05 2.253908291459083557e-02 1.346461940556764603e-02 1.610252261161804199e-01 2.253908291459083557e-02 1.346461940556764603e-02 1.610252261161804199e-01
5.400000000000000000e+05 2.153251320123672485e-02 1.337399985641241074e-02 1.583053767681121826e-01 2.153251320123672485e-02 1.337399985641241074e-02 1.583053767681121826e-01
5.410000000000000000e+05 2.175585925579071045e-02 1.348579023033380508e-02 1.605318337678909302e-01 2.175585925579071045e-02 1.348579023033380508e-02 1.605318337678909302e-01
5.420000000000000000e+05 2.244117856025695801e-02 1.345867197960615158e-02 1.601907610893249512e-01 2.244117856025695801e-02 1.345867197960615158e-02 1.601907610893249512e-01
5.430000000000000000e+05 2.404096722602844238e-02 1.345271524041891098e-02 1.649623513221740723e-01 2.404096722602844238e-02 1.345271524041891098e-02 1.649623513221740723e-01
5.440000000000000000e+05 2.171019837260246277e-02 1.339969877153635025e-02 1.590019762516021729e-01 2.171019837260246277e-02 1.339969877153635025e-02 1.590019762516021729e-01
5.450000000000000000e+05 2.108788862824440002e-02 1.346199214458465576e-02 1.582488417625427246e-01 2.108788862824440002e-02 1.346199214458465576e-02 1.582488417625427246e-01
5.460000000000000000e+05 2.176377922296524048e-02 1.339868735522031784e-02 1.601926535367965698e-01 2.176377922296524048e-02 1.339868735522031784e-02 1.601926535367965698e-01
5.470000000000000000e+05 2.311367914080619812e-02 1.345187798142433167e-02 1.584144830703735352e-01 2.311367914080619812e-02 1.345187798142433167e-02 1.584144830703735352e-01
5.480000000000000000e+05 2.386550791561603546e-02 1.349498890340328217e-02 1.601075083017349243e-01 2.386550791561603546e-02 1.349498890340328217e-02 1.601075083017349243e-01
5.490000000000000000e+05 2.041343413293361664e-02 1.340661570429801941e-02 1.572769433259963989e-01 2.041343413293361664e-02 1.340661570429801941e-02 1.572769433259963989e-01
5.500000000000000000e+05 2.102755941450595856e-02 1.339920796453952789e-02 1.575664877891540527e-01 2.102755941450595856e-02 1.339920796453952789e-02 1.575664877891540527e-01
5.510000000000000000e+05 2.204755134880542755e-02 1.338353287428617477e-02 1.588484942913055420e-01 2.204755134880542755e-02 1.338353287428617477e-02 1.588484942913055420e-01
5.520000000000000000e+05 2.142255194485187531e-02 1.341817062348127365e-02 1.564971357583999634e-01 2.142255194485187531e-02 1.341817062348127365e-02 1.564971357583999634e-01
5.530000000000000000e+05 2.176983281970024109e-02 1.342683937400579453e-02 1.568412035703659058e-01 2.176983281970024109e-02 1.342683937400579453e-02 1.568412035703659058e-01
5.540000000000000000e+05 2.203950099647045135e-02 1.338102761656045914e-02 1.602392941713333130e-01 2.203950099647045135e-02 1.338102761656045914e-02 1.602392941713333130e-01
5.550000000000000000e+05 2.320279553532600403e-02 1.330552436411380768e-02 1.608907878398895264e-01 2.320279553532600403e-02 1.330552436411380768e-02 1.608907878398895264e-01
5.560000000000000000e+05 2.013932913541793823e-02 1.337696891278028488e-02 1.558584272861480713e-01 2.013932913541793823e-02 1.337696891278028488e-02 1.558584272861480713e-01
5.570000000000000000e+05 2.218797057867050171e-02 1.340508460998535156e-02 1.587687730789184570e-01 2.218797057867050171e-02 1.340508460998535156e-02 1.587687730789184570e-01
5.580000000000000000e+05 2.235958725214004517e-02 1.329566165804862976e-02 1.600234955549240112e-01 2.235958725214004517e-02 1.329566165804862976e-02 1.600234955549240112e-01
5.590000000000000000e+05 2.107218094170093536e-02 1.335517689585685730e-02 1.574539691209793091e-01 2.107218094170093536e-02 1.335517689585685730e-02 1.574539691209793091e-01
5.600000000000000000e+05 2.209011465311050415e-02 1.337366551160812378e-02 1.587564647197723389e-01 2.209011465311050415e-02 1.337366551160812378e-02 1.587564647197723389e-01
5.610000000000000000e+05 2.170257084071636200e-02 1.339891832321882248e-02 1.573134064674377441e-01 2.170257084071636200e-02 1.339891832321882248e-02 1.573134064674377441e-01
5.620000000000000000e+05 2.361247316002845764e-02 1.332240086048841476e-02 1.581357717514038086e-01 2.361247316002845764e-02 1.332240086048841476e-02 1.581357717514038086e-01
5.630000000000000000e+05 2.042112499475479126e-02 1.336545404046773911e-02 1.573349386453628540e-01 2.042112499475479126e-02 1.336545404046773911e-02 1.573349386453628540e-01
5.640000000000000000e+05 2.202627621591091156e-02 1.338195241987705231e-02 1.564561575651168823e-01 2.202627621591091156e-02 1.338195241987705231e-02 1.564561575651168823e-01
5.650000000000000000e+05 2.068490535020828247e-02 1.336884219199419022e-02 1.575070321559906006e-01 2.068490535020828247e-02 1.336884219199419022e-02 1.575070321559906006e-01
5.660000000000000000e+05 2.122403122484683990e-02 1.336947735399007797e-02 1.555106043815612793e-01 2.122403122484683990e-02 1.336947735399007797e-02 1.555106043815612793e-01
5.670000000000000000e+05 2.307318337261676788e-02 1.338644418865442276e-02 1.562224775552749634e-01 2.307318337261676788e-02 1.338644418865442276e-02 1.562224775552749634e-01
5.680000000000000000e+05 2.176412008702754974e-02 1.335291657596826553e-02 1.595519781112670898e-01 2.176412008702754974e-02 1.335291657596826553e-02 1.595519781112670898e-01
5.690000000000000000e+05 2.111748047173023224e-02 1.337850186973810196e-02 1.567891091108322144e-01 2.111748047173023224e-02 1.337850186973810196e-02 1.567891091108322144e-01
5.700000000000000000e+05 2.256585285067558289e-02 1.335534546524286270e-02 1.562169343233108521e-01 2.256585285067558289e-02 1.335534546524286270e-02 1.562169343233108521e-01
5.710000000000000000e+05 2.046928368508815765e-02 1.337157003581523895e-02 1.569487005472183228e-01 2.046928368508815765e-02 1.337157003581523895e-02 1.569487005472183228e-01
5.720000000000000000e+05 2.194162271916866302e-02 1.329211145639419556e-02 1.588011085987091064e-01 2.194162271916866302e-02 1.329211145639419556e-02 1.588011085987091064e-01
5.730000000000000000e+05 2.230590768158435822e-02 1.330007519572973251e-02 1.559713929891586304e-01 2.230590768158435822e-02 1.330007519572973251e-02 1.559713929891586304e-01
5.740000000000000000e+05 2.030330896377563477e-02 1.335480622947216034e-02 1.544990092515945435e-01 2.030330896377563477e-02 1.335480622947216034e-02 1.544990092515945435e-01
5.750000000000000000e+05 2.140229754149913788e-02 1.331924088299274445e-02 1.552270203828811646e-01 2.140229754149913788e-02 1.331924088299274445e-02 1.552270203828811646e-01
5.760000000000000000e+05 2.463535033166408539e-02 1.330188103020191193e-02 1.576877832412719727e-01 2.463535033166408539e-02 1.330188103020191193e-02 1.576877832412719727e-01
5.770000000000000000e+05 2.047881111502647400e-02 1.330578327178955078e-02 1.557126343250274658e-01 2.047881111502647400e-02 1.330578327178955078e-02 1.557126343250274658e-01
5.780000000000000000e+05 2.159536071121692657e-02 1.329689566045999527e-02 1.545244455337524414e-01 2.159536071121692657e-02 1.329689566045999527e-02 1.545244455337524414e-01
5.790000000000000000e+05 2.161907963454723358e-02 1.334960665553808212e-02 1.544402390718460083e-01 2.161907963454723358e-02 1.334960665553808212e-02 1.544402390718460083e-01
5.800000000000000000e+05 2.042623609304428101e-02 1.330851949751377106e-02 1.554340869188308716e-01 2.042623609304428101e-02 1.330851949751377106e-02 1.554340869188308716e-01
5.810000000000000000e+05 2.149539627134799957e-02 1.330345217138528824e-02 1.571537852287292480e-01 2.149539627134799957e-02 1.330345217138528824e-02 1.571537852287292480e-01
5.820000000000000000e+05 2.153857611119747162e-02 1.338747981935739517e-02 1.547942012548446655e-01 2.153857611119747162e-02 1.338747981935739517e-02 1.547942012548446655e-01
5.830000000000000000e+05 2.081768400967121124e-02 1.331172138452529907e-02 1.539686173200607300e-01 2.081768400967121124e-02 1.331172138452529907e-02 1.539686173200607300e-01
5.840000000000000000e+05 2.102246135473251343e-02 1.328740455210208893e-02 1.535246372222900391e-01 2.102246135473251343e-02 1.328740455210208893e-02 1.535246372222900391e-01
5.850000000000000000e+05 2.261544764041900635e-02 1.332864537835121155e-02 1.576964557170867920e-01 2.261544764041900635e-02 1.332864537835121155e-02 1.576964557170867920e-01
5.860000000000000000e+05 2.292352356016635895e-02 1.329689193516969681e-02 1.539709419012069702e-01 2.292352356016635895e-02 1.329689193516969681e-02 1.539709419012069702e-01
5.870000000000000000e+05 2.071948722004890442e-02 1.330004259943962097e-02 1.537540555000305176e-01 2.071948722004890442e-02 1.330004259943962097e-02 1.537540555000305176e-01
5.880000000000000000e+05 2.289672382175922394e-02 1.331155840307474136e-02 1.567755192518234253e-01 2.289672382175922394e-02 1.331155840307474136e-02 1.567755192518234253e-01
5.890000000000000000e+05 2.122620679438114166e-02 1.329821441322565079e-02 1.553407460451126099e-01 2.122620679438114166e-02 1.329821441322565079e-02 1.553407460451126099e-01
5.900000000000000000e+05 2.080024406313896179e-02 1.335522159934043884e-02 1.534175723791122437e-01 2.080024406313896179e-02 1.335522159934043884e-02 1.534175723791122437e-01
5.910000000000000000e+05 2.138084359467029572e-02 1.331268623471260071e-02 1.540266722440719604e-01 2.138084359467029572e-02 1.331268623471260071e-02 1.540266722440719604e-01
5.920000000000000000e+05 2.270600385963916779e-02 1.333209220319986343e-02 1.533418595790863037e-01 2.270600385963916779e-02 1.333209220319986343e-02 1.533418595790863037e-01
5.930000000000000000e+05 2.309131994843482971e-02 1.330561749637126923e-02 1.596183031797409058e-01 2.309131994843482971e-02 1.330561749637126923e-02 1.596183031797409058e-01
5.940000000000000000e+05 2.146696858108043671e-02 1.335728820413351059e-02 1.550231873989105225e-01 2.146696858108043671e-02 1.335728820413351059e-02 1.550231873989105225e-01
5.950000000000000000e+05 1.985268481075763702e-02 1.334779895842075348e-02 1.532796472311019897e-01 1.985268481075763702e-02 1.334779895842075348e-02 1.532796472311019897e-01
5.960000000000000000e+05 2.128802239894866943e-02 1.328496728092432022e-02 1.558747887611389160e-01 2.128802239894866943e-02 1.328496728092432022e-02 1.558747887611389160e-01
5.970000000000000000e+05 2.024390734732151031e-02 1.327477395534515381e-02 1.531003117561340332e-01 2.024390734732151031e-02 1.327477395534515381e-02 1.531003117561340332e-01
5.980000000000000000e+05 2.056893892586231232e-02 1.325222011655569077e-02 1.538926064968109131e-01 2.056893892586231232e-02 1.325222011655569077e-02 1.538926064968109131e-01
5.990000000000000000e+05 2.189104259014129639e-02 1.338004227727651596e-02 1.561287045478820801e-01 2.189104259014129639e-02 1.338004227727651596e-02 1.561287045478820801e-01
6.000000000000000000e+05 2.139525860548019409e-02 1.323890592902898788e-02 1.529114842414855957e-01 2.139525860548019409e-02 1.323890592902898788e-02 1.529114842414855957e-01
6.010000000000000000e+05 2.298679202795028687e-02 1.318652648478746414e-02 1.543646752834320068e-01 2.298679202795028687e-02 1.318652648478746414e-02 1.543646752834320068e-01
6.020000000000000000e+05 2.051283977925777435e-02 1.324796210974454880e-02 1.515661180019378662e-01 2.051283977925777435e-02 1.324796210974454880e-02 1.515661180019378662e-01
6.030000000000000000e+05 2.062824927270412445e-02 1.324985176324844360e-02 1.532199978828430176e-01 2.062824927270412445e-02 1.324985176324844360e-02 1.532199978828430176e-01
6.040000000000000000e+05 2.002754248678684235e-02 1.326109841465950012e-02 1.516986340284347534e-01 2.002754248678684235e-02 1.326109841465950012e-02 1.516986340284347534e-01
6.050000000000000000e+05 1.990158483386039734e-02 1.323823351413011551e-02 1.520137935876846313e-01 1.990158483386039734e-02 1.323823351413011551e-02 1.520137935876846313e-01
6.060000000000000000e+05 2.127372846007347107e-02 1.333324331790208817e-02 1.575691401958465576e-01 2.127372846007347107e-02 1.333324331790208817e-02 1.575691401958465576e-01
6.070000000000000000e+05 2.032543160021305084e-02 1.326457411050796509e-02 1.524983048439025879e-01 2.032543160021305084e-02 1.326457411050796509e-02 1.524983048439025879e-01
6.080000000000000000e+05 1.954817771911621094e-02 1.324299536645412445e-02 1.521354019641876221e-01 1.954817771911621094e-02 1.324299536645412445e-02 1.521354019641876221e-01
6.090000000000000000e+05 2.115154452621936798e-02 1.324066985398530960e-02 1.517618000507354736e-01 2.115154452621936798e-02 1.324066985398530960e-02 1.517618000507354736e-01
6.100000000000000000e+05 1.978612318634986877e-02 1.319565530866384506e-02 1.509162038564682007e-01 1.978612318634986877e-02 1.319565530866384506e-02 1.509162038564682007e-01
6.110000000000000000e+05 2.168776281177997589e-02 1.332220621407032013e-02 1.514154970645904541e-01 2.168776281177997589e-02 1.332220621407032013e-02 1.514154970645904541e-01
6.120000000000000000e+05 1.916364952921867371e-02 1.326998323202133179e-02 1.517337560653686523e-01 1.916364952921867371e-02 1.326998323202133179e-02 1.517337560653686523e-01
6.130000000000000000e+05 1.910258457064628601e-02 1.326063740998506546e-02 1.513111442327499390e-01 1.910258457064628601e-02 1.326063740998506546e-02 1.513111442327499390e-01
6.140000000000000000e+05 2.070978656411170959e-02 1.329520344734191895e-02 1.520508229732513428e-01 2.070978656411170959e-02 1.329520344734191895e-02 1.520508229732513428e-01
6.150000000000000000e+05 1.973177678883075714e-02 1.324900984764099121e-02 1.515622884035110474e-01 1.973177678883075714e-02 1.324900984764099121e-02 1.515622884035110474e-01
6.160000000000000000e+05 1.879442669451236725e-02 1.328536868095397949e-02 1.507451832294464111e-01 1.879442669451236725e-02 1.328536868095397949e-02 1.507451832294464111e-01
6.170000000000000000e+05 2.089919149875640869e-02 1.324976608157157898e-02 1.527935713529586792e-01 2.089919149875640869e-02 1.324976608157157898e-02 1.527935713529586792e-01
6.180000000000000000e+05 2.067965455353260040e-02 1.327061373740434647e-02 1.523898094892501831e-01 2.067965455353260040e-02 1.327061373740434647e-02 1.523898094892501831e-01
6.190000000000000000e+05 2.027199603617191315e-02 1.321782823652029037e-02 1.522236019372940063e-01 2.027199603617191315e-02 1.321782823652029037e-02 1.522236019372940063e-01
6.200000000000000000e+05 1.960665360093116760e-02 1.327465195208787918e-02 1.515033394098281860e-01 1.960665360093116760e-02 1.327465195208787918e-02 1.515033394098281860e-01
6.210000000000000000e+05 1.980984397232532501e-02 1.329937577247619629e-02 1.517995446920394897e-01 1.980984397232532501e-02 1.329937577247619629e-02 1.517995446920394897e-01
6.220000000000000000e+05 2.011347375810146332e-02 1.323119550943374634e-02 1.507937312126159668e-01 2.011347375810146332e-02 1.323119550943374634e-02 1.507937312126159668e-01
6.230000000000000000e+05 1.949101127684116364e-02 1.323300041258335114e-02 1.515590250492095947e-01 1.949101127684116364e-02 1.323300041258335114e-02 1.515590250492095947e-01
6.240000000000000000e+05 2.028776146471500397e-02 1.321507617831230164e-02 1.496220976114273071e-01 2.028776146471500397e-02 1.321507617831230164e-02 1.496220976114273071e-01
6.250000000000000000e+05 2.179584093391895294e-02 1.328266505151987076e-02 1.512477397918701172e-01 2.179584093391895294e-02 1.328266505151987076e-02 1.512477397918701172e-01
6.260000000000000000e+05 1.992876268923282623e-02 1.326321810483932495e-02 1.505431681871414185e-01 1.992876268923282623e-02 1.326321810483932495e-02 1.505431681871414185e-01
6.270000000000000000e+05 2.027643844485282898e-02 1.329163555055856705e-02 1.502798497676849365e-01 2.027643844485282898e-02 1.329163555055856705e-02 1.502798497676849365e-01
6.280000000000000000e+05 1.981082186102867126e-02 1.321088522672653198e-02 1.498360782861709595e-01 1.981082186102867126e-02 1.321088522672653198e-02 1.498360782861709595e-01
6.290000000000000000e+05 2.047909051179885864e-02 1.323332265019416809e-02 1.492267102003097534e-01 2.047909051179885864e-02 1.323332265019416809e-02 1.492267102003097534e-01
6.300000000000000000e+05 2.060452848672866821e-02 1.316316146403551102e-02 1.500039398670196533e-01 2.060452848672866821e-02 1.316316146403551102e-02 1.500039398670196533e-01
6.310000000000000000e+05 1.971702836453914642e-02 1.322380825877189636e-02 1.501247733831405640e-01 1.971702836453914642e-02 1.322380825877189636e-02 1.501247733831405640e-01
6.320000000000000000e+05 2.217323519289493561e-02 1.323982421308755875e-02 1.537483483552932739e-01 2.217323519289493561e-02 1.323982421308755875e-02 1.537483483552932739e-01
6.330000000000000000e+05 2.158578857779502869e-02 1.336771063506603241e-02 1.541075110435485840e-01 2.158578857779502869e-02 1.336771063506603241e-02 1.541075110435485840e-01
6.340000000000000000e+05 1.964114420115947723e-02 1.329063624143600464e-02 1.522843539714813232e-01 1.964114420115947723e-02 1.329063624143600464e-02 1.522843539714813232e-01
6.350000000000000000e+05 1.947491988539695740e-02 1.318805478513240814e-02 1.507925689220428467e-01 1.947491988539695740e-02 1.318805478513240814e-02 1.507925689220428467e-01
6.360000000000000000e+05 2.007495425641536713e-02 1.319656521081924438e-02 1.510002166032791138e-01 2.007495425641536713e-02 1.319656521081924438e-02 1.510002166032791138e-01
6.370000000000000000e+05 1.880479045212268829e-02 1.326372940093278885e-02 1.489817351102828979e-01 1.880479045212268829e-02 1.326372940093278885e-02 1.489817351102828979e-01
6.380000000000000000e+05 1.998372375965118408e-02 1.320441346615552902e-02 1.484991461038589478e-01 1.998372375965118408e-02 1.320441346615552902e-02 1.484991461038589478e-01
6.390000000000000000e+05 2.181543596088886261e-02 1.326879300177097321e-02 1.483024209737777710e-01 2.181543596088886261e-02 1.326879300177097321e-02 1.483024209737777710e-01
6.400000000000000000e+05 1.984685473144054413e-02 1.326598785817623138e-02 1.493692398071289062e-01 1.984685473144054413e-02 1.326598785817623138e-02 1.493692398071289062e-01
6.410000000000000000e+05 2.141310088336467743e-02 1.323650404810905457e-02 1.524436771869659424e-01 2.141310088336467743e-02 1.323650404810905457e-02 1.524436771869659424e-01
6.420000000000000000e+05 2.116864733397960663e-02 1.325056049972772598e-02 1.489579379558563232e-01 2.116864733397960663e-02 1.325056049972772598e-02 1.489579379558563232e-01
6.430000000000000000e+05 2.093817479908466339e-02 1.322323922067880630e-02 1.478839367628097534e-01 2.093817479908466339e-02 1.322323922067880630e-02 1.478839367628097534e-01
6.440000000000000000e+05 2.041502669453620911e-02 1.320737693458795547e-02 1.479090303182601929e-01 2.041502669453620911e-02 1.320737693458795547e-02 1.479090303182601929e-01
6.450000000000000000e+05 2.062288299202919006e-02 1.328730210661888123e-02 1.490461677312850952e-01 2.062288299202919006e-02 1.328730210661888123e-02 1.490461677312850952e-01
6.460000000000000000e+05 2.108298055827617645e-02 1.322678290307521820e-02 1.494302898645401001e-01 2.108298055827617645e-02 1.322678290307521820e-02 1.494302898645401001e-01
6.470000000000000000e+05 1.979295350611209869e-02 1.325183920562267303e-02 1.471165865659713745e-01 1.979295350611209869e-02 1.325183920562267303e-02 1.471165865659713745e-01
6.480000000000000000e+05 2.063816599547863007e-02 1.322329882532358170e-02 1.497239172458648682e-01 2.063816599547863007e-02 1.322329882532358170e-02 1.497239172458648682e-01
6.490000000000000000e+05 1.861046254634857178e-02 1.324795372784137726e-02 1.465577334165573120e-01 1.861046254634857178e-02 1.324795372784137726e-02 1.465577334165573120e-01
6.500000000000000000e+05 1.998000219464302063e-02 1.318801473826169968e-02 1.467099934816360474e-01 1.998000219464302063e-02 1.318801473826169968e-02 1.467099934816360474e-01
6.510000000000000000e+05 1.894737407565116882e-02 1.318671647459268570e-02 1.468568444252014160e-01 1.894737407565116882e-02 1.318671647459268570e-02 1.468568444252014160e-01
6.520000000000000000e+05 1.908252015709877014e-02 1.322003453969955444e-02 1.489883363246917725e-01 1.908252015709877014e-02 1.322003453969955444e-02 1.489883363246917725e-01
6.530000000000000000e+05 2.004745043814182281e-02 1.325477845966815948e-02 1.475131213665008545e-01 2.004745043814182281e-02 1.325477845966815948e-02 1.475131213665008545e-01
6.540000000000000000e+05 1.926428824663162231e-02 1.321239303797483444e-02 1.460663825273513794e-01 1.926428824663162231e-02 1.321239303797483444e-02 1.460663825273513794e-01
6.550000000000000000e+05 1.911826618015766144e-02 1.323189400136470795e-02 1.468492895364761353e-01 1.911826618015766144e-02 1.323189400136470795e-02 1.468492895364761353e-01
6.560000000000000000e+05 1.900704391300678253e-02 1.320568565279245377e-02 1.466366350650787354e-01 1.900704391300678253e-02 1.320568565279245377e-02 1.466366350650787354e-01
6.570000000000000000e+05 1.820271275937557220e-02 1.322297751903533936e-02 1.453382074832916260e-01 1.820271275937557220e-02 1.322297751903533936e-02 1.453382074832916260e-01
6.580000000000000000e+05 1.890304498374462128e-02 1.316363550722599030e-02 1.452844291925430298e-01 1.890304498374462128e-02 1.316363550722599030e-02 1.452844291925430298e-01
6.590000000000000000e+05 1.928257755935192108e-02 1.316983159631490707e-02 1.467510312795639038e-01 1.928257755935192108e-02 1.316983159631490707e-02 1.467510312795639038e-01
6.600000000000000000e+05 1.826425641775131226e-02 1.326310541480779648e-02 1.444797217845916748e-01 1.826425641775131226e-02 1.326310541480779648e-02 1.444797217845916748e-01
6.610000000000000000e+05 1.875061728060245514e-02 1.312126033008098602e-02 1.442656815052032471e-01 1.875061728060245514e-02 1.312126033008098602e-02 1.442656815052032471e-01
6.620000000000000000e+05 1.825186796486377716e-02 1.322444528341293335e-02 1.456196308135986328e-01 1.825186796486377716e-02 1.322444528341293335e-02 1.456196308135986328e-01
6.630000000000000000e+05 1.926390454173088074e-02 1.313877478241920471e-02 1.457264870405197144e-01 1.926390454173088074e-02 1.313877478241920471e-02 1.457264870405197144e-01
6.640000000000000000e+05 1.888574473559856415e-02 1.318684872239828110e-02 1.446709334850311279e-01 1.888574473559856415e-02 1.318684872239828110e-02 1.446709334850311279e-01
6.650000000000000000e+05 1.840089261531829834e-02 1.315492205321788788e-02 1.455141305923461914e-01 1.840089261531829834e-02 1.315492205321788788e-02 1.455141305923461914e-01
6.660000000000000000e+05 1.852019317448139191e-02 1.319264154881238937e-02 1.448619365692138672e-01 1.852019317448139191e-02 1.319264154881238937e-02 1.448619365692138672e-01
6.670000000000000000e+05 1.985750906169414520e-02 1.308435667306184769e-02 1.443713605403900146e-01 1.985750906169414520e-02 1.308435667306184769e-02 1.443713605403900146e-01
6.680000000000000000e+05 1.909281313419342041e-02 1.320149842649698257e-02 1.466442942619323730e-01 1.909281313419342041e-02 1.320149842649698257e-02 1.466442942619323730e-01
6.690000000000000000e+05 2.218801155686378479e-02 1.318834815174341202e-02 1.443896740674972534e-01 2.218801155686378479e-02 1.318834815174341202e-02 1.443896740674972534e-01
6.700000000000000000e+05 2.394462563097476959e-02 1.317230518907308578e-02 1.469457447528839111e-01 2.394462563097476959e-02 1.317230518907308578e-02 1.469457447528839111e-01
6.710000000000000000e+05 2.005153335630893707e-02 1.318123657256364822e-02 1.445715725421905518e-01 2.005153335630893707e-02 1.318123657256364822e-02 1.445715725421905518e-01
6.720000000000000000e+05 1.825120672583580017e-02 1.320202182978391647e-02 1.436179131269454956e-01 1.825120672583580017e-02 1.320202182978391647e-02 1.436179131269454956e-01
6.730000000000000000e+05 1.861703023314476013e-02 1.316445786505937576e-02 1.444972008466720581e-01 1.861703023314476013e-02 1.316445786505937576e-02 1.444972008466720581e-01
6.740000000000000000e+05 1.790955662727355957e-02 1.317142043262720108e-02 1.431928128004074097e-01 1.790955662727355957e-02 1.317142043262720108e-02 1.431928128004074097e-01
6.750000000000000000e+05 2.082432247698307037e-02 1.306981407105922699e-02 1.452830284833908081e-01 2.082432247698307037e-02 1.306981407105922699e-02 1.452830284833908081e-01
6.760000000000000000e+05 1.808938942849636078e-02 1.313137542456388474e-02 1.425344049930572510e-01 1.808938942849636078e-02 1.313137542456388474e-02 1.425344049930572510e-01
6.770000000000000000e+05 1.875934191048145294e-02 1.321513019502162933e-02 1.434725522994995117e-01 1.875934191048145294e-02 1.321513019502162933e-02 1.434725522994995117e-01
6.780000000000000000e+05 1.889623329043388367e-02 1.315239630639553070e-02 1.420884728431701660e-01 1.889623329043388367e-02 1.315239630639553070e-02 1.420884728431701660e-01
6.790000000000000000e+05 2.065281942486763000e-02 1.317111961543560028e-02 1.484683007001876831e-01 2.065281942486763000e-02 1.317111961543560028e-02 1.484683007001876831e-01
6.800000000000000000e+05 2.047191187739372253e-02 1.311064790934324265e-02 1.427833735942840576e-01 2.047191187739372253e-02 1.311064790934324265e-02 1.427833735942840576e-01
6.810000000000000000e+05 1.963446289300918579e-02 1.314300857484340668e-02 1.476816087961196899e-01 1.963446289300918579e-02 1.314300857484340668e-02 1.476816087961196899e-01
6.820000000000000000e+05 1.926078833639621735e-02 1.315148919820785522e-02 1.443409174680709839e-01 1.926078833639621735e-02 1.315148919820785522e-02 1.443409174680709839e-01
6.830000000000000000e+05 2.129749767482280731e-02 1.315680891275405884e-02 1.423798799514770508e-01 2.129749767482280731e-02 1.315680891275405884e-02 1.423798799514770508e-01
6.840000000000000000e+05 2.009046822786331177e-02 1.314211916178464890e-02 1.458964198827743530e-01 2.009046822786331177e-02 1.314211916178464890e-02 1.458964198827743530e-01
6.850000000000000000e+05 1.792411506175994873e-02 1.311349216848611832e-02 1.424524188041687012e-01 1.792411506175994873e-02 1.311349216848611832e-02 1.424524188041687012e-01
6.860000000000000000e+05 1.923875883221626282e-02 1.304392237216234207e-02 1.438245624303817749e-01 1.923875883221626282e-02 1.304392237216234207e-02 1.438245624303817749e-01
6.870000000000000000e+05 1.989168301224708557e-02 1.310462038964033127e-02 1.411950737237930298e-01 1.989168301224708557e-02 1.310462038964033127e-02 1.411950737237930298e-01
6.880000000000000000e+05 1.873205788433551788e-02 1.304712798446416855e-02 1.415740251541137695e-01 1.873205788433551788e-02 1.304712798446416855e-02 1.415740251541137695e-01
6.890000000000000000e+05 1.826933585107326508e-02 1.314756833016872406e-02 1.429535746574401855e-01 1.826933585107326508e-02 1.314756833016872406e-02 1.429535746574401855e-01
6.900000000000000000e+05 1.843075826764106750e-02 1.304638199508190155e-02 1.415380984544754028e-01 1.843075826764106750e-02 1.304638199508190155e-02 1.415380984544754028e-01
6.910000000000000000e+05 1.942100375890731812e-02 1.311415899544954300e-02 1.430009901523590088e-01 1.942100375890731812e-02 1.311415899544954300e-02 1.430009901523590088e-01
6.920000000000000000e+05 1.815165393054485321e-02 1.310765743255615234e-02 1.412658691406250000e-01 1.815165393054485321e-02 1.310765743255615234e-02 1.412658691406250000e-01
6.930000000000000000e+05 1.894868165254592896e-02 1.318329107016324997e-02 1.406182348728179932e-01 1.894868165254592896e-02 1.318329107016324997e-02 1.406182348728179932e-01
6.940000000000000000e+05 1.806114241480827332e-02 1.314107794314622879e-02 1.414576619863510132e-01 1.806114241480827332e-02 1.314107794314622879e-02 1.414576619863510132e-01
6.950000000000000000e+05 1.849201321601867676e-02 1.311955042183399200e-02 1.416163593530654907e-01 1.849201321601867676e-02 1.311955042183399200e-02 1.416163593530654907e-01
6.960000000000000000e+05 1.972883567214012146e-02 1.309723593294620514e-02 1.411707997322082520e-01 1.972883567214012146e-02 1.309723593294620514e-02 1.411707997322082520e-01
6.970000000000000000e+05 1.911488920450210571e-02 1.313793938606977463e-02 1.412447839975357056e-01 1.911488920450210571e-02 1.313793938606977463e-02 1.412447839975357056e-01
6.980000000000000000e+05 1.993028260767459869e-02 1.305230241268873215e-02 1.408414840698242188e-01 1.993028260767459869e-02 1.305230241268873215e-02 1.408414840698242188e-01
6.990000000000000000e+05 1.817161403596401215e-02 1.303253602236509323e-02 1.403115838766098022e-01 1.817161403596401215e-02 1.303253602236509323e-02 1.403115838766098022e-01
7.000000000000000000e+05 1.772615313529968262e-02 1.310672424733638763e-02 1.401141583919525146e-01 1.772615313529968262e-02 1.310672424733638763e-02 1.401141583919525146e-01
7.010000000000000000e+05 1.866001449525356293e-02 1.309599261730909348e-02 1.409428715705871582e-01 1.866001449525356293e-02 1.309599261730909348e-02 1.409428715705871582e-01
7.020000000000000000e+05 1.729793287813663483e-02 1.307661924511194229e-02 1.403542757034301758e-01 1.729793287813663483e-02 1.307661924511194229e-02 1.403542757034301758e-01
7.030000000000000000e+05 2.178719080984592438e-02 1.312813255935907364e-02 1.392767429351806641e-01 2.178719080984592438e-02 1.312813255935907364e-02 1.392767429351806641e-01
7.040000000000000000e+05 1.799078099429607391e-02 1.307570375502109528e-02 1.393779814243316650e-01 1.799078099429607391e-02 1.307570375502109528e-02 1.393779814243316650e-01
7.050000000000000000e+05 1.772114261984825134e-02 1.309421472251415253e-02 1.394615173339843750e-01 1.772114261984825134e-02 1.309421472251415253e-02 1.394615173339843750e-01
7.060000000000000000e+05 1.864503137767314911e-02 1.304939296096563339e-02 1.398199051618576050e-01 1.864503137767314911e-02 1.304939296096563339e-02 1.398199051618576050e-01
7.070000000000000000e+05 1.827322132885456085e-02 1.312974933534860611e-02 1.383094787597656250e-01 1.827322132885456085e-02 1.312974933534860611e-02 1.383094787597656250e-01
7.080000000000000000e+05 1.788013614714145660e-02 1.310610491782426834e-02 1.400173455476760864e-01 1.788013614714145660e-02 1.310610491782426834e-02 1.400173455476760864e-01
7.090000000000000000e+05 1.694640144705772400e-02 1.306394580751657486e-02 1.375440210103988647e-01 1.694640144705772400e-02 1.306394580751657486e-02 1.375440210103988647e-01
7.100000000000000000e+05 1.995116658508777618e-02 1.313222385942935944e-02 1.397230774164199829e-01 1.995116658508777618e-02 1.313222385942935944e-02 1.397230774164199829e-01
7.110000000000000000e+05 1.856609247624874115e-02 1.301919389516115189e-02 1.396013945341110229e-01 1.856609247624874115e-02 1.301919389516115189e-02 1.396013945341110229e-01
7.120000000000000000e+05 1.771360263228416443e-02 1.303829252719879150e-02 1.384595632553100586e-01 1.771360263228416443e-02 1.303829252719879150e-02 1.384595632553100586e-01
7.130000000000000000e+05 1.791035942733287811e-02 1.303403172641992569e-02 1.385899484157562256e-01 1.791035942733287811e-02 1.303403172641992569e-02 1.385899484157562256e-01
7.140000000000000000e+05 1.702541671693325043e-02 1.307745650410652161e-02 1.381059736013412476e-01 1.702541671693325043e-02 1.307745650410652161e-02 1.381059736013412476e-01
7.150000000000000000e+05 1.883143745362758636e-02 1.298511121422052383e-02 1.379337906837463379e-01 1.883143745362758636e-02 1.298511121422052383e-02 1.379337906837463379e-01
7.160000000000000000e+05 1.752929762005805969e-02 1.312514767050743103e-02 1.386367976665496826e-01 1.752929762005805969e-02 1.312514767050743103e-02 1.386367976665496826e-01
7.170000000000000000e+05 1.907322183251380920e-02 1.311811432242393494e-02 1.378526240587234497e-01 1.907322183251380920e-02 1.311811432242393494e-02 1.378526240587234497e-01
7.180000000000000000e+05 1.744807884097099304e-02 1.306609902530908585e-02 1.372212469577789307e-01 1.744807884097099304e-02 1.306609902530908585e-02 1.372212469577789307e-01
7.190000000000000000e+05 1.745863258838653564e-02 1.301641389727592468e-02 1.379202306270599365e-01 1.745863258838653564e-02 1.301641389727592468e-02 1.379202306270599365e-01
7.200000000000000000e+05 1.745827309787273407e-02 1.310106832534074783e-02 1.377524286508560181e-01 1.745827309787273407e-02 1.310106832534074783e-02 1.377524286508560181e-01
7.210000000000000000e+05 1.934552192687988281e-02 1.307697687298059464e-02 1.378523558378219604e-01 1.934552192687988281e-02 1.307697687298059464e-02 1.378523558378219604e-01
7.220000000000000000e+05 1.717511750757694244e-02 1.304954476654529572e-02 1.366409808397293091e-01 1.717511750757694244e-02 1.304954476654529572e-02 1.366409808397293091e-01
7.230000000000000000e+05 1.694698259234428406e-02 1.307618338614702225e-02 1.386866718530654907e-01 1.694698259234428406e-02 1.307618338614702225e-02 1.386866718530654907e-01
7.240000000000000000e+05 1.727468520402908325e-02 1.302426028996706009e-02 1.383193135261535645e-01 1.727468520402908325e-02 1.302426028996706009e-02 1.383193135261535645e-01
7.250000000000000000e+05 1.915705017745494843e-02 1.304664555937051773e-02 1.364246755838394165e-01 1.915705017745494843e-02 1.304664555937051773e-02 1.364246755838394165e-01
7.260000000000000000e+05 1.639572530984878540e-02 1.306786201894283295e-02 1.358596235513687134e-01 1.639572530984878540e-02 1.306786201894283295e-02 1.358596235513687134e-01
7.270000000000000000e+05 1.671618036925792694e-02 1.301495637744665146e-02 1.373199373483657837e-01 1.671618036925792694e-02 1.301495637744665146e-02 1.373199373483657837e-01
7.280000000000000000e+05 1.715033315122127533e-02 1.304545067250728607e-02 1.372583955526351929e-01 1.715033315122127533e-02 1.304545067250728607e-02 1.372583955526351929e-01
7.290000000000000000e+05 1.774435862898826599e-02 1.303524058312177658e-02 1.353249698877334595e-01 1.774435862898826599e-02 1.303524058312177658e-02 1.353249698877334595e-01
7.300000000000000000e+05 1.890742778778076172e-02 1.305732969194650650e-02 1.372301131486892700e-01 1.890742778778076172e-02 1.305732969194650650e-02 1.372301131486892700e-01
7.310000000000000000e+05 1.732670329511165619e-02 1.310468651354312897e-02 1.382510215044021606e-01 1.732670329511165619e-02 1.310468651354312897e-02 1.382510215044021606e-01
7.320000000000000000e+05 1.726074144244194031e-02 1.305073779076337814e-02 1.375613361597061157e-01 1.726074144244194031e-02 1.305073779076337814e-02 1.375613361597061157e-01
7.330000000000000000e+05 1.832071319222450256e-02 1.312676072120666504e-02 1.362645328044891357e-01 1.832071319222450256e-02 1.312676072120666504e-02 1.362645328044891357e-01
7.340000000000000000e+05 1.700600795447826385e-02 1.301539689302444458e-02 1.352989971637725830e-01 1.700600795447826385e-02 1.301539689302444458e-02 1.352989971637725830e-01
7.350000000000000000e+05 1.805758289992809296e-02 1.301575731486082077e-02 1.383929550647735596e-01 1.805758289992809296e-02 1.301575731486082077e-02 1.383929550647735596e-01
7.360000000000000000e+05 1.724672317504882812e-02 1.305492594838142395e-02 1.356690227985382080e-01 1.724672317504882812e-02 1.305492594838142395e-02 1.356690227985382080e-01
7.370000000000000000e+05 1.976676099002361298e-02 1.302477438002824783e-02 1.350838989019393921e-01 1.976676099002361298e-02 1.302477438002824783e-02 1.350838989019393921e-01
7.380000000000000000e+05 1.642332039773464203e-02 1.303195022046566010e-02 1.343476474285125732e-01 1.642332039773464203e-02 1.303195022046566010e-02 1.343476474285125732e-01
7.390000000000000000e+05 1.683583483099937439e-02 1.307815685868263245e-02 1.361388564109802246e-01 1.683583483099937439e-02 1.307815685868263245e-02 1.361388564109802246e-01
7.400000000000000000e+05 1.818653568625450134e-02 1.300165615975856781e-02 1.351289302110671997e-01 1.818653568625450134e-02 1.300165615975856781e-02 1.351289302110671997e-01
7.410000000000000000e+05 1.661100797355175018e-02 1.306880079209804535e-02 1.348098516464233398e-01 1.661100797355175018e-02 1.306880079209804535e-02 1.348098516464233398e-01
7.420000000000000000e+05 1.757189258933067322e-02 1.302202232182025909e-02 1.354819238185882568e-01 1.757189258933067322e-02 1.302202232182025909e-02 1.354819238185882568e-01
7.430000000000000000e+05 1.755888760089874268e-02 1.302502397447824478e-02 1.357377320528030396e-01 1.755888760089874268e-02 1.302502397447824478e-02 1.357377320528030396e-01
7.440000000000000000e+05 1.730856671929359436e-02 1.303550787270069122e-02 1.359152197837829590e-01 1.730856671929359436e-02 1.303550787270069122e-02 1.359152197837829590e-01
7.450000000000000000e+05 1.756248250603675842e-02 1.308416482061147690e-02 1.346496343612670898e-01 1.756248250603675842e-02 1.308416482061147690e-02 1.346496343612670898e-01
7.460000000000000000e+05 1.748036593198776245e-02 1.296840794384479523e-02 1.351035982370376587e-01 1.748036593198776245e-02 1.296840794384479523e-02 1.351035982370376587e-01
7.470000000000000000e+05 1.729977689683437347e-02 1.305040344595909119e-02 1.359156370162963867e-01 1.729977689683437347e-02 1.305040344595909119e-02 1.359156370162963867e-01
7.480000000000000000e+05 1.671343110501766205e-02 1.300427969545125961e-02 1.337858438491821289e-01 1.671343110501766205e-02 1.300427969545125961e-02 1.337858438491821289e-01
7.490000000000000000e+05 1.713848486542701721e-02 1.308549568057060242e-02 1.343901008367538452e-01 1.713848486542701721e-02 1.308549568057060242e-02 1.343901008367538452e-01
7.500000000000000000e+05 1.751911640167236328e-02 1.306249946355819702e-02 1.343022733926773071e-01 1.751911640167236328e-02 1.306249946355819702e-02 1.343022733926773071e-01
7.510000000000000000e+05 1.752405427396297455e-02 1.306837331503629684e-02 1.361049115657806396e-01 1.752405427396297455e-02 1.306837331503629684e-02 1.361049115657806396e-01
7.520000000000000000e+05 1.771017350256443024e-02 1.305434107780456543e-02 1.343732923269271851e-01 1.771017350256443024e-02 1.305434107780456543e-02 1.343732923269271851e-01
7.530000000000000000e+05 2.170014195144176483e-02 1.307100709527730942e-02 1.347596049308776855e-01 2.170014195144176483e-02 1.307100709527730942e-02 1.347596049308776855e-01
7.540000000000000000e+05 1.709272153675556183e-02 1.311677135527133942e-02 1.340712755918502808e-01 1.709272153675556183e-02 1.311677135527133942e-02 1.340712755918502808e-01
7.550000000000000000e+05 1.642611250281333923e-02 1.302323210984468460e-02 1.337165534496307373e-01 1.642611250281333923e-02 1.302323210984468460e-02 1.337165534496307373e-01
7.560000000000000000e+05 1.909575238823890686e-02 1.307353563606739044e-02 1.353906095027923584e-01 1.909575238823890686e-02 1.307353563606739044e-02 1.353906095027923584e-01
7.570000000000000000e+05 1.940432563424110413e-02 1.301726512610912323e-02 1.356664299964904785e-01 1.940432563424110413e-02 1.301726512610912323e-02 1.356664299964904785e-01
7.580000000000000000e+05 1.778024248778820038e-02 1.304144412279129028e-02 1.345604360103607178e-01 1.778024248778820038e-02 1.304144412279129028e-02 1.345604360103607178e-01
7.590000000000000000e+05 1.777728833258152008e-02 1.302840560674667358e-02 1.344969272613525391e-01 1.777728833258152008e-02 1.302840560674667358e-02 1.344969272613525391e-01
7.600000000000000000e+05 1.826597005128860474e-02 1.300691720098257065e-02 1.336379945278167725e-01 1.826597005128860474e-02 1.300691720098257065e-02 1.336379945278167725e-01
7.610000000000000000e+05 1.596497558057308197e-02 1.309633906930685043e-02 1.336224526166915894e-01 1.596497558057308197e-02 1.309633906930685043e-02 1.336224526166915894e-01
7.620000000000000000e+05 1.688159443438053131e-02 1.302250474691390991e-02 1.344018578529357910e-01 1.688159443438053131e-02 1.302250474691390991e-02 1.344018578529357910e-01
7.630000000000000000e+05 1.737485826015472412e-02 1.304806768894195557e-02 1.336441636085510254e-01 1.737485826015472412e-02 1.304806768894195557e-02 1.336441636085510254e-01
7.640000000000000000e+05 1.695400290191173553e-02 1.307038962841033936e-02 1.326167136430740356e-01 1.695400290191173553e-02 1.307038962841033936e-02 1.326167136430740356e-01
7.650000000000000000e+05 1.652515679597854614e-02 1.310299336910247803e-02 1.331697851419448853e-01 1.652515679597854614e-02 1.310299336910247803e-02 1.331697851419448853e-01
7.660000000000000000e+05 1.568816229701042175e-02 1.309135649353265762e-02 1.324199289083480835e-01 1.568816229701042175e-02 1.309135649353265762e-02 1.324199289083480835e-01
7.670000000000000000e+05 1.594970934092998505e-02 1.307146903127431870e-02 1.321703493595123291e-01 1.594970934092998505e-02 1.307146903127431870e-02 1.321703493595123291e-01
7.680000000000000000e+05 1.681811548769474030e-02 1.308006048202514648e-02 1.324049085378646851e-01 1.681811548769474030e-02 1.308006048202514648e-02 1.324049085378646851e-01
7.690000000000000000e+05 1.600685529410839081e-02 1.308610290288925171e-02 1.318338960409164429e-01 1.600685529410839081e-02 1.308610290288925171e-02 1.318338960409164429e-01
7.700000000000000000e+05 1.769310981035232544e-02 1.301730517297983170e-02 1.321800947189331055e-01 1.769310981035232544e-02 1.301730517297983170e-02 1.321800947189331055e-01
7.710000000000000000e+05 1.602091453969478607e-02 1.304792426526546478e-02 1.319759041070938110e-01 1.602091453969478607e-02 1.304792426526546478e-02 1.319759041070938110e-01
7.720000000000000000e+05 1.608015596866607666e-02 1.305095013231039047e-02 1.324654221534729004e-01 1.608015596866607666e-02 1.305095013231039047e-02 1.324654221534729004e-01
7.730000000000000000e+05 1.528688147664070129e-02 1.306890882551670074e-02 1.316154301166534424e-01 1.528688147664070129e-02 1.306890882551670074e-02 1.316154301166534424e-01
7.740000000000000000e+05 2.018874883651733398e-02 1.308264769613742828e-02 1.327725201845169067e-01 2.018874883651733398e-02 1.308264769613742828e-02 1.327725201845169067e-01
7.750000000000000000e+05 1.706020720303058624e-02 1.308329217135906219e-02 1.313899159431457520e-01 1.706020720303058624e-02 1.308329217135906219e-02 1.313899159431457520e-01
7.760000000000000000e+05 1.605828851461410522e-02 1.300769764930009842e-02 1.312396526336669922e-01 1.605828851461410522e-02 1.300769764930009842e-02 1.312396526336669922e-01
7.770000000000000000e+05 1.788966171443462372e-02 1.308142393827438354e-02 1.315596401691436768e-01 1.788966171443462372e-02 1.308142393827438354e-02 1.315596401691436768e-01
7.780000000000000000e+05 1.626411266624927521e-02 1.306359283626079559e-02 1.323590278625488281e-01 1.626411266624927521e-02 1.306359283626079559e-02 1.323590278625488281e-01
7.790000000000000000e+05 1.618653349578380585e-02 1.311514433473348618e-02 1.315774619579315186e-01 1.618653349578380585e-02 1.311514433473348618e-02 1.315774619579315186e-01
7.800000000000000000e+05 1.835697144269943237e-02 1.313303038477897644e-02 1.348197907209396362e-01 1.835697144269943237e-02 1.313303038477897644e-02 1.348197907209396362e-01
7.810000000000000000e+05 1.772657036781311035e-02 1.309054810553789139e-02 1.313622891902923584e-01 1.772657036781311035e-02 1.309054810553789139e-02 1.313622891902923584e-01
7.820000000000000000e+05 1.700204797089099884e-02 1.306078489869832993e-02 1.309825181961059570e-01 1.700204797089099884e-02 1.306078489869832993e-02 1.309825181961059570e-01
7.830000000000000000e+05 1.667326502501964569e-02 1.305506844073534012e-02 1.303291618824005127e-01 1.667326502501964569e-02 1.305506844073534012e-02 1.303291618824005127e-01
7.840000000000000000e+05 1.915032789111137390e-02 1.311187446117401123e-02 1.320577859878540039e-01 1.915032789111137390e-02 1.311187446117401123e-02 1.320577859878540039e-01
7.850000000000000000e+05 1.599623262882232666e-02 1.312073599547147751e-02 1.315895617008209229e-01 1.599623262882232666e-02 1.312073599547147751e-02 1.315895617008209229e-01
7.860000000000000000e+05 1.521704252809286118e-02 1.305919513106346130e-02 1.309798508882522583e-01 1.521704252809286118e-02 1.305919513106346130e-02 1.309798508882522583e-01
7.870000000000000000e+05 1.762360148131847382e-02 1.309307664632797241e-02 1.314155459403991699e-01 1.762360148131847382e-02 1.309307664632797241e-02 1.314155459403991699e-01
7.880000000000000000e+05 1.743407547473907471e-02 1.312907598912715912e-02 1.314340829849243164e-01 1.743407547473907471e-02 1.312907598912715912e-02 1.314340829849243164e-01
7.890000000000000000e+05 1.731123588979244232e-02 1.310357917100191116e-02 1.323516219854354858e-01 1.731123588979244232e-02 1.310357917100191116e-02 1.323516219854354858e-01
7.900000000000000000e+05 1.643188856542110443e-02 1.316755264997482300e-02 1.321172714233398438e-01 1.643188856542110443e-02 1.316755264997482300e-02 1.321172714233398438e-01
7.910000000000000000e+05 1.612368971109390259e-02 1.311749219894409180e-02 1.308627724647521973e-01 1.612368971109390259e-02 1.311749219894409180e-02 1.308627724647521973e-01
7.920000000000000000e+05 1.658526062965393066e-02 1.314002927392721176e-02 1.318018436431884766e-01 1.658526062965393066e-02 1.314002927392721176e-02 1.318018436431884766e-01
7.930000000000000000e+05 1.530950143933296204e-02 1.307993102818727493e-02 1.308398097753524780e-01 1.530950143933296204e-02 1.307993102818727493e-02 1.308398097753524780e-01
7.940000000000000000e+05 1.533728837966918945e-02 1.309514231979846954e-02 1.294828653335571289e-01 1.533728837966918945e-02 1.309514231979846954e-02 1.294828653335571289e-01
7.950000000000000000e+05 1.562152709811925888e-02 1.306737214326858521e-02 1.304890662431716919e-01 1.562152709811925888e-02 1.306737214326858521e-02 1.304890662431716919e-01
7.960000000000000000e+05 1.547147054225206375e-02 1.312466245144605637e-02 1.289697587490081787e-01 1.547147054225206375e-02 1.312466245144605637e-02 1.289697587490081787e-01
7.970000000000000000e+05 1.646544225513935089e-02 1.308292336761951447e-02 1.307210028171539307e-01 1.646544225513935089e-02 1.308292336761951447e-02 1.307210028171539307e-01
7.980000000000000000e+05 1.584926992654800415e-02 1.310101617127656937e-02 1.297806650400161743e-01 1.584926992654800415e-02 1.310101617127656937e-02 1.297806650400161743e-01
7.990000000000000000e+05 1.559459231793880463e-02 1.311594527214765549e-02 1.291693598031997681e-01 1.559459231793880463e-02 1.311594527214765549e-02 1.291693598031997681e-01
8.000000000000000000e+05 1.621005125343799591e-02 1.304140500724315643e-02 1.302458345890045166e-01 1.621005125343799591e-02 1.304140500724315643e-02 1.302458345890045166e-01
8.010000000000000000e+05 1.753762736916542053e-02 1.309807598590850830e-02 1.312779933214187622e-01 1.753762736916542053e-02 1.309807598590850830e-02 1.312779933214187622e-01
8.020000000000000000e+05 1.753040216863155365e-02 1.313422154635190964e-02 1.309895962476730347e-01 1.753040216863155365e-02 1.313422154635190964e-02 1.309895962476730347e-01
8.030000000000000000e+05 1.698714680969715118e-02 1.311542559415102005e-02 1.295432299375534058e-01 1.698714680969715118e-02 1.311542559415102005e-02 1.295432299375534058e-01
8.040000000000000000e+05 1.574083045125007629e-02 1.315802894532680511e-02 1.292247474193572998e-01 1.574083045125007629e-02 1.315802894532680511e-02 1.292247474193572998e-01
8.050000000000000000e+05 1.646441407501697540e-02 1.306327898055315018e-02 1.303585767745971680e-01 1.646441407501697540e-02 1.306327898055315018e-02 1.303585767745971680e-01
8.060000000000000000e+05 1.493856031447649002e-02 1.310893055051565170e-02 1.285855025053024292e-01 1.493856031447649002e-02 1.310893055051565170e-02 1.285855025053024292e-01
8.070000000000000000e+05 1.793812587857246399e-02 1.313630305230617523e-02 1.296452283859252930e-01 1.793812587857246399e-02 1.313630305230617523e-02 1.296452283859252930e-01
8.080000000000000000e+05 1.545020379126071930e-02 1.311203744262456894e-02 1.285057216882705688e-01 1.545020379126071930e-02 1.311203744262456894e-02 1.285057216882705688e-01
8.090000000000000000e+05 1.666777953505516052e-02 1.310105528682470322e-02 1.294992864131927490e-01 1.666777953505516052e-02 1.310105528682470322e-02 1.294992864131927490e-01
8.100000000000000000e+05 1.608695089817047119e-02 1.313341408967971802e-02 1.291186809539794922e-01 1.608695089817047119e-02 1.313341408967971802e-02 1.291186809539794922e-01
8.110000000000000000e+05 1.511112321168184280e-02 1.313624344766139984e-02 1.296875178813934326e-01 1.511112321168184280e-02 1.313624344766139984e-02 1.296875178813934326e-01
8.120000000000000000e+05 1.539716403931379318e-02 1.315108407288789749e-02 1.283578872680664062e-01 1.539716403931379318e-02 1.315108407288789749e-02 1.283578872680664062e-01
8.130000000000000000e+05 1.578046754002571106e-02 1.310630887746810913e-02 1.286182552576065063e-01 1.578046754002571106e-02 1.310630887746810913e-02 1.286182552576065063e-01
8.140000000000000000e+05 1.556746102869510651e-02 1.315623242408037186e-02 1.284157782793045044e-01 1.556746102869510651e-02 1.315623242408037186e-02 1.284157782793045044e-01
8.150000000000000000e+05 1.601940579712390900e-02 1.311641559004783630e-02 1.302293539047241211e-01 1.601940579712390900e-02 1.311641559004783630e-02 1.302293539047241211e-01
8.160000000000000000e+05 1.544787269085645676e-02 1.312161050736904144e-02 1.287269443273544312e-01 1.544787269085645676e-02 1.312161050736904144e-02 1.287269443273544312e-01
8.170000000000000000e+05 1.590254902839660645e-02 1.313916593790054321e-02 1.278635710477828979e-01 1.590254902839660645e-02 1.313916593790054321e-02 1.278635710477828979e-01
8.180000000000000000e+05 1.500622835010290146e-02 1.315881032496690750e-02 1.278709322214126587e-01 1.500622835010290146e-02 1.315881032496690750e-02 1.278709322214126587e-01
8.190000000000000000e+05 1.561052910983562469e-02 1.317489892244338989e-02 1.278828680515289307e-01 1.561052910983562469e-02 1.317489892244338989e-02 1.278828680515289307e-01
8.200000000000000000e+05 1.524055562913417816e-02 1.314508169889450073e-02 1.274195909500122070e-01 1.524055562913417816e-02 1.314508169889450073e-02 1.274195909500122070e-01
8.210000000000000000e+05 1.506479922682046890e-02 1.313277706503868103e-02 1.276047676801681519e-01 1.506479922682046890e-02 1.313277706503868103e-02 1.276047676801681519e-01
8.220000000000000000e+05 1.574218645691871643e-02 1.316144689917564392e-02 1.284666061401367188e-01 1.574218645691871643e-02 1.316144689917564392e-02 1.284666061401367188e-01
8.230000000000000000e+05 1.622674800455570221e-02 1.313467789441347122e-02 1.275649368762969971e-01 1.622674800455570221e-02 1.313467789441347122e-02 1.275649368762969971e-01
8.240000000000000000e+05 1.648206077516078949e-02 1.312995795160531998e-02 1.287677586078643799e-01 1.648206077516078949e-02 1.312995795160531998e-02 1.287677586078643799e-01
8.250000000000000000e+05 1.462660729885101318e-02 1.314721815288066864e-02 1.275122314691543579e-01 1.462660729885101318e-02 1.314721815288066864e-02 1.275122314691543579e-01
8.260000000000000000e+05 1.812777109444141388e-02 1.319003757089376450e-02 1.301292330026626587e-01 1.812777109444141388e-02 1.319003757089376450e-02 1.301292330026626587e-01
8.270000000000000000e+05 1.487420313060283661e-02 1.321499142795801163e-02 1.281297504901885986e-01 1.487420313060283661e-02 1.321499142795801163e-02 1.281297504901885986e-01
8.280000000000000000e+05 1.605486497282981873e-02 1.310148090124130249e-02 1.283881664276123047e-01 1.605486497282981873e-02 1.310148090124130249e-02 1.283881664276123047e-01
8.290000000000000000e+05 1.421609614044427872e-02 1.316326018422842026e-02 1.264754980802536011e-01 1.421609614044427872e-02 1.316326018422842026e-02 1.264754980802536011e-01
8.300000000000000000e+05 1.601746492087841034e-02 1.316664461046457291e-02 1.280885487794876099e-01 1.601746492087841034e-02 1.316664461046457291e-02 1.280885487794876099e-01
8.310000000000000000e+05 1.579834334552288055e-02 1.311693713068962097e-02 1.270858347415924072e-01 1.579834334552288055e-02 1.311693713068962097e-02 1.270858347415924072e-01
8.320000000000000000e+05 1.658365875482559204e-02 1.318570412695407867e-02 1.296506226062774658e-01 1.658365875482559204e-02 1.318570412695407867e-02 1.296506226062774658e-01
8.330000000000000000e+05 1.471157651394605637e-02 1.315253507345914841e-02 1.283584982156753540e-01 1.471157651394605637e-02 1.315253507345914841e-02 1.283584982156753540e-01
8.340000000000000000e+05 1.733106747269630432e-02 1.322336494922637939e-02 1.299350857734680176e-01 1.733106747269630432e-02 1.322336494922637939e-02 1.299350857734680176e-01
8.350000000000000000e+05 1.717580668628215790e-02 1.321456581354141235e-02 1.277467757463455200e-01 1.717580668628215790e-02 1.321456581354141235e-02 1.277467757463455200e-01
8.360000000000000000e+05 1.429057959467172623e-02 1.315445639193058014e-02 1.268702298402786255e-01 1.429057959467172623e-02 1.315445639193058014e-02 1.268702298402786255e-01
8.370000000000000000e+05 1.466216892004013062e-02 1.320516970008611679e-02 1.263034343719482422e-01 1.466216892004013062e-02 1.320516970008611679e-02 1.263034343719482422e-01
8.380000000000000000e+05 1.591986417770385742e-02 1.317984424531459808e-02 1.264204084873199463e-01 1.591986417770385742e-02 1.317984424531459808e-02 1.264204084873199463e-01
8.390000000000000000e+05 1.724977977573871613e-02 1.316934078931808472e-02 1.264774054288864136e-01 1.724977977573871613e-02 1.316934078931808472e-02 1.264774054288864136e-01
8.400000000000000000e+05 1.522152125835418701e-02 1.318772695958614349e-02 1.260542869567871094e-01 1.522152125835418701e-02 1.318772695958614349e-02 1.260542869567871094e-01
8.410000000000000000e+05 1.480410899966955185e-02 1.317935343831777573e-02 1.257414817810058594e-01 1.480410899966955185e-02 1.317935343831777573e-02 1.257414817810058594e-01
8.420000000000000000e+05 1.514408923685550690e-02 1.325405295938253403e-02 1.281598359346389771e-01 1.514408923685550690e-02 1.325405295938253403e-02 1.281598359346389771e-01
8.430000000000000000e+05 1.664057560265064240e-02 1.323047187179327011e-02 1.265547126531600952e-01 1.664057560265064240e-02 1.323047187179327011e-02 1.265547126531600952e-01
8.440000000000000000e+05 1.474286895245313644e-02 1.315800286829471588e-02 1.260803192853927612e-01 1.474286895245313644e-02 1.315800286829471588e-02 1.260803192853927612e-01
8.450000000000000000e+05 1.655062101781368256e-02 1.324047241359949112e-02 1.281153708696365356e-01 1.655062101781368256e-02 1.324047241359949112e-02 1.281153708696365356e-01
8.460000000000000000e+05 1.834054850041866302e-02 1.322535146027803421e-02 1.269377321004867554e-01 1.834054850041866302e-02 1.322535146027803421e-02 1.269377321004867554e-01
8.470000000000000000e+05 1.440280396491289139e-02 1.321960985660552979e-02 1.269754469394683838e-01 1.440280396491289139e-02 1.321960985660552979e-02 1.269754469394683838e-01
8.480000000000000000e+05 1.588923484086990356e-02 1.315347384661436081e-02 1.272460967302322388e-01 1.588923484086990356e-02 1.315347384661436081e-02 1.272460967302322388e-01
8.490000000000000000e+05 1.658342406153678894e-02 1.318646408617496490e-02 1.254421770572662354e-01 1.658342406153678894e-02 1.318646408617496490e-02 1.254421770572662354e-01
8.500000000000000000e+05 1.392430625855922699e-02 1.317114941775798798e-02 1.250654757022857666e-01 1.392430625855922699e-02 1.317114941775798798e-02 1.250654757022857666e-01
8.510000000000000000e+05 1.502932887524366379e-02 1.318358629941940308e-02 1.263302415609359741e-01 1.502932887524366379e-02 1.318358629941940308e-02 1.263302415609359741e-01
8.520000000000000000e+05 1.557599473744630814e-02 1.323701068758964539e-02 1.250488162040710449e-01 1.557599473744630814e-02 1.323701068758964539e-02 1.250488162040710449e-01
8.530000000000000000e+05 1.518672704696655273e-02 1.324046403169631958e-02 1.272176951169967651e-01 1.518672704696655273e-02 1.324046403169631958e-02 1.272176951169967651e-01
8.540000000000000000e+05 1.600743643939495087e-02 1.321612857282161713e-02 1.254055947065353394e-01 1.600743643939495087e-02 1.321612857282161713e-02 1.254055947065353394e-01
8.550000000000000000e+05 1.563549973070621490e-02 1.320597063750028610e-02 1.255096942186355591e-01 1.563549973070621490e-02 1.320597063750028610e-02 1.255096942186355591e-01
8.560000000000000000e+05 1.440081745386123657e-02 1.325876265764236450e-02 1.250476986169815063e-01 1.440081745386123657e-02 1.325876265764236450e-02 1.250476986169815063e-01
8.570000000000000000e+05 1.920050382614135742e-02 1.320187840610742569e-02 1.292730569839477539e-01 1.920050382614135742e-02 1.320187840610742569e-02 1.292730569839477539e-01
8.580000000000000000e+05 1.547789946198463440e-02 1.321246940642595291e-02 1.254794895648956299e-01 1.547789946198463440e-02 1.321246940642595291e-02 1.254794895648956299e-01
8.590000000000000000e+05 1.585887186229228973e-02 1.326137315481901169e-02 1.255234628915786743e-01 1.585887186229228973e-02 1.326137315481901169e-02 1.255234628915786743e-01
8.600000000000000000e+05 1.437104679644107819e-02 1.321529410779476166e-02 1.264898180961608887e-01 1.437104679644107819e-02 1.321529410779476166e-02 1.264898180961608887e-01
8.610000000000000000e+05 1.536578685045242310e-02 1.326094940304756165e-02 1.259590685367584229e-01 1.536578685045242310e-02 1.326094940304756165e-02 1.259590685367584229e-01
8.620000000000000000e+05 1.402828283607959747e-02 1.324387267231941223e-02 1.252567917108535767e-01 1.402828283607959747e-02 1.324387267231941223e-02 1.252567917108535767e-01
8.630000000000000000e+05 1.424646843224763870e-02 1.328335981816053391e-02 1.247347891330718994e-01 1.424646843224763870e-02 1.328335981816053391e-02 1.247347891330718994e-01
8.640000000000000000e+05 1.573830097913742065e-02 1.328209694474935532e-02 1.260924041271209717e-01 1.573830097913742065e-02 1.328209694474935532e-02 1.260924041271209717e-01
8.650000000000000000e+05 1.643556728959083557e-02 1.326176244765520096e-02 1.253972351551055908e-01 1.643556728959083557e-02 1.326176244765520096e-02 1.253972351551055908e-01
8.660000000000000000e+05 1.586732454597949982e-02 1.328059565275907516e-02 1.264823675155639648e-01 1.586732454597949982e-02 1.328059565275907516e-02 1.264823675155639648e-01
8.670000000000000000e+05 1.595194451510906219e-02 1.321057230234146118e-02 1.258002519607543945e-01 1.595194451510906219e-02 1.321057230234146118e-02 1.258002519607543945e-01
8.680000000000000000e+05 1.437339000403881073e-02 1.329072751104831696e-02 1.243012621998786926e-01 1.437339000403881073e-02 1.329072751104831696e-02 1.243012621998786926e-01
8.690000000000000000e+05 1.610567793250083923e-02 1.327587012201547623e-02 1.256237775087356567e-01 1.610567793250083923e-02 1.327587012201547623e-02 1.256237775087356567e-01
8.700000000000000000e+05 1.563116349279880524e-02 1.331977173686027527e-02 1.251568943262100220e-01 1.563116349279880524e-02 1.331977173686027527e-02 1.251568943262100220e-01
8.710000000000000000e+05 1.398952212184667587e-02 1.325945183634757996e-02 1.249768063426017761e-01 1.398952212184667587e-02 1.325945183634757996e-02 1.249768063426017761e-01
8.720000000000000000e+05 1.374182570725679398e-02 1.323723886162042618e-02 1.250177472829818726e-01 1.374182570725679398e-02 1.323723886162042618e-02 1.250177472829818726e-01
8.730000000000000000e+05 1.440023165196180344e-02 1.325131673365831375e-02 1.242725625634193420e-01 1.440023165196180344e-02 1.325131673365831375e-02 1.242725625634193420e-01
8.740000000000000000e+05 1.453540567308664322e-02 1.322701387107372284e-02 1.235755160450935364e-01 1.453540567308664322e-02 1.322701387107372284e-02 1.235755160450935364e-01
8.750000000000000000e+05 1.580883562564849854e-02 1.323912106454372406e-02 1.247555613517761230e-01 1.580883562564849854e-02 1.323912106454372406e-02 1.247555613517761230e-01
8.760000000000000000e+05 1.412722188979387283e-02 1.327437162399291992e-02 1.248183920979499817e-01 1.412722188979387283e-02 1.327437162399291992e-02 1.248183920979499817e-01
8.770000000000000000e+05 1.479708123952150345e-02 1.330495811998844147e-02 1.252210587263107300e-01 1.479708123952150345e-02 1.330495811998844147e-02 1.252210587263107300e-01
8.780000000000000000e+05 1.480255275964736938e-02 1.327004004269838333e-02 1.236275061964988708e-01 1.480255275964736938e-02 1.327004004269838333e-02 1.236275061964988708e-01
8.790000000000000000e+05 1.422253437340259552e-02 1.322107762098312378e-02 1.232143715023994446e-01 1.422253437340259552e-02 1.322107762098312378e-02 1.232143715023994446e-01
8.800000000000000000e+05 1.524573285132646561e-02 1.328603830188512802e-02 1.234333962202072144e-01 1.524573285132646561e-02 1.328603830188512802e-02 1.234333962202072144e-01
8.810000000000000000e+05 1.360634807497262955e-02 1.326096989214420319e-02 1.234464496374130249e-01 1.360634807497262955e-02 1.326096989214420319e-02 1.234464496374130249e-01
8.820000000000000000e+05 1.450048852711915970e-02 1.326033938676118851e-02 1.235656663775444031e-01 1.450048852711915970e-02 1.326033938676118851e-02 1.235656663775444031e-01
8.830000000000000000e+05 1.426928862929344177e-02 1.330823637545108795e-02 1.238240897655487061e-01 1.426928862929344177e-02 1.330823637545108795e-02 1.238240897655487061e-01
8.840000000000000000e+05 1.436873339116573334e-02 1.323196291923522949e-02 1.230539977550506592e-01 1.436873339116573334e-02 1.323196291923522949e-02 1.230539977550506592e-01
8.850000000000000000e+05 1.365786325186491013e-02 1.328919734805822372e-02 1.234631389379501343e-01 1.365786325186491013e-02 1.328919734805822372e-02 1.234631389379501343e-01
8.860000000000000000e+05 1.530613750219345093e-02 1.323670987039804459e-02 1.242070347070693970e-01 1.530613750219345093e-02 1.323670987039804459e-02 1.242070347070693970e-01
8.870000000000000000e+05 1.496922690421342850e-02 1.330470480024814606e-02 1.250158548355102539e-01 1.496922690421342850e-02 1.330470480024814606e-02 1.250158548355102539e-01
8.880000000000000000e+05 1.562430988997220993e-02 1.327864825725555420e-02 1.235567703843116760e-01 1.562430988997220993e-02 1.327864825725555420e-02 1.235567703843116760e-01
8.890000000000000000e+05 1.492652483284473419e-02 1.326041389256715775e-02 1.247199922800064087e-01 1.492652483284473419e-02 1.326041389256715775e-02 1.247199922800064087e-01
8.900000000000000000e+05 1.477445475757122040e-02 1.329720299690961838e-02 1.231552585959434509e-01 1.477445475757122040e-02 1.329720299690961838e-02 1.231552585959434509e-01
8.910000000000000000e+05 1.639788784086704254e-02 1.327278092503547668e-02 1.244442090392112732e-01 1.639788784086704254e-02 1.327278092503547668e-02 1.244442090392112732e-01
8.920000000000000000e+05 1.530381664633750916e-02 1.324913930147886276e-02 1.251660436391830444e-01 1.530381664633750916e-02 1.324913930147886276e-02 1.251660436391830444e-01
8.930000000000000000e+05 1.347158476710319519e-02 1.330117043107748032e-02 1.218844801187515259e-01 1.347158476710319519e-02 1.330117043107748032e-02 1.218844801187515259e-01
8.940000000000000000e+05 1.452696416527032852e-02 1.331522502005100250e-02 1.229594126343727112e-01 1.452696416527032852e-02 1.331522502005100250e-02 1.229594126343727112e-01
8.950000000000000000e+05 1.481630001217126846e-02 1.333749946206808090e-02 1.225580126047134399e-01 1.481630001217126846e-02 1.333749946206808090e-02 1.225580126047134399e-01
8.960000000000000000e+05 1.512579619884490967e-02 1.323998160660266876e-02 1.227672249078750610e-01 1.512579619884490967e-02 1.323998160660266876e-02 1.227672249078750610e-01
8.970000000000000000e+05 1.426942087709903717e-02 1.327035948634147644e-02 1.227721944451332092e-01 1.426942087709903717e-02 1.327035948634147644e-02 1.227721944451332092e-01
8.980000000000000000e+05 1.597881689667701721e-02 1.328418217599391937e-02 1.234012767672538757e-01 1.597881689667701721e-02 1.328418217599391937e-02 1.234012767672538757e-01
8.990000000000000000e+05 1.392109598964452744e-02 1.327380817383527756e-02 1.231395304203033447e-01 1.392109598964452744e-02 1.327380817383527756e-02 1.231395304203033447e-01
9.000000000000000000e+05 1.357773412019014359e-02 1.330609153956174850e-02 1.216457188129425049e-01 1.357773412019014359e-02 1.330609153956174850e-02 1.216457188129425049e-01
9.010000000000000000e+05 1.755050383508205414e-02 1.327117159962654114e-02 1.245458498597145081e-01 1.755050383508205414e-02 1.327117159962654114e-02 1.245458498597145081e-01
9.020000000000000000e+05 1.780126616358757019e-02 1.327725965529680252e-02 1.266496479511260986e-01 1.780126616358757019e-02 1.327725965529680252e-02 1.266496479511260986e-01
9.030000000000000000e+05 1.474835816770792007e-02 1.326382905244827271e-02 1.225531771779060364e-01 1.474835816770792007e-02 1.326382905244827271e-02 1.225531771779060364e-01
9.040000000000000000e+05 1.545563060790300369e-02 1.327700354158878326e-02 1.223257482051849365e-01 1.545563060790300369e-02 1.327700354158878326e-02 1.223257482051849365e-01
9.050000000000000000e+05 1.634552143514156342e-02 1.319732610136270523e-02 1.232510283589363098e-01 1.634552143514156342e-02 1.319732610136270523e-02 1.232510283589363098e-01
9.060000000000000000e+05 1.551503222435712814e-02 1.330671273171901703e-02 1.219381093978881836e-01 1.551503222435712814e-02 1.330671273171901703e-02 1.219381093978881836e-01
9.070000000000000000e+05 1.385100744664669037e-02 1.332116406410932541e-02 1.225174143910408020e-01 1.385100744664669037e-02 1.332116406410932541e-02 1.225174143910408020e-01
9.080000000000000000e+05 1.302378624677658081e-02 1.331477239727973938e-02 1.216677799820899963e-01 1.302378624677658081e-02 1.331477239727973938e-02 1.216677799820899963e-01
9.090000000000000000e+05 1.404100842773914337e-02 1.330074202269315720e-02 1.220651417970657349e-01 1.404100842773914337e-02 1.330074202269315720e-02 1.220651417970657349e-01
9.100000000000000000e+05 1.429938897490501404e-02 1.324560213834047318e-02 1.227496042847633362e-01 1.429938897490501404e-02 1.324560213834047318e-02 1.227496042847633362e-01
9.110000000000000000e+05 1.530611049383878708e-02 1.321026310324668884e-02 1.223908141255378723e-01 1.530611049383878708e-02 1.321026310324668884e-02 1.223908141255378723e-01
9.120000000000000000e+05 1.470758300274610519e-02 1.324522774666547775e-02 1.238977536559104919e-01 1.470758300274610519e-02 1.324522774666547775e-02 1.238977536559104919e-01
9.130000000000000000e+05 1.548631023615598679e-02 1.328507717698812485e-02 1.217635199427604675e-01 1.548631023615598679e-02 1.328507717698812485e-02 1.217635199427604675e-01
9.140000000000000000e+05 1.337615121155977249e-02 1.328708045184612274e-02 1.206966266036033630e-01 1.337615121155977249e-02 1.328708045184612274e-02 1.206966266036033630e-01
9.150000000000000000e+05 1.472835429012775421e-02 1.327759493142366409e-02 1.226776391267776489e-01 1.472835429012775421e-02 1.327759493142366409e-02 1.226776391267776489e-01
9.160000000000000000e+05 1.350096799433231354e-02 1.332632824778556824e-02 1.223097667098045349e-01 1.350096799433231354e-02 1.332632824778556824e-02 1.223097667098045349e-01
9.170000000000000000e+05 1.417999435216188431e-02 1.325082778930664062e-02 1.224752143025398254e-01 1.417999435216188431e-02 1.325082778930664062e-02 1.224752143025398254e-01
9.180000000000000000e+05 1.549616362899541855e-02 1.328928582370281219e-02 1.219495683908462524e-01 1.549616362899541855e-02 1.328928582370281219e-02 1.219495683908462524e-01
9.190000000000000000e+05 1.639444753527641296e-02 1.328937336802482605e-02 1.228207349777221680e-01 1.639444753527641296e-02 1.328937336802482605e-02 1.228207349777221680e-01
9.200000000000000000e+05 1.488446630537509918e-02 1.333294343203306198e-02 1.216083541512489319e-01 1.488446630537509918e-02 1.333294343203306198e-02 1.216083541512489319e-01
9.210000000000000000e+05 1.415006350725889206e-02 1.330896001309156418e-02 1.216990649700164795e-01 1.415006350725889206e-02 1.330896001309156418e-02 1.216990649700164795e-01
9.220000000000000000e+05 1.437397673726081848e-02 1.334217749536037445e-02 1.212816908955574036e-01 1.437397673726081848e-02 1.334217749536037445e-02 1.212816908955574036e-01
9.230000000000000000e+05 1.562716439366340637e-02 1.335421577095985413e-02 1.211226806044578552e-01 1.562716439366340637e-02 1.335421577095985413e-02 1.211226806044578552e-01
9.240000000000000000e+05 1.343037653714418411e-02 1.327772997319698334e-02 1.214652657508850098e-01 1.343037653714418411e-02 1.327772997319698334e-02 1.214652657508850098e-01
9.250000000000000000e+05 1.483589038252830505e-02 1.331145036965608597e-02 1.200160607695579529e-01 1.483589038252830505e-02 1.331145036965608597e-02 1.200160607695579529e-01
9.260000000000000000e+05 1.461478229612112045e-02 1.329886727035045624e-02 1.208311170339584351e-01 1.461478229612112045e-02 1.329886727035045624e-02 1.208311170339584351e-01
9.270000000000000000e+05 1.396401226520538330e-02 1.327945943921804428e-02 1.211883127689361572e-01 1.396401226520538330e-02 1.327945943921804428e-02 1.211883127689361572e-01
9.280000000000000000e+05 1.516427751630544662e-02 1.327246241271495819e-02 1.226709112524986267e-01 1.516427751630544662e-02 1.327246241271495819e-02 1.226709112524986267e-01
9.290000000000000000e+05 1.332983560860157013e-02 1.332387141883373260e-02 1.207740306854248047e-01 1.332983560860157013e-02 1.332387141883373260e-02 1.207740306854248047e-01
9.300000000000000000e+05 1.501235831528902054e-02 1.330171152949333191e-02 1.211731582880020142e-01 1.501235831528902054e-02 1.330171152949333191e-02 1.211731582880020142e-01
9.310000000000000000e+05 1.350666303187608719e-02 1.330845151096582413e-02 1.200777441263198853e-01 1.350666303187608719e-02 1.330845151096582413e-02 1.200777441263198853e-01
9.320000000000000000e+05 1.439178735017776489e-02 1.325196772813796997e-02 1.218520551919937134e-01 1.439178735017776489e-02 1.325196772813796997e-02 1.218520551919937134e-01
9.330000000000000000e+05 1.397384610027074814e-02 1.330840587615966797e-02 1.219799369573593140e-01 1.397384610027074814e-02 1.330840587615966797e-02 1.219799369573593140e-01
9.340000000000000000e+05 1.490153279155492783e-02 1.333528757095336914e-02 1.213768124580383301e-01 1.490153279155492783e-02 1.333528757095336914e-02 1.213768124580383301e-01
9.350000000000000000e+05 1.349307689815759659e-02 1.329636480659246445e-02 1.205516830086708069e-01 1.349307689815759659e-02 1.329636480659246445e-02 1.205516830086708069e-01
9.360000000000000000e+05 1.447089761495590210e-02 1.333998423069715500e-02 1.214197576045989990e-01 1.447089761495590210e-02 1.333998423069715500e-02 1.214197576045989990e-01
9.370000000000000000e+05 1.481122057884931564e-02 1.323981117457151413e-02 1.223926171660423279e-01 1.481122057884931564e-02 1.323981117457151413e-02 1.223926171660423279e-01
9.380000000000000000e+05 1.347744837403297424e-02 1.330090779811143875e-02 1.202907860279083252e-01 1.347744837403297424e-02 1.330090779811143875e-02 1.202907860279083252e-01
9.390000000000000000e+05 1.483764592558145523e-02 1.329222414642572403e-02 1.214760914444923401e-01 1.483764592558145523e-02 1.329222414642572403e-02 1.214760914444923401e-01
9.400000000000000000e+05 1.437925361096858978e-02 1.331121567636728287e-02 1.212952509522438049e-01 1.437925361096858978e-02 1.331121567636728287e-02 1.212952509522438049e-01
9.410000000000000000e+05 1.460112072527408600e-02 1.333237253129482269e-02 1.211473569273948669e-01 1.460112072527408600e-02 1.333237253129482269e-02 1.211473569273948669e-01
9.420000000000000000e+05 1.375296991318464279e-02 1.331502106040716171e-02 1.216725707054138184e-01 1.375296991318464279e-02 1.331502106040716171e-02 1.216725707054138184e-01
9.430000000000000000e+05 1.409535575658082962e-02 1.335853897035121918e-02 1.200086697936058044e-01 1.409535575658082962e-02 1.335853897035121918e-02 1.200086697936058044e-01
9.440000000000000000e+05 1.492983009666204453e-02 1.330687478184700012e-02 1.205938160419464111e-01 1.492983009666204453e-02 1.330687478184700012e-02 1.205938160419464111e-01
9.450000000000000000e+05 1.493855752050876617e-02 1.328839641064405441e-02 1.210440993309020996e-01 1.493855752050876617e-02 1.328839641064405441e-02 1.210440993309020996e-01
9.460000000000000000e+05 1.449142303317785263e-02 1.330253947526216507e-02 1.221380978822708130e-01 1.449142303317785263e-02 1.330253947526216507e-02 1.221380978822708130e-01
9.470000000000000000e+05 1.579271070659160614e-02 1.334590092301368713e-02 1.222065687179565430e-01 1.579271070659160614e-02 1.334590092301368713e-02 1.222065687179565430e-01
9.480000000000000000e+05 1.402606442570686340e-02 1.332198455929756165e-02 1.202400401234626770e-01 1.402606442570686340e-02 1.332198455929756165e-02 1.202400401234626770e-01
9.490000000000000000e+05 1.308365911245346069e-02 1.328090671449899673e-02 1.205902993679046631e-01 1.308365911245346069e-02 1.328090671449899673e-02 1.205902993679046631e-01
9.500000000000000000e+05 1.510636042803525925e-02 1.331109274178743362e-02 1.235547736287117004e-01 1.510636042803525925e-02 1.331109274178743362e-02 1.235547736287117004e-01
9.510000000000000000e+05 1.320625096559524536e-02 1.330093201249837875e-02 1.199683174490928650e-01 1.320625096559524536e-02 1.330093201249837875e-02 1.199683174490928650e-01
9.520000000000000000e+05 1.413888949900865555e-02 1.327409595251083374e-02 1.198498681187629700e-01 1.413888949900865555e-02 1.327409595251083374e-02 1.198498681187629700e-01
9.530000000000000000e+05 1.610128581523895264e-02 1.324693206697702408e-02 1.213842555880546570e-01 1.610128581523895264e-02 1.324693206697702408e-02 1.213842555880546570e-01
9.540000000000000000e+05 1.419929973781108856e-02 1.329548284411430359e-02 1.216495782136917114e-01 1.419929973781108856e-02 1.329548284411430359e-02 1.216495782136917114e-01
9.550000000000000000e+05 1.433348841965198517e-02 1.332392171025276184e-02 1.209550797939300537e-01 1.433348841965198517e-02 1.332392171025276184e-02 1.209550797939300537e-01
9.560000000000000000e+05 1.504247449338436127e-02 1.334499567747116089e-02 1.215936467051506042e-01 1.504247449338436127e-02 1.334499567747116089e-02 1.215936467051506042e-01
9.570000000000000000e+05 1.326018664985895157e-02 1.323346514254808426e-02 1.210273578763008118e-01 1.326018664985895157e-02 1.323346514254808426e-02 1.210273578763008118e-01
9.580000000000000000e+05 1.587432064116001129e-02 1.327077951282262802e-02 1.217195987701416016e-01 1.587432064116001129e-02 1.327077951282262802e-02 1.217195987701416016e-01
9.590000000000000000e+05 1.539156679064035416e-02 1.322429813444614410e-02 1.192098855972290039e-01 1.539156679064035416e-02 1.322429813444614410e-02 1.192098855972290039e-01
9.600000000000000000e+05 1.377233769744634628e-02 1.332005765289068222e-02 1.199633032083511353e-01 1.377233769744634628e-02 1.332005765289068222e-02 1.199633032083511353e-01
9.610000000000000000e+05 1.357570942491292953e-02 1.332267280668020248e-02 1.186410784721374512e-01 1.357570942491292953e-02 1.332267280668020248e-02 1.186410784721374512e-01
9.620000000000000000e+05 1.466623321175575256e-02 1.330318301916122437e-02 1.192581355571746826e-01 1.466623321175575256e-02 1.330318301916122437e-02 1.192581355571746826e-01
9.630000000000000000e+05 1.300378702580928802e-02 1.328606251627206802e-02 1.193185895681381226e-01 1.300378702580928802e-02 1.328606251627206802e-02 1.193185895681381226e-01
9.640000000000000000e+05 1.369929313659667969e-02 1.330899074673652649e-02 1.196251511573791504e-01 1.369929313659667969e-02 1.330899074673652649e-02 1.196251511573791504e-01
9.650000000000000000e+05 1.381599623709917068e-02 1.328961923718452454e-02 1.221243888139724731e-01 1.381599623709917068e-02 1.328961923718452454e-02 1.221243888139724731e-01
9.660000000000000000e+05 1.245911233127117157e-02 1.327670458704233170e-02 1.181264370679855347e-01 1.245911233127117157e-02 1.327670458704233170e-02 1.181264370679855347e-01
9.670000000000000000e+05 1.442767027765512466e-02 1.329805329442024231e-02 1.229126900434494019e-01 1.442767027765512466e-02 1.329805329442024231e-02 1.229126900434494019e-01
9.680000000000000000e+05 1.355883758515119553e-02 1.327632926404476166e-02 1.199857890605926514e-01 1.355883758515119553e-02 1.327632926404476166e-02 1.199857890605926514e-01
9.690000000000000000e+05 1.449025701731443405e-02 1.330255530774593353e-02 1.195602342486381531e-01 1.449025701731443405e-02 1.330255530774593353e-02 1.195602342486381531e-01
9.700000000000000000e+05 1.391783077269792557e-02 1.330090314149856567e-02 1.201288402080535889e-01 1.391783077269792557e-02 1.330090314149856567e-02 1.201288402080535889e-01
9.710000000000000000e+05 1.316924020648002625e-02 1.326845586299896240e-02 1.186213120818138123e-01 1.316924020648002625e-02 1.326845586299896240e-02 1.186213120818138123e-01
9.720000000000000000e+05 1.405562460422515869e-02 1.324232667684555054e-02 1.199385151267051697e-01 1.405562460422515869e-02 1.324232667684555054e-02 1.199385151267051697e-01
9.730000000000000000e+05 1.298763602972030640e-02 1.330444775521755219e-02 1.184054985642433167e-01 1.298763602972030640e-02 1.330444775521755219e-02 1.184054985642433167e-01
9.740000000000000000e+05 1.278151478618383408e-02 1.333218812942504883e-02 1.188584342598915100e-01 1.278151478618383408e-02 1.333218812942504883e-02 1.188584342598915100e-01
9.750000000000000000e+05 1.411134004592895508e-02 1.330190151929855347e-02 1.215817183256149292e-01 1.411134004592895508e-02 1.330190151929855347e-02 1.215817183256149292e-01
9.760000000000000000e+05 1.295091584324836731e-02 1.335769519209861755e-02 1.186174452304840088e-01 1.295091584324836731e-02 1.335769519209861755e-02 1.186174452304840088e-01
9.770000000000000000e+05 1.312155835330486298e-02 1.326997112482786179e-02 1.188620254397392273e-01 1.312155835330486298e-02 1.326997112482786179e-02 1.188620254397392273e-01
9.780000000000000000e+05 1.402541622519493103e-02 1.329470798373222351e-02 1.196314319968223572e-01 1.402541622519493103e-02 1.329470798373222351e-02 1.196314319968223572e-01
9.790000000000000000e+05 1.462245546281337738e-02 1.334547623991966248e-02 1.181158348917961121e-01 1.462245546281337738e-02 1.334547623991966248e-02 1.181158348917961121e-01
9.800000000000000000e+05 1.543758437037467957e-02 1.323358900845050812e-02 1.187927424907684326e-01 1.543758437037467957e-02 1.323358900845050812e-02 1.187927424907684326e-01
9.810000000000000000e+05 1.325771491974592209e-02 1.331251766532659531e-02 1.179538667201995850e-01 1.325771491974592209e-02 1.331251766532659531e-02 1.179538667201995850e-01
9.820000000000000000e+05 1.393087301403284073e-02 1.326663326472043991e-02 1.186061874032020569e-01 1.393087301403284073e-02 1.326663326472043991e-02 1.186061874032020569e-01
9.830000000000000000e+05 1.360152196139097214e-02 1.332368422299623489e-02 1.203998252749443054e-01 1.360152196139097214e-02 1.332368422299623489e-02 1.203998252749443054e-01
9.840000000000000000e+05 1.301429700106382370e-02 1.330143492668867111e-02 1.179929599165916443e-01 1.301429700106382370e-02 1.330143492668867111e-02 1.179929599165916443e-01
9.850000000000000000e+05 1.301477942615747452e-02 1.332065835595130920e-02 1.191428154706954956e-01 1.301477942615747452e-02 1.332065835595130920e-02 1.191428154706954956e-01
9.860000000000000000e+05 1.310931239277124405e-02 1.330569572746753693e-02 1.179629340767860413e-01 1.310931239277124405e-02 1.330569572746753693e-02 1.179629340767860413e-01
9.870000000000000000e+05 1.664687693119049072e-02 1.337290462106466293e-02 1.189719215035438538e-01 1.664687693119049072e-02 1.337290462106466293e-02 1.189719215035438538e-01
9.880000000000000000e+05 1.333692856132984161e-02 1.325252279639244080e-02 1.174686104059219360e-01 1.333692856132984161e-02 1.325252279639244080e-02 1.174686104059219360e-01
9.890000000000000000e+05 1.299383398145437241e-02 1.327673345804214478e-02 1.181786879897117615e-01 1.299383398145437241e-02 1.327673345804214478e-02 1.181786879897117615e-01
9.900000000000000000e+05 1.374304760247468948e-02 1.325205899775028229e-02 1.182973757386207581e-01 1.374304760247468948e-02 1.325205899775028229e-02 1.182973757386207581e-01
9.910000000000000000e+05 1.295324694365262985e-02 1.332151517271995544e-02 1.177338510751724243e-01 1.295324694365262985e-02 1.332151517271995544e-02 1.177338510751724243e-01
9.920000000000000000e+05 1.447340287268161774e-02 1.329337805509567261e-02 1.176747381687164307e-01 1.447340287268161774e-02 1.329337805509567261e-02 1.176747381687164307e-01
9.930000000000000000e+05 1.349062472581863403e-02 1.337006315588951111e-02 1.179681494832038879e-01 1.349062472581863403e-02 1.337006315588951111e-02 1.179681494832038879e-01
9.940000000000000000e+05 1.444598846137523651e-02 1.331084594130516052e-02 1.176372766494750977e-01 1.444598846137523651e-02 1.331084594130516052e-02 1.176372766494750977e-01
9.950000000000000000e+05 1.370803080499172211e-02 1.329149026423692703e-02 1.190354228019714355e-01 1.370803080499172211e-02 1.329149026423692703e-02 1.190354228019714355e-01
9.960000000000000000e+05 1.351175829768180847e-02 1.325460802763700485e-02 1.186106801033020020e-01 1.351175829768180847e-02 1.325460802763700485e-02 1.186106801033020020e-01
9.970000000000000000e+05 1.451834943145513535e-02 1.325883809477090836e-02 1.168996766209602356e-01 1.451834943145513535e-02 1.325883809477090836e-02 1.168996766209602356e-01
9.980000000000000000e+05 1.294671371579170227e-02 1.327725965529680252e-02 1.182547807693481445e-01 1.294671371579170227e-02 1.327725965529680252e-02 1.182547807693481445e-01
9.990000000000000000e+05 1.424497924745082855e-02 1.335858181118965149e-02 1.172635257244110107e-01 1.424497924745082855e-02 1.335858181118965149e-02 1.172635257244110107e-01
1.000000000000000000e+06 1.336567569524049759e-02 1.331828627735376358e-02 1.187280863523483276e-01 1.336567569524049759e-02 1.331828627735376358e-02 1.187280863523483276e-01
1.001000000000000000e+06 1.348674949258565903e-02 1.325393188744783401e-02 1.181963607668876648e-01 1.348674949258565903e-02 1.325393188744783401e-02 1.181963607668876648e-01
1.002000000000000000e+06 1.550265587866306305e-02 1.331142056733369827e-02 1.189120709896087646e-01 1.550265587866306305e-02 1.331142056733369827e-02 1.189120709896087646e-01
1.003000000000000000e+06 1.253107655793428421e-02 1.333170570433139801e-02 1.170054301619529724e-01 1.253107655793428421e-02 1.333170570433139801e-02 1.170054301619529724e-01
1.004000000000000000e+06 1.240063458681106567e-02 1.327398978173732758e-02 1.183528825640678406e-01 1.240063458681106567e-02 1.327398978173732758e-02 1.183528825640678406e-01
1.005000000000000000e+06 1.258250791579484940e-02 1.327957864850759506e-02 1.181014552712440491e-01 1.258250791579484940e-02 1.327957864850759506e-02 1.181014552712440491e-01
1.006000000000000000e+06 1.224496308714151382e-02 1.331929489970207214e-02 1.172569841146469116e-01 1.224496308714151382e-02 1.331929489970207214e-02 1.172569841146469116e-01
1.007000000000000000e+06 1.306558214128017426e-02 1.330398675054311752e-02 1.175462529063224792e-01 1.306558214128017426e-02 1.330398675054311752e-02 1.175462529063224792e-01
1.008000000000000000e+06 1.487356983125209808e-02 1.334693375974893570e-02 1.165818199515342712e-01 1.487356983125209808e-02 1.334693375974893570e-02 1.165818199515342712e-01
1.009000000000000000e+06 1.354340184479951859e-02 1.329544465988874435e-02 1.192692667245864868e-01 1.354340184479951859e-02 1.329544465988874435e-02 1.192692667245864868e-01
1.010000000000000000e+06 1.251558400690555573e-02 1.331500522792339325e-02 1.174028590321540833e-01 1.251558400690555573e-02 1.331500522792339325e-02 1.174028590321540833e-01
1.011000000000000000e+06 1.373840589076280594e-02 1.332075148820877075e-02 1.167960613965988159e-01 1.373840589076280594e-02 1.332075148820877075e-02 1.167960613965988159e-01
1.012000000000000000e+06 1.250154618173837662e-02 1.335439365357160568e-02 1.171764433383941650e-01 1.250154618173837662e-02 1.335439365357160568e-02 1.171764433383941650e-01
1.013000000000000000e+06 1.397277507930994034e-02 1.330471318215131760e-02 1.167405769228935242e-01 1.397277507930994034e-02 1.330471318215131760e-02 1.167405769228935242e-01
1.014000000000000000e+06 1.349640730768442154e-02 1.328807976096868515e-02 1.177910268306732178e-01 1.349640730768442154e-02 1.328807976096868515e-02 1.177910268306732178e-01
1.015000000000000000e+06 1.296547427773475647e-02 1.324974559247493744e-02 1.160602346062660217e-01 1.296547427773475647e-02 1.324974559247493744e-02 1.160602346062660217e-01
1.016000000000000000e+06 1.369163300842046738e-02 1.328464131802320480e-02 1.189464926719665527e-01 1.369163300842046738e-02 1.328464131802320480e-02 1.189464926719665527e-01
1.017000000000000000e+06 1.306699030101299286e-02 1.334462780505418777e-02 1.171389371156692505e-01 1.306699030101299286e-02 1.334462780505418777e-02 1.171389371156692505e-01
1.018000000000000000e+06 1.519286260008811951e-02 1.321981474757194519e-02 1.161314398050308228e-01 1.519286260008811951e-02 1.321981474757194519e-02 1.161314398050308228e-01
1.019000000000000000e+06 1.300796680152416229e-02 1.326374337077140808e-02 1.157603561878204346e-01 1.300796680152416229e-02 1.326374337077140808e-02 1.157603561878204346e-01
1.020000000000000000e+06 1.331545878201723099e-02 1.332382019609212875e-02 1.180196851491928101e-01 1.331545878201723099e-02 1.332382019609212875e-02 1.180196851491928101e-01
1.021000000000000000e+06 1.267404574900865555e-02 1.329905726015567780e-02 1.168504580855369568e-01 1.267404574900865555e-02 1.329905726015567780e-02 1.168504580855369568e-01
1.022000000000000000e+06 1.471729669719934464e-02 1.325048226863145828e-02 1.161139830946922302e-01 1.471729669719934464e-02 1.325048226863145828e-02 1.161139830946922302e-01
1.023000000000000000e+06 1.375276409089565277e-02 1.330503635108470917e-02 1.166642978787422180e-01 1.375276409089565277e-02 1.330503635108470917e-02 1.166642978787422180e-01
1.024000000000000000e+06 1.345535740256309509e-02 1.330689899623394012e-02 1.166463121771812439e-01 1.345535740256309509e-02 1.330689899623394012e-02 1.166463121771812439e-01
1.025000000000000000e+06 1.458398438990116119e-02 1.325822528451681137e-02 1.194937154650688171e-01 1.458398438990116119e-02 1.325822528451681137e-02 1.194937154650688171e-01
1.026000000000000000e+06 1.272150501608848572e-02 1.331273280084133148e-02 1.162438169121742249e-01 1.272150501608848572e-02 1.331273280084133148e-02 1.162438169121742249e-01
1.027000000000000000e+06 1.208498235791921616e-02 1.331512257456779480e-02 1.158168390393257141e-01 1.208498235791921616e-02 1.331512257456779480e-02 1.158168390393257141e-01
1.028000000000000000e+06 1.207887940108776093e-02 1.326148025691509247e-02 1.150280460715293884e-01 1.207887940108776093e-02 1.326148025691509247e-02 1.150280460715293884e-01
1.029000000000000000e+06 1.327729690819978714e-02 1.326244510710239410e-02 1.159770414233207703e-01 1.327729690819978714e-02 1.326244510710239410e-02 1.159770414233207703e-01
1.030000000000000000e+06 1.279812492430210114e-02 1.329672988504171371e-02 1.155871003866195679e-01 1.279812492430210114e-02 1.329672988504171371e-02 1.155871003866195679e-01
1.031000000000000000e+06 1.314757950603961945e-02 1.330622751265764236e-02 1.177018880844116211e-01 1.314757950603961945e-02 1.330622751265764236e-02 1.177018880844116211e-01
1.032000000000000000e+06 1.420809607952833176e-02 1.323316618800163269e-02 1.161896958947181702e-01 1.420809607952833176e-02 1.323316618800163269e-02 1.161896958947181702e-01
1.033000000000000000e+06 1.448301598429679871e-02 1.328362338244915009e-02 1.201958507299423218e-01 1.448301598429679871e-02 1.328362338244915009e-02 1.201958507299423218e-01
1.034000000000000000e+06 1.180741190910339355e-02 1.325649023056030273e-02 1.150668561458587646e-01 1.180741190910339355e-02 1.325649023056030273e-02 1.150668561458587646e-01
1.035000000000000000e+06 1.354939769953489304e-02 1.328095607459545135e-02 1.160334348678588867e-01 1.354939769953489304e-02 1.328095607459545135e-02 1.160334348678588867e-01
1.036000000000000000e+06 1.353970728814601898e-02 1.327948551625013351e-02 1.167961508035659790e-01 1.353970728814601898e-02 1.327948551625013351e-02 1.167961508035659790e-01
1.037000000000000000e+06 1.302117947489023209e-02 1.328081078827381134e-02 1.163816899061203003e-01 1.302117947489023209e-02 1.328081078827381134e-02 1.163816899061203003e-01
1.038000000000000000e+06 1.175382360816001892e-02 1.328860595822334290e-02 1.144940182566642761e-01 1.175382360816001892e-02 1.328860595822334290e-02 1.144940182566642761e-01
1.039000000000000000e+06 1.457394286990165710e-02 1.332606375217437744e-02 1.164535507559776306e-01 1.457394286990165710e-02 1.332606375217437744e-02 1.164535507559776306e-01
1.040000000000000000e+06 1.381919905543327332e-02 1.324196811765432358e-02 1.157081425189971924e-01 1.381919905543327332e-02 1.324196811765432358e-02 1.157081425189971924e-01
1.041000000000000000e+06 1.532231736928224564e-02 1.322297099977731705e-02 1.170406118035316467e-01 1.532231736928224564e-02 1.322297099977731705e-02 1.170406118035316467e-01
1.042000000000000000e+06 1.214130967855453491e-02 1.329611334949731827e-02 1.156802996993064880e-01 1.214130967855453491e-02 1.329611334949731827e-02 1.156802996993064880e-01
1.043000000000000000e+06 1.233837287873029709e-02 1.324294041842222214e-02 1.150076165795326233e-01 1.233837287873029709e-02 1.324294041842222214e-02 1.150076165795326233e-01
1.044000000000000000e+06 1.263089850544929504e-02 1.325358636677265167e-02 1.146624088287353516e-01 1.263089850544929504e-02 1.325358636677265167e-02 1.146624088287353516e-01
1.045000000000000000e+06 1.339490339159965515e-02 1.333558280020952225e-02 1.153614223003387451e-01 1.339490339159965515e-02 1.333558280020952225e-02 1.153614223003387451e-01
1.046000000000000000e+06 1.315125636756420135e-02 1.324751600623130798e-02 1.146420389413833618e-01 1.315125636756420135e-02 1.324751600623130798e-02 1.146420389413833618e-01
1.047000000000000000e+06 1.266905013471841812e-02 1.324179209768772125e-02 1.162369623780250549e-01 1.266905013471841812e-02 1.324179209768772125e-02 1.162369623780250549e-01
1.048000000000000000e+06 1.396110001951456070e-02 1.330952905118465424e-02 1.158174350857734680e-01 1.396110001951456070e-02 1.330952905118465424e-02 1.158174350857734680e-01
1.049000000000000000e+06 1.343987323343753815e-02 1.321621797978878021e-02 1.147576272487640381e-01 1.343987323343753815e-02 1.321621797978878021e-02 1.147576272487640381e-01
1.050000000000000000e+06 1.573961600661277771e-02 1.320928614586591721e-02 1.160923764109611511e-01 1.573961600661277771e-02 1.320928614586591721e-02 1.160923764109611511e-01
1.051000000000000000e+06 1.648440398275852203e-02 1.325423456728458405e-02 1.158901602029800415e-01 1.648440398275852203e-02 1.325423456728458405e-02 1.158901602029800415e-01
1.052000000000000000e+06 1.254068128764629364e-02 1.323919370770454407e-02 1.144473701715469360e-01 1.254068128764629364e-02 1.323919370770454407e-02 1.144473701715469360e-01
1.053000000000000000e+06 1.350446976721286774e-02 1.327352784574031830e-02 1.148509085178375244e-01 1.350446976721286774e-02 1.327352784574031830e-02 1.148509085178375244e-01
1.054000000000000000e+06 1.189158111810684204e-02 1.325519382953643799e-02 1.143966093659400940e-01 1.189158111810684204e-02 1.325519382953643799e-02 1.143966093659400940e-01
1.055000000000000000e+06 1.300694234669208527e-02 1.326270122081041336e-02 1.170956641435623169e-01 1.300694234669208527e-02 1.326270122081041336e-02 1.170956641435623169e-01
1.056000000000000000e+06 1.528460066765546799e-02 1.323918066918849945e-02 1.144422814249992371e-01 1.528460066765546799e-02 1.323918066918849945e-02 1.144422814249992371e-01
1.057000000000000000e+06 1.231604442000389099e-02 1.327640004456043243e-02 1.152177676558494568e-01 1.231604442000389099e-02 1.327640004456043243e-02 1.152177676558494568e-01
1.058000000000000000e+06 1.214344520121812820e-02 1.326779741793870926e-02 1.144212633371353149e-01 1.214344520121812820e-02 1.326779741793870926e-02 1.144212633371353149e-01
1.059000000000000000e+06 1.333139464259147644e-02 1.323178224265575409e-02 1.163370758295059204e-01 1.333139464259147644e-02 1.323178224265575409e-02 1.163370758295059204e-01
1.060000000000000000e+06 1.340586505830287933e-02 1.323043368756771088e-02 1.145353540778160095e-01 1.340586505830287933e-02 1.323043368756771088e-02 1.145353540778160095e-01
1.061000000000000000e+06 1.398553326725959778e-02 1.330268196761608124e-02 1.144950613379478455e-01 1.398553326725959778e-02 1.330268196761608124e-02 1.144950613379478455e-01
1.062000000000000000e+06 1.295733079314231873e-02 1.323616132140159607e-02 1.149239465594291687e-01 1.295733079314231873e-02 1.323616132140159607e-02 1.149239465594291687e-01
1.063000000000000000e+06 1.460298895835876465e-02 1.320769265294075012e-02 1.170741021633148193e-01 1.460298895835876465e-02 1.320769265294075012e-02 1.170741021633148193e-01
1.064000000000000000e+06 1.242624502629041672e-02 1.330808829516172409e-02 1.144145876169204712e-01 1.242624502629041672e-02 1.330808829516172409e-02 1.144145876169204712e-01
1.065000000000000000e+06 1.230509113520383835e-02 1.321931090205907822e-02 1.136772483587265015e-01 1.230509113520383835e-02 1.321931090205907822e-02 1.136772483587265015e-01
1.066000000000000000e+06 1.356568560004234314e-02 1.326084788888692856e-02 1.131975799798965454e-01 1.356568560004234314e-02 1.326084788888692856e-02 1.131975799798965454e-01
1.067000000000000000e+06 1.293243840336799622e-02 1.322093885391950607e-02 1.137253493070602417e-01 1.293243840336799622e-02 1.322093885391950607e-02 1.137253493070602417e-01
1.068000000000000000e+06 1.222611777484416962e-02 1.318629924207925797e-02 1.139983162283897400e-01 1.222611777484416962e-02 1.318629924207925797e-02 1.139983162283897400e-01
1.069000000000000000e+06 1.251876633614301682e-02 1.317756250500679016e-02 1.136699095368385315e-01 1.251876633614301682e-02 1.317756250500679016e-02 1.136699095368385315e-01
1.070000000000000000e+06 1.277970336377620697e-02 1.323691476136445999e-02 1.126019731163978577e-01 1.277970336377620697e-02 1.323691476136445999e-02 1.126019731163978577e-01
1.071000000000000000e+06 1.238431315869092941e-02 1.324754953384399414e-02 1.132073104381561279e-01 1.238431315869092941e-02 1.324754953384399414e-02 1.132073104381561279e-01
1.072000000000000000e+06 1.243683975189924240e-02 1.320855692028999329e-02 1.134588494896888733e-01 1.243683975189924240e-02 1.320855692028999329e-02 1.134588494896888733e-01
1.073000000000000000e+06 1.531625539064407349e-02 1.314050611108541489e-02 1.131329238414764404e-01 1.531625539064407349e-02 1.314050611108541489e-02 1.131329238414764404e-01
1.074000000000000000e+06 1.260963454842567444e-02 1.315730344504117966e-02 1.129741817712783813e-01 1.260963454842567444e-02 1.315730344504117966e-02 1.129741817712783813e-01
1.075000000000000000e+06 1.214284729212522507e-02 1.325042173266410828e-02 1.127141863107681274e-01 1.214284729212522507e-02 1.325042173266410828e-02 1.127141863107681274e-01
1.076000000000000000e+06 1.213643234223127365e-02 1.320367678999900818e-02 1.125975400209426880e-01 1.213643234223127365e-02 1.320367678999900818e-02 1.125975400209426880e-01
1.077000000000000000e+06 1.340847648680210114e-02 1.320733036845922470e-02 1.142720356583595276e-01 1.340847648680210114e-02 1.320733036845922470e-02 1.142720356583595276e-01
1.078000000000000000e+06 1.165303960442543030e-02 1.325089763849973679e-02 1.134372353553771973e-01 1.165303960442543030e-02 1.325089763849973679e-02 1.134372353553771973e-01
1.079000000000000000e+06 1.357633713632822037e-02 1.320104487240314484e-02 1.141722425818443298e-01 1.357633713632822037e-02 1.320104487240314484e-02 1.141722425818443298e-01
1.080000000000000000e+06 1.434233132749795914e-02 1.317786239087581635e-02 1.130975782871246338e-01 1.434233132749795914e-02 1.317786239087581635e-02 1.130975782871246338e-01
1.081000000000000000e+06 1.277167163789272308e-02 1.323600113391876221e-02 1.136512160301208496e-01 1.277167163789272308e-02 1.323600113391876221e-02 1.136512160301208496e-01
1.082000000000000000e+06 1.213765610009431839e-02 1.321411225944757462e-02 1.125257685780525208e-01 1.213765610009431839e-02 1.321411225944757462e-02 1.125257685780525208e-01
1.083000000000000000e+06 1.211845129728317261e-02 1.319090928882360458e-02 1.130779981613159180e-01 1.211845129728317261e-02 1.319090928882360458e-02 1.130779981613159180e-01
1.084000000000000000e+06 1.440308615565299988e-02 1.323499251157045364e-02 1.134664490818977356e-01 1.440308615565299988e-02 1.323499251157045364e-02 1.134664490818977356e-01
1.085000000000000000e+06 1.204952131956815720e-02 1.323027722537517548e-02 1.127248182892799377e-01 1.204952131956815720e-02 1.323027722537517548e-02 1.127248182892799377e-01
1.086000000000000000e+06 1.392693817615509033e-02 1.319790352135896683e-02 1.134938299655914307e-01 1.392693817615509033e-02 1.319790352135896683e-02 1.134938299655914307e-01
1.087000000000000000e+06 1.197382714599370956e-02 1.320653222501277924e-02 1.124337315559387207e-01 1.197382714599370956e-02 1.320653222501277924e-02 1.124337315559387207e-01
1.088000000000000000e+06 1.412228774279356003e-02 1.325907092541456223e-02 1.127142459154129028e-01 1.412228774279356003e-02 1.325907092541456223e-02 1.127142459154129028e-01
1.089000000000000000e+06 1.308062113821506500e-02 1.318683382123708725e-02 1.131226047873497009e-01 1.308062113821506500e-02 1.318683382123708725e-02 1.131226047873497009e-01
1.090000000000000000e+06 1.256415620446205139e-02 1.317344326525926590e-02 1.127596944570541382e-01 1.256415620446205139e-02 1.317344326525926590e-02 1.127596944570541382e-01
1.091000000000000000e+06 1.307833660393953323e-02 1.316744834184646606e-02 1.131397932767868042e-01 1.307833660393953323e-02 1.316744834184646606e-02 1.131397932767868042e-01
1.092000000000000000e+06 1.415356155484914780e-02 1.318940892815589905e-02 1.121476292610168457e-01 1.415356155484914780e-02 1.318940892815589905e-02 1.121476292610168457e-01
1.093000000000000000e+06 1.286904886364936829e-02 1.317569706588983536e-02 1.115873306989669800e-01 1.286904886364936829e-02 1.317569706588983536e-02 1.115873306989669800e-01
1.094000000000000000e+06 1.385252177715301514e-02 1.317396480590105057e-02 1.121252328157424927e-01 1.385252177715301514e-02 1.317396480590105057e-02 1.121252328157424927e-01
1.095000000000000000e+06 1.228684466332197189e-02 1.314911711961030960e-02 1.122236475348472595e-01 1.228684466332197189e-02 1.314911711961030960e-02 1.122236475348472595e-01
1.096000000000000000e+06 1.215780712664127350e-02 1.321684475988149643e-02 1.128102689981460571e-01 1.215780712664127350e-02 1.321684475988149643e-02 1.128102689981460571e-01
1.097000000000000000e+06 1.467432640492916107e-02 1.315924804657697678e-02 1.122214943170547485e-01 1.467432640492916107e-02 1.315924804657697678e-02 1.122214943170547485e-01
1.098000000000000000e+06 1.515041664242744446e-02 1.318508293479681015e-02 1.117026209831237793e-01 1.515041664242744446e-02 1.318508293479681015e-02 1.117026209831237793e-01
1.099000000000000000e+06 1.232307683676481247e-02 1.317297387868165970e-02 1.116111055016517639e-01 1.232307683676481247e-02 1.317297387868165970e-02 1.116111055016517639e-01
1.100000000000000000e+06 1.185883488506078720e-02 1.313860807567834854e-02 1.111831516027450562e-01 1.185883488506078720e-02 1.313860807567834854e-02 1.111831516027450562e-01
1.101000000000000000e+06 1.258050929754972458e-02 1.315870881080627441e-02 1.127565950155258179e-01 1.258050929754972458e-02 1.315870881080627441e-02 1.127565950155258179e-01
1.102000000000000000e+06 1.206709165126085281e-02 1.316817477345466614e-02 1.119903549551963806e-01 1.206709165126085281e-02 1.316817477345466614e-02 1.119903549551963806e-01
1.103000000000000000e+06 1.386220287531614304e-02 1.313144341111183167e-02 1.121846139430999756e-01 1.386220287531614304e-02 1.313144341111183167e-02 1.121846139430999756e-01
1.104000000000000000e+06 1.358353998512029648e-02 1.322120334953069687e-02 1.107610166072845459e-01 1.358353998512029648e-02 1.322120334953069687e-02 1.107610166072845459e-01
1.105000000000000000e+06 1.230538077652454376e-02 1.316143199801445007e-02 1.127178519964218140e-01 1.230538077652454376e-02 1.316143199801445007e-02 1.127178519964218140e-01
1.106000000000000000e+06 1.401798054575920105e-02 1.316242571920156479e-02 1.124110445380210876e-01 1.401798054575920105e-02 1.316242571920156479e-02 1.124110445380210876e-01
1.107000000000000000e+06 1.214824803173542023e-02 1.313612423837184906e-02 1.113670542836189270e-01 1.214824803173542023e-02 1.313612423837184906e-02 1.113670542836189270e-01
1.108000000000000000e+06 1.345849130302667618e-02 1.321920752525329590e-02 1.115980297327041626e-01 1.345849130302667618e-02 1.321920752525329590e-02 1.115980297327041626e-01
1.109000000000000000e+06 1.251318678259849548e-02 1.310058124363422394e-02 1.123457923531532288e-01 1.251318678259849548e-02 1.310058124363422394e-02 1.123457923531532288e-01
1.110000000000000000e+06 1.280655059963464737e-02 1.309016067534685135e-02 1.103813797235488892e-01 1.280655059963464737e-02 1.309016067534685135e-02 1.103813797235488892e-01
1.111000000000000000e+06 1.368923671543598175e-02 1.313041709363460541e-02 1.113153845071792603e-01 1.368923671543598175e-02 1.313041709363460541e-02 1.113153845071792603e-01
1.112000000000000000e+06 1.449916325509548187e-02 1.316127181053161621e-02 1.124783456325531006e-01 1.449916325509548187e-02 1.316127181053161621e-02 1.124783456325531006e-01
1.113000000000000000e+06 1.451824605464935303e-02 1.313129533082246780e-02 1.137835904955863953e-01 1.451824605464935303e-02 1.313129533082246780e-02 1.137835904955863953e-01
1.114000000000000000e+06 1.411262433975934982e-02 1.317875832319259644e-02 1.135742142796516418e-01 1.411262433975934982e-02 1.317875832319259644e-02 1.135742142796516418e-01
1.115000000000000000e+06 1.398355793207883835e-02 1.310881413519382477e-02 1.108442395925521851e-01 1.398355793207883835e-02 1.310881413519382477e-02 1.108442395925521851e-01
1.116000000000000000e+06 1.496744155883789062e-02 1.305246073752641678e-02 1.102797016501426697e-01 1.496744155883789062e-02 1.305246073752641678e-02 1.102797016501426697e-01
1.117000000000000000e+06 1.243029441684484482e-02 1.311379857361316681e-02 1.096624433994293213e-01 1.243029441684484482e-02 1.311379857361316681e-02 1.096624433994293213e-01
1.118000000000000000e+06 1.418686937540769577e-02 1.312948204576969147e-02 1.111599728465080261e-01 1.418686937540769577e-02 1.312948204576969147e-02 1.111599728465080261e-01
1.119000000000000000e+06 1.299680862575769424e-02 1.306812651455402374e-02 1.108677089214324951e-01 1.299680862575769424e-02 1.306812651455402374e-02 1.108677089214324951e-01
1.120000000000000000e+06 1.262416876852512360e-02 1.312779169529676437e-02 1.109508126974105835e-01 1.262416876852512360e-02 1.312779169529676437e-02 1.109508126974105835e-01
1.121000000000000000e+06 1.195906009525060654e-02 1.313676498830318451e-02 1.110707148909568787e-01 1.195906009525060654e-02 1.313676498830318451e-02 1.110707148909568787e-01
1.122000000000000000e+06 1.240721344947814941e-02 1.313295215368270874e-02 1.108231693506240845e-01 1.240721344947814941e-02 1.313295215368270874e-02 1.108231693506240845e-01
1.123000000000000000e+06 1.115304231643676758e-02 1.308912318199872971e-02 1.103328764438629150e-01 1.115304231643676758e-02 1.308912318199872971e-02 1.103328764438629150e-01
1.124000000000000000e+06 1.174448430538177490e-02 1.308779045939445496e-02 1.115219667553901672e-01 1.174448430538177490e-02 1.308779045939445496e-02 1.115219667553901672e-01
1.125000000000000000e+06 1.269724406301975250e-02 1.312231272459030151e-02 1.116443276405334473e-01 1.269724406301975250e-02 1.312231272459030151e-02 1.116443276405334473e-01
1.126000000000000000e+06 1.160260848701000214e-02 1.313423924148082733e-02 1.093739792704582214e-01 1.160260848701000214e-02 1.313423924148082733e-02 1.093739792704582214e-01
1.127000000000000000e+06 1.310269441455602646e-02 1.307976990938186646e-02 1.106671765446662903e-01 1.310269441455602646e-02 1.307976990938186646e-02 1.106671765446662903e-01
1.128000000000000000e+06 1.366571057587862015e-02 1.309910975396633148e-02 1.128116622567176819e-01 1.366571057587862015e-02 1.309910975396633148e-02 1.128116622567176819e-01
1.129000000000000000e+06 1.285693608224391937e-02 1.305862236768007278e-02 1.100420951843261719e-01 1.285693608224391937e-02 1.305862236768007278e-02 1.100420951843261719e-01
1.130000000000000000e+06 1.525701303035020828e-02 1.312692929059267044e-02 1.092177703976631165e-01 1.525701303035020828e-02 1.312692929059267044e-02 1.092177703976631165e-01
1.131000000000000000e+06 1.305869501084089279e-02 1.304298359900712967e-02 1.095760390162467957e-01 1.305869501084089279e-02 1.304298359900712967e-02 1.095760390162467957e-01
1.132000000000000000e+06 1.516190543770790100e-02 1.312015019357204437e-02 1.102845743298530579e-01 1.516190543770790100e-02 1.312015019357204437e-02 1.102845743298530579e-01
1.133000000000000000e+06 1.357219275087118149e-02 1.305305212736129761e-02 1.099111959338188171e-01 1.357219275087118149e-02 1.305305212736129761e-02 1.099111959338188171e-01
1.134000000000000000e+06 1.223682798445224762e-02 1.309297047555446625e-02 1.106914579868316650e-01 1.223682798445224762e-02 1.309297047555446625e-02 1.106914579868316650e-01
1.135000000000000000e+06 1.252430304884910583e-02 1.307719666510820389e-02 1.095733866095542908e-01 1.252430304884910583e-02 1.307719666510820389e-02 1.095733866095542908e-01
1.136000000000000000e+06 1.204136293381452560e-02 1.302677392959594727e-02 1.096964031457901001e-01 1.204136293381452560e-02 1.302677392959594727e-02 1.096964031457901001e-01
1.137000000000000000e+06 1.322503667324781418e-02 1.302568707615137100e-02 1.100267842411994934e-01 1.322503667324781418e-02 1.302568707615137100e-02 1.100267842411994934e-01
1.138000000000000000e+06 1.296898815780878067e-02 1.304403133690357208e-02 1.106669753789901733e-01 1.296898815780878067e-02 1.304403133690357208e-02 1.106669753789901733e-01
1.139000000000000000e+06 1.403007842600345612e-02 1.309169828891754150e-02 1.109736189246177673e-01 1.403007842600345612e-02 1.309169828891754150e-02 1.109736189246177673e-01
1.140000000000000000e+06 1.188026461750268936e-02 1.304704230278730392e-02 1.083340272307395935e-01 1.188026461750268936e-02 1.304704230278730392e-02 1.083340272307395935e-01
1.141000000000000000e+06 1.155525725334882736e-02 1.299757324159145355e-02 1.097423955798149109e-01 1.155525725334882736e-02 1.299757324159145355e-02 1.097423955798149109e-01
1.142000000000000000e+06 1.261051464825868607e-02 1.301229838281869888e-02 1.093111708760261536e-01 1.261051464825868607e-02 1.301229838281869888e-02 1.093111708760261536e-01
1.143000000000000000e+06 1.290519814938306808e-02 1.297875773161649704e-02 1.101821660995483398e-01 1.290519814938306808e-02 1.297875773161649704e-02 1.101821660995483398e-01
1.144000000000000000e+06 1.147163286805152893e-02 1.304516848176717758e-02 1.089326590299606323e-01 1.147163286805152893e-02 1.304516848176717758e-02 1.089326590299606323e-01
1.145000000000000000e+06 1.316637266427278519e-02 1.300534512847661972e-02 1.088611111044883728e-01 1.316637266427278519e-02 1.300534512847661972e-02 1.088611111044883728e-01
1.146000000000000000e+06 1.209594402462244034e-02 1.303447317332029343e-02 1.098026782274246216e-01 1.209594402462244034e-02 1.303447317332029343e-02 1.098026782274246216e-01
1.147000000000000000e+06 1.308025233447551727e-02 1.304034702479839325e-02 1.102721095085144043e-01 1.308025233447551727e-02 1.304034702479839325e-02 1.102721095085144043e-01
1.148000000000000000e+06 1.490799337625503540e-02 1.305373664945363998e-02 1.088947951793670654e-01 1.490799337625503540e-02 1.305373664945363998e-02 1.088947951793670654e-01
1.149000000000000000e+06 1.363284885883331299e-02 1.304942648857831955e-02 1.102345734834671021e-01 1.363284885883331299e-02 1.304942648857831955e-02 1.102345734834671021e-01
1.150000000000000000e+06 1.162735559046268463e-02 1.298690028488636017e-02 1.087118163704872131e-01 1.162735559046268463e-02 1.298690028488636017e-02 1.087118163704872131e-01
1.151000000000000000e+06 1.258583553135395050e-02 1.301694102585315704e-02 1.091077327728271484e-01 1.258583553135395050e-02 1.301694102585315704e-02 1.091077327728271484e-01
1.152000000000000000e+06 1.193866692483425140e-02 1.300689391791820526e-02 1.087350919842720032e-01 1.193866692483425140e-02 1.300689391791820526e-02 1.087350919842720032e-01
1.153000000000000000e+06 1.262377295643091202e-02 1.300679519772529602e-02 1.089000701904296875e-01 1.262377295643091202e-02 1.300679519772529602e-02 1.089000701904296875e-01
1.154000000000000000e+06 1.207635086029767990e-02 1.305631361901760101e-02 1.090086624026298523e-01 1.207635086029767990e-02 1.305631361901760101e-02 1.090086624026298523e-01
1.155000000000000000e+06 1.212871260941028595e-02 1.308550965040922165e-02 1.092569753527641296e-01 1.212871260941028595e-02 1.308550965040922165e-02 1.092569753527641296e-01
1.156000000000000000e+06 1.118499878793954849e-02 1.301722880452871323e-02 1.095478162169456482e-01 1.118499878793954849e-02 1.301722880452871323e-02 1.095478162169456482e-01
1.157000000000000000e+06 1.099281478673219681e-02 1.301846466958522797e-02 1.078563258051872253e-01 1.099281478673219681e-02 1.301846466958522797e-02 1.078563258051872253e-01
1.158000000000000000e+06 1.194289512932300568e-02 1.299846544861793518e-02 1.080468967556953430e-01 1.194289512932300568e-02 1.299846544861793518e-02 1.080468967556953430e-01
1.159000000000000000e+06 1.120676845312118530e-02 1.297860313206911087e-02 1.072370782494544983e-01 1.120676845312118530e-02 1.297860313206911087e-02 1.072370782494544983e-01
1.160000000000000000e+06 1.106878370046615601e-02 1.304561924189329147e-02 1.076441854238510132e-01 1.106878370046615601e-02 1.304561924189329147e-02 1.076441854238510132e-01
1.161000000000000000e+06 1.421202160418033600e-02 1.300862338393926620e-02 1.089831665158271790e-01 1.421202160418033600e-02 1.300862338393926620e-02 1.089831665158271790e-01
1.162000000000000000e+06 1.359902508556842804e-02 1.308028399944305420e-02 1.088531315326690674e-01 1.359902508556842804e-02 1.308028399944305420e-02 1.088531315326690674e-01
1.163000000000000000e+06 1.207933016121387482e-02 1.302089169621467590e-02 1.073593646287918091e-01 1.207933016121387482e-02 1.302089169621467590e-02 1.073593646287918091e-01
1.164000000000000000e+06 1.181304920464754105e-02 1.303825993090867996e-02 1.079932898283004761e-01 1.181304920464754105e-02 1.303825993090867996e-02 1.079932898283004761e-01
1.165000000000000000e+06 1.253680884838104248e-02 1.298124715685844421e-02 1.078356951475143433e-01 1.253680884838104248e-02 1.298124715685844421e-02 1.078356951475143433e-01
1.166000000000000000e+06 1.279377657920122147e-02 1.303392928093671799e-02 1.073423624038696289e-01 1.279377657920122147e-02 1.303392928093671799e-02 1.073423624038696289e-01
1.167000000000000000e+06 1.299282070249319077e-02 1.301064435392618179e-02 1.091671139001846313e-01 1.299282070249319077e-02 1.301064435392618179e-02 1.091671139001846313e-01
1.168000000000000000e+06 1.277181878685951233e-02 1.300245895981788635e-02 1.077182367444038391e-01 1.277181878685951233e-02 1.300245895981788635e-02 1.077182367444038391e-01
1.169000000000000000e+06 1.295660343021154404e-02 1.295270957052707672e-02 1.088042259216308594e-01 1.295660343021154404e-02 1.295270957052707672e-02 1.088042259216308594e-01
1.170000000000000000e+06 1.424506213515996933e-02 1.302822120487689972e-02 1.099699661135673523e-01 1.424506213515996933e-02 1.302822120487689972e-02 1.099699661135673523e-01
1.171000000000000000e+06 1.206611003726720810e-02 1.300191227346658707e-02 1.088502854108810425e-01 1.206611003726720810e-02 1.300191227346658707e-02 1.088502854108810425e-01
1.172000000000000000e+06 1.449757441878318787e-02 1.305242907255887985e-02 1.088774278759956360e-01 1.449757441878318787e-02 1.305242907255887985e-02 1.088774278759956360e-01
1.173000000000000000e+06 1.208232250064611435e-02 1.297481730580329895e-02 1.076370626688003540e-01 1.208232250064611435e-02 1.297481730580329895e-02 1.076370626688003540e-01
1.174000000000000000e+06 1.142722927033901215e-02 1.301602274179458618e-02 1.069116145372390747e-01 1.142722927033901215e-02 1.301602274179458618e-02 1.069116145372390747e-01
1.175000000000000000e+06 1.205239631235599518e-02 1.301713660359382629e-02 1.072699204087257385e-01 1.205239631235599518e-02 1.301713660359382629e-02 1.072699204087257385e-01
1.176000000000000000e+06 1.255828421562910080e-02 1.295435428619384766e-02 1.073570698499679565e-01 1.255828421562910080e-02 1.295435428619384766e-02 1.073570698499679565e-01
1.177000000000000000e+06 1.253197249025106430e-02 1.300424151122570038e-02 1.078378856182098389e-01 1.253197249025106430e-02 1.300424151122570038e-02 1.078378856182098389e-01
1.178000000000000000e+06 1.198949012905359268e-02 1.293480303138494492e-02 1.073843687772750854e-01 1.198949012905359268e-02 1.293480303138494492e-02 1.073843687772750854e-01
1.179000000000000000e+06 1.120192557573318481e-02 1.296044141054153442e-02 1.071679741144180298e-01 1.120192557573318481e-02 1.296044141054153442e-02 1.071679741144180298e-01
1.180000000000000000e+06 1.188475824892520905e-02 1.291466969996690750e-02 1.069799885153770447e-01 1.188475824892520905e-02 1.291466969996690750e-02 1.069799885153770447e-01
1.181000000000000000e+06 1.244157180190086365e-02 1.295127626508474350e-02 1.077667027711868286e-01 1.244157180190086365e-02 1.295127626508474350e-02 1.077667027711868286e-01
1.182000000000000000e+06 1.194204017519950867e-02 1.300099398940801620e-02 1.075042858719825745e-01 1.194204017519950867e-02 1.300099398940801620e-02 1.075042858719825745e-01
1.183000000000000000e+06 1.187056209892034531e-02 1.296101603657007217e-02 1.068407520651817322e-01 1.187056209892034531e-02 1.296101603657007217e-02 1.068407520651817322e-01
1.184000000000000000e+06 1.191738992929458618e-02 1.295157242566347122e-02 1.065725460648536682e-01 1.191738992929458618e-02 1.295157242566347122e-02 1.065725460648536682e-01
1.185000000000000000e+06 1.152763701975345612e-02 1.295005530118942261e-02 1.070766448974609375e-01 1.152763701975345612e-02 1.295005530118942261e-02 1.070766448974609375e-01
1.186000000000000000e+06 1.189956068992614746e-02 1.292741484940052032e-02 1.073110625147819519e-01 1.189956068992614746e-02 1.292741484940052032e-02 1.073110625147819519e-01
1.187000000000000000e+06 1.133797597140073776e-02 1.294215582311153412e-02 1.076581105589866638e-01 1.133797597140073776e-02 1.294215582311153412e-02 1.076581105589866638e-01
1.188000000000000000e+06 1.351766847074031830e-02 1.295774895697832108e-02 1.078881919384002686e-01 1.351766847074031830e-02 1.295774895697832108e-02 1.078881919384002686e-01
1.189000000000000000e+06 1.313885953277349472e-02 1.291697472333908081e-02 1.092364042997360229e-01 1.313885953277349472e-02 1.291697472333908081e-02 1.092364042997360229e-01
1.190000000000000000e+06 1.092884596437215805e-02 1.298691332340240479e-02 1.056693717837333679e-01 1.092884596437215805e-02 1.298691332340240479e-02 1.056693717837333679e-01
1.191000000000000000e+06 1.278009638190269470e-02 1.299907825887203217e-02 1.072293296456336975e-01 1.278009638190269470e-02 1.299907825887203217e-02 1.072293296456336975e-01
1.192000000000000000e+06 1.100250706076622009e-02 1.295261923223733902e-02 1.063005179166793823e-01 1.100250706076622009e-02 1.295261923223733902e-02 1.063005179166793823e-01
1.193000000000000000e+06 1.115285232663154602e-02 1.291059795767068863e-02 1.065605878829956055e-01 1.115285232663154602e-02 1.291059795767068863e-02 1.065605878829956055e-01
1.194000000000000000e+06 1.414951402693986893e-02 1.288190856575965881e-02 1.064698770642280579e-01 1.414951402693986893e-02 1.288190856575965881e-02 1.064698770642280579e-01
1.195000000000000000e+06 1.204991899430751801e-02 1.292079407721757889e-02 1.073708906769752502e-01 1.204991899430751801e-02 1.292079407721757889e-02 1.073708906769752502e-01
1.196000000000000000e+06 1.311225350946187973e-02 1.292354892939329147e-02 1.067953780293464661e-01 1.311225350946187973e-02 1.292354892939329147e-02 1.067953780293464661e-01
1.197000000000000000e+06 1.460120361298322678e-02 1.289226859807968140e-02 1.106846258044242859e-01 1.460120361298322678e-02 1.289226859807968140e-02 1.106846258044242859e-01
1.198000000000000000e+06 1.200496591627597809e-02 1.298314146697521210e-02 1.055367663502693176e-01 1.200496591627597809e-02 1.298314146697521210e-02 1.055367663502693176e-01
1.199000000000000000e+06 1.311800070106983185e-02 1.290598511695861816e-02 1.075045987963676453e-01 1.311800070106983185e-02 1.290598511695861816e-02 1.075045987963676453e-01
1.200000000000000000e+06 1.231089513748884201e-02 1.288375724107027054e-02 1.059124842286109924e-01 1.231089513748884201e-02 1.288375724107027054e-02 1.059124842286109924e-01
1.201000000000000000e+06 1.151813194155693054e-02 1.300096604973077774e-02 1.056258827447891235e-01 1.151813194155693054e-02 1.300096604973077774e-02 1.056258827447891235e-01
1.202000000000000000e+06 1.324759051203727722e-02 1.297576166689395905e-02 1.057510152459144592e-01 1.324759051203727722e-02 1.297576166689395905e-02 1.057510152459144592e-01
1.203000000000000000e+06 1.101434137672185898e-02 1.294379495084285736e-02 1.049899831414222717e-01 1.101434137672185898e-02 1.294379495084285736e-02 1.049899831414222717e-01
1.204000000000000000e+06 1.238296926021575928e-02 1.290087029337882996e-02 1.051959544420242310e-01 1.238296926021575928e-02 1.290087029337882996e-02 1.051959544420242310e-01
1.205000000000000000e+06 1.193780638277530670e-02 1.289208419620990753e-02 1.072855219244956970e-01 1.193780638277530670e-02 1.289208419620990753e-02 1.072855219244956970e-01
1.206000000000000000e+06 1.105167809873819351e-02 1.294446922838687897e-02 1.060608774423599243e-01 1.105167809873819351e-02 1.294446922838687897e-02 1.060608774423599243e-01
1.207000000000000000e+06 1.200994942337274551e-02 1.293567940592765808e-02 1.062547564506530762e-01 1.200994942337274551e-02 1.293567940592765808e-02 1.062547564506530762e-01
1.208000000000000000e+06 1.310219615697860718e-02 1.297619659453630447e-02 1.053419560194015503e-01 1.310219615697860718e-02 1.297619659453630447e-02 1.053419560194015503e-01
1.209000000000000000e+06 1.125378347933292389e-02 1.293659768998622894e-02 1.052066460251808167e-01 1.125378347933292389e-02 1.293659768998622894e-02 1.052066460251808167e-01
1.210000000000000000e+06 1.123553421348333359e-02 1.287957932800054550e-02 1.059609130024909973e-01 1.123553421348333359e-02 1.287957932800054550e-02 1.059609130024909973e-01
1.211000000000000000e+06 1.122673135250806808e-02 1.286398433148860931e-02 1.046831831336021423e-01 1.122673135250806808e-02 1.286398433148860931e-02 1.046831831336021423e-01
1.212000000000000000e+06 1.287135854363441467e-02 1.288358680903911591e-02 1.067067757248878479e-01 1.287135854363441467e-02 1.288358680903911591e-02 1.067067757248878479e-01
1.213000000000000000e+06 1.184876542538404465e-02 1.288719568401575089e-02 1.053664386272430420e-01 1.184876542538404465e-02 1.288719568401575089e-02 1.053664386272430420e-01
1.214000000000000000e+06 1.163581572473049164e-02 1.288386620581150055e-02 1.055347025394439697e-01 1.163581572473049164e-02 1.288386620581150055e-02 1.055347025394439697e-01
1.215000000000000000e+06 1.280356850475072861e-02 1.290151569992303848e-02 1.068869978189468384e-01 1.280356850475072861e-02 1.290151569992303848e-02 1.068869978189468384e-01
1.216000000000000000e+06 1.408384181559085846e-02 1.287804730236530304e-02 1.079085022211074829e-01 1.408384181559085846e-02 1.287804730236530304e-02 1.079085022211074829e-01
1.217000000000000000e+06 1.187263801693916321e-02 1.287501119077205658e-02 1.052374020218849182e-01 1.187263801693916321e-02 1.287501119077205658e-02 1.052374020218849182e-01
1.218000000000000000e+06 1.120952609926462173e-02 1.288026664406061172e-02 1.052596122026443481e-01 1.120952609926462173e-02 1.288026664406061172e-02 1.052596122026443481e-01
1.219000000000000000e+06 1.304543204605579376e-02 1.286473404616117477e-02 1.048018783330917358e-01 1.304543204605579376e-02 1.286473404616117477e-02 1.048018783330917358e-01
1.220000000000000000e+06 1.162659004330635071e-02 1.282656379044055939e-02 1.067160069942474365e-01 1.162659004330635071e-02 1.282656379044055939e-02 1.067160069942474365e-01
1.221000000000000000e+06 1.150865759700536728e-02 1.293724402785301208e-02 1.066058725118637085e-01 1.150865759700536728e-02 1.293724402785301208e-02 1.066058725118637085e-01
1.222000000000000000e+06 1.253482233732938766e-02 1.291575934737920761e-02 1.055511087179183960e-01 1.253482233732938766e-02 1.291575934737920761e-02 1.055511087179183960e-01
1.223000000000000000e+06 1.198251452296972275e-02 1.287571806460618973e-02 1.068182066082954407e-01 1.198251452296972275e-02 1.287571806460618973e-02 1.068182066082954407e-01
1.224000000000000000e+06 1.172819826751947403e-02 1.288652233779430389e-02 1.067361906170845032e-01 1.172819826751947403e-02 1.288652233779430389e-02 1.067361906170845032e-01
1.225000000000000000e+06 1.118017826229333878e-02 1.290650665760040283e-02 1.042704209685325623e-01 1.118017826229333878e-02 1.290650665760040283e-02 1.042704209685325623e-01
1.226000000000000000e+06 1.244390010833740234e-02 1.289608329534530640e-02 1.055003032088279724e-01 1.244390010833740234e-02 1.289608329534530640e-02 1.055003032088279724e-01
1.227000000000000000e+06 1.271633710712194443e-02 1.283132471144199371e-02 1.062032878398895264e-01 1.271633710712194443e-02 1.283132471144199371e-02 1.062032878398895264e-01
1.228000000000000000e+06 1.276061404496431351e-02 1.289481297135353088e-02 1.051450818777084351e-01 1.276061404496431351e-02 1.289481297135353088e-02 1.051450818777084351e-01
1.229000000000000000e+06 1.058269198983907700e-02 1.289408095180988312e-02 1.039063781499862671e-01 1.058269198983907700e-02 1.289408095180988312e-02 1.039063781499862671e-01
1.230000000000000000e+06 1.152660232037305832e-02 1.289293821901082993e-02 1.038824692368507385e-01 1.152660232037305832e-02 1.289293821901082993e-02 1.038824692368507385e-01
1.231000000000000000e+06 1.181831676512956619e-02 1.287538092583417892e-02 1.057797893881797791e-01 1.181831676512956619e-02 1.287538092583417892e-02 1.057797893881797791e-01
1.232000000000000000e+06 1.151985954493284225e-02 1.292406674474477768e-02 1.039477735757827759e-01 1.151985954493284225e-02 1.292406674474477768e-02 1.039477735757827759e-01
1.233000000000000000e+06 1.147403381764888763e-02 1.286265440285205841e-02 1.049233600497245789e-01 1.147403381764888763e-02 1.286265440285205841e-02 1.049233600497245789e-01
1.234000000000000000e+06 1.274028979241847992e-02 1.282359473407268524e-02 1.051975637674331665e-01 1.274028979241847992e-02 1.282359473407268524e-02 1.051975637674331665e-01
1.235000000000000000e+06 1.292650774121284485e-02 1.286007557064294815e-02 1.051540598273277283e-01 1.292650774121284485e-02 1.286007557064294815e-02 1.051540598273277283e-01
1.236000000000000000e+06 1.082756370306015015e-02 1.283700391650199890e-02 1.039375439286231995e-01 1.082756370306015015e-02 1.283700391650199890e-02 1.039375439286231995e-01
1.237000000000000000e+06 1.204079017043113708e-02 1.286903303116559982e-02 1.044711545109748840e-01 1.204079017043113708e-02 1.286903303116559982e-02 1.044711545109748840e-01
1.238000000000000000e+06 1.324701495468616486e-02 1.294768229126930237e-02 1.053003743290901184e-01 1.324701495468616486e-02 1.294768229126930237e-02 1.053003743290901184e-01
1.239000000000000000e+06 1.201716158539056778e-02 1.286888774484395981e-02 1.039990112185478210e-01 1.201716158539056778e-02 1.286888774484395981e-02 1.039990112185478210e-01
1.240000000000000000e+06 1.123739127069711685e-02 1.282544527202844620e-02 1.034617274999618530e-01 1.123739127069711685e-02 1.282544527202844620e-02 1.034617274999618530e-01
1.241000000000000000e+06 1.230549532920122147e-02 1.282031554728746414e-02 1.043502911925315857e-01 1.230549532920122147e-02 1.282031554728746414e-02 1.043502911925315857e-01
1.242000000000000000e+06 1.280280388891696930e-02 1.288640499114990234e-02 1.049287617206573486e-01 1.280280388891696930e-02 1.288640499114990234e-02 1.049287617206573486e-01
1.243000000000000000e+06 1.141571160405874252e-02 1.287050358951091766e-02 1.046623438596725464e-01 1.141571160405874252e-02 1.287050358951091766e-02 1.046623438596725464e-01
1.244000000000000000e+06 1.113012060523033142e-02 1.285503245890140533e-02 1.040273234248161316e-01 1.113012060523033142e-02 1.285503245890140533e-02 1.040273234248161316e-01
1.245000000000000000e+06 1.407175138592720032e-02 1.282353885471820831e-02 1.049891933798789978e-01 1.407175138592720032e-02 1.282353885471820831e-02 1.049891933798789978e-01
1.246000000000000000e+06 1.415929570794105530e-02 1.281902194023132324e-02 1.064622774720191956e-01 1.415929570794105530e-02 1.281902194023132324e-02 1.064622774720191956e-01
1.247000000000000000e+06 1.157447043806314468e-02 1.292595546692609787e-02 1.038598939776420593e-01 1.157447043806314468e-02 1.292595546692609787e-02 1.038598939776420593e-01
1.248000000000000000e+06 1.516842655837535858e-02 1.285019516944885254e-02 1.040392294526100159e-01 1.516842655837535858e-02 1.285019516944885254e-02 1.040392294526100159e-01
1.249000000000000000e+06 1.107157766819000244e-02 1.284337230026721954e-02 1.043747067451477051e-01 1.107157766819000244e-02 1.284337230026721954e-02 1.043747067451477051e-01
1.250000000000000000e+06 1.189678348600864410e-02 1.281330082565546036e-02 1.051631867885589600e-01 1.189678348600864410e-02 1.281330082565546036e-02 1.051631867885589600e-01
1.251000000000000000e+06 1.238582376390695572e-02 1.290699001401662827e-02 1.040986254811286926e-01 1.238582376390695572e-02 1.290699001401662827e-02 1.040986254811286926e-01
1.252000000000000000e+06 1.183420419692993164e-02 1.281639188528060913e-02 1.026155576109886169e-01 1.183420419692993164e-02 1.281639188528060913e-02 1.026155576109886169e-01
1.253000000000000000e+06 1.262865308672189713e-02 1.284944359213113785e-02 1.041178703308105469e-01 1.262865308672189713e-02 1.284944359213113785e-02 1.041178703308105469e-01
1.254000000000000000e+06 1.131751947104930878e-02 1.285707019269466400e-02 1.035839170217514038e-01 1.131751947104930878e-02 1.285707019269466400e-02 1.035839170217514038e-01
1.255000000000000000e+06 1.199519820511341095e-02 1.278105098754167557e-02 1.042545661330223083e-01 1.199519820511341095e-02 1.278105098754167557e-02 1.042545661330223083e-01
1.256000000000000000e+06 1.356555894017219543e-02 1.279381848871707916e-02 1.045183390378952026e-01 1.356555894017219543e-02 1.279381848871707916e-02 1.045183390378952026e-01
1.257000000000000000e+06 1.113342307507991791e-02 1.281228009611368179e-02 1.024491861462593079e-01 1.113342307507991791e-02 1.281228009611368179e-02 1.024491861462593079e-01
1.258000000000000000e+06 1.158270798623561859e-02 1.284702587872743607e-02 1.049498245120048523e-01 1.158270798623561859e-02 1.284702587872743607e-02 1.049498245120048523e-01
1.259000000000000000e+06 1.121996156871318817e-02 1.284162513911724091e-02 1.043240576982498169e-01 1.121996156871318817e-02 1.284162513911724091e-02 1.043240576982498169e-01
1.260000000000000000e+06 1.090705208480358124e-02 1.282522175461053848e-02 1.025865077972412109e-01 1.090705208480358124e-02 1.282522175461053848e-02 1.025865077972412109e-01
1.261000000000000000e+06 1.207481138408184052e-02 1.282273326069116592e-02 1.028653457760810852e-01 1.207481138408184052e-02 1.282273326069116592e-02 1.028653457760810852e-01
1.262000000000000000e+06 1.173270773142576218e-02 1.281492505222558975e-02 1.038484498858451843e-01 1.173270773142576218e-02 1.281492505222558975e-02 1.038484498858451843e-01
1.263000000000000000e+06 1.276766415685415268e-02 1.282226294279098511e-02 1.028723865747451782e-01 1.276766415685415268e-02 1.282226294279098511e-02 1.028723865747451782e-01
1.264000000000000000e+06 1.193062588572502136e-02 1.284333970397710800e-02 1.037425696849822998e-01 1.193062588572502136e-02 1.284333970397710800e-02 1.037425696849822998e-01
1.265000000000000000e+06 1.226073782891035080e-02 1.284290011972188950e-02 1.031798571348190308e-01 1.226073782891035080e-02 1.284290011972188950e-02 1.031798571348190308e-01
1.266000000000000000e+06 1.227196678519248962e-02 1.281604822725057602e-02 1.040043532848358154e-01 1.227196678519248962e-02 1.281604822725057602e-02 1.040043532848358154e-01
1.267000000000000000e+06 1.142746489495038986e-02 1.280077826231718063e-02 1.048707515001296997e-01 1.142746489495038986e-02 1.280077826231718063e-02 1.048707515001296997e-01
1.268000000000000000e+06 1.153406873345375061e-02 1.289568934589624405e-02 1.026852875947952271e-01 1.153406873345375061e-02 1.289568934589624405e-02 1.026852875947952271e-01
1.269000000000000000e+06 1.029444113373756409e-02 1.281208731234073639e-02 1.027403995394706726e-01 1.029444113373756409e-02 1.281208731234073639e-02 1.027403995394706726e-01
1.270000000000000000e+06 1.207764632999897003e-02 1.288136187940835953e-02 1.037073880434036255e-01 1.207764632999897003e-02 1.288136187940835953e-02 1.037073880434036255e-01
1.271000000000000000e+06 1.202559843659400940e-02 1.280813291668891907e-02 1.024122834205627441e-01 1.202559843659400940e-02 1.280813291668891907e-02 1.024122834205627441e-01
1.272000000000000000e+06 1.278774905949831009e-02 1.277936622500419617e-02 1.027297601103782654e-01 1.278774905949831009e-02 1.277936622500419617e-02 1.027297601103782654e-01
1.273000000000000000e+06 1.132726762443780899e-02 1.278047077357769012e-02 1.024497076869010925e-01 1.132726762443780899e-02 1.278047077357769012e-02 1.024497076869010925e-01
1.274000000000000000e+06 1.183840818703174591e-02 1.275651901960372925e-02 1.021626740694046021e-01 1.183840818703174591e-02 1.275651901960372925e-02 1.021626740694046021e-01
1.275000000000000000e+06 1.119692716747522354e-02 1.284679584205150604e-02 1.029813885688781738e-01 1.119692716747522354e-02 1.284679584205150604e-02 1.029813885688781738e-01
1.276000000000000000e+06 1.069167349487543106e-02 1.286471728235483170e-02 1.033165380358695984e-01 1.069167349487543106e-02 1.286471728235483170e-02 1.033165380358695984e-01
1.277000000000000000e+06 1.319834124296903610e-02 1.281145215034484863e-02 1.037778556346893311e-01 1.319834124296903610e-02 1.281145215034484863e-02 1.037778556346893311e-01
1.278000000000000000e+06 1.239040121436119080e-02 1.286580692976713181e-02 1.044376865029335022e-01 1.239040121436119080e-02 1.286580692976713181e-02 1.044376865029335022e-01
1.279000000000000000e+06 1.280704047530889511e-02 1.286655664443969727e-02 1.025786399841308594e-01 1.280704047530889511e-02 1.286655664443969727e-02 1.025786399841308594e-01
1.280000000000000000e+06 1.119551621377468109e-02 1.279227994382381439e-02 1.022774949669837952e-01 1.119551621377468109e-02 1.279227994382381439e-02 1.022774949669837952e-01
1.281000000000000000e+06 1.209358125925064087e-02 1.281998120248317719e-02 1.034850403666496277e-01 1.209358125925064087e-02 1.281998120248317719e-02 1.034850403666496277e-01
1.282000000000000000e+06 1.208064798265695572e-02 1.277470309287309647e-02 1.022566333413124084e-01 1.208064798265695572e-02 1.277470309287309647e-02 1.022566333413124084e-01
1.283000000000000000e+06 1.201541349291801453e-02 1.287781912833452225e-02 1.020354479551315308e-01 1.201541349291801453e-02 1.287781912833452225e-02 1.020354479551315308e-01
1.284000000000000000e+06 1.171664707362651825e-02 1.284762006253004074e-02 1.023353859782218933e-01 1.171664707362651825e-02 1.284762006253004074e-02 1.023353859782218933e-01
1.285000000000000000e+06 1.328785344958305359e-02 1.287790946662425995e-02 1.024649217724800110e-01 1.328785344958305359e-02 1.287790946662425995e-02 1.024649217724800110e-01
1.286000000000000000e+06 1.016967929899692535e-02 1.280739065259695053e-02 1.015420407056808472e-01 1.016967929899692535e-02 1.280739065259695053e-02 1.015420407056808472e-01
1.287000000000000000e+06 1.255305390805006027e-02 1.280359923839569092e-02 1.024395078420639038e-01 1.255305390805006027e-02 1.280359923839569092e-02 1.024395078420639038e-01
1.288000000000000000e+06 1.137709524482488632e-02 1.284823566675186157e-02 1.019052937626838684e-01 1.137709524482488632e-02 1.284823566675186157e-02 1.019052937626838684e-01
1.289000000000000000e+06 1.127580925822257996e-02 1.280574500560760498e-02 1.023378893733024597e-01 1.127580925822257996e-02 1.280574500560760498e-02 1.023378893733024597e-01
1.290000000000000000e+06 1.098297350108623505e-02 1.280087139457464218e-02 1.026832982897758484e-01 1.098297350108623505e-02 1.280087139457464218e-02 1.026832982897758484e-01
1.291000000000000000e+06 1.176489423960447311e-02 1.283488795161247253e-02 1.020182147622108459e-01 1.176489423960447311e-02 1.283488795161247253e-02 1.020182147622108459e-01
1.292000000000000000e+06 1.137686148285865784e-02 1.280023157596588135e-02 1.018764823675155640e-01 1.137686148285865784e-02 1.280023157596588135e-02 1.018764823675155640e-01
1.293000000000000000e+06 1.164467912167310715e-02 1.284713484346866608e-02 1.020782589912414551e-01 1.164467912167310715e-02 1.284713484346866608e-02 1.020782589912414551e-01
1.294000000000000000e+06 1.265312265604734421e-02 1.282695773988962173e-02 1.026270687580108643e-01 1.265312265604734421e-02 1.282695773988962173e-02 1.026270687580108643e-01
1.295000000000000000e+06 1.166538801044225693e-02 1.283020898699760437e-02 1.014919131994247437e-01 1.166538801044225693e-02 1.283020898699760437e-02 1.014919131994247437e-01
1.296000000000000000e+06 1.014048699289560318e-02 1.275871880352497101e-02 1.006970629096031189e-01 1.014048699289560318e-02 1.275871880352497101e-02 1.006970629096031189e-01
1.297000000000000000e+06 1.072130165994167328e-02 1.282578799873590469e-02 1.006532311439514160e-01 1.072130165994167328e-02 1.282578799873590469e-02 1.006532311439514160e-01
1.298000000000000000e+06 1.413036324083805084e-02 1.283402182161808014e-02 1.032272800803184509e-01 1.413036324083805084e-02 1.283402182161808014e-02 1.032272800803184509e-01
1.299000000000000000e+06 1.025604270398616791e-02 1.277877110987901688e-02 1.012689098715782166e-01 1.025604270398616791e-02 1.277877110987901688e-02 1.012689098715782166e-01
1.300000000000000000e+06 1.287688501179218292e-02 1.284395344555377960e-02 1.024579182267189026e-01 1.287688501179218292e-02 1.284395344555377960e-02 1.024579182267189026e-01
1.301000000000000000e+06 1.209013722836971283e-02 1.277623604983091354e-02 1.021131202578544617e-01 1.209013722836971283e-02 1.277623604983091354e-02 1.021131202578544617e-01
1.302000000000000000e+06 1.051669660955667496e-02 1.278752926737070084e-02 1.010018289089202881e-01 1.051669660955667496e-02 1.278752926737070084e-02 1.010018289089202881e-01
1.303000000000000000e+06 1.367726083844900131e-02 1.276072207838296890e-02 1.015817523002624512e-01 1.367726083844900131e-02 1.276072207838296890e-02 1.015817523002624512e-01
1.304000000000000000e+06 1.283379551023244858e-02 1.274810358881950378e-02 1.016201674938201904e-01 1.283379551023244858e-02 1.274810358881950378e-02 1.016201674938201904e-01
1.305000000000000000e+06 1.380821969360113144e-02 1.277465652674436569e-02 1.017343923449516296e-01 1.380821969360113144e-02 1.277465652674436569e-02 1.017343923449516296e-01
1.306000000000000000e+06 1.209117285907268524e-02 1.278902869671583176e-02 1.011281833052635193e-01 1.209117285907268524e-02 1.278902869671583176e-02 1.011281833052635193e-01
1.307000000000000000e+06 1.103415805846452713e-02 1.278466917574405670e-02 1.004844680428504944e-01 1.103415805846452713e-02 1.278466917574405670e-02 1.004844680428504944e-01
1.308000000000000000e+06 1.157667394727468491e-02 1.272405683994293213e-02 1.011186540126800537e-01 1.157667394727468491e-02 1.272405683994293213e-02 1.011186540126800537e-01
1.309000000000000000e+06 1.040744874626398087e-02 1.280573196709156036e-02 1.009005829691886902e-01 1.040744874626398087e-02 1.280573196709156036e-02 1.009005829691886902e-01
1.310000000000000000e+06 1.128539629280567169e-02 1.271534897387027740e-02 1.000062674283981323e-01 1.128539629280567169e-02 1.271534897387027740e-02 1.000062674283981323e-01
1.311000000000000000e+06 1.142935454845428467e-02 1.272594183683395386e-02 1.011645197868347168e-01 1.142935454845428467e-02 1.272594183683395386e-02 1.011645197868347168e-01
1.312000000000000000e+06 1.107264589518308640e-02 1.275903172791004181e-02 1.011633798480033875e-01 1.107264589518308640e-02 1.275903172791004181e-02 1.011633798480033875e-01
1.313000000000000000e+06 1.220845244824886322e-02 1.273886393755674362e-02 1.004063859581947327e-01 1.220845244824886322e-02 1.273886393755674362e-02 1.004063859581947327e-01
1.314000000000000000e+06 1.176154613494873047e-02 1.280201319605112076e-02 1.006379947066307068e-01 1.176154613494873047e-02 1.280201319605112076e-02 1.006379947066307068e-01
1.315000000000000000e+06 1.116376463323831558e-02 1.275007985532283783e-02 9.983231127262115479e-02 1.116376463323831558e-02 1.275007985532283783e-02 9.983231127262115479e-02
1.316000000000000000e+06 1.154065411537885666e-02 1.276515144854784012e-02 1.008649691939353943e-01 1.154065411537885666e-02 1.276515144854784012e-02 1.008649691939353943e-01
1.317000000000000000e+06 1.156332995742559433e-02 1.278308127075433731e-02 1.013469770550727844e-01 1.156332995742559433e-02 1.278308127075433731e-02 1.013469770550727844e-01
1.318000000000000000e+06 1.226981915533542633e-02 1.277682743966579437e-02 1.007632091641426086e-01 1.226981915533542633e-02 1.277682743966579437e-02 1.007632091641426086e-01
1.319000000000000000e+06 1.120796799659729004e-02 1.270611863583326340e-02 1.015327647328376770e-01 1.120796799659729004e-02 1.270611863583326340e-02 1.015327647328376770e-01
1.320000000000000000e+06 1.127151027321815491e-02 1.276000402867794037e-02 1.005391478538513184e-01 1.127151027321815491e-02 1.276000402867794037e-02 1.005391478538513184e-01
1.321000000000000000e+06 1.296096388250589371e-02 1.277615502476692200e-02 1.018564328551292419e-01 1.296096388250589371e-02 1.277615502476692200e-02 1.018564328551292419e-01
1.322000000000000000e+06 1.127395313233137131e-02 1.281946990638971329e-02 1.003619655966758728e-01 1.127395313233137131e-02 1.281946990638971329e-02 1.003619655966758728e-01
1.323000000000000000e+06 1.250281929969787598e-02 1.278009917587041855e-02 1.003976315259933472e-01 1.250281929969787598e-02 1.278009917587041855e-02 1.003976315259933472e-01
1.324000000000000000e+06 1.165044680237770081e-02 1.280593406409025192e-02 1.006116420030593872e-01 1.165044680237770081e-02 1.280593406409025192e-02 1.006116420030593872e-01
1.325000000000000000e+06 1.131070125848054886e-02 1.270880736410617828e-02 1.000065952539443970e-01 1.131070125848054886e-02 1.270880736410617828e-02 1.000065952539443970e-01
1.326000000000000000e+06 1.077880524098873138e-02 1.277815271168947220e-02 1.001732572913169861e-01 1.077880524098873138e-02 1.277815271168947220e-02 1.001732572913169861e-01
1.327000000000000000e+06 1.263544522225856781e-02 1.275470294058322906e-02 1.002096459269523621e-01 1.263544522225856781e-02 1.275470294058322906e-02 1.002096459269523621e-01
1.328000000000000000e+06 1.064484193921089172e-02 1.274534687399864197e-02 9.950001537799835205e-02 1.064484193921089172e-02 1.274534687399864197e-02 9.950001537799835205e-02
1.329000000000000000e+06 1.077966112643480301e-02 1.279914472252130508e-02 1.008273661136627197e-01 1.077966112643480301e-02 1.279914472252130508e-02 1.008273661136627197e-01
1.330000000000000000e+06 1.234985515475273132e-02 1.275787875056266785e-02 1.002726405858993530e-01 1.234985515475273132e-02 1.275787875056266785e-02 1.002726405858993530e-01
1.331000000000000000e+06 1.048765797168016434e-02 1.274107582867145538e-02 9.932998567819595337e-02 1.048765797168016434e-02 1.274107582867145538e-02 9.932998567819595337e-02
1.332000000000000000e+06 1.463480014353990555e-02 1.274932455271482468e-02 1.021984964609146118e-01 1.463480014353990555e-02 1.274932455271482468e-02 1.021984964609146118e-01
1.333000000000000000e+06 1.058943476527929306e-02 1.275834999978542328e-02 9.986091405153274536e-02 1.058943476527929306e-02 1.275834999978542328e-02 9.986091405153274536e-02
1.334000000000000000e+06 1.167591195553541183e-02 1.277048978954553604e-02 9.911350160837173462e-02 1.167591195553541183e-02 1.277048978954553604e-02 9.911350160837173462e-02
1.335000000000000000e+06 1.304265018552541733e-02 1.271428260952234268e-02 9.988436847925186157e-02 1.304265018552541733e-02 1.271428260952234268e-02 9.988436847925186157e-02
1.336000000000000000e+06 1.092981267720460892e-02 1.270125340670347214e-02 9.969067573547363281e-02 1.092981267720460892e-02 1.270125340670347214e-02 9.969067573547363281e-02
1.337000000000000000e+06 1.300858519971370697e-02 1.275155879557132721e-02 1.002382934093475342e-01 1.300858519971370697e-02 1.275155879557132721e-02 1.002382934093475342e-01
1.338000000000000000e+06 1.083530858159065247e-02 1.276670489460229874e-02 9.979547560214996338e-02 1.083530858159065247e-02 1.276670489460229874e-02 9.979547560214996338e-02
1.339000000000000000e+06 1.209559850394725800e-02 1.270101778209209442e-02 9.973812848329544067e-02 1.209559850394725800e-02 1.270101778209209442e-02 9.973812848329544067e-02
1.340000000000000000e+06 1.211126614362001419e-02 1.275036856532096863e-02 9.989463537931442261e-02 1.211126614362001419e-02 1.275036856532096863e-02 9.989463537931442261e-02
1.341000000000000000e+06 1.151394005864858627e-02 1.268797647207975388e-02 9.961647540330886841e-02 1.151394005864858627e-02 1.268797647207975388e-02 9.961647540330886841e-02
1.342000000000000000e+06 1.148969400674104691e-02 1.275896374136209488e-02 1.002672389149665833e-01 1.148969400674104691e-02 1.275896374136209488e-02 1.002672389149665833e-01
1.343000000000000000e+06 1.113634184002876282e-02 1.275508943945169449e-02 9.934910386800765991e-02 1.113634184002876282e-02 1.275508943945169449e-02 9.934910386800765991e-02
1.344000000000000000e+06 1.068893540650606155e-02 1.272811833769083023e-02 9.892560541629791260e-02 1.068893540650606155e-02 1.272811833769083023e-02 9.892560541629791260e-02
1.345000000000000000e+06 1.135611347854137421e-02 1.272993348538875580e-02 9.925208240747451782e-02 1.135611347854137421e-02 1.272993348538875580e-02 9.925208240747451782e-02
1.346000000000000000e+06 1.055316813290119171e-02 1.272259838879108429e-02 9.924015402793884277e-02 1.055316813290119171e-02 1.272259838879108429e-02 9.924015402793884277e-02
1.347000000000000000e+06 1.027621608227491379e-02 1.273628138005733490e-02 9.825163334608078003e-02 1.027621608227491379e-02 1.273628138005733490e-02 9.825163334608078003e-02
1.348000000000000000e+06 1.276009995490312576e-02 1.278520096093416214e-02 9.992578625679016113e-02 1.276009995490312576e-02 1.278520096093416214e-02 9.992578625679016113e-02
1.349000000000000000e+06 1.174708735197782516e-02 1.272759120911359787e-02 9.891248494386672974e-02 1.174708735197782516e-02 1.272759120911359787e-02 9.891248494386672974e-02
1.350000000000000000e+06 1.035258546471595764e-02 1.275011152029037476e-02 9.843504428863525391e-02 1.035258546471595764e-02 1.275011152029037476e-02 9.843504428863525391e-02
1.351000000000000000e+06 1.053957827389240265e-02 1.272433623671531677e-02 9.980327636003494263e-02 1.053957827389240265e-02 1.272433623671531677e-02 9.980327636003494263e-02
1.352000000000000000e+06 1.239731535315513611e-02 1.269013155251741409e-02 9.877275675535202026e-02 1.239731535315513611e-02 1.269013155251741409e-02 9.877275675535202026e-02
1.353000000000000000e+06 1.078656874597072601e-02 1.272608153522014618e-02 9.811533242464065552e-02 1.078656874597072601e-02 1.272608153522014618e-02 9.811533242464065552e-02
1.354000000000000000e+06 1.041928213089704514e-02 1.274433545768260956e-02 9.821574389934539795e-02 1.041928213089704514e-02 1.274433545768260956e-02 9.821574389934539795e-02
1.355000000000000000e+06 1.233107782900333405e-02 1.269638817757368088e-02 1.005492657423019409e-01 1.233107782900333405e-02 1.269638817757368088e-02 1.005492657423019409e-01
1.356000000000000000e+06 1.395957451313734055e-02 1.280748378485441208e-02 9.999809414148330688e-02 1.395957451313734055e-02 1.280748378485441208e-02 9.999809414148330688e-02
1.357000000000000000e+06 1.101763546466827393e-02 1.272626128047704697e-02 9.801931679248809814e-02 1.101763546466827393e-02 1.272626128047704697e-02 9.801931679248809814e-02
1.358000000000000000e+06 1.090724207460880280e-02 1.270524039864540100e-02 9.801046550273895264e-02 1.090724207460880280e-02 1.270524039864540100e-02 9.801046550273895264e-02
1.359000000000000000e+06 1.136359758675098419e-02 1.272135134786367416e-02 9.850002825260162354e-02 1.136359758675098419e-02 1.272135134786367416e-02 9.850002825260162354e-02
1.360000000000000000e+06 1.147097628563642502e-02 1.280183065682649612e-02 9.793014079332351685e-02 1.147097628563642502e-02 1.280183065682649612e-02 9.793014079332351685e-02
1.361000000000000000e+06 1.269466243684291840e-02 1.269824337214231491e-02 1.012857332825660706e-01 1.269466243684291840e-02 1.269824337214231491e-02 1.012857332825660706e-01
1.362000000000000000e+06 1.195668149739503860e-02 1.271611358970403671e-02 9.959299117326736450e-02 1.195668149739503860e-02 1.271611358970403671e-02 9.959299117326736450e-02
1.363000000000000000e+06 1.056445483118295670e-02 1.273241452872753143e-02 9.744167327880859375e-02 1.056445483118295670e-02 1.273241452872753143e-02 9.744167327880859375e-02
1.364000000000000000e+06 1.079479139298200607e-02 1.268877182155847549e-02 9.831620752811431885e-02 1.079479139298200607e-02 1.268877182155847549e-02 9.831620752811431885e-02
1.365000000000000000e+06 1.069475710391998291e-02 1.269166171550750732e-02 9.826705604791641235e-02 1.069475710391998291e-02 1.269166171550750732e-02 9.826705604791641235e-02
1.366000000000000000e+06 1.184820570051670074e-02 1.269317138940095901e-02 9.898394346237182617e-02 1.184820570051670074e-02 1.269317138940095901e-02 9.898394346237182617e-02
1.367000000000000000e+06 1.073965895920991898e-02 1.269486732780933380e-02 9.769093245267868042e-02 1.073965895920991898e-02 1.269486732780933380e-02 9.769093245267868042e-02
1.368000000000000000e+06 1.264498569071292877e-02 1.271777786314487457e-02 9.947436302900314331e-02 1.264498569071292877e-02 1.271777786314487457e-02 9.947436302900314331e-02
1.369000000000000000e+06 1.056765858083963394e-02 1.270685065537691116e-02 9.790613502264022827e-02 1.056765858083963394e-02 1.270685065537691116e-02 9.790613502264022827e-02
1.370000000000000000e+06 1.140118949115276337e-02 1.270523015409708023e-02 9.817133098840713501e-02 1.140118949115276337e-02 1.270523015409708023e-02 9.817133098840713501e-02
1.371000000000000000e+06 1.082581002265214920e-02 1.270467415452003479e-02 9.838171303272247314e-02 1.082581002265214920e-02 1.270467415452003479e-02 9.838171303272247314e-02
1.372000000000000000e+06 1.100609265267848969e-02 1.275203190743923187e-02 9.799113124608993530e-02 1.100609265267848969e-02 1.275203190743923187e-02 9.799113124608993530e-02
1.373000000000000000e+06 1.100956089794635773e-02 1.268820278346538544e-02 9.811346232891082764e-02 1.100956089794635773e-02 1.268820278346538544e-02 9.811346232891082764e-02
1.374000000000000000e+06 1.055748760700225830e-02 1.271933875977993011e-02 9.784524142742156982e-02 1.055748760700225830e-02 1.271933875977993011e-02 9.784524142742156982e-02
1.375000000000000000e+06 1.001756172627210617e-02 1.266836561262607574e-02 9.699537605047225952e-02 1.001756172627210617e-02 1.266836561262607574e-02 9.699537605047225952e-02
1.376000000000000000e+06 1.119742542505264282e-02 1.269593741744756699e-02 9.756464511156082153e-02 1.119742542505264282e-02 1.269593741744756699e-02 9.756464511156082153e-02
1.377000000000000000e+06 1.092781592160463333e-02 1.272382121533155441e-02 9.820432960987091064e-02 1.092781592160463333e-02 1.272382121533155441e-02 9.820432960987091064e-02
1.378000000000000000e+06 1.297848392277956009e-02 1.267249230295419693e-02 9.997776895761489868e-02 1.297848392277956009e-02 1.267249230295419693e-02 9.997776895761489868e-02
1.379000000000000000e+06 1.392937637865543365e-02 1.273713167756795883e-02 9.941382706165313721e-02 1.392937637865543365e-02 1.273713167756795883e-02 9.941382706165313721e-02
1.380000000000000000e+06 1.165776420384645462e-02 1.270990818738937378e-02 9.797157347202301025e-02 1.165776420384645462e-02 1.270990818738937378e-02 9.797157347202301025e-02
1.381000000000000000e+06 1.273040566593408585e-02 1.270107738673686981e-02 9.754423797130584717e-02 1.273040566593408585e-02 1.270107738673686981e-02 9.754423797130584717e-02
1.382000000000000000e+06 1.049675233662128448e-02 1.276226527988910675e-02 9.757668524980545044e-02 1.049675233662128448e-02 1.276226527988910675e-02 9.757668524980545044e-02
1.383000000000000000e+06 1.200261618942022324e-02 1.267354004085063934e-02 9.734435379505157471e-02 1.200261618942022324e-02 1.267354004085063934e-02 9.734435379505157471e-02
1.384000000000000000e+06 1.206208672374486923e-02 1.267926581203937531e-02 9.809283167123794556e-02 1.206208672374486923e-02 1.267926581203937531e-02 9.809283167123794556e-02
1.385000000000000000e+06 1.124824304133653641e-02 1.269253063946962357e-02 9.756044298410415649e-02 1.124824304133653641e-02 1.269253063946962357e-02 9.756044298410415649e-02
1.386000000000000000e+06 1.050072815269231796e-02 1.265169586986303329e-02 9.736042469739913940e-02 1.050072815269231796e-02 1.265169586986303329e-02 9.736042469739913940e-02
1.387000000000000000e+06 1.182547025382518768e-02 1.271770521998405457e-02 9.689024835824966431e-02 1.182547025382518768e-02 1.271770521998405457e-02 9.689024835824966431e-02
1.388000000000000000e+06 1.042088214308023453e-02 1.274028327316045761e-02 9.736774116754531860e-02 1.042088214308023453e-02 1.274028327316045761e-02 9.736774116754531860e-02
1.389000000000000000e+06 1.111768186092376709e-02 1.270473189651966095e-02 9.724408388137817383e-02 1.111768186092376709e-02 1.270473189651966095e-02 9.724408388137817383e-02
1.390000000000000000e+06 1.087812241166830063e-02 1.267984695732593536e-02 9.717585146427154541e-02 1.087812241166830063e-02 1.267984695732593536e-02 9.717585146427154541e-02
1.391000000000000000e+06 1.294422801584005356e-02 1.264135446399450302e-02 9.782901406288146973e-02 1.294422801584005356e-02 1.264135446399450302e-02 9.782901406288146973e-02
1.392000000000000000e+06 1.075483299791812897e-02 1.266969367861747742e-02 9.703324735164642334e-02 1.075483299791812897e-02 1.266969367861747742e-02 9.703324735164642334e-02
1.393000000000000000e+06 9.888434782624244690e-03 1.267013512551784515e-02 9.636260569095611572e-02 9.888434782624244690e-03 1.267013512551784515e-02 9.636260569095611572e-02
1.394000000000000000e+06 1.113019324839115143e-02 1.264435984194278717e-02 9.761759638786315918e-02 1.113019324839115143e-02 1.264435984194278717e-02 9.761759638786315918e-02
1.395000000000000000e+06 1.189906056970357895e-02 1.271237619221210480e-02 9.750804305076599121e-02 1.189906056970357895e-02 1.271237619221210480e-02 9.750804305076599121e-02
1.396000000000000000e+06 1.089948788285255432e-02 1.265647076070308685e-02 9.654657542705535889e-02 1.089948788285255432e-02 1.265647076070308685e-02 9.654657542705535889e-02
1.397000000000000000e+06 1.011743117123842239e-02 1.267812773585319519e-02 9.705337882041931152e-02 1.011743117123842239e-02 1.267812773585319519e-02 9.705337882041931152e-02
1.398000000000000000e+06 1.099181268364191055e-02 1.266484428197145462e-02 9.667503833770751953e-02 1.099181268364191055e-02 1.266484428197145462e-02 9.667503833770751953e-02
1.399000000000000000e+06 1.085116993635892868e-02 1.269347872585058212e-02 9.628082811832427979e-02 1.085116993635892868e-02 1.269347872585058212e-02 9.628082811832427979e-02
1.400000000000000000e+06 1.044249627739191055e-02 1.267141383141279221e-02 9.643654525279998779e-02 1.044249627739191055e-02 1.267141383141279221e-02 9.643654525279998779e-02
1.401000000000000000e+06 1.124982535839080811e-02 1.269372832030057907e-02 9.838433563709259033e-02 1.124982535839080811e-02 1.269372832030057907e-02 9.838433563709259033e-02
1.402000000000000000e+06 1.203859038650989532e-02 1.264831796288490295e-02 9.662691503763198853e-02 1.203859038650989532e-02 1.264831796288490295e-02 9.662691503763198853e-02
1.403000000000000000e+06 1.129134837538003922e-02 1.268767565488815308e-02 9.664911031723022461e-02 1.129134837538003922e-02 1.268767565488815308e-02 9.664911031723022461e-02
1.404000000000000000e+06 1.025347784161567688e-02 1.269983779639005661e-02 9.709156304597854614e-02 1.025347784161567688e-02 1.269983779639005661e-02 9.709156304597854614e-02
1.405000000000000000e+06 1.053940784186124802e-02 1.267639454454183578e-02 9.579691290855407715e-02 1.053940784186124802e-02 1.267639454454183578e-02 9.579691290855407715e-02
1.406000000000000000e+06 1.242948789149522781e-02 1.264881249517202377e-02 9.739830344915390015e-02 1.242948789149522781e-02 1.264881249517202377e-02 9.739830344915390015e-02
1.407000000000000000e+06 1.197566371411085129e-02 1.263709086924791336e-02 9.666017442941665649e-02 1.197566371411085129e-02 1.263709086924791336e-02 9.666017442941665649e-02
1.408000000000000000e+06 1.045658905059099197e-02 1.269572228193283081e-02 9.600794315338134766e-02 1.045658905059099197e-02 1.269572228193283081e-02 9.600794315338134766e-02
1.409000000000000000e+06 1.255122479051351547e-02 1.267002616077661514e-02 9.718708693981170654e-02 1.255122479051351547e-02 1.267002616077661514e-02 9.718708693981170654e-02
1.410000000000000000e+06 1.038153469562530518e-02 1.268710196018218994e-02 9.573776274919509888e-02 1.038153469562530518e-02 1.268710196018218994e-02 9.573776274919509888e-02
1.411000000000000000e+06 9.812205098569393158e-03 1.264287345111370087e-02 9.598329663276672363e-02 9.812205098569393158e-03 1.264287345111370087e-02 9.598329663276672363e-02
1.412000000000000000e+06 1.209073979407548904e-02 1.266956143081188202e-02 9.798429906368255615e-02 1.209073979407548904e-02 1.266956143081188202e-02 9.798429906368255615e-02
1.413000000000000000e+06 1.198730338364839554e-02 1.262135803699493408e-02 9.690240025520324707e-02 1.198730338364839554e-02 1.262135803699493408e-02 9.690240025520324707e-02
1.414000000000000000e+06 1.170317362993955612e-02 1.268998440355062485e-02 9.697352349758148193e-02 1.170317362993955612e-02 1.268998440355062485e-02 9.697352349758148193e-02
1.415000000000000000e+06 1.052897237241268158e-02 1.263813860714435577e-02 9.595974534749984741e-02 1.052897237241268158e-02 1.263813860714435577e-02 9.595974534749984741e-02
1.416000000000000000e+06 1.147797983139753342e-02 1.266141794621944427e-02 9.595116972923278809e-02 1.147797983139753342e-02 1.266141794621944427e-02 9.595116972923278809e-02
1.417000000000000000e+06 1.182552985846996307e-02 1.263761706650257111e-02 9.625125676393508911e-02 1.182552985846996307e-02 1.263761706650257111e-02 9.625125676393508911e-02
1.418000000000000000e+06 1.033229287713766098e-02 1.269630342721939087e-02 9.663113206624984741e-02 1.033229287713766098e-02 1.269630342721939087e-02 9.663113206624984741e-02
1.419000000000000000e+06 1.028547808527946472e-02 1.267725788056850433e-02 9.575210511684417725e-02 1.028547808527946472e-02 1.267725788056850433e-02 9.575210511684417725e-02
1.420000000000000000e+06 1.133215986192226410e-02 1.263709086924791336e-02 9.539265185594558716e-02 1.133215986192226410e-02 1.263709086924791336e-02 9.539265185594558716e-02
1.421000000000000000e+06 1.080992445349693298e-02 1.263190433382987976e-02 9.579981118440628052e-02 1.080992445349693298e-02 1.263190433382987976e-02 9.579981118440628052e-02
1.422000000000000000e+06 1.027388870716094971e-02 1.268599834293127060e-02 9.577430039644241333e-02 1.027388870716094971e-02 1.268599834293127060e-02 9.577430039644241333e-02
1.423000000000000000e+06 1.202164962887763977e-02 1.265510637313127518e-02 9.661316126585006714e-02 1.202164962887763977e-02 1.265510637313127518e-02 9.661316126585006714e-02
1.424000000000000000e+06 1.035511121153831482e-02 1.266445778310298920e-02 9.553335607051849365e-02 1.035511121153831482e-02 1.266445778310298920e-02 9.553335607051849365e-02
1.425000000000000000e+06 1.092364173382520676e-02 1.262579765170812607e-02 9.561584144830703735e-02 1.092364173382520676e-02 1.262579765170812607e-02 9.561584144830703735e-02
1.426000000000000000e+06 1.078928355127573013e-02 1.269005052745342255e-02 9.562873840332031250e-02 1.078928355127573013e-02 1.269005052745342255e-02 9.562873840332031250e-02
1.427000000000000000e+06 1.098285522311925888e-02 1.264404878020286560e-02 9.622149169445037842e-02 1.098285522311925888e-02 1.264404878020286560e-02 9.622149169445037842e-02
1.428000000000000000e+06 1.054800394922494888e-02 1.265743561089038849e-02 9.603764861822128296e-02 1.054800394922494888e-02 1.265743561089038849e-02 9.603764861822128296e-02
1.429000000000000000e+06 1.060569938272237778e-02 1.265514548867940903e-02 9.572603553533554077e-02 1.060569938272237778e-02 1.265514548867940903e-02 9.572603553533554077e-02
1.430000000000000000e+06 1.129746437072753906e-02 1.263141166418790817e-02 9.512963145971298218e-02 1.129746437072753906e-02 1.263141166418790817e-02 9.512963145971298218e-02
1.431000000000000000e+06 9.787183254957199097e-03 1.263643801212310791e-02 9.445250034332275391e-02 9.787183254957199097e-03 1.263643801212310791e-02 9.445250034332275391e-02
1.432000000000000000e+06 1.063265372067689896e-02 1.260294113308191299e-02 9.524387121200561523e-02 1.063265372067689896e-02 1.260294113308191299e-02 9.524387121200561523e-02
1.433000000000000000e+06 1.183031313121318817e-02 1.262579299509525299e-02 9.549377113580703735e-02 1.183031313121318817e-02 1.262579299509525299e-02 9.549377113580703735e-02
1.434000000000000000e+06 1.056744623929262161e-02 1.266561541706323624e-02 9.478976577520370483e-02 1.056744623929262161e-02 1.266561541706323624e-02 9.478976577520370483e-02
1.435000000000000000e+06 1.134176366031169891e-02 1.258154679089784622e-02 9.553022682666778564e-02 1.134176366031169891e-02 1.258154679089784622e-02 9.553022682666778564e-02
1.436000000000000000e+06 1.127025019377470016e-02 1.258840598165988922e-02 9.464554488658905029e-02 1.127025019377470016e-02 1.258840598165988922e-02 9.464554488658905029e-02
1.437000000000000000e+06 1.215433701872825623e-02 1.263474952429533005e-02 9.623216837644577026e-02 1.215433701872825623e-02 1.263474952429533005e-02 9.623216837644577026e-02
1.438000000000000000e+06 1.115312986075878143e-02 1.263947691768407822e-02 9.537985175848007202e-02 1.115312986075878143e-02 1.263947691768407822e-02 9.537985175848007202e-02
1.439000000000000000e+06 1.158878672868013382e-02 1.265706215053796768e-02 9.511721879243850708e-02 1.158878672868013382e-02 1.265706215053796768e-02 9.511721879243850708e-02
1.440000000000000000e+06 1.093787699937820435e-02 1.265680044889450073e-02 9.473496675491333008e-02 1.093787699937820435e-02 1.265680044889450073e-02 9.473496675491333008e-02
1.441000000000000000e+06 1.288113277405500412e-02 1.260936912149190903e-02 9.452041983604431152e-02 1.288113277405500412e-02 1.260936912149190903e-02 9.452041983604431152e-02
1.442000000000000000e+06 1.057070028036832809e-02 1.260244566947221756e-02 9.444528073072433472e-02 1.057070028036832809e-02 1.260244566947221756e-02 9.444528073072433472e-02
1.443000000000000000e+06 1.180226821452379227e-02 1.260495558381080627e-02 9.491053223609924316e-02 1.180226821452379227e-02 1.260495558381080627e-02 9.491053223609924316e-02
1.444000000000000000e+06 1.129695586860179901e-02 1.262828521430492401e-02 9.478535503149032593e-02 1.129695586860179901e-02 1.262828521430492401e-02 9.478535503149032593e-02
1.445000000000000000e+06 1.049295719712972641e-02 1.261822786182165146e-02 9.561585634946823120e-02 1.049295719712972641e-02 1.261822786182165146e-02 9.561585634946823120e-02
1.446000000000000000e+06 1.259175036102533340e-02 1.262510474771261215e-02 9.448437392711639404e-02 1.259175036102533340e-02 1.262510474771261215e-02 9.448437392711639404e-02
1.447000000000000000e+06 1.149413362145423889e-02 1.260253321379423141e-02 9.408573061227798462e-02 1.149413362145423889e-02 1.260253321379423141e-02 9.408573061227798462e-02
1.448000000000000000e+06 1.085564307868480682e-02 1.258197985589504242e-02 9.444716572761535645e-02 1.085564307868480682e-02 1.258197985589504242e-02 9.444716572761535645e-02
1.449000000000000000e+06 1.212196238338947296e-02 1.260510552674531937e-02 9.511811286211013794e-02 1.212196238338947296e-02 1.260510552674531937e-02 9.511811286211013794e-02
1.450000000000000000e+06 1.064262446016073227e-02 1.257836166769266129e-02 9.440004080533981323e-02 1.064262446016073227e-02 1.257836166769266129e-02 9.440004080533981323e-02
1.451000000000000000e+06 1.133146043866872787e-02 1.258421130478382111e-02 9.447804093360900879e-02 1.133146043866872787e-02 1.258421130478382111e-02 9.447804093360900879e-02
1.452000000000000000e+06 1.130703836679458618e-02 1.257230900228023529e-02 9.413085877895355225e-02 1.130703836679458618e-02 1.257230900228023529e-02 9.413085877895355225e-02
1.453000000000000000e+06 1.084412820637226105e-02 1.257575582712888718e-02 9.443892538547515869e-02 1.084412820637226105e-02 1.257575582712888718e-02 9.443892538547515869e-02
1.454000000000000000e+06 1.252342294901609421e-02 1.254625897854566574e-02 9.589067846536636353e-02 1.252342294901609421e-02 1.254625897854566574e-02 9.589067846536636353e-02
1.455000000000000000e+06 1.057942956686019897e-02 1.252824719995260239e-02 9.385596215724945068e-02 1.057942956686019897e-02 1.252824719995260239e-02 9.385596215724945068e-02
1.456000000000000000e+06 1.197604369372129440e-02 1.257921755313873291e-02 9.510505199432373047e-02 1.197604369372129440e-02 1.257921755313873291e-02 9.510505199432373047e-02
1.457000000000000000e+06 1.095462031662464142e-02 1.256325095891952515e-02 9.427655488252639771e-02 1.095462031662464142e-02 1.256325095891952515e-02 9.427655488252639771e-02
1.458000000000000000e+06 9.682307019829750061e-03 1.258813031017780304e-02 9.406514465808868408e-02 9.682307019829750061e-03 1.258813031017780304e-02 9.406514465808868408e-02
1.459000000000000000e+06 1.232432294636964798e-02 1.263407710939645767e-02 9.375569969415664673e-02 1.232432294636964798e-02 1.263407710939645767e-02 9.375569969415664673e-02
1.460000000000000000e+06 1.149946637451648712e-02 1.255243178457021713e-02 9.487675130367279053e-02 1.149946637451648712e-02 1.255243178457021713e-02 9.487675130367279053e-02
1.461000000000000000e+06 1.077079586684703827e-02 1.259539369493722916e-02 9.491386264562606812e-02 1.077079586684703827e-02 1.259539369493722916e-02 9.491386264562606812e-02
1.462000000000000000e+06 1.056565437465906143e-02 1.262960396707057953e-02 9.334331005811691284e-02 1.056565437465906143e-02 1.262960396707057953e-02 9.334331005811691284e-02
1.463000000000000000e+06 1.079667173326015472e-02 1.259064581245183945e-02 9.437604248523712158e-02 1.079667173326015472e-02 1.259064581245183945e-02 9.437604248523712158e-02
1.464000000000000000e+06 1.029650401324033737e-02 1.257601473480463028e-02 9.426161646842956543e-02 1.029650401324033737e-02 1.257601473480463028e-02 9.426161646842956543e-02
1.465000000000000000e+06 1.147879753261804581e-02 1.252144388854503632e-02 9.511263668537139893e-02 1.147879753261804581e-02 1.252144388854503632e-02 9.511263668537139893e-02
1.466000000000000000e+06 1.040915772318840027e-02 1.258190721273422241e-02 9.395439177751541138e-02 1.040915772318840027e-02 1.258190721273422241e-02 9.395439177751541138e-02
1.467000000000000000e+06 1.009843405336141586e-02 1.257573254406452179e-02 9.340977668762207031e-02 1.009843405336141586e-02 1.257573254406452179e-02 9.340977668762207031e-02
1.468000000000000000e+06 9.834886528551578522e-03 1.257315743714570999e-02 9.412879496812820435e-02 9.834886528551578522e-03 1.257315743714570999e-02 9.412879496812820435e-02
1.469000000000000000e+06 9.819809347391128540e-03 1.256259158253669739e-02 9.305744618177413940e-02 9.819809347391128540e-03 1.256259158253669739e-02 9.305744618177413940e-02
1.470000000000000000e+06 1.053531188517808914e-02 1.255142502486705780e-02 9.398107975721359253e-02 1.053531188517808914e-02 1.255142502486705780e-02 9.398107975721359253e-02
1.471000000000000000e+06 1.097706984728574753e-02 1.261398289352655411e-02 9.357817471027374268e-02 1.097706984728574753e-02 1.261398289352655411e-02 9.357817471027374268e-02
1.472000000000000000e+06 9.990897960960865021e-03 1.258888747543096542e-02 9.319990128278732300e-02 9.990897960960865021e-03 1.258888747543096542e-02 9.319990128278732300e-02
1.473000000000000000e+06 1.079007424414157867e-02 1.255933009088039398e-02 9.363222867250442505e-02 1.079007424414157867e-02 1.255933009088039398e-02 9.363222867250442505e-02
1.474000000000000000e+06 1.024353783577680588e-02 1.259514782577753067e-02 9.303124248981475830e-02 1.024353783577680588e-02 1.259514782577753067e-02 9.303124248981475830e-02
1.475000000000000000e+06 1.116653438657522202e-02 1.256477739661931992e-02 9.346344321966171265e-02 1.116653438657522202e-02 1.256477739661931992e-02 9.346344321966171265e-02
1.476000000000000000e+06 9.889705106616020203e-03 1.253776717931032181e-02 9.250230342149734497e-02 9.889705106616020203e-03 1.253776717931032181e-02 9.250230342149734497e-02
1.477000000000000000e+06 1.212338916957378387e-02 1.255821157246828079e-02 9.484490752220153809e-02 1.212338916957378387e-02 1.255821157246828079e-02 9.484490752220153809e-02
1.478000000000000000e+06 1.148594915866851807e-02 1.251728553324937820e-02 9.405392408370971680e-02 1.148594915866851807e-02 1.251728553324937820e-02 9.405392408370971680e-02
1.479000000000000000e+06 9.859628044068813324e-03 1.254892069846391678e-02 9.308782219886779785e-02 9.859628044068813324e-03 1.254892069846391678e-02 9.308782219886779785e-02
1.480000000000000000e+06 1.249699201434850693e-02 1.253535225987434387e-02 9.368406236171722412e-02 1.249699201434850693e-02 1.253535225987434387e-02 9.368406236171722412e-02
1.481000000000000000e+06 1.172963343560695648e-02 1.251684874296188354e-02 9.344876557588577271e-02 1.172963343560695648e-02 1.251684874296188354e-02 9.344876557588577271e-02
1.482000000000000000e+06 1.010405644774436951e-02 1.252606790512800217e-02 9.313334524631500244e-02 1.010405644774436951e-02 1.252606790512800217e-02 9.313334524631500244e-02
1.483000000000000000e+06 1.090094819664955139e-02 1.250297017395496368e-02 9.288374334573745728e-02 1.090094819664955139e-02 1.250297017395496368e-02 9.288374334573745728e-02
1.484000000000000000e+06 1.201719325035810471e-02 1.256801187992095947e-02 9.330969303846359253e-02 1.201719325035810471e-02 1.256801187992095947e-02 9.330969303846359253e-02
1.485000000000000000e+06 1.165196113288402557e-02 1.259179972112178802e-02 9.451621770858764648e-02 1.165196113288402557e-02 1.259179972112178802e-02 9.451621770858764648e-02
1.486000000000000000e+06 1.025465782731771469e-02 1.254626177251338959e-02 9.324352443218231201e-02 1.025465782731771469e-02 1.254626177251338959e-02 9.324352443218231201e-02
1.487000000000000000e+06 1.207403000444173813e-02 1.253854110836982727e-02 9.462048858404159546e-02 1.207403000444173813e-02 1.253854110836982727e-02 9.462048858404159546e-02
1.488000000000000000e+06 1.014603767544031143e-02 1.252361014485359192e-02 9.259952604770660400e-02 1.014603767544031143e-02 1.252361014485359192e-02 9.259952604770660400e-02
1.489000000000000000e+06 1.059741526842117310e-02 1.255112420767545700e-02 9.245472401380538940e-02 1.059741526842117310e-02 1.255112420767545700e-02 9.245472401380538940e-02
1.490000000000000000e+06 1.070981007069349289e-02 1.254807040095329285e-02 9.228609502315521240e-02 1.070981007069349289e-02 1.254807040095329285e-02 9.228609502315521240e-02
1.491000000000000000e+06 1.040287688374519348e-02 1.254317816346883774e-02 9.326166659593582153e-02 1.040287688374519348e-02 1.254317816346883774e-02 9.326166659593582153e-02
1.492000000000000000e+06 1.000830810517072678e-02 1.249762997031211853e-02 9.374272078275680542e-02 1.000830810517072678e-02 1.249762997031211853e-02 9.374272078275680542e-02
1.493000000000000000e+06 1.107110548764467239e-02 1.250516343861818314e-02 9.282191097736358643e-02 1.107110548764467239e-02 1.250516343861818314e-02 9.282191097736358643e-02
1.494000000000000000e+06 9.908623993396759033e-03 1.249176636338233948e-02 9.309855848550796509e-02 9.908623993396759033e-03 1.249176636338233948e-02 9.309855848550796509e-02
1.495000000000000000e+06 1.072872523218393326e-02 1.253480184823274612e-02 9.247031062841415405e-02 1.072872523218393326e-02 1.253480184823274612e-02 9.247031062841415405e-02
1.496000000000000000e+06 1.107914466410875320e-02 1.251585409045219421e-02 9.367496520280838013e-02 1.107914466410875320e-02 1.251585409045219421e-02 9.367496520280838013e-02
1.497000000000000000e+06 9.973808191716670990e-03 1.253238227218389511e-02 9.240826219320297241e-02 9.973808191716670990e-03 1.253238227218389511e-02 9.240826219320297241e-02
1.498000000000000000e+06 9.593985974788665771e-03 1.252754405140876770e-02 9.268372505903244019e-02 9.593985974788665771e-03 1.252754405140876770e-02 9.268372505903244019e-02
1.499000000000000000e+06 1.308103092014789581e-02 1.258800644427537918e-02 9.244228899478912354e-02 1.308103092014789581e-02 1.258800644427537918e-02 9.244228899478912354e-02
1.500000000000000000e+06 1.151876989752054214e-02 1.250671781599521637e-02 9.325215220451354980e-02 1.151876989752054214e-02 1.250671781599521637e-02 9.325215220451354980e-02
1.501000000000000000e+06 1.266361214220523834e-02 1.251676119863986969e-02 9.331881254911422729e-02 1.266361214220523834e-02 1.251676119863986969e-02 9.331881254911422729e-02
1.502000000000000000e+06 1.162756420671939850e-02 1.251073926687240601e-02 9.269294887781143188e-02 1.162756420671939850e-02 1.251073926687240601e-02 9.269294887781143188e-02
1.503000000000000000e+06 1.296727638691663742e-02 1.247628312557935715e-02 9.318801760673522949e-02 1.296727638691663742e-02 1.247628312557935715e-02 9.318801760673522949e-02
1.504000000000000000e+06 1.071166060864925385e-02 1.250027492642402649e-02 9.226804226636886597e-02 1.071166060864925385e-02 1.250027492642402649e-02 9.226804226636886597e-02
1.505000000000000000e+06 1.068319007754325867e-02 1.249703671783208847e-02 9.191624820232391357e-02 1.068319007754325867e-02 1.249703671783208847e-02 9.191624820232391357e-02
1.506000000000000000e+06 1.288522500544786453e-02 1.247393526136875153e-02 9.316550195217132568e-02 1.288522500544786453e-02 1.247393526136875153e-02 9.316550195217132568e-02
1.507000000000000000e+06 1.213629543781280518e-02 1.247932948172092438e-02 9.354659914970397949e-02 1.213629543781280518e-02 1.247932948172092438e-02 9.354659914970397949e-02
1.508000000000000000e+06 1.217967551201581955e-02 1.241926383227109909e-02 9.195538610219955444e-02 1.217967551201581955e-02 1.241926383227109909e-02 9.195538610219955444e-02
1.509000000000000000e+06 1.279142405837774277e-02 1.242247223854064941e-02 9.198373556137084961e-02 1.279142405837774277e-02 1.242247223854064941e-02 9.198373556137084961e-02
1.510000000000000000e+06 9.891626425087451935e-03 1.248018071055412292e-02 9.178371727466583252e-02 9.891626425087451935e-03 1.248018071055412292e-02 9.178371727466583252e-02
1.511000000000000000e+06 9.800616651773452759e-03 1.245730742812156677e-02 9.161525219678878784e-02 9.800616651773452759e-03 1.245730742812156677e-02 9.161525219678878784e-02
1.512000000000000000e+06 1.172735728323459625e-02 1.245825737714767456e-02 9.193438291549682617e-02 1.172735728323459625e-02 1.245825737714767456e-02 9.193438291549682617e-02
1.513000000000000000e+06 1.170497573912143707e-02 1.242623757570981979e-02 9.258437156677246094e-02 1.170497573912143707e-02 1.242623757570981979e-02 9.258437156677246094e-02
1.514000000000000000e+06 1.039076689630746841e-02 1.244181022047996521e-02 9.167447686195373535e-02 1.039076689630746841e-02 1.244181022047996521e-02 9.167447686195373535e-02
1.515000000000000000e+06 1.004522200673818588e-02 1.246122922748327255e-02 9.147562086582183838e-02 1.004522200673818588e-02 1.246122922748327255e-02 9.147562086582183838e-02
1.516000000000000000e+06 9.417290799319744110e-03 1.243239641189575195e-02 9.124616533517837524e-02 9.417290799319744110e-03 1.243239641189575195e-02 9.124616533517837524e-02
1.517000000000000000e+06 1.291114278137683868e-02 1.246034633368253708e-02 9.231559932231903076e-02 1.291114278137683868e-02 1.246034633368253708e-02 9.231559932231903076e-02
1.518000000000000000e+06 1.288111973553895950e-02 1.249794755131006241e-02 9.130666404962539673e-02 1.288111973553895950e-02 1.249794755131006241e-02 9.130666404962539673e-02
1.519000000000000000e+06 1.117495726794004440e-02 1.240621507167816162e-02 9.187950193881988525e-02 1.117495726794004440e-02 1.240621507167816162e-02 9.187950193881988525e-02
1.520000000000000000e+06 1.108697056770324707e-02 1.246525067836046219e-02 9.180483222007751465e-02 1.108697056770324707e-02 1.246525067836046219e-02 9.180483222007751465e-02
1.521000000000000000e+06 1.032024156302213669e-02 1.240801531821489334e-02 9.083783626556396484e-02 1.032024156302213669e-02 1.240801531821489334e-02 9.083783626556396484e-02
1.522000000000000000e+06 1.073419861495494843e-02 1.242143288254737854e-02 9.260093420743942261e-02 1.073419861495494843e-02 1.242143288254737854e-02 9.260093420743942261e-02
1.523000000000000000e+06 1.077315397560596466e-02 1.242536213248968124e-02 9.181082993745803833e-02 1.077315397560596466e-02 1.242536213248968124e-02 9.181082993745803833e-02
1.524000000000000000e+06 1.103857811540365219e-02 1.243434380739927292e-02 9.241030365228652954e-02 1.103857811540365219e-02 1.243434380739927292e-02 9.241030365228652954e-02
1.525000000000000000e+06 9.983721189200878143e-03 1.240764651447534561e-02 9.137275069952011108e-02 9.983721189200878143e-03 1.240764651447534561e-02 9.137275069952011108e-02
1.526000000000000000e+06 1.078188512474298477e-02 1.242617890238761902e-02 9.126984328031539917e-02 1.078188512474298477e-02 1.242617890238761902e-02 9.126984328031539917e-02
1.527000000000000000e+06 1.133570913225412369e-02 1.244644261896610260e-02 9.184024482965469360e-02 1.133570913225412369e-02 1.244644261896610260e-02 9.184024482965469360e-02
1.528000000000000000e+06 1.028115581721067429e-02 1.240706350654363632e-02 9.151011705398559570e-02 1.028115581721067429e-02 1.240706350654363632e-02 9.151011705398559570e-02
1.529000000000000000e+06 1.099342480301856995e-02 1.239825598895549774e-02 9.130501747131347656e-02 1.099342480301856995e-02 1.239825598895549774e-02 9.130501747131347656e-02
1.530000000000000000e+06 1.025692280381917953e-02 1.239507179707288742e-02 9.169942140579223633e-02 1.025692280381917953e-02 1.239507179707288742e-02 9.169942140579223633e-02
1.531000000000000000e+06 1.066146790981292725e-02 1.240726746618747711e-02 9.094109386205673218e-02 1.066146790981292725e-02 1.240726746618747711e-02 9.094109386205673218e-02
1.532000000000000000e+06 9.965124540030956268e-03 1.237510424107313156e-02 9.078624844551086426e-02 9.965124540030956268e-03 1.237510424107313156e-02 9.078624844551086426e-02
1.533000000000000000e+06 9.695559740066528320e-03 1.240983605384826660e-02 9.109473228454589844e-02 9.695559740066528320e-03 1.240983605384826660e-02 9.109473228454589844e-02
1.534000000000000000e+06 1.115223579108715057e-02 1.236390043050050735e-02 9.116424620151519775e-02 1.115223579108715057e-02 1.236390043050050735e-02 9.116424620151519775e-02
1.535000000000000000e+06 1.048631034791469574e-02 1.236983481794595718e-02 9.144078195095062256e-02 1.048631034791469574e-02 1.236983481794595718e-02 9.144078195095062256e-02
1.536000000000000000e+06 1.199264638125896454e-02 1.236825995147228241e-02 9.285101294517517090e-02 1.199264638125896454e-02 1.236825995147228241e-02 9.285101294517517090e-02
1.537000000000000000e+06 1.045638043433427811e-02 1.234625931829214096e-02 9.075180441141128540e-02 1.045638043433427811e-02 1.234625931829214096e-02 9.075180441141128540e-02
1.538000000000000000e+06 9.536285884678363800e-03 1.241160184144973755e-02 9.005890041589736938e-02 9.536285884678363800e-03 1.241160184144973755e-02 9.005890041589736938e-02
1.539000000000000000e+06 1.127782650291919708e-02 1.238856278359889984e-02 9.064842760562896729e-02 1.127782650291919708e-02 1.238856278359889984e-02 9.064842760562896729e-02
1.540000000000000000e+06 1.040998101234436035e-02 1.237403508275747299e-02 9.101790934801101685e-02 1.040998101234436035e-02 1.237403508275747299e-02 9.101790934801101685e-02
1.541000000000000000e+06 9.517003782093524933e-03 1.235877443104982376e-02 8.994665741920471191e-02 9.517003782093524933e-03 1.235877443104982376e-02 8.994665741920471191e-02
1.542000000000000000e+06 9.926216676831245422e-03 1.234487444162368774e-02 9.072258323431015015e-02 9.926216676831245422e-03 1.234487444162368774e-02 9.072258323431015015e-02
1.543000000000000000e+06 1.109686959534883499e-02 1.237938832491636276e-02 9.100172668695449829e-02 1.109686959534883499e-02 1.237938832491636276e-02 9.100172668695449829e-02
1.544000000000000000e+06 1.065019983798265457e-02 1.234620437026023865e-02 9.146555513143539429e-02 1.065019983798265457e-02 1.234620437026023865e-02 9.146555513143539429e-02
1.545000000000000000e+06 1.069035567343235016e-02 1.232847105711698532e-02 9.126982837915420532e-02 1.069035567343235016e-02 1.232847105711698532e-02 9.126982837915420532e-02
1.546000000000000000e+06 1.065969932824373245e-02 1.234785933047533035e-02 9.122657775878906250e-02 1.065969932824373245e-02 1.234785933047533035e-02 9.122657775878906250e-02
1.547000000000000000e+06 1.031190529465675354e-02 1.236641407012939453e-02 9.145902097225189209e-02 1.031190529465675354e-02 1.236641407012939453e-02 9.145902097225189209e-02
1.548000000000000000e+06 9.497278369963169098e-03 1.231562532484531403e-02 8.989404886960983276e-02 9.497278369963169098e-03 1.231562532484531403e-02 8.989404886960983276e-02
1.549000000000000000e+06 1.055223122239112854e-02 1.231891755014657974e-02 9.015530347824096680e-02 1.055223122239112854e-02 1.231891755014657974e-02 9.015530347824096680e-02
1.550000000000000000e+06 1.139158289879560471e-02 1.229640375822782516e-02 9.148096293210983276e-02 1.139158289879560471e-02 1.229640375822782516e-02 9.148096293210983276e-02
1.551000000000000000e+06 1.040297280997037888e-02 1.235417835414409637e-02 9.068576246500015259e-02 1.040297280997037888e-02 1.235417835414409637e-02 9.068576246500015259e-02
1.552000000000000000e+06 1.107160281389951706e-02 1.228681020438671112e-02 9.126812219619750977e-02 1.107160281389951706e-02 1.228681020438671112e-02 9.126812219619750977e-02
1.553000000000000000e+06 1.013167295604944229e-02 1.229932531714439392e-02 9.037179499864578247e-02 1.013167295604944229e-02 1.229932531714439392e-02 9.037179499864578247e-02
1.554000000000000000e+06 1.166565157473087311e-02 1.226329524070024490e-02 9.162854403257369995e-02 1.166565157473087311e-02 1.226329524070024490e-02 9.162854403257369995e-02
1.555000000000000000e+06 1.272086892277002335e-02 1.230559684336185455e-02 9.022763371467590332e-02 1.272086892277002335e-02 1.230559684336185455e-02 9.022763371467590332e-02
1.556000000000000000e+06 1.170135382562875748e-02 1.227157097309827805e-02 9.043533354997634888e-02 1.170135382562875748e-02 1.227157097309827805e-02 9.043533354997634888e-02
1.557000000000000000e+06 1.096243970096111298e-02 1.225297059863805771e-02 9.031649678945541382e-02 1.096243970096111298e-02 1.225297059863805771e-02 9.031649678945541382e-02
1.558000000000000000e+06 9.816567413508892059e-03 1.227962784469127655e-02 8.957789838314056396e-02 9.816567413508892059e-03 1.227962784469127655e-02 8.957789838314056396e-02
1.559000000000000000e+06 1.232444122433662415e-02 1.229280326515436172e-02 9.017703682184219360e-02 1.232444122433662415e-02 1.229280326515436172e-02 9.017703682184219360e-02
1.560000000000000000e+06 9.281113743782043457e-03 1.228331029415130615e-02 9.000962972640991211e-02 9.281113743782043457e-03 1.228331029415130615e-02 9.000962972640991211e-02
1.561000000000000000e+06 1.207191776484251022e-02 1.229286100715398788e-02 9.107769280672073364e-02 1.207191776484251022e-02 1.229286100715398788e-02 9.107769280672073364e-02
1.562000000000000000e+06 1.155851036310195923e-02 1.226562168449163437e-02 8.965537697076797485e-02 1.155851036310195923e-02 1.226562168449163437e-02 8.965537697076797485e-02
1.563000000000000000e+06 1.030637323856353760e-02 1.221982389688491821e-02 8.977722376585006714e-02 1.030637323856353760e-02 1.221982389688491821e-02 8.977722376585006714e-02
1.564000000000000000e+06 1.066455245018005371e-02 1.225514430552721024e-02 9.012183547019958496e-02 1.066455245018005371e-02 1.225514430552721024e-02 9.012183547019958496e-02
1.565000000000000000e+06 1.175465900450944901e-02 1.226282119750976562e-02 9.089789539575576782e-02 1.175465900450944901e-02 1.226282119750976562e-02 9.089789539575576782e-02
1.566000000000000000e+06 1.249152515083551407e-02 1.228397339582443237e-02 8.968831598758697510e-02 1.249152515083551407e-02 1.228397339582443237e-02 8.968831598758697510e-02
1.567000000000000000e+06 1.004377752542495728e-02 1.225418504327535629e-02 9.006544947624206543e-02 1.004377752542495728e-02 1.225418504327535629e-02 9.006544947624206543e-02
1.568000000000000000e+06 1.068350672721862793e-02 1.223265845328569412e-02 9.053286910057067871e-02 1.068350672721862793e-02 1.223265845328569412e-02 9.053286910057067871e-02
1.569000000000000000e+06 1.097262930124998093e-02 1.228603068739175797e-02 8.996181190013885498e-02 1.097262930124998093e-02 1.228603068739175797e-02 8.996181190013885498e-02
1.570000000000000000e+06 1.162317860871553421e-02 1.221871096640825272e-02 8.888449519872665405e-02 1.162317860871553421e-02 1.221871096640825272e-02 8.888449519872665405e-02
1.571000000000000000e+06 1.087660714983940125e-02 1.220087520778179169e-02 8.899114280939102173e-02 1.087660714983940125e-02 1.220087520778179169e-02 8.899114280939102173e-02
1.572000000000000000e+06 1.030107028782367706e-02 1.219290401786565781e-02 8.948627859354019165e-02 1.030107028782367706e-02 1.219290401786565781e-02 8.948627859354019165e-02
1.573000000000000000e+06 9.820056147873401642e-03 1.224205177277326584e-02 9.047374129295349121e-02 9.820056147873401642e-03 1.224205177277326584e-02 9.047374129295349121e-02
1.574000000000000000e+06 1.308363676071166992e-02 1.224735938012599945e-02 9.034252911806106567e-02 1.308363676071166992e-02 1.224735938012599945e-02 9.034252911806106567e-02
1.575000000000000000e+06 1.275351643562316895e-02 1.218800432980060577e-02 8.994892984628677368e-02 1.275351643562316895e-02 1.218800432980060577e-02 8.994892984628677368e-02
1.576000000000000000e+06 1.123148482292890549e-02 1.220352575182914734e-02 8.894246071577072144e-02 1.123148482292890549e-02 1.220352575182914734e-02 8.894246071577072144e-02
1.577000000000000000e+06 1.090485602617263794e-02 1.219210121780633926e-02 8.951666206121444702e-02 1.090485602617263794e-02 1.219210121780633926e-02 8.951666206121444702e-02
1.578000000000000000e+06 1.056274864822626114e-02 1.217492856085300446e-02 8.907866477966308594e-02 1.056274864822626114e-02 1.217492856085300446e-02 8.907866477966308594e-02
1.579000000000000000e+06 9.987700730562210083e-03 1.220419164746999741e-02 9.083835035562515259e-02 9.987700730562210083e-03 1.220419164746999741e-02 9.083835035562515259e-02
1.580000000000000000e+06 9.376582689583301544e-03 1.222010422497987747e-02 8.911356329917907715e-02 9.376582689583301544e-03 1.222010422497987747e-02 8.911356329917907715e-02
1.581000000000000000e+06 9.569128043949604034e-03 1.222452614456415176e-02 8.840923011302947998e-02 9.569128043949604034e-03 1.222452614456415176e-02 8.840923011302947998e-02
1.582000000000000000e+06 1.121055334806442261e-02 1.216505095362663269e-02 8.895533531904220581e-02 1.121055334806442261e-02 1.216505095362663269e-02 8.895533531904220581e-02
1.583000000000000000e+06 1.082012802362442017e-02 1.220429036766290665e-02 8.870199322700500488e-02 1.082012802362442017e-02 1.220429036766290665e-02 8.870199322700500488e-02
1.584000000000000000e+06 9.800805710256099701e-03 1.219591684639453888e-02 8.880838006734848022e-02 9.800805710256099701e-03 1.219591684639453888e-02 8.880838006734848022e-02
1.585000000000000000e+06 1.103148423135280609e-02 1.221589278429746628e-02 8.887217193841934204e-02 1.103148423135280609e-02 1.221589278429746628e-02 8.887217193841934204e-02
1.586000000000000000e+06 1.064446009695529938e-02 1.222247444093227386e-02 8.904121071100234985e-02 1.064446009695529938e-02 1.222247444093227386e-02 8.904121071100234985e-02
1.587000000000000000e+06 1.021587383002042770e-02 1.218280848115682602e-02 8.916211873292922974e-02 1.021587383002042770e-02 1.218280848115682602e-02 8.916211873292922974e-02
1.588000000000000000e+06 1.028625946491956711e-02 1.217419654130935669e-02 8.844167739152908325e-02 1.028625946491956711e-02 1.217419654130935669e-02 8.844167739152908325e-02
1.589000000000000000e+06 9.060888551175594330e-03 1.221088785678148270e-02 8.882962167263031006e-02 9.060888551175594330e-03 1.221088785678148270e-02 8.882962167263031006e-02
1.590000000000000000e+06 1.010700594633817673e-02 1.223777979612350464e-02 8.817899227142333984e-02 1.010700594633817673e-02 1.223777979612350464e-02 8.817899227142333984e-02
1.591000000000000000e+06 8.969821035861968994e-03 1.217759028077125549e-02 8.768513798713684082e-02 8.969821035861968994e-03 1.217759028077125549e-02 8.768513798713684082e-02
1.592000000000000000e+06 1.030052918940782547e-02 1.221364643424749374e-02 8.825173228979110718e-02 1.030052918940782547e-02 1.221364643424749374e-02 8.825173228979110718e-02
1.593000000000000000e+06 9.686659090220928192e-03 1.213736925274133682e-02 8.813419193029403687e-02 9.686659090220928192e-03 1.213736925274133682e-02 8.813419193029403687e-02
1.594000000000000000e+06 9.535169228911399841e-03 1.218444854021072388e-02 8.862429857254028320e-02 9.535169228911399841e-03 1.218444854021072388e-02 8.862429857254028320e-02
1.595000000000000000e+06 1.027425006031990051e-02 1.219019293785095215e-02 8.872748166322708130e-02 1.027425006031990051e-02 1.219019293785095215e-02 8.872748166322708130e-02
1.596000000000000000e+06 1.035243459045886993e-02 1.217272970825433731e-02 8.798807859420776367e-02 1.035243459045886993e-02 1.217272970825433731e-02 8.798807859420776367e-02
1.597000000000000000e+06 1.405140571296215057e-02 1.212728023529052734e-02 8.819220215082168579e-02 1.405140571296215057e-02 1.212728023529052734e-02 8.819220215082168579e-02
1.598000000000000000e+06 1.029912848025560379e-02 1.216731406748294830e-02 8.906457573175430298e-02 1.029912848025560379e-02 1.216731406748294830e-02 8.906457573175430298e-02
1.599000000000000000e+06 1.093807630240917206e-02 1.219285093247890472e-02 8.900841325521469116e-02 1.093807630240917206e-02 1.219285093247890472e-02 8.900841325521469116e-02
1.600000000000000000e+06 1.137081906199455261e-02 1.215275190770626068e-02 8.855670690536499023e-02 1.137081906199455261e-02 1.215275190770626068e-02 8.855670690536499023e-02
1.601000000000000000e+06 1.030223630368709564e-02 1.208057347685098648e-02 8.837382495403289795e-02 1.030223630368709564e-02 1.208057347685098648e-02 8.837382495403289795e-02
1.602000000000000000e+06 9.830542840063571930e-03 1.213135011494159698e-02 8.791632950305938721e-02 9.830542840063571930e-03 1.213135011494159698e-02 8.791632950305938721e-02
1.603000000000000000e+06 9.976177476346492767e-03 1.214223820716142654e-02 8.783083409070968628e-02 9.976177476346492767e-03 1.214223820716142654e-02 8.783083409070968628e-02
1.604000000000000000e+06 1.051424164324998856e-02 1.214871369302272797e-02 8.759887516498565674e-02 1.051424164324998856e-02 1.214871369302272797e-02 8.759887516498565674e-02
1.605000000000000000e+06 1.008508540689945221e-02 1.213577762246131897e-02 8.770047128200531006e-02 1.008508540689945221e-02 1.213577762246131897e-02 8.770047128200531006e-02
1.606000000000000000e+06 1.015888154506683350e-02 1.211976725608110428e-02 8.899706602096557617e-02 1.015888154506683350e-02 1.211976725608110428e-02 8.899706602096557617e-02
1.607000000000000000e+06 1.051082089543342590e-02 1.210916135460138321e-02 8.706247061491012573e-02 1.051082089543342590e-02 1.210916135460138321e-02 8.706247061491012573e-02
1.608000000000000000e+06 1.154117658734321594e-02 1.209951378405094147e-02 8.802464604377746582e-02 1.154117658734321594e-02 1.209951378405094147e-02 8.802464604377746582e-02
1.609000000000000000e+06 1.108479034155607224e-02 1.211079861968755722e-02 8.754665404558181763e-02 1.108479034155607224e-02 1.211079861968755722e-02 8.754665404558181763e-02
1.610000000000000000e+06 9.734502993524074554e-03 1.211868505924940109e-02 8.747780323028564453e-02 9.734502993524074554e-03 1.211868505924940109e-02 8.747780323028564453e-02
1.611000000000000000e+06 1.397638674825429916e-02 1.214640866965055466e-02 8.742489665746688843e-02 1.397638674825429916e-02 1.214640866965055466e-02 8.742489665746688843e-02
1.612000000000000000e+06 1.159637421369552612e-02 1.207322999835014343e-02 8.833343535661697388e-02 1.159637421369552612e-02 1.207322999835014343e-02 8.833343535661697388e-02
1.613000000000000000e+06 1.266985014081001282e-02 1.216658949851989746e-02 8.754814416170120239e-02 1.266985014081001282e-02 1.216658949851989746e-02 8.754814416170120239e-02
1.614000000000000000e+06 1.015934627503156662e-02 1.216168701648712158e-02 8.741591870784759521e-02 1.015934627503156662e-02 1.216168701648712158e-02 8.741591870784759521e-02
1.615000000000000000e+06 1.100236456841230392e-02 1.213021297007799149e-02 8.746926486492156982e-02 1.100236456841230392e-02 1.213021297007799149e-02 8.746926486492156982e-02
1.616000000000000000e+06 1.302589755505323410e-02 1.208692882210016251e-02 8.775462955236434937e-02 1.302589755505323410e-02 1.208692882210016251e-02 8.775462955236434937e-02
1.617000000000000000e+06 1.053341943770647049e-02 1.212520338594913483e-02 8.776966482400894165e-02 1.053341943770647049e-02 1.212520338594913483e-02 8.776966482400894165e-02
1.618000000000000000e+06 1.112860068678855896e-02 1.215074397623538971e-02 8.761198818683624268e-02 1.112860068678855896e-02 1.215074397623538971e-02 8.761198818683624268e-02
1.619000000000000000e+06 9.960770606994628906e-03 1.210030633956193924e-02 8.693308383226394653e-02 9.960770606994628906e-03 1.210030633956193924e-02 8.693308383226394653e-02
1.620000000000000000e+06 1.043645106256008148e-02 1.211451180279254913e-02 8.799926936626434326e-02 1.043645106256008148e-02 1.211451180279254913e-02 8.799926936626434326e-02
1.621000000000000000e+06 1.209426019340753555e-02 1.214714907109737396e-02 8.908229321241378784e-02 1.209426019340753555e-02 1.214714907109737396e-02 8.908229321241378784e-02
1.622000000000000000e+06 1.058568619191646576e-02 1.212901528924703598e-02 8.759302645921707153e-02 1.058568619191646576e-02 1.212901528924703598e-02 8.759302645921707153e-02
1.623000000000000000e+06 1.116568129509687424e-02 1.209251768887042999e-02 8.673200756311416626e-02 1.116568129509687424e-02 1.209251768887042999e-02 8.673200756311416626e-02
1.624000000000000000e+06 9.537459351122379303e-03 1.211394928395748138e-02 8.717153966426849365e-02 9.537459351122379303e-03 1.211394928395748138e-02 8.717153966426849365e-02
1.625000000000000000e+06 9.917998686432838440e-03 1.209743972867727280e-02 8.770516514778137207e-02 9.917998686432838440e-03 1.209743972867727280e-02 8.770516514778137207e-02
1.626000000000000000e+06 1.033117901533842087e-02 1.208761613816022873e-02 8.712910115718841553e-02 1.033117901533842087e-02 1.208761613816022873e-02 8.712910115718841553e-02
1.627000000000000000e+06 1.031482033431529999e-02 1.217618212103843689e-02 8.688211441040039062e-02 1.031482033431529999e-02 1.217618212103843689e-02 8.688211441040039062e-02
1.628000000000000000e+06 1.136150863021612167e-02 1.209446694701910019e-02 8.799091726541519165e-02 1.136150863021612167e-02 1.209446694701910019e-02 8.799091726541519165e-02
1.629000000000000000e+06 1.013342663645744324e-02 1.207365933805704117e-02 8.681833744049072266e-02 1.013342663645744324e-02 1.207365933805704117e-02 8.681833744049072266e-02
1.630000000000000000e+06 1.012841612100601196e-02 1.208144519478082657e-02 8.652105182409286499e-02 1.012841612100601196e-02 1.208144519478082657e-02 8.652105182409286499e-02
1.631000000000000000e+06 1.094543281942605972e-02 1.210634969174861908e-02 8.702445030212402344e-02 1.094543281942605972e-02 1.210634969174861908e-02 8.702445030212402344e-02
1.632000000000000000e+06 1.057264022529125214e-02 1.210695598274469376e-02 8.687609434127807617e-02 1.057264022529125214e-02 1.210695598274469376e-02 8.687609434127807617e-02
1.633000000000000000e+06 9.140465408563613892e-03 1.207680255174636841e-02 8.621245622634887695e-02 9.140465408563613892e-03 1.207680255174636841e-02 8.621245622634887695e-02
1.634000000000000000e+06 1.138969231396913528e-02 1.204321254044771194e-02 8.654130995273590088e-02 1.138969231396913528e-02 1.204321254044771194e-02 8.654130995273590088e-02
1.635000000000000000e+06 9.629863314330577850e-03 1.208519469946622849e-02 8.673740923404693604e-02 9.629863314330577850e-03 1.208519469946622849e-02 8.673740923404693604e-02
1.636000000000000000e+06 1.094330102205276489e-02 1.211562100797891617e-02 8.635260164737701416e-02 1.094330102205276489e-02 1.211562100797891617e-02 8.635260164737701416e-02
1.637000000000000000e+06 1.168379560112953186e-02 1.208185311406850815e-02 8.573571592569351196e-02 1.168379560112953186e-02 1.208185311406850815e-02 8.573571592569351196e-02
1.638000000000000000e+06 1.036930922418832779e-02 1.206219010055065155e-02 8.716503530740737915e-02 1.036930922418832779e-02 1.206219010055065155e-02 8.716503530740737915e-02
1.639000000000000000e+06 1.137569267302751541e-02 1.207252405583858490e-02 8.689484000205993652e-02 1.137569267302751541e-02 1.207252405583858490e-02 8.689484000205993652e-02
1.640000000000000000e+06 1.107056532055139542e-02 1.205334719270467758e-02 8.719365298748016357e-02 1.107056532055139542e-02 1.205334719270467758e-02 8.719365298748016357e-02
1.641000000000000000e+06 1.044480130076408386e-02 1.205657981336116791e-02 8.624164015054702759e-02 1.044480130076408386e-02 1.205657981336116791e-02 8.624164015054702759e-02
1.642000000000000000e+06 1.038683205842971802e-02 1.208234764635562897e-02 8.636496216058731079e-02 1.038683205842971802e-02 1.208234764635562897e-02 8.636496216058731079e-02
1.643000000000000000e+06 9.743548929691314697e-03 1.205766573548316956e-02 8.611757308244705200e-02 9.743548929691314697e-03 1.205766573548316956e-02 8.611757308244705200e-02
1.644000000000000000e+06 1.006832253187894821e-02 1.213225070387125015e-02 8.715905994176864624e-02 1.006832253187894821e-02 1.213225070387125015e-02 8.715905994176864624e-02
1.645000000000000000e+06 1.062366552650928497e-02 1.207505539059638977e-02 8.716264367103576660e-02 1.062366552650928497e-02 1.207505539059638977e-02 8.716264367103576660e-02
1.646000000000000000e+06 1.028750557452440262e-02 1.208303123712539673e-02 8.590374886989593506e-02 1.028750557452440262e-02 1.208303123712539673e-02 8.590374886989593506e-02
1.647000000000000000e+06 1.141885481774806976e-02 1.204891595989465714e-02 8.622816205024719238e-02 1.141885481774806976e-02 1.204891595989465714e-02 8.622816205024719238e-02
1.648000000000000000e+06 9.493013843894004822e-03 1.205721776932477951e-02 8.549923449754714966e-02 9.493013843894004822e-03 1.205721776932477951e-02 8.549923449754714966e-02
1.649000000000000000e+06 1.150459609925746918e-02 1.206209417432546616e-02 8.609826862812042236e-02 1.150459609925746918e-02 1.206209417432546616e-02 8.609826862812042236e-02
1.650000000000000000e+06 1.099691540002822876e-02 1.202744711190462112e-02 8.548993617296218872e-02 1.099691540002822876e-02 1.202744711190462112e-02 8.548993617296218872e-02
1.651000000000000000e+06 9.901367127895355225e-03 1.206184737384319305e-02 8.615002036094665527e-02 9.901367127895355225e-03 1.206184737384319305e-02 8.615002036094665527e-02
1.652000000000000000e+06 9.578454308211803436e-03 1.207739673554897308e-02 8.659602701663970947e-02 9.578454308211803436e-03 1.207739673554897308e-02 8.659602701663970947e-02
1.653000000000000000e+06 1.188887190073728561e-02 1.210689172148704529e-02 8.662121742963790894e-02 1.188887190073728561e-02 1.210689172148704529e-02 8.662121742963790894e-02
1.654000000000000000e+06 1.044774614274501801e-02 1.208812464028596878e-02 8.665093779563903809e-02 1.044774614274501801e-02 1.208812464028596878e-02 8.665093779563903809e-02
1.655000000000000000e+06 1.019391696900129318e-02 1.206190790981054306e-02 8.558029681444168091e-02 1.019391696900129318e-02 1.206190790981054306e-02 8.558029681444168091e-02
1.656000000000000000e+06 1.048104185611009598e-02 1.204214431345462799e-02 8.648336678743362427e-02 1.048104185611009598e-02 1.204214431345462799e-02 8.648336678743362427e-02
1.657000000000000000e+06 1.115625817328691483e-02 1.204056479036808014e-02 8.713560551404953003e-02 1.115625817328691483e-02 1.204056479036808014e-02 8.713560551404953003e-02
1.658000000000000000e+06 1.109171658754348755e-02 1.203514914959669113e-02 8.582653850317001343e-02 1.109171658754348755e-02 1.203514914959669113e-02 8.582653850317001343e-02
1.659000000000000000e+06 1.112382486462593079e-02 1.206186879426240921e-02 8.617231994867324829e-02 1.112382486462593079e-02 1.206186879426240921e-02 8.617231994867324829e-02
1.660000000000000000e+06 1.007063593715429306e-02 1.203700527548789978e-02 8.647277206182479858e-02 1.007063593715429306e-02 1.203700527548789978e-02 8.647277206182479858e-02
1.661000000000000000e+06 9.556300938129425049e-03 1.204715110361576080e-02 8.506970852613449097e-02 9.556300938129425049e-03 1.204715110361576080e-02 8.506970852613449097e-02
1.662000000000000000e+06 9.882774204015731812e-03 1.199597399681806564e-02 8.506289869546890259e-02 9.882774204015731812e-03 1.199597399681806564e-02 8.506289869546890259e-02
1.663000000000000000e+06 1.149593759328126907e-02 1.203749608248472214e-02 8.609995245933532715e-02 1.149593759328126907e-02 1.203749608248472214e-02 8.609995245933532715e-02
1.664000000000000000e+06 1.019837800413370132e-02 1.204467657953500748e-02 8.603022992610931396e-02 1.019837800413370132e-02 1.204467657953500748e-02 8.603022992610931396e-02
1.665000000000000000e+06 9.930222295224666595e-03 1.204232592135667801e-02 8.511281013488769531e-02 9.930222295224666595e-03 1.204232592135667801e-02 8.511281013488769531e-02
1.666000000000000000e+06 1.128946803510189056e-02 1.208830624818801880e-02 8.583785593509674072e-02 1.128946803510189056e-02 1.208830624818801880e-02 8.583785593509674072e-02
1.667000000000000000e+06 1.070700306445360184e-02 1.205212250351905823e-02 8.647997677326202393e-02 1.070700306445360184e-02 1.205212250351905823e-02 8.647997677326202393e-02
1.668000000000000000e+06 1.072607655078172684e-02 1.203022152185440063e-02 8.511758595705032349e-02 1.072607655078172684e-02 1.203022152185440063e-02 8.511758595705032349e-02
1.669000000000000000e+06 1.012444961816072464e-02 1.202295720577239990e-02 8.514311909675598145e-02 1.012444961816072464e-02 1.202295720577239990e-02 8.514311909675598145e-02
1.670000000000000000e+06 9.930519387125968933e-03 1.204078551381826401e-02 8.572790026664733887e-02 9.930519387125968933e-03 1.204078551381826401e-02 8.572790026664733887e-02
1.671000000000000000e+06 9.720190428197383881e-03 1.200583484023809433e-02 8.489912003278732300e-02 9.720190428197383881e-03 1.200583484023809433e-02 8.489912003278732300e-02
1.672000000000000000e+06 1.002066861838102341e-02 1.201556343585252762e-02 8.561793714761734009e-02 1.002066861838102341e-02 1.201556343585252762e-02 8.561793714761734009e-02
1.673000000000000000e+06 9.917667135596275330e-03 1.204413454979658127e-02 8.532284945249557495e-02 9.917667135596275330e-03 1.204413454979658127e-02 8.532284945249557495e-02
1.674000000000000000e+06 9.447378106415271759e-03 1.202508341521024704e-02 8.460733294486999512e-02 9.447378106415271759e-03 1.202508341521024704e-02 8.460733294486999512e-02
1.675000000000000000e+06 1.045788172632455826e-02 1.201374735683202744e-02 8.577176928520202637e-02 1.045788172632455826e-02 1.201374735683202744e-02 8.577176928520202637e-02
1.676000000000000000e+06 1.180897280573844910e-02 1.203022617846727371e-02 8.488465100526809692e-02 1.180897280573844910e-02 1.203022617846727371e-02 8.488465100526809692e-02
1.677000000000000000e+06 1.086511183530092239e-02 1.198271289467811584e-02 8.537216484546661377e-02 1.086511183530092239e-02 1.198271289467811584e-02 8.537216484546661377e-02
1.678000000000000000e+06 1.000043284147977829e-02 1.201740466058254242e-02 8.571830391883850098e-02 1.000043284147977829e-02 1.201740466058254242e-02 8.571830391883850098e-02
1.679000000000000000e+06 9.940607473254203796e-03 1.200673356652259827e-02 8.492271602153778076e-02 9.940607473254203796e-03 1.200673356652259827e-02 8.492271602153778076e-02
1.680000000000000000e+06 9.580380283296108246e-03 1.199150364845991135e-02 8.495055139064788818e-02 9.580380283296108246e-03 1.199150364845991135e-02 8.495055139064788818e-02
1.681000000000000000e+06 1.062504481524229050e-02 1.201622188091278076e-02 8.614329248666763306e-02 1.062504481524229050e-02 1.201622188091278076e-02 8.614329248666763306e-02
1.682000000000000000e+06 9.654704481363296509e-03 1.205952465534210205e-02 8.447703719139099121e-02 9.654704481363296509e-03 1.205952465534210205e-02 8.447703719139099121e-02
1.683000000000000000e+06 1.044496800750494003e-02 1.199929695576429367e-02 8.431054651737213135e-02 1.044496800750494003e-02 1.199929695576429367e-02 8.431054651737213135e-02
1.684000000000000000e+06 1.040162704885005951e-02 1.196654792875051498e-02 8.512665331363677979e-02 1.040162704885005951e-02 1.196654792875051498e-02 8.512665331363677979e-02
1.685000000000000000e+06 9.849842637777328491e-03 1.201246958225965500e-02 8.476122468709945679e-02 9.849842637777328491e-03 1.201246958225965500e-02 8.476122468709945679e-02
1.686000000000000000e+06 1.024554856121540070e-02 1.202323939651250839e-02 8.511593937873840332e-02 1.024554856121540070e-02 1.202323939651250839e-02 8.511593937873840332e-02
1.687000000000000000e+06 1.019844692200422287e-02 1.204810012131929398e-02 8.452867716550827026e-02 1.019844692200422287e-02 1.204810012131929398e-02 8.452867716550827026e-02
1.688000000000000000e+06 1.072295662015676498e-02 1.204013731330633163e-02 8.545887470245361328e-02 1.072295662015676498e-02 1.204013731330633163e-02 8.545887470245361328e-02
1.689000000000000000e+06 1.088583841919898987e-02 1.193694025278091431e-02 8.368515223264694214e-02 1.088583841919898987e-02 1.193694025278091431e-02 8.368515223264694214e-02
1.690000000000000000e+06 9.720181114971637726e-03 1.197679154574871063e-02 8.425788581371307373e-02 9.720181114971637726e-03 1.197679154574871063e-02 8.425788581371307373e-02
1.691000000000000000e+06 1.045857928693294525e-02 1.200309768319129944e-02 8.402744680643081665e-02 1.045857928693294525e-02 1.200309768319129944e-02 8.402744680643081665e-02
1.692000000000000000e+06 1.145763974636793137e-02 1.203327998518943787e-02 8.584012091159820557e-02 1.145763974636793137e-02 1.203327998518943787e-02 8.584012091159820557e-02
1.693000000000000000e+06 1.170410029590129852e-02 1.201747730374336243e-02 8.552442491054534912e-02 1.170410029590129852e-02 1.201747730374336243e-02 8.552442491054534912e-02
1.694000000000000000e+06 1.028200238943099976e-02 1.198886707425117493e-02 8.495802432298660278e-02 1.028200238943099976e-02 1.198886707425117493e-02 8.495802432298660278e-02
1.695000000000000000e+06 1.040819287300109863e-02 1.196880172938108444e-02 8.426471799612045288e-02 1.040819287300109863e-02 1.196880172938108444e-02 8.426471799612045288e-02
1.696000000000000000e+06 9.990912862122058868e-03 1.201174594461917877e-02 8.453989028930664062e-02 9.990912862122058868e-03 1.201174594461917877e-02 8.453989028930664062e-02
1.697000000000000000e+06 1.167349517345428467e-02 1.203561015427112579e-02 8.461770415306091309e-02 1.167349517345428467e-02 1.203561015427112579e-02 8.461770415306091309e-02
1.698000000000000000e+06 9.968230500817298889e-03 1.200880482792854309e-02 8.357951790094375610e-02 9.968230500817298889e-03 1.200880482792854309e-02 8.357951790094375610e-02
1.699000000000000000e+06 1.105963811278343201e-02 1.201276201754808426e-02 8.490689098834991455e-02 1.105963811278343201e-02 1.201276201754808426e-02 8.490689098834991455e-02
1.700000000000000000e+06 1.001309789717197418e-02 1.195827685296535492e-02 8.452822268009185791e-02 1.001309789717197418e-02 1.195827685296535492e-02 8.452822268009185791e-02
1.701000000000000000e+06 1.115745212882757187e-02 1.199713628739118576e-02 8.423840999603271484e-02 1.115745212882757187e-02 1.199713628739118576e-02 8.423840999603271484e-02
1.702000000000000000e+06 9.713436476886272430e-03 1.199499517679214478e-02 8.360228687524795532e-02 9.713436476886272430e-03 1.199499517679214478e-02 8.360228687524795532e-02
1.703000000000000000e+06 9.884297847747802734e-03 1.200593914836645126e-02 8.339110016822814941e-02 9.884297847747802734e-03 1.200593914836645126e-02 8.339110016822814941e-02
1.704000000000000000e+06 1.157154235988855362e-02 1.201761607080698013e-02 8.389901369810104370e-02 1.157154235988855362e-02 1.201761607080698013e-02 8.389901369810104370e-02
1.705000000000000000e+06 1.337023358792066574e-02 1.194763556122779846e-02 8.501634001731872559e-02 1.337023358792066574e-02 1.194763556122779846e-02 8.501634001731872559e-02
1.706000000000000000e+06 9.806192480027675629e-03 1.196380611509084702e-02 8.345650881528854370e-02 9.806192480027675629e-03 1.196380611509084702e-02 8.345650881528854370e-02
1.707000000000000000e+06 1.041836384683847427e-02 1.199403218924999237e-02 8.446168899536132812e-02 1.041836384683847427e-02 1.199403218924999237e-02 8.446168899536132812e-02
1.708000000000000000e+06 1.114035770297050476e-02 1.198902446776628494e-02 8.442075550556182861e-02 1.114035770297050476e-02 1.198902446776628494e-02 8.442075550556182861e-02
1.709000000000000000e+06 1.055322214961051941e-02 1.197235286235809326e-02 8.413514494895935059e-02 1.055322214961051941e-02 1.197235286235809326e-02 8.413514494895935059e-02
1.710000000000000000e+06 1.098553743213415146e-02 1.198762096464633942e-02 8.456744998693466187e-02 1.098553743213415146e-02 1.198762096464633942e-02 8.456744998693466187e-02
1.711000000000000000e+06 1.093814801424741745e-02 1.203646510839462280e-02 8.423448354005813599e-02 1.093814801424741745e-02 1.203646510839462280e-02 8.423448354005813599e-02
1.712000000000000000e+06 1.061688642948865891e-02 1.198170520365238190e-02 8.373751491308212280e-02 1.061688642948865891e-02 1.198170520365238190e-02 8.373751491308212280e-02
1.713000000000000000e+06 1.176453381776809692e-02 1.202172692865133286e-02 8.339814096689224243e-02 1.176453381776809692e-02 1.202172692865133286e-02 8.339814096689224243e-02
1.714000000000000000e+06 9.954289533197879791e-03 1.196034066379070282e-02 8.405025303363800049e-02 9.954289533197879791e-03 1.196034066379070282e-02 8.405025303363800049e-02
1.715000000000000000e+06 1.053617615252733231e-02 1.201493293046951294e-02 8.429700136184692383e-02 1.053617615252733231e-02 1.201493293046951294e-02 8.429700136184692383e-02
1.716000000000000000e+06 1.017502229660749435e-02 1.198166515678167343e-02 8.281338959932327271e-02 1.017502229660749435e-02 1.198166515678167343e-02 8.281338959932327271e-02
1.717000000000000000e+06 1.041788328438997269e-02 1.200236938893795013e-02 8.439763635396957397e-02 1.041788328438997269e-02 1.200236938893795013e-02 8.439763635396957397e-02
1.718000000000000000e+06 1.021074224263429642e-02 1.200575195252895355e-02 8.317019045352935791e-02 1.021074224263429642e-02 1.200575195252895355e-02 8.317019045352935791e-02
1.719000000000000000e+06 1.012639608234167099e-02 1.198875810950994492e-02 8.378900587558746338e-02 1.012639608234167099e-02 1.198875810950994492e-02 8.378900587558746338e-02
1.720000000000000000e+06 1.048375107347965240e-02 1.195699442178010941e-02 8.278833329677581787e-02 1.048375107347965240e-02 1.195699442178010941e-02 8.278833329677581787e-02
1.721000000000000000e+06 1.011453103274106979e-02 1.201205328106880188e-02 8.331616222858428955e-02 1.011453103274106979e-02 1.201205328106880188e-02 8.331616222858428955e-02
1.722000000000000000e+06 1.041588746011257172e-02 1.198156271129846573e-02 8.274415135383605957e-02 1.041588746011257172e-02 1.198156271129846573e-02 8.274415135383605957e-02
1.723000000000000000e+06 9.972455911338329315e-03 1.200743019580841064e-02 8.369442075490951538e-02 9.972455911338329315e-03 1.200743019580841064e-02 8.369442075490951538e-02
1.724000000000000000e+06 9.471567347645759583e-03 1.199894212186336517e-02 8.361305296421051025e-02 9.471567347645759583e-03 1.199894212186336517e-02 8.361305296421051025e-02
1.725000000000000000e+06 1.054164022207260132e-02 1.201738603413105011e-02 8.319868147373199463e-02 1.054164022207260132e-02 1.201738603413105011e-02 8.319868147373199463e-02
1.726000000000000000e+06 1.073421351611614227e-02 1.198681816458702087e-02 8.337672054767608643e-02 1.073421351611614227e-02 1.198681816458702087e-02 8.337672054767608643e-02
1.727000000000000000e+06 1.088783331215381622e-02 1.196468621492385864e-02 8.462629467248916626e-02 1.088783331215381622e-02 1.196468621492385864e-02 8.462629467248916626e-02
1.728000000000000000e+06 1.007833518087863922e-02 1.199527457356452942e-02 8.191346377134323120e-02 1.007833518087863922e-02 1.199527457356452942e-02 8.191346377134323120e-02
1.729000000000000000e+06 1.009165123105049133e-02 1.200099568814039230e-02 8.277356624603271484e-02 1.009165123105049133e-02 1.200099568814039230e-02 8.277356624603271484e-02
1.730000000000000000e+06 1.014761812984943390e-02 1.202152110636234283e-02 8.324209600687026978e-02 1.014761812984943390e-02 1.202152110636234283e-02 8.324209600687026978e-02
1.731000000000000000e+06 1.039090845733880997e-02 1.201983820647001266e-02 8.334110677242279053e-02 1.039090845733880997e-02 1.201983820647001266e-02 8.334110677242279053e-02
1.732000000000000000e+06 1.072445791214704514e-02 1.198399439454078674e-02 8.265122026205062866e-02 1.072445791214704514e-02 1.198399439454078674e-02 8.265122026205062866e-02
1.733000000000000000e+06 9.555918164551258087e-03 1.196740195155143738e-02 8.302345126867294312e-02 9.555918164551258087e-03 1.196740195155143738e-02 8.302345126867294312e-02
1.734000000000000000e+06 1.384246628731489182e-02 1.193892583250999451e-02 8.365835994482040405e-02 1.384246628731489182e-02 1.193892583250999451e-02 8.365835994482040405e-02
1.735000000000000000e+06 1.076623518019914627e-02 1.200269442051649094e-02 8.256141096353530884e-02 1.076623518019914627e-02 1.200269442051649094e-02 8.256141096353530884e-02
1.736000000000000000e+06 9.330067783594131470e-03 1.198334805667400360e-02 8.218108862638473511e-02 9.330067783594131470e-03 1.198334805667400360e-02 8.218108862638473511e-02
1.737000000000000000e+06 1.057722512632608414e-02 1.195797603577375412e-02 8.265055716037750244e-02 1.057722512632608414e-02 1.195797603577375412e-02 8.265055716037750244e-02
1.738000000000000000e+06 1.097940932959318161e-02 1.200031861662864685e-02 8.232988417148590088e-02 1.097940932959318161e-02 1.200031861662864685e-02 8.232988417148590088e-02
1.739000000000000000e+06 1.020251773297786713e-02 1.200559921562671661e-02 8.185017853975296021e-02 1.020251773297786713e-02 1.200559921562671661e-02 8.185017853975296021e-02
1.740000000000000000e+06 1.001871377229690552e-02 1.200611330568790436e-02 8.211355656385421753e-02 1.001871377229690552e-02 1.200611330568790436e-02 8.211355656385421753e-02
1.741000000000000000e+06 1.437806431204080582e-02 1.191121153533458710e-02 8.401714265346527100e-02 1.437806431204080582e-02 1.191121153533458710e-02 8.401714265346527100e-02
1.742000000000000000e+06 1.098405942320823669e-02 1.199196930974721909e-02 8.234620094299316406e-02 1.098405942320823669e-02 1.199196930974721909e-02 8.234620094299316406e-02
1.743000000000000000e+06 1.241070870310068130e-02 1.198428962379693985e-02 8.301603794097900391e-02 1.241070870310068130e-02 1.198428962379693985e-02 8.301603794097900391e-02
1.744000000000000000e+06 1.099773310124874115e-02 1.202964875847101212e-02 8.256933093070983887e-02 1.099773310124874115e-02 1.202964875847101212e-02 8.256933093070983887e-02
1.745000000000000000e+06 1.044088322669267654e-02 1.197790075093507767e-02 8.208814263343811035e-02 1.044088322669267654e-02 1.197790075093507767e-02 8.208814263343811035e-02
1.746000000000000000e+06 9.239570237696170807e-03 1.198126468807458878e-02 8.220663666725158691e-02 9.239570237696170807e-03 1.198126468807458878e-02 8.220663666725158691e-02
1.747000000000000000e+06 1.108602154999971390e-02 1.194499060511589050e-02 8.268411457538604736e-02 1.108602154999971390e-02 1.194499060511589050e-02 8.268411457538604736e-02
1.748000000000000000e+06 8.799487724900245667e-03 1.199634000658988953e-02 8.170707523822784424e-02 8.799487724900245667e-03 1.199634000658988953e-02 8.170707523822784424e-02
1.749000000000000000e+06 9.424327872693538666e-03 1.200674660503864288e-02 8.191630244255065918e-02 9.424327872693538666e-03 1.200674660503864288e-02 8.191630244255065918e-02
1.750000000000000000e+06 1.042295340448617935e-02 1.197878178209066391e-02 8.245072513818740845e-02 1.042295340448617935e-02 1.197878178209066391e-02 8.245072513818740845e-02
1.751000000000000000e+06 1.013222988694906235e-02 1.201776508241891861e-02 8.164922147989273071e-02 1.013222988694906235e-02 1.201776508241891861e-02 8.164922147989273071e-02
1.752000000000000000e+06 1.157690584659576416e-02 1.196605246514081955e-02 8.197572082281112671e-02 1.157690584659576416e-02 1.196605246514081955e-02 8.197572082281112671e-02
1.753000000000000000e+06 1.014637667685747147e-02 1.201682258397340775e-02 8.199790120124816895e-02 1.014637667685747147e-02 1.201682258397340775e-02 8.199790120124816895e-02
1.754000000000000000e+06 1.063673477619886398e-02 1.202686782926321030e-02 8.194971829652786255e-02 1.063673477619886398e-02 1.202686782926321030e-02 8.194971829652786255e-02
1.755000000000000000e+06 1.050689816474914551e-02 1.193224079906940460e-02 8.139336109161376953e-02 1.050689816474914551e-02 1.193224079906940460e-02 8.139336109161376953e-02
1.756000000000000000e+06 1.185530889779329300e-02 1.196601986885070801e-02 8.288570493459701538e-02 1.185530889779329300e-02 1.196601986885070801e-02 8.288570493459701538e-02
1.757000000000000000e+06 1.024514250457286835e-02 1.201312523335218430e-02 8.181775361299514771e-02 1.024514250457286835e-02 1.201312523335218430e-02 8.181775361299514771e-02
1.758000000000000000e+06 9.260111488401889801e-03 1.200675219297409058e-02 8.117187023162841797e-02 9.260111488401889801e-03 1.200675219297409058e-02 8.117187023162841797e-02
1.759000000000000000e+06 9.777963161468505859e-03 1.193001400679349899e-02 8.126035332679748535e-02 9.777963161468505859e-03 1.193001400679349899e-02 8.126035332679748535e-02
1.760000000000000000e+06 1.009860076010227203e-02 1.197636313736438751e-02 8.043174445629119873e-02 1.009860076010227203e-02 1.197636313736438751e-02 8.043174445629119873e-02
1.761000000000000000e+06 9.520286694169044495e-03 1.195103302597999573e-02 8.058108389377593994e-02 9.520286694169044495e-03 1.195103302597999573e-02 8.058108389377593994e-02
1.762000000000000000e+06 1.291270460933446884e-02 1.196766458451747894e-02 8.084741234779357910e-02 1.291270460933446884e-02 1.196766458451747894e-02 8.084741234779357910e-02
1.763000000000000000e+06 9.915432892739772797e-03 1.202966552227735519e-02 8.089990168809890747e-02 9.915432892739772797e-03 1.202966552227735519e-02 8.089990168809890747e-02
1.764000000000000000e+06 9.954482316970825195e-03 1.197128184139728546e-02 8.025527000427246094e-02 9.954482316970825195e-03 1.197128184139728546e-02 8.025527000427246094e-02
1.765000000000000000e+06 1.099416334182024002e-02 1.202001981437206268e-02 8.163163065910339355e-02 1.099416334182024002e-02 1.202001981437206268e-02 8.163163065910339355e-02
1.766000000000000000e+06 1.046218816190958023e-02 1.198646426200866699e-02 8.146507292985916138e-02 1.046218816190958023e-02 1.198646426200866699e-02 8.146507292985916138e-02
1.767000000000000000e+06 1.020205579698085785e-02 1.197843160480260849e-02 8.231636136770248413e-02 1.020205579698085785e-02 1.197843160480260849e-02 8.231636136770248413e-02
1.768000000000000000e+06 9.784290567040443420e-03 1.198734063655138016e-02 8.113414049148559570e-02 9.784290567040443420e-03 1.198734063655138016e-02 8.113414049148559570e-02
1.769000000000000000e+06 1.030305866152048111e-02 1.197933033108711243e-02 8.083768934011459351e-02 1.030305866152048111e-02 1.197933033108711243e-02 8.083768934011459351e-02
1.770000000000000000e+06 1.009175926446914673e-02 1.198465749621391296e-02 8.057466894388198853e-02 1.009175926446914673e-02 1.198465749621391296e-02 8.057466894388198853e-02
1.771000000000000000e+06 1.034887973219156265e-02 1.198606099933385849e-02 8.155808597803115845e-02 1.034887973219156265e-02 1.198606099933385849e-02 8.155808597803115845e-02
1.772000000000000000e+06 1.006551273167133331e-02 1.198014710098505020e-02 8.079512417316436768e-02 1.006551273167133331e-02 1.198014710098505020e-02 8.079512417316436768e-02
1.773000000000000000e+06 1.060793083161115646e-02 1.200555078685283661e-02 8.082182705402374268e-02 1.060793083161115646e-02 1.200555078685283661e-02 8.082182705402374268e-02
1.774000000000000000e+06 1.050729025155305862e-02 1.199528388679027557e-02 8.196222037076950073e-02 1.050729025155305862e-02 1.199528388679027557e-02 8.196222037076950073e-02
1.775000000000000000e+06 1.014874503016471863e-02 1.196622569113969803e-02 8.092316985130310059e-02 1.014874503016471863e-02 1.196622569113969803e-02 8.092316985130310059e-02
1.776000000000000000e+06 1.106238365173339844e-02 1.200809888541698456e-02 8.130066096782684326e-02 1.106238365173339844e-02 1.200809888541698456e-02 8.130066096782684326e-02
1.777000000000000000e+06 9.756084531545639038e-03 1.199326384812593460e-02 8.061517030000686646e-02 9.756084531545639038e-03 1.199326384812593460e-02 8.061517030000686646e-02
1.778000000000000000e+06 1.010433118790388107e-02 1.193926576524972916e-02 7.992500066757202148e-02 1.010433118790388107e-02 1.193926576524972916e-02 7.992500066757202148e-02
1.779000000000000000e+06 1.014732755720615387e-02 1.195820700377225876e-02 8.023212850093841553e-02 1.014732755720615387e-02 1.195820700377225876e-02 8.023212850093841553e-02
1.780000000000000000e+06 9.403590112924575806e-03 1.195663586258888245e-02 7.993846386671066284e-02 9.403590112924575806e-03 1.195663586258888245e-02 7.993846386671066284e-02
1.781000000000000000e+06 1.049575489014387131e-02 1.193301472812891006e-02 7.992299646139144897e-02 1.049575489014387131e-02 1.193301472812891006e-02 7.992299646139144897e-02
1.782000000000000000e+06 1.003004517406225204e-02 1.196994073688983917e-02 7.978889346122741699e-02 1.003004517406225204e-02 1.196994073688983917e-02 7.978889346122741699e-02
1.783000000000000000e+06 9.103875607252120972e-03 1.197252236306667328e-02 7.984216511249542236e-02 9.103875607252120972e-03 1.197252236306667328e-02 7.984216511249542236e-02
1.784000000000000000e+06 1.142744254320859909e-02 1.198644191026687622e-02 8.114086091518402100e-02 1.142744254320859909e-02 1.198644191026687622e-02 8.114086091518402100e-02
1.785000000000000000e+06 9.960352443158626556e-03 1.194654311984777451e-02 8.030367642641067505e-02 9.960352443158626556e-03 1.194654311984777451e-02 8.030367642641067505e-02
1.786000000000000000e+06 1.132599450647830963e-02 1.196484453976154327e-02 8.177755773067474365e-02 1.132599450647830963e-02 1.196484453976154327e-02 8.177755773067474365e-02
1.787000000000000000e+06 1.069876924157142639e-02 1.199165545403957367e-02 8.001640439033508301e-02 1.069876924157142639e-02 1.199165545403957367e-02 8.001640439033508301e-02
1.788000000000000000e+06 1.096560619771480560e-02 1.197051722556352615e-02 8.089562505483627319e-02 1.096560619771480560e-02 1.197051722556352615e-02 8.089562505483627319e-02
1.789000000000000000e+06 9.287444874644279480e-03 1.196568459272384644e-02 7.964458316564559937e-02 9.287444874644279480e-03 1.196568459272384644e-02 7.964458316564559937e-02
1.790000000000000000e+06 1.080127339810132980e-02 1.196277886629104614e-02 8.061300963163375854e-02 1.080127339810132980e-02 1.196277886629104614e-02 8.061300963163375854e-02
1.791000000000000000e+06 1.041506044566631317e-02 1.197612285614013672e-02 7.994352281093597412e-02 1.041506044566631317e-02 1.197612285614013672e-02 7.994352281093597412e-02
1.792000000000000000e+06 8.969816379249095917e-03 1.195041742175817490e-02 7.897762209177017212e-02 8.969816379249095917e-03 1.195041742175817490e-02 7.897762209177017212e-02
1.793000000000000000e+06 9.654096327722072601e-03 1.196316350251436234e-02 8.013435453176498413e-02 9.654096327722072601e-03 1.196316350251436234e-02 8.013435453176498413e-02
1.794000000000000000e+06 9.369577281177043915e-03 1.196937914937734604e-02 7.968308776617050171e-02 9.369577281177043915e-03 1.196937914937734604e-02 7.968308776617050171e-02
1.795000000000000000e+06 1.052974537014961243e-02 1.195611245930194855e-02 7.981009781360626221e-02 1.052974537014961243e-02 1.195611245930194855e-02 7.981009781360626221e-02
1.796000000000000000e+06 1.049751043319702148e-02 1.195210870355367661e-02 8.042621612548828125e-02 1.049751043319702148e-02 1.195210870355367661e-02 8.042621612548828125e-02
1.797000000000000000e+06 1.018499024212360382e-02 1.198750734329223633e-02 7.984368503093719482e-02 1.018499024212360382e-02 1.198750734329223633e-02 7.984368503093719482e-02
1.798000000000000000e+06 1.099980622529983521e-02 1.195647194981575012e-02 7.945670932531356812e-02 1.099980622529983521e-02 1.195647194981575012e-02 7.945670932531356812e-02
1.799000000000000000e+06 1.049980428069829941e-02 1.200379244983196259e-02 7.946535199880599976e-02 1.049980428069829941e-02 1.200379244983196259e-02 7.946535199880599976e-02
1.800000000000000000e+06 1.167516503483057022e-02 1.196804922074079514e-02 8.059313148260116577e-02 1.167516503483057022e-02 1.196804922074079514e-02 8.059313148260116577e-02
1.801000000000000000e+06 1.015148870646953583e-02 1.199827436357736588e-02 7.889515161514282227e-02 1.015148870646953583e-02 1.199827436357736588e-02 7.889515161514282227e-02
1.802000000000000000e+06 1.040656398981809616e-02 1.197921484708786011e-02 7.867795228958129883e-02 1.040656398981809616e-02 1.197921484708786011e-02 7.867795228958129883e-02
1.803000000000000000e+06 9.997822344303131104e-03 1.197556685656309128e-02 7.903128117322921753e-02 9.997822344303131104e-03 1.197556685656309128e-02 7.903128117322921753e-02
1.804000000000000000e+06 1.053828094154596329e-02 1.195317599922418594e-02 7.958687841892242432e-02 1.053828094154596329e-02 1.195317599922418594e-02 7.958687841892242432e-02
1.805000000000000000e+06 1.130247209221124649e-02 1.198824029415845871e-02 7.897329330444335938e-02 1.130247209221124649e-02 1.198824029415845871e-02 7.897329330444335938e-02
1.806000000000000000e+06 1.006820145994424820e-02 1.194224599748849869e-02 7.864766567945480347e-02 1.006820145994424820e-02 1.194224599748849869e-02 7.864766567945480347e-02
1.807000000000000000e+06 9.406357072293758392e-03 1.198326423764228821e-02 7.841771841049194336e-02 9.406357072293758392e-03 1.198326423764228821e-02 7.841771841049194336e-02
1.808000000000000000e+06 1.084092725068330765e-02 1.198125723749399185e-02 7.948733121156692505e-02 1.084092725068330765e-02 1.198125723749399185e-02 7.948733121156692505e-02
1.809000000000000000e+06 9.800593368709087372e-03 1.194322295486927032e-02 7.835255563259124756e-02 9.800593368709087372e-03 1.194322295486927032e-02 7.835255563259124756e-02
1.810000000000000000e+06 1.011618133634328842e-02 1.200177986174821854e-02 7.928646355867385864e-02 1.011618133634328842e-02 1.200177986174821854e-02 7.928646355867385864e-02
1.811000000000000000e+06 1.051602046936750412e-02 1.196960452944040298e-02 7.982657104730606079e-02 1.051602046936750412e-02 1.196960452944040298e-02 7.982657104730606079e-02
1.812000000000000000e+06 9.607520885765552521e-03 1.197482272982597351e-02 7.955178618431091309e-02 9.607520885765552521e-03 1.197482272982597351e-02 7.955178618431091309e-02
1.813000000000000000e+06 1.063414104282855988e-02 1.199103053659200668e-02 7.954377681016921997e-02 1.063414104282855988e-02 1.199103053659200668e-02 7.954377681016921997e-02
1.814000000000000000e+06 1.102439127862453461e-02 1.199139561504125595e-02 7.903675734996795654e-02 1.102439127862453461e-02 1.199139561504125595e-02 7.903675734996795654e-02
1.815000000000000000e+06 1.009087450802326202e-02 1.193975657224655151e-02 7.884290814399719238e-02 1.009087450802326202e-02 1.193975657224655151e-02 7.884290814399719238e-02
1.816000000000000000e+06 1.195454131811857224e-02 1.194956805557012558e-02 8.036120235919952393e-02 1.195454131811857224e-02 1.194956805557012558e-02 8.036120235919952393e-02
1.817000000000000000e+06 1.205657329410314560e-02 1.191934011876583099e-02 7.857974618673324585e-02 1.205657329410314560e-02 1.191934011876583099e-02 7.857974618673324585e-02
1.818000000000000000e+06 9.665610268712043762e-03 1.198764424771070480e-02 7.831615209579467773e-02 9.665610268712043762e-03 1.198764424771070480e-02 7.831615209579467773e-02
1.819000000000000000e+06 9.968062862753868103e-03 1.197727490216493607e-02 7.789075374603271484e-02 9.968062862753868103e-03 1.197727490216493607e-02 7.789075374603271484e-02
1.820000000000000000e+06 9.727758355438709259e-03 1.198902353644371033e-02 7.784075289964675903e-02 9.727758355438709259e-03 1.198902353644371033e-02 7.784075289964675903e-02
1.821000000000000000e+06 1.078884862363338470e-02 1.198145933449268341e-02 7.888690382242202759e-02 1.078884862363338470e-02 1.198145933449268341e-02 7.888690382242202759e-02
1.822000000000000000e+06 1.008906867355108261e-02 1.199501380324363708e-02 7.937307655811309814e-02 1.008906867355108261e-02 1.199501380324363708e-02 7.937307655811309814e-02
1.823000000000000000e+06 1.051149889826774597e-02 1.195348519831895828e-02 7.771138101816177368e-02 1.051149889826774597e-02 1.195348519831895828e-02 7.771138101816177368e-02
1.824000000000000000e+06 1.151133608072996140e-02 1.200509350746870041e-02 7.825055718421936035e-02 1.151133608072996140e-02 1.200509350746870041e-02 7.825055718421936035e-02
1.825000000000000000e+06 1.019023917615413666e-02 1.200480107218027115e-02 7.900252193212509155e-02 1.019023917615413666e-02 1.200480107218027115e-02 7.900252193212509155e-02
1.826000000000000000e+06 1.209895405918359756e-02 1.197733823210000992e-02 7.823392003774642944e-02 1.209895405918359756e-02 1.197733823210000992e-02 7.823392003774642944e-02
1.827000000000000000e+06 9.744090959429740906e-03 1.195566076785326004e-02 7.775037735700607300e-02 9.744090959429740906e-03 1.195566076785326004e-02 7.775037735700607300e-02
1.828000000000000000e+06 9.590159170329570770e-03 1.198452059179544449e-02 7.790259271860122681e-02 9.590159170329570770e-03 1.198452059179544449e-02 7.790259271860122681e-02
1.829000000000000000e+06 1.079929433763027191e-02 1.193919684737920761e-02 7.785841822624206543e-02 1.079929433763027191e-02 1.193919684737920761e-02 7.785841822624206543e-02
1.830000000000000000e+06 1.054722629487514496e-02 1.199399121105670929e-02 7.803238928318023682e-02 1.054722629487514496e-02 1.199399121105670929e-02 7.803238928318023682e-02
1.831000000000000000e+06 9.945191442966461182e-03 1.198901608586311340e-02 7.777055352926254272e-02 9.945191442966461182e-03 1.198901608586311340e-02 7.777055352926254272e-02
1.832000000000000000e+06 9.922536090016365051e-03 1.199437677860260010e-02 7.889275252819061279e-02 9.922536090016365051e-03 1.199437677860260010e-02 7.889275252819061279e-02
1.833000000000000000e+06 1.067968364804983139e-02 1.201151404529809952e-02 7.723999023437500000e-02 1.067968364804983139e-02 1.201151404529809952e-02 7.723999023437500000e-02
1.834000000000000000e+06 1.075218152254819870e-02 1.198080834001302719e-02 7.753030210733413696e-02 1.075218152254819870e-02 1.198080834001302719e-02 7.753030210733413696e-02
1.835000000000000000e+06 1.096851285547018051e-02 1.200153399258852005e-02 7.730389386415481567e-02 1.096851285547018051e-02 1.200153399258852005e-02 7.730389386415481567e-02
1.836000000000000000e+06 9.617699310183525085e-03 1.195794064551591873e-02 7.773482799530029297e-02 9.617699310183525085e-03 1.195794064551591873e-02 7.773482799530029297e-02
1.837000000000000000e+06 9.436071850359439850e-03 1.196818053722381592e-02 7.759891450405120850e-02 9.436071850359439850e-03 1.196818053722381592e-02 7.759891450405120850e-02
1.838000000000000000e+06 1.126434281468391418e-02 1.195829547941684723e-02 7.822098582983016968e-02 1.126434281468391418e-02 1.195829547941684723e-02 7.822098582983016968e-02
1.839000000000000000e+06 9.782329201698303223e-03 1.197584625333547592e-02 7.806783914566040039e-02 9.782329201698303223e-03 1.197584625333547592e-02 7.806783914566040039e-02
1.840000000000000000e+06 1.196420751512050629e-02 1.191449072211980820e-02 7.855932414531707764e-02 1.196420751512050629e-02 1.191449072211980820e-02 7.855932414531707764e-02
1.841000000000000000e+06 9.963157586753368378e-03 1.197236124426126480e-02 7.712912559509277344e-02 9.963157586753368378e-03 1.197236124426126480e-02 7.712912559509277344e-02
1.842000000000000000e+06 9.379908442497253418e-03 1.194341201335191727e-02 7.695014029741287231e-02 9.379908442497253418e-03 1.194341201335191727e-02 7.695014029741287231e-02
1.843000000000000000e+06 9.986478835344314575e-03 1.195166260004043579e-02 7.764568924903869629e-02 9.986478835344314575e-03 1.195166260004043579e-02 7.764568924903869629e-02
1.844000000000000000e+06 1.054625026881694794e-02 1.196734420955181122e-02 7.787776738405227661e-02 1.054625026881694794e-02 1.196734420955181122e-02 7.787776738405227661e-02
1.845000000000000000e+06 1.202658098191022873e-02 1.194875407963991165e-02 7.858695834875106812e-02 1.202658098191022873e-02 1.194875407963991165e-02 7.858695834875106812e-02
1.846000000000000000e+06 1.085500512272119522e-02 1.194045599550008774e-02 7.795869559049606323e-02 1.085500512272119522e-02 1.194045599550008774e-02 7.795869559049606323e-02
1.847000000000000000e+06 1.101270224899053574e-02 1.198992971330881119e-02 7.721103727817535400e-02 1.101270224899053574e-02 1.198992971330881119e-02 7.721103727817535400e-02
1.848000000000000000e+06 1.151577197015285492e-02 1.200241502374410629e-02 7.816016674041748047e-02 1.151577197015285492e-02 1.200241502374410629e-02 7.816016674041748047e-02
1.849000000000000000e+06 1.179734896868467331e-02 1.196964550763368607e-02 7.787680625915527344e-02 1.179734896868467331e-02 1.196964550763368607e-02 7.787680625915527344e-02
1.850000000000000000e+06 9.870056062936782837e-03 1.197967957705259323e-02 7.668586075305938721e-02 9.870056062936782837e-03 1.197967957705259323e-02 7.668586075305938721e-02
1.851000000000000000e+06 1.045725028961896896e-02 1.193900965154170990e-02 7.675992697477340698e-02 1.045725028961896896e-02 1.193900965154170990e-02 7.675992697477340698e-02
1.852000000000000000e+06 1.016661990433931351e-02 1.195392850786447525e-02 7.761944085359573364e-02 1.016661990433931351e-02 1.195392850786447525e-02 7.761944085359573364e-02
1.853000000000000000e+06 1.177647989243268967e-02 1.196149364113807678e-02 7.753756642341613770e-02 1.177647989243268967e-02 1.196149364113807678e-02 7.753756642341613770e-02
1.854000000000000000e+06 9.662596508860588074e-03 1.195792667567729950e-02 7.708218693733215332e-02 9.662596508860588074e-03 1.195792667567729950e-02 7.708218693733215332e-02
1.855000000000000000e+06 1.011421531438827515e-02 1.196871045976877213e-02 7.655243575572967529e-02 1.011421531438827515e-02 1.196871045976877213e-02 7.655243575572967529e-02
1.856000000000000000e+06 9.929215535521507263e-03 1.194019895046949387e-02 7.625579833984375000e-02 9.929215535521507263e-03 1.194019895046949387e-02 7.625579833984375000e-02
1.857000000000000000e+06 1.017343252897262573e-02 1.195893529802560806e-02 7.633062452077865601e-02 1.017343252897262573e-02 1.195893529802560806e-02 7.633062452077865601e-02
1.858000000000000000e+06 1.009598001837730408e-02 1.195885054767131805e-02 7.670141011476516724e-02 1.009598001837730408e-02 1.195885054767131805e-02 7.670141011476516724e-02
1.859000000000000000e+06 1.026725862175226212e-02 1.194563135504722595e-02 7.619149982929229736e-02 1.026725862175226212e-02 1.194563135504722595e-02 7.619149982929229736e-02
1.860000000000000000e+06 9.971815161406993866e-03 1.195012219250202179e-02 7.668496668338775635e-02 9.971815161406993866e-03 1.195012219250202179e-02 7.668496668338775635e-02
1.861000000000000000e+06 1.011392660439014435e-02 1.195283420383930206e-02 7.647995650768280029e-02 1.011392660439014435e-02 1.195283420383930206e-02 7.647995650768280029e-02
1.862000000000000000e+06 1.011455431580543518e-02 1.192897558212280273e-02 7.661159336566925049e-02 1.011455431580543518e-02 1.192897558212280273e-02 7.661159336566925049e-02
1.863000000000000000e+06 1.044989470392465591e-02 1.195312291383743286e-02 7.693722099065780640e-02 1.044989470392465591e-02 1.195312291383743286e-02 7.693722099065780640e-02
1.864000000000000000e+06 1.122370269149541855e-02 1.197268906980752945e-02 7.597783207893371582e-02 1.122370269149541855e-02 1.197268906980752945e-02 7.597783207893371582e-02
1.865000000000000000e+06 1.077612023800611496e-02 1.201420649886131287e-02 7.575780153274536133e-02 1.077612023800611496e-02 1.201420649886131287e-02 7.575780153274536133e-02
1.866000000000000000e+06 1.083240564912557602e-02 1.193275116384029388e-02 7.669692486524581909e-02 1.083240564912557602e-02 1.193275116384029388e-02 7.669692486524581909e-02
1.867000000000000000e+06 1.089393254369497299e-02 1.200754288583993912e-02 7.747843861579895020e-02 1.089393254369497299e-02 1.200754288583993912e-02 7.747843861579895020e-02
1.868000000000000000e+06 1.045325305312871933e-02 1.195394992828369141e-02 7.641879469156265259e-02 1.045325305312871933e-02 1.195394992828369141e-02 7.641879469156265259e-02
1.869000000000000000e+06 9.442503564059734344e-03 1.196863502264022827e-02 7.641833275556564331e-02 9.442503564059734344e-03 1.196863502264022827e-02 7.641833275556564331e-02
1.870000000000000000e+06 1.058227196335792542e-02 1.193791348487138748e-02 7.603100687265396118e-02 1.058227196335792542e-02 1.193791348487138748e-02 7.603100687265396118e-02
1.871000000000000000e+06 1.062673330307006836e-02 1.194768585264682770e-02 7.645116746425628662e-02 1.062673330307006836e-02 1.194768585264682770e-02 7.645116746425628662e-02
1.872000000000000000e+06 1.095825806260108948e-02 1.193429622799158096e-02 7.588995993137359619e-02 1.095825806260108948e-02 1.193429622799158096e-02 7.588995993137359619e-02
1.873000000000000000e+06 9.618846699595451355e-03 1.196833886206150055e-02 7.590841501951217651e-02 9.618846699595451355e-03 1.196833886206150055e-02 7.590841501951217651e-02
1.874000000000000000e+06 1.055514439940452576e-02 1.197356078773736954e-02 7.651766389608383179e-02 1.055514439940452576e-02 1.197356078773736954e-02 7.651766389608383179e-02
1.875000000000000000e+06 9.856315329670906067e-03 1.199380587786436081e-02 7.591075450181961060e-02 9.856315329670906067e-03 1.199380587786436081e-02 7.591075450181961060e-02
1.876000000000000000e+06 1.110425405204296112e-02 1.194575056433677673e-02 7.644332200288772583e-02 1.110425405204296112e-02 1.194575056433677673e-02 7.644332200288772583e-02
1.877000000000000000e+06 9.648498147726058960e-03 1.199014578014612198e-02 7.616736739873886108e-02 9.648498147726058960e-03 1.199014578014612198e-02 7.616736739873886108e-02
1.878000000000000000e+06 1.044170558452606201e-02 1.193805225193500519e-02 7.720160484313964844e-02 1.044170558452606201e-02 1.193805225193500519e-02 7.720160484313964844e-02
1.879000000000000000e+06 1.173847261816263199e-02 1.199391018599271774e-02 7.673379778861999512e-02 1.173847261816263199e-02 1.199391018599271774e-02 7.673379778861999512e-02
1.880000000000000000e+06 1.120577193796634674e-02 1.195477135479450226e-02 7.762275636196136475e-02 1.120577193796634674e-02 1.195477135479450226e-02 7.762275636196136475e-02
1.881000000000000000e+06 9.301086887717247009e-03 1.196629460901021957e-02 7.536900788545608521e-02 9.301086887717247009e-03 1.196629460901021957e-02 7.536900788545608521e-02
1.882000000000000000e+06 1.023703720420598984e-02 1.196730788797140121e-02 7.601896673440933228e-02 1.023703720420598984e-02 1.196730788797140121e-02 7.601896673440933228e-02
1.883000000000000000e+06 8.860273286700248718e-03 1.196616981178522110e-02 7.576528936624526978e-02 8.860273286700248718e-03 1.196616981178522110e-02 7.576528936624526978e-02
1.884000000000000000e+06 9.536935016512870789e-03 1.195253990590572357e-02 7.539974898099899292e-02 9.536935016512870789e-03 1.195253990590572357e-02 7.539974898099899292e-02
1.885000000000000000e+06 1.025562547147274017e-02 1.193989533931016922e-02 7.599549740552902222e-02 1.025562547147274017e-02 1.193989533931016922e-02 7.599549740552902222e-02
1.886000000000000000e+06 9.423943236470222473e-03 1.196718495339155197e-02 7.583981007337570190e-02 9.423943236470222473e-03 1.196718495339155197e-02 7.583981007337570190e-02
1.887000000000000000e+06 9.842243045568466187e-03 1.195003651082515717e-02 7.566080242395401001e-02 9.842243045568466187e-03 1.195003651082515717e-02 7.566080242395401001e-02
1.888000000000000000e+06 1.060838345438241959e-02 1.192722842097282410e-02 7.489874213933944702e-02 1.060838345438241959e-02 1.192722842097282410e-02 7.489874213933944702e-02
1.889000000000000000e+06 1.086258329451084137e-02 1.195011194795370102e-02 7.587472349405288696e-02 1.086258329451084137e-02 1.195011194795370102e-02 7.587472349405288696e-02
1.890000000000000000e+06 9.090043604373931885e-03 1.194389816373586655e-02 7.576280087232589722e-02 9.090043604373931885e-03 1.194389816373586655e-02 7.576280087232589722e-02
1.891000000000000000e+06 9.663109667599201202e-03 1.192262209951877594e-02 7.596798986196517944e-02 9.663109667599201202e-03 1.192262209951877594e-02 7.596798986196517944e-02
1.892000000000000000e+06 9.704531170427799225e-03 1.196599658578634262e-02 7.567903399467468262e-02 9.704531170427799225e-03 1.196599658578634262e-02 7.567903399467468262e-02
1.893000000000000000e+06 9.912415407598018646e-03 1.197749376296997070e-02 7.506426423788070679e-02 9.912415407598018646e-03 1.197749376296997070e-02 7.506426423788070679e-02
1.894000000000000000e+06 1.025674678385257721e-02 1.193352416157722473e-02 7.543603330850601196e-02 1.025674678385257721e-02 1.193352416157722473e-02 7.543603330850601196e-02
1.895000000000000000e+06 1.086432486772537231e-02 1.194979343563318253e-02 7.636830955743789673e-02 1.086432486772537231e-02 1.194979343563318253e-02 7.636830955743789673e-02
1.896000000000000000e+06 9.433821775019168854e-03 1.199232693761587143e-02 7.548475265502929688e-02 9.433821775019168854e-03 1.199232693761587143e-02 7.548475265502929688e-02
1.897000000000000000e+06 1.122220605611801147e-02 1.194617990404367447e-02 7.554677873849868774e-02 1.122220605611801147e-02 1.194617990404367447e-02 7.554677873849868774e-02
1.898000000000000000e+06 1.048161368817090988e-02 1.194173004478216171e-02 7.649142295122146606e-02 1.048161368817090988e-02 1.194173004478216171e-02 7.649142295122146606e-02
1.899000000000000000e+06 9.366337209939956665e-03 1.192922517657279968e-02 7.463867962360382080e-02 9.366337209939956665e-03 1.192922517657279968e-02 7.463867962360382080e-02
1.900000000000000000e+06 1.014884188771247864e-02 1.195024326443672180e-02 7.565214484930038452e-02 1.014884188771247864e-02 1.195024326443672180e-02 7.565214484930038452e-02
1.901000000000000000e+06 9.878105483949184418e-03 1.193592138588428497e-02 7.527960836887359619e-02 9.878105483949184418e-03 1.193592138588428497e-02 7.527960836887359619e-02
1.902000000000000000e+06 1.019162870943546295e-02 1.192382629960775375e-02 7.499875128269195557e-02 1.019162870943546295e-02 1.192382629960775375e-02 7.499875128269195557e-02
1.903000000000000000e+06 1.049544010311365128e-02 1.194362621754407883e-02 7.591354846954345703e-02 1.049544010311365128e-02 1.194362621754407883e-02 7.591354846954345703e-02
1.904000000000000000e+06 1.030798815190792084e-02 1.196623127907514572e-02 7.565532624721527100e-02 1.030798815190792084e-02 1.196623127907514572e-02 7.565532624721527100e-02
1.905000000000000000e+06 1.068352069705724716e-02 1.197412516921758652e-02 7.587287575006484985e-02 1.068352069705724716e-02 1.197412516921758652e-02 7.587287575006484985e-02
1.906000000000000000e+06 1.188594941049814224e-02 1.194891612976789474e-02 7.667387276887893677e-02 1.188594941049814224e-02 1.194891612976789474e-02 7.667387276887893677e-02
1.907000000000000000e+06 9.929873049259185791e-03 1.194477267563343048e-02 7.522598654031753540e-02 9.929873049259185791e-03 1.194477267563343048e-02 7.522598654031753540e-02
1.908000000000000000e+06 1.104446966201066971e-02 1.192785520106554031e-02 7.555273175239562988e-02 1.104446966201066971e-02 1.192785520106554031e-02 7.555273175239562988e-02
1.909000000000000000e+06 9.930005297064781189e-03 1.194182876497507095e-02 7.445796579122543335e-02 9.930005297064781189e-03 1.194182876497507095e-02 7.445796579122543335e-02
1.910000000000000000e+06 1.085196156054735184e-02 1.200735010206699371e-02 7.477653026580810547e-02 1.085196156054735184e-02 1.200735010206699371e-02 7.477653026580810547e-02
1.911000000000000000e+06 9.041451849043369293e-03 1.194926630705595016e-02 7.405701279640197754e-02 9.041451849043369293e-03 1.194926630705595016e-02 7.405701279640197754e-02
1.912000000000000000e+06 9.412935934960842133e-03 1.192350871860980988e-02 7.535152137279510498e-02 9.412935934960842133e-03 1.192350871860980988e-02 7.535152137279510498e-02
1.913000000000000000e+06 9.959749877452850342e-03 1.195200625807046890e-02 7.509525120258331299e-02 9.959749877452850342e-03 1.195200625807046890e-02 7.509525120258331299e-02
1.914000000000000000e+06 1.120615843683481216e-02 1.198476646095514297e-02 7.648288458585739136e-02 1.120615843683481216e-02 1.198476646095514297e-02 7.648288458585739136e-02
1.915000000000000000e+06 1.086207386106252670e-02 1.194847282022237778e-02 7.587220519781112671e-02 1.086207386106252670e-02 1.194847282022237778e-02 7.587220519781112671e-02
1.916000000000000000e+06 9.896280243992805481e-03 1.195377483963966370e-02 7.565043866634368896e-02 9.896280243992805481e-03 1.195377483963966370e-02 7.565043866634368896e-02
1.917000000000000000e+06 1.138978451490402222e-02 1.197592262178659439e-02 7.527741044759750366e-02 1.138978451490402222e-02 1.197592262178659439e-02 7.527741044759750366e-02
1.918000000000000000e+06 1.129732839763164520e-02 1.191197708249092102e-02 7.488947361707687378e-02 1.129732839763164520e-02 1.191197708249092102e-02 7.488947361707687378e-02
1.919000000000000000e+06 1.005200576037168503e-02 1.196900382637977600e-02 7.419601082801818848e-02 1.005200576037168503e-02 1.196900382637977600e-02 7.419601082801818848e-02
1.920000000000000000e+06 9.441490285098552704e-03 1.196053810417652130e-02 7.382573932409286499e-02 9.441490285098552704e-03 1.196053810417652130e-02 7.382573932409286499e-02
1.921000000000000000e+06 1.016660220921039581e-02 1.196472533047199249e-02 7.463327795267105103e-02 1.016660220921039581e-02 1.196472533047199249e-02 7.463327795267105103e-02
1.922000000000000000e+06 8.957678452134132385e-03 1.197088789194822311e-02 7.449591159820556641e-02 8.957678452134132385e-03 1.197088789194822311e-02 7.449591159820556641e-02
1.923000000000000000e+06 9.863827377557754517e-03 1.195844076573848724e-02 7.402344048023223877e-02 9.863827377557754517e-03 1.195844076573848724e-02 7.402344048023223877e-02
1.924000000000000000e+06 1.115079224109649658e-02 1.197371911257505417e-02 7.526870816946029663e-02 1.115079224109649658e-02 1.197371911257505417e-02 7.526870816946029663e-02
1.925000000000000000e+06 9.636025875806808472e-03 1.194347254931926727e-02 7.385657727718353271e-02 9.636025875806808472e-03 1.194347254931926727e-02 7.385657727718353271e-02
1.926000000000000000e+06 9.984524920582771301e-03 1.193842478096485138e-02 7.520877569913864136e-02 9.984524920582771301e-03 1.193842478096485138e-02 7.520877569913864136e-02
1.927000000000000000e+06 9.635181166231632233e-03 1.197462994605302811e-02 7.361492514610290527e-02 9.635181166231632233e-03 1.197462994605302811e-02 7.361492514610290527e-02
1.928000000000000000e+06 9.498134255409240723e-03 1.196466106921434402e-02 7.361032068729400635e-02 9.498134255409240723e-03 1.196466106921434402e-02 7.361032068729400635e-02
1.929000000000000000e+06 1.033338159322738647e-02 1.192332897335290909e-02 7.532665878534317017e-02 1.033338159322738647e-02 1.192332897335290909e-02 7.532665878534317017e-02
1.930000000000000000e+06 1.008115522563457489e-02 1.193466596305370331e-02 7.432477176189422607e-02 1.008115522563457489e-02 1.193466596305370331e-02 7.432477176189422607e-02
1.931000000000000000e+06 1.112093683332204819e-02 1.198362000286579132e-02 7.599551230669021606e-02 1.112093683332204819e-02 1.198362000286579132e-02 7.599551230669021606e-02
1.932000000000000000e+06 1.254194974899291992e-02 1.196582615375518799e-02 7.509460300207138062e-02 1.254194974899291992e-02 1.196582615375518799e-02 7.509460300207138062e-02
1.933000000000000000e+06 9.954764507710933685e-03 1.197398919612169266e-02 7.429078966379165649e-02 9.954764507710933685e-03 1.197398919612169266e-02 7.429078966379165649e-02
1.934000000000000000e+06 1.235157810151576996e-02 1.198203209787607193e-02 7.550673931837081909e-02 1.235157810151576996e-02 1.198203209787607193e-02 7.550673931837081909e-02
1.935000000000000000e+06 9.591276757419109344e-03 1.198146305978298187e-02 7.325071096420288086e-02 9.591276757419109344e-03 1.198146305978298187e-02 7.325071096420288086e-02
1.936000000000000000e+06 9.918680414557456970e-03 1.191491633653640747e-02 7.407525181770324707e-02 9.918680414557456970e-03 1.191491633653640747e-02 7.407525181770324707e-02
1.937000000000000000e+06 1.170468050986528397e-02 1.198503095656633377e-02 7.486271858215332031e-02 1.170468050986528397e-02 1.198503095656633377e-02 7.486271858215332031e-02
1.938000000000000000e+06 1.002160459756851196e-02 1.194684300571680069e-02 7.458859682083129883e-02 1.002160459756851196e-02 1.194684300571680069e-02 7.458859682083129883e-02
1.939000000000000000e+06 1.185183227062225342e-02 1.196180097758769989e-02 7.489158958196640015e-02 1.185183227062225342e-02 1.196180097758769989e-02 7.489158958196640015e-02
1.940000000000000000e+06 1.068539824336767197e-02 1.193646527826786041e-02 7.420851290225982666e-02 1.068539824336767197e-02 1.193646527826786041e-02 7.420851290225982666e-02
1.941000000000000000e+06 1.095848064869642258e-02 1.198111195117235184e-02 7.481916993856430054e-02 1.095848064869642258e-02 1.198111195117235184e-02 7.481916993856430054e-02
1.942000000000000000e+06 9.956220164895057678e-03 1.196544151753187180e-02 7.381927222013473511e-02 9.956220164895057678e-03 1.196544151753187180e-02 7.381927222013473511e-02
1.943000000000000000e+06 1.020761672407388687e-02 1.198586914688348770e-02 7.303941249847412109e-02 1.020761672407388687e-02 1.198586914688348770e-02 7.303941249847412109e-02
1.944000000000000000e+06 9.786179289221763611e-03 1.196770928800106049e-02 7.385604828596115112e-02 9.786179289221763611e-03 1.196770928800106049e-02 7.385604828596115112e-02
1.945000000000000000e+06 1.195553038269281387e-02 1.200140267610549927e-02 7.417068630456924438e-02 1.195553038269281387e-02 1.200140267610549927e-02 7.417068630456924438e-02
1.946000000000000000e+06 1.051609404385089874e-02 1.195978466421365738e-02 7.425125688314437866e-02 1.051609404385089874e-02 1.195978466421365738e-02 7.425125688314437866e-02
1.947000000000000000e+06 1.185139920562505722e-02 1.192705240100622177e-02 7.589203864336013794e-02 1.185139920562505722e-02 1.192705240100622177e-02 7.589203864336013794e-02
1.948000000000000000e+06 1.114943716675043106e-02 1.193886715918779373e-02 7.391702383756637573e-02 1.114943716675043106e-02 1.193886715918779373e-02 7.391702383756637573e-02
1.949000000000000000e+06 9.924773126840591431e-03 1.197174005210399628e-02 7.377586513757705688e-02 9.924773126840591431e-03 1.197174005210399628e-02 7.377586513757705688e-02
1.950000000000000000e+06 9.286895394325256348e-03 1.192855276167392731e-02 7.306410372257232666e-02 9.286895394325256348e-03 1.192855276167392731e-02 7.306410372257232666e-02
1.951000000000000000e+06 1.027267426252365112e-02 1.196939032524824142e-02 7.438586652278900146e-02 1.027267426252365112e-02 1.196939032524824142e-02 7.438586652278900146e-02
1.952000000000000000e+06 9.562974795699119568e-03 1.196344848722219467e-02 7.320819795131683350e-02 9.562974795699119568e-03 1.196344848722219467e-02 7.320819795131683350e-02
1.953000000000000000e+06 9.244783781468868256e-03 1.195980422198772430e-02 7.479719072580337524e-02 9.244783781468868256e-03 1.195980422198772430e-02 7.479719072580337524e-02
1.954000000000000000e+06 1.074687298387289047e-02 1.195661444216966629e-02 7.370248436927795410e-02 1.074687298387289047e-02 1.195661444216966629e-02 7.370248436927795410e-02
1.955000000000000000e+06 1.166379544883966446e-02 1.197133678942918777e-02 7.390857487916946411e-02 1.166379544883966446e-02 1.197133678942918777e-02 7.390857487916946411e-02
1.956000000000000000e+06 1.089080609381198883e-02 1.199414674192667007e-02 7.362338155508041382e-02 1.089080609381198883e-02 1.199414674192667007e-02 7.362338155508041382e-02
1.957000000000000000e+06 1.112471707165241241e-02 1.198416016995906830e-02 7.401984184980392456e-02 1.112471707165241241e-02 1.198416016995906830e-02 7.401984184980392456e-02
1.958000000000000000e+06 9.212152101099491119e-03 1.198009122163057327e-02 7.318770140409469604e-02 9.212152101099491119e-03 1.198009122163057327e-02 7.318770140409469604e-02
1.959000000000000000e+06 9.627407416701316833e-03 1.196293719112873077e-02 7.289116084575653076e-02 9.627407416701316833e-03 1.196293719112873077e-02 7.289116084575653076e-02
1.960000000000000000e+06 1.113073248416185379e-02 1.197210326790809631e-02 7.383733987808227539e-02 1.113073248416185379e-02 1.197210326790809631e-02 7.383733987808227539e-02
1.961000000000000000e+06 1.055058930069208145e-02 1.200922392308712006e-02 7.366893440485000610e-02 1.055058930069208145e-02 1.200922392308712006e-02 7.366893440485000610e-02
1.962000000000000000e+06 1.192295923829078674e-02 1.191028300672769547e-02 7.406567037105560303e-02 1.192295923829078674e-02 1.191028300672769547e-02 7.406567037105560303e-02
1.963000000000000000e+06 9.838749654591083527e-03 1.197885163128376007e-02 7.338663190603256226e-02 9.838749654591083527e-03 1.197885163128376007e-02 7.338663190603256226e-02
1.964000000000000000e+06 9.023013524711132050e-03 1.195408962666988373e-02 7.275398820638656616e-02 9.023013524711132050e-03 1.195408962666988373e-02 7.275398820638656616e-02
1.965000000000000000e+06 9.035446681082248688e-03 1.197970472276210785e-02 7.321609556674957275e-02 9.035446681082248688e-03 1.197970472276210785e-02 7.321609556674957275e-02
1.966000000000000000e+06 9.606056846678256989e-03 1.196354068815708160e-02 7.304288446903228760e-02 9.606056846678256989e-03 1.196354068815708160e-02 7.304288446903228760e-02
1.967000000000000000e+06 1.001956686377525330e-02 1.197508256882429123e-02 7.347089052200317383e-02 1.001956686377525330e-02 1.197508256882429123e-02 7.347089052200317383e-02
1.968000000000000000e+06 9.708396159112453461e-03 1.196182519197463989e-02 7.331283390522003174e-02 9.708396159112453461e-03 1.196182519197463989e-02 7.331283390522003174e-02
1.969000000000000000e+06 1.081137079745531082e-02 1.200504321604967117e-02 7.377460598945617676e-02 1.081137079745531082e-02 1.200504321604967117e-02 7.377460598945617676e-02
1.970000000000000000e+06 1.028104312717914581e-02 1.191350352019071579e-02 7.273698598146438599e-02 1.028104312717914581e-02 1.191350352019071579e-02 7.273698598146438599e-02
1.971000000000000000e+06 1.028670649975538254e-02 1.196490321308374405e-02 7.264751195907592773e-02 1.028670649975538254e-02 1.196490321308374405e-02 7.264751195907592773e-02
1.972000000000000000e+06 9.472572244703769684e-03 1.196447014808654785e-02 7.255368679761886597e-02 9.472572244703769684e-03 1.196447014808654785e-02 7.255368679761886597e-02
1.973000000000000000e+06 1.094757113605737686e-02 1.193133089691400528e-02 7.314527779817581177e-02 1.094757113605737686e-02 1.193133089691400528e-02 7.314527779817581177e-02
1.974000000000000000e+06 9.374197572469711304e-03 1.199119351804256439e-02 7.262278348207473755e-02 9.374197572469711304e-03 1.199119351804256439e-02 7.262278348207473755e-02
1.975000000000000000e+06 9.236349724233150482e-03 1.198050938546657562e-02 7.267535477876663208e-02 9.236349724233150482e-03 1.198050938546657562e-02 7.267535477876663208e-02
1.976000000000000000e+06 9.925310499966144562e-03 1.197945326566696167e-02 7.368014007806777954e-02 9.925310499966144562e-03 1.197945326566696167e-02 7.368014007806777954e-02
1.977000000000000000e+06 1.151229906827211380e-02 1.195975486189126968e-02 7.320716977119445801e-02 1.151229906827211380e-02 1.195975486189126968e-02 7.320716977119445801e-02
1.978000000000000000e+06 9.674618951976299286e-03 1.201083976775407791e-02 7.264465838670730591e-02 9.674618951976299286e-03 1.201083976775407791e-02 7.264465838670730591e-02
1.979000000000000000e+06 1.114123966544866562e-02 1.198726333677768707e-02 7.288137078285217285e-02 1.114123966544866562e-02 1.198726333677768707e-02 7.288137078285217285e-02
1.980000000000000000e+06 9.578696452081203461e-03 1.197397708892822266e-02 7.250369340181350708e-02 9.578696452081203461e-03 1.197397708892822266e-02 7.250369340181350708e-02
1.981000000000000000e+06 9.712822735309600830e-03 1.197217684239149094e-02 7.200015336275100708e-02 9.712822735309600830e-03 1.197217684239149094e-02 7.200015336275100708e-02
1.982000000000000000e+06 1.077722478657960892e-02 1.195094920694828033e-02 7.241078466176986694e-02 1.077722478657960892e-02 1.195094920694828033e-02 7.241078466176986694e-02
1.983000000000000000e+06 9.787071496248245239e-03 1.197513192892074585e-02 7.258917391300201416e-02 9.787071496248245239e-03 1.197513192892074585e-02 7.258917391300201416e-02
1.984000000000000000e+06 9.444511495530605316e-03 1.200931984931230545e-02 7.257598638534545898e-02 9.444511495530605316e-03 1.200931984931230545e-02 7.257598638534545898e-02
1.985000000000000000e+06 9.816255420446395874e-03 1.194205414503812790e-02 7.198310643434524536e-02 9.816255420446395874e-03 1.194205414503812790e-02 7.198310643434524536e-02
1.986000000000000000e+06 1.171859167516231537e-02 1.191289164125919342e-02 7.330439984798431396e-02 1.171859167516231537e-02 1.191289164125919342e-02 7.330439984798431396e-02
1.987000000000000000e+06 9.858732111752033234e-03 1.198866218328475952e-02 7.287245243787765503e-02 9.858732111752033234e-03 1.198866218328475952e-02 7.287245243787765503e-02
1.988000000000000000e+06 1.065146550536155701e-02 1.198817323893308640e-02 7.320740073919296265e-02 1.065146550536155701e-02 1.198817323893308640e-02 7.320740073919296265e-02
1.989000000000000000e+06 9.634356945753097534e-03 1.197068952023983002e-02 7.188339531421661377e-02 9.634356945753097534e-03 1.197068952023983002e-02 7.188339531421661377e-02
1.990000000000000000e+06 1.089463755488395691e-02 1.197414193302392960e-02 7.328363507986068726e-02 1.089463755488395691e-02 1.197414193302392960e-02 7.328363507986068726e-02
1.991000000000000000e+06 1.003891602158546448e-02 1.197062898427248001e-02 7.336554676294326782e-02 1.003891602158546448e-02 1.197062898427248001e-02 7.336554676294326782e-02
1.992000000000000000e+06 1.087261550128459930e-02 1.195302233099937439e-02 7.299870252609252930e-02 1.087261550128459930e-02 1.195302233099937439e-02 7.299870252609252930e-02
1.993000000000000000e+06 9.283850900828838348e-03 1.199124380946159363e-02 7.194204628467559814e-02 9.283850900828838348e-03 1.199124380946159363e-02 7.194204628467559814e-02
1.994000000000000000e+06 9.851695038378238678e-03 1.198775507509708405e-02 7.274536043405532837e-02 9.851695038378238678e-03 1.198775507509708405e-02 7.274536043405532837e-02
1.995000000000000000e+06 9.027048945426940918e-03 1.192273292690515518e-02 7.162467390298843384e-02 9.027048945426940918e-03 1.192273292690515518e-02 7.162467390298843384e-02
1.996000000000000000e+06 9.061098098754882812e-03 1.197928749024868011e-02 7.211010158061981201e-02 9.061098098754882812e-03 1.197928749024868011e-02 7.211010158061981201e-02
1.997000000000000000e+06 9.746844880282878876e-03 1.198409404605627060e-02 7.276281714439392090e-02 9.746844880282878876e-03 1.198409404605627060e-02 7.276281714439392090e-02
1.998000000000000000e+06 1.029380317777395248e-02 1.201273035258054733e-02 7.252410799264907837e-02 1.029380317777395248e-02 1.201273035258054733e-02 7.252410799264907837e-02
1.999000000000000000e+06 1.059017051011323929e-02 1.193953119218349457e-02 7.200048118829727173e-02 1.059017051011323929e-02 1.193953119218349457e-02 7.200048118829727173e-02
2.000000000000000000e+06 9.495546109974384308e-03 1.197171770036220551e-02 7.183830440044403076e-02 9.495546109974384308e-03 1.197171770036220551e-02 7.183830440044403076e-02
2.001000000000000000e+06 1.157508604228496552e-02 1.198061462491750717e-02 7.353978604078292847e-02 1.157508604228496552e-02 1.198061462491750717e-02 7.353978604078292847e-02
2.002000000000000000e+06 9.903891943395137787e-03 1.196755934506654739e-02 7.164666801691055298e-02 9.903891943395137787e-03 1.196755934506654739e-02 7.164666801691055298e-02
2.003000000000000000e+06 1.010097377002239227e-02 1.201042532920837402e-02 7.178676873445510864e-02 1.010097377002239227e-02 1.201042532920837402e-02 7.178676873445510864e-02
2.004000000000000000e+06 9.949358180165290833e-03 1.197332143783569336e-02 7.154235243797302246e-02 9.949358180165290833e-03 1.197332143783569336e-02 7.154235243797302246e-02
2.005000000000000000e+06 1.017956715077161789e-02 1.198413781821727753e-02 7.167375087738037109e-02 1.017956715077161789e-02 1.198413781821727753e-02 7.167375087738037109e-02
2.006000000000000000e+06 9.091340005397796631e-03 1.198479812592267990e-02 7.190582901239395142e-02 9.091340005397796631e-03 1.198479812592267990e-02 7.190582901239395142e-02
2.007000000000000000e+06 1.013343688100576401e-02 1.203887909650802612e-02 7.162488996982574463e-02 1.013343688100576401e-02 1.203887909650802612e-02 7.162488996982574463e-02
2.008000000000000000e+06 1.017734594643115997e-02 1.195826847106218338e-02 7.198637723922729492e-02 1.017734594643115997e-02 1.195826847106218338e-02 7.198637723922729492e-02
2.009000000000000000e+06 1.048490125685930252e-02 1.195081416517496109e-02 7.339280098676681519e-02 1.048490125685930252e-02 1.195081416517496109e-02 7.339280098676681519e-02
2.010000000000000000e+06 9.979494847357273102e-03 1.194251701235771179e-02 7.162646949291229248e-02 9.979494847357273102e-03 1.194251701235771179e-02 7.162646949291229248e-02
2.011000000000000000e+06 1.059062499552965164e-02 1.195921562612056732e-02 7.139243185520172119e-02 1.059062499552965164e-02 1.195921562612056732e-02 7.139243185520172119e-02
2.012000000000000000e+06 9.639150463044643402e-03 1.194939110428094864e-02 7.167318463325500488e-02 9.639150463044643402e-03 1.194939110428094864e-02 7.167318463325500488e-02
2.013000000000000000e+06 1.146752666682004929e-02 1.198613364249467850e-02 7.192885875701904297e-02 1.146752666682004929e-02 1.198613364249467850e-02 7.192885875701904297e-02
2.014000000000000000e+06 9.358736686408519745e-03 1.197701133787631989e-02 7.100396603345870972e-02 9.358736686408519745e-03 1.197701133787631989e-02 7.100396603345870972e-02
2.015000000000000000e+06 9.559611789882183075e-03 1.196820009499788284e-02 7.149130851030349731e-02 9.559611789882183075e-03 1.196820009499788284e-02 7.149130851030349731e-02
2.016000000000000000e+06 9.865019470453262329e-03 1.199304871261119843e-02 7.205186039209365845e-02 9.865019470453262329e-03 1.199304871261119843e-02 7.205186039209365845e-02
2.017000000000000000e+06 9.481122717261314392e-03 1.198934763669967651e-02 7.217510789632797241e-02 9.481122717261314392e-03 1.198934763669967651e-02 7.217510789632797241e-02
2.018000000000000000e+06 1.001580990850925446e-02 1.197106111794710159e-02 7.290621101856231689e-02 1.001580990850925446e-02 1.197106111794710159e-02 7.290621101856231689e-02
2.019000000000000000e+06 1.039421837776899338e-02 1.199684198945760727e-02 7.291220873594284058e-02 1.039421837776899338e-02 1.199684198945760727e-02 7.291220873594284058e-02
2.020000000000000000e+06 9.527212008833885193e-03 1.199358329176902771e-02 7.168840616941452026e-02 9.527212008833885193e-03 1.199358329176902771e-02 7.168840616941452026e-02
2.021000000000000000e+06 1.065432280302047729e-02 1.194683555513620377e-02 7.256856560707092285e-02 1.065432280302047729e-02 1.194683555513620377e-02 7.256856560707092285e-02
2.022000000000000000e+06 9.596308693289756775e-03 1.196238957345485687e-02 7.180806249380111694e-02 9.596308693289756775e-03 1.196238957345485687e-02 7.180806249380111694e-02
2.023000000000000000e+06 1.041121967136859894e-02 1.200646348297595978e-02 7.145221531391143799e-02 1.041121967136859894e-02 1.200646348297595978e-02 7.145221531391143799e-02
2.024000000000000000e+06 1.001463644206523895e-02 1.195872202515602112e-02 7.133653759956359863e-02 1.001463644206523895e-02 1.195872202515602112e-02 7.133653759956359863e-02
2.025000000000000000e+06 1.004472095519304276e-02 1.197423133999109268e-02 7.132641226053237915e-02 1.004472095519304276e-02 1.197423133999109268e-02 7.132641226053237915e-02
2.026000000000000000e+06 9.923253208398818970e-03 1.197492890059947968e-02 7.123605161905288696e-02 9.923253208398818970e-03 1.197492890059947968e-02 7.123605161905288696e-02
2.027000000000000000e+06 1.016318984329700470e-02 1.198791898787021637e-02 7.219514995813369751e-02 1.016318984329700470e-02 1.198791898787021637e-02 7.219514995813369751e-02
2.028000000000000000e+06 9.291634894907474518e-03 1.199725363403558731e-02 7.074861973524093628e-02 9.291634894907474518e-03 1.199725363403558731e-02 7.074861973524093628e-02
2.029000000000000000e+06 1.053443644195795059e-02 1.196964364498853683e-02 7.162100076675415039e-02 1.053443644195795059e-02 1.196964364498853683e-02 7.162100076675415039e-02
2.030000000000000000e+06 9.803034365177154541e-03 1.195896137505769730e-02 7.020781934261322021e-02 9.803034365177154541e-03 1.195896137505769730e-02 7.020781934261322021e-02
2.031000000000000000e+06 9.898522868752479553e-03 1.197506859898567200e-02 7.105345278978347778e-02 9.898522868752479553e-03 1.197506859898567200e-02 7.105345278978347778e-02
2.032000000000000000e+06 9.862226434051990509e-03 1.194476336240768433e-02 7.061946392059326172e-02 9.862226434051990509e-03 1.194476336240768433e-02 7.061946392059326172e-02
2.033000000000000000e+06 8.873387239873409271e-03 1.199600007385015488e-02 7.160075753927230835e-02 8.873387239873409271e-03 1.199600007385015488e-02 7.160075753927230835e-02
2.034000000000000000e+06 9.123851545155048370e-03 1.196731999516487122e-02 7.155205309391021729e-02 9.123851545155048370e-03 1.196731999516487122e-02 7.155205309391021729e-02
2.035000000000000000e+06 9.458025917410850525e-03 1.198762841522693634e-02 7.139137387275695801e-02 9.458025917410850525e-03 1.198762841522693634e-02 7.139137387275695801e-02
2.036000000000000000e+06 9.962645359337329865e-03 1.198574807494878769e-02 7.138240337371826172e-02 9.962645359337329865e-03 1.198574807494878769e-02 7.138240337371826172e-02
2.037000000000000000e+06 9.385058656334877014e-03 1.200520806014537811e-02 7.117351144552230835e-02 9.385058656334877014e-03 1.200520806014537811e-02 7.117351144552230835e-02
2.038000000000000000e+06 1.129524316638708115e-02 1.201040763407945633e-02 7.138784229755401611e-02 1.129524316638708115e-02 1.201040763407945633e-02 7.138784229755401611e-02
2.039000000000000000e+06 9.533091448247432709e-03 1.195259112864732742e-02 7.118658721446990967e-02 9.533091448247432709e-03 1.195259112864732742e-02 7.118658721446990967e-02
2.040000000000000000e+06 9.374461136758327484e-03 1.196763198822736740e-02 7.102230191230773926e-02 9.374461136758327484e-03 1.196763198822736740e-02 7.102230191230773926e-02
2.041000000000000000e+06 9.929100982844829559e-03 1.197453588247299194e-02 7.008749246597290039e-02 9.929100982844829559e-03 1.197453588247299194e-02 7.008749246597290039e-02
2.042000000000000000e+06 9.701103903353214264e-03 1.199540123343467712e-02 7.120704650878906250e-02 9.701103903353214264e-03 1.199540123343467712e-02 7.120704650878906250e-02
2.043000000000000000e+06 1.041316241025924683e-02 1.198963355273008347e-02 7.105516642332077026e-02 1.041316241025924683e-02 1.198963355273008347e-02 7.105516642332077026e-02
2.044000000000000000e+06 1.006407849490642548e-02 1.200308930128812790e-02 7.118521630764007568e-02 1.006407849490642548e-02 1.200308930128812790e-02 7.118521630764007568e-02
2.045000000000000000e+06 9.557929821312427521e-03 1.195979397743940353e-02 7.099755853414535522e-02 9.557929821312427521e-03 1.195979397743940353e-02 7.099755853414535522e-02
2.046000000000000000e+06 9.227290749549865723e-03 1.198248565196990967e-02 7.137694954872131348e-02 9.227290749549865723e-03 1.198248565196990967e-02 7.137694954872131348e-02
2.047000000000000000e+06 1.098791602998971939e-02 1.201239228248596191e-02 7.163830101490020752e-02 1.098791602998971939e-02 1.201239228248596191e-02 7.163830101490020752e-02
2.048000000000000000e+06 8.851271122694015503e-03 1.198541279882192612e-02 7.025487720966339111e-02 8.851271122694015503e-03 1.198541279882192612e-02 7.025487720966339111e-02
2.049000000000000000e+06 1.082645170390605927e-02 1.198664959520101547e-02 7.159118354320526123e-02 1.082645170390605927e-02 1.198664959520101547e-02 7.159118354320526123e-02
2.050000000000000000e+06 1.007397938519716263e-02 1.198614668101072311e-02 7.021379470825195312e-02 1.007397938519716263e-02 1.198614668101072311e-02 7.021379470825195312e-02
2.051000000000000000e+06 8.780482225120067596e-03 1.197565253823995590e-02 7.035032659769058228e-02 8.780482225120067596e-03 1.197565253823995590e-02 7.035032659769058228e-02
2.052000000000000000e+06 1.028294675052165985e-02 1.194534078240394592e-02 7.089585810899734497e-02 1.028294675052165985e-02 1.194534078240394592e-02 7.089585810899734497e-02
2.053000000000000000e+06 9.558700025081634521e-03 1.201067492365837097e-02 7.039679586887359619e-02 9.558700025081634521e-03 1.201067492365837097e-02 7.039679586887359619e-02
2.054000000000000000e+06 9.901781566441059113e-03 1.197325158864259720e-02 7.097063213586807251e-02 9.901781566441059113e-03 1.197325158864259720e-02 7.097063213586807251e-02
2.055000000000000000e+06 1.111233234405517578e-02 1.200113818049430847e-02 7.123135775327682495e-02 1.111233234405517578e-02 1.200113818049430847e-02 7.123135775327682495e-02
2.056000000000000000e+06 1.567629538476467133e-02 1.201040670275688171e-02 7.147458940744400024e-02 1.567629538476467133e-02 1.201040670275688171e-02 7.147458940744400024e-02
2.057000000000000000e+06 9.223754517734050751e-03 1.199081074446439743e-02 7.148825377225875854e-02 9.223754517734050751e-03 1.199081074446439743e-02 7.148825377225875854e-02
2.058000000000000000e+06 9.779060259461402893e-03 1.197919715195894241e-02 7.085529714822769165e-02 9.779060259461402893e-03 1.197919715195894241e-02 7.085529714822769165e-02
2.059000000000000000e+06 9.774581529200077057e-03 1.197989191859960556e-02 7.105845957994461060e-02 9.774581529200077057e-03 1.197989191859960556e-02 7.105845957994461060e-02
2.060000000000000000e+06 1.036266423761844635e-02 1.198546309024095535e-02 7.151760160923004150e-02 1.036266423761844635e-02 1.198546309024095535e-02 7.151760160923004150e-02
2.061000000000000000e+06 9.510873816907405853e-03 1.199683547019958496e-02 7.000607252120971680e-02 9.510873816907405853e-03 1.199683547019958496e-02 7.000607252120971680e-02
2.062000000000000000e+06 9.912324137985706329e-03 1.201023347675800323e-02 7.021361589431762695e-02 9.912324137985706329e-03 1.201023347675800323e-02 7.021361589431762695e-02
2.063000000000000000e+06 9.321894496679306030e-03 1.195895858108997345e-02 7.027620077133178711e-02 9.321894496679306030e-03 1.195895858108997345e-02 7.027620077133178711e-02
2.064000000000000000e+06 1.061997190117835999e-02 1.199478469789028168e-02 7.263045758008956909e-02 1.061997190117835999e-02 1.199478469789028168e-02 7.263045758008956909e-02
2.065000000000000000e+06 9.289328008890151978e-03 1.196464803069829941e-02 7.069971412420272827e-02 9.289328008890151978e-03 1.196464803069829941e-02 7.069971412420272827e-02
2.066000000000000000e+06 1.256579533219337463e-02 1.201833505183458328e-02 7.040115445852279663e-02 1.256579533219337463e-02 1.201833505183458328e-02 7.040115445852279663e-02
2.067000000000000000e+06 8.893551304936408997e-03 1.197864674031734467e-02 7.017855346202850342e-02 8.893551304936408997e-03 1.197864674031734467e-02 7.017855346202850342e-02
2.068000000000000000e+06 1.182512287050485611e-02 1.194730307906866074e-02 7.147148996591567993e-02 1.182512287050485611e-02 1.194730307906866074e-02 7.147148996591567993e-02
2.069000000000000000e+06 9.205916896462440491e-03 1.197639200836420059e-02 7.013393193483352661e-02 9.205916896462440491e-03 1.197639200836420059e-02 7.013393193483352661e-02
2.070000000000000000e+06 9.916778653860092163e-03 1.196153368800878525e-02 7.090909034013748169e-02 9.916778653860092163e-03 1.196153368800878525e-02 7.090909034013748169e-02
2.071000000000000000e+06 9.305609390139579773e-03 1.197554916143417358e-02 6.954785436391830444e-02 9.305609390139579773e-03 1.197554916143417358e-02 6.954785436391830444e-02
2.072000000000000000e+06 9.551099501550197601e-03 1.200891938060522079e-02 6.966145336627960205e-02 9.551099501550197601e-03 1.200891938060522079e-02 6.966145336627960205e-02
2.073000000000000000e+06 1.140384003520011902e-02 1.202636398375034332e-02 7.091464847326278687e-02 1.140384003520011902e-02 1.202636398375034332e-02 7.091464847326278687e-02
2.074000000000000000e+06 1.147519517689943314e-02 1.195471733808517456e-02 6.997634470462799072e-02 1.147519517689943314e-02 1.195471733808517456e-02 6.997634470462799072e-02
2.075000000000000000e+06 8.823537267744541168e-03 1.199453137814998627e-02 6.987334042787551880e-02 8.823537267744541168e-03 1.199453137814998627e-02 6.987334042787551880e-02
2.076000000000000000e+06 1.047019846737384796e-02 1.199896819889545441e-02 6.947197765111923218e-02 1.047019846737384796e-02 1.199896819889545441e-02 6.947197765111923218e-02
2.077000000000000000e+06 9.830902330577373505e-03 1.198367588222026825e-02 6.973555684089660645e-02 9.830902330577373505e-03 1.198367588222026825e-02 6.973555684089660645e-02
2.078000000000000000e+06 1.006523799151182175e-02 1.199265848845243454e-02 7.016999274492263794e-02 1.006523799151182175e-02 1.199265848845243454e-02 7.016999274492263794e-02
2.079000000000000000e+06 1.350122038275003433e-02 1.200257334858179092e-02 7.068242132663726807e-02 1.350122038275003433e-02 1.200257334858179092e-02 7.068242132663726807e-02
2.080000000000000000e+06 1.113876514136791229e-02 1.196861360222101212e-02 7.024751603603363037e-02 1.113876514136791229e-02 1.196861360222101212e-02 7.024751603603363037e-02
2.081000000000000000e+06 1.098132599145174026e-02 1.197126880288124084e-02 7.046265900135040283e-02 1.098132599145174026e-02 1.197126880288124084e-02 7.046265900135040283e-02
2.082000000000000000e+06 9.548751637339591980e-03 1.199467852711677551e-02 6.903883069753646851e-02 9.548751637339591980e-03 1.199467852711677551e-02 6.903883069753646851e-02
2.083000000000000000e+06 1.045059040188789368e-02 1.197273284196853638e-02 7.010108977556228638e-02 1.045059040188789368e-02 1.197273284196853638e-02 7.010108977556228638e-02
2.084000000000000000e+06 9.366315789520740509e-03 1.195604540407657623e-02 7.031077891588211060e-02 9.366315789520740509e-03 1.195604540407657623e-02 7.031077891588211060e-02
2.085000000000000000e+06 9.889356791973114014e-03 1.200037915259599686e-02 6.930721551179885864e-02 9.889356791973114014e-03 1.200037915259599686e-02 6.930721551179885864e-02
2.086000000000000000e+06 9.056473150849342346e-03 1.200665161013603210e-02 7.035227119922637939e-02 9.056473150849342346e-03 1.200665161013603210e-02 7.035227119922637939e-02
2.087000000000000000e+06 9.863881394267082214e-03 1.198007632046937943e-02 6.998541951179504395e-02 9.863881394267082214e-03 1.198007632046937943e-02 6.998541951179504395e-02
2.088000000000000000e+06 1.005672570317983627e-02 1.198818255215883255e-02 6.975429505109786987e-02 1.005672570317983627e-02 1.198818255215883255e-02 6.975429505109786987e-02
2.089000000000000000e+06 9.338151663541793823e-03 1.203078590333461761e-02 6.959585845470428467e-02 9.338151663541793823e-03 1.203078590333461761e-02 6.959585845470428467e-02
2.090000000000000000e+06 9.378715418279170990e-03 1.195797417312860489e-02 6.952594220638275146e-02 9.378715418279170990e-03 1.195797417312860489e-02 6.952594220638275146e-02
2.091000000000000000e+06 1.093669887632131577e-02 1.197936385869979858e-02 7.013888657093048096e-02 1.093669887632131577e-02 1.197936385869979858e-02 7.013888657093048096e-02
2.092000000000000000e+06 9.941533207893371582e-03 1.196646131575107574e-02 6.960313767194747925e-02 9.941533207893371582e-03 1.196646131575107574e-02 6.960313767194747925e-02
2.093000000000000000e+06 1.067842077463865280e-02 1.200224645435810089e-02 6.953626126050949097e-02 1.067842077463865280e-02 1.200224645435810089e-02 6.953626126050949097e-02
2.094000000000000000e+06 1.056293398141860962e-02 1.200675312429666519e-02 6.993733346462249756e-02 1.056293398141860962e-02 1.200675312429666519e-02 6.993733346462249756e-02
2.095000000000000000e+06 1.106173451989889145e-02 1.203340478241443634e-02 7.010477781295776367e-02 1.106173451989889145e-02 1.203340478241443634e-02 7.010477781295776367e-02
2.096000000000000000e+06 8.992521092295646667e-03 1.198103930801153183e-02 6.925003230571746826e-02 8.992521092295646667e-03 1.198103930801153183e-02 6.925003230571746826e-02
2.097000000000000000e+06 9.025122039020061493e-03 1.198285631835460663e-02 6.968532502651214600e-02 9.025122039020061493e-03 1.198285631835460663e-02 6.968532502651214600e-02
2.098000000000000000e+06 8.892872370779514313e-03 1.196977496147155762e-02 6.940624117851257324e-02 8.892872370779514313e-03 1.196977496147155762e-02 6.940624117851257324e-02
2.099000000000000000e+06 9.698853828012943268e-03 1.200096588581800461e-02 6.960781663656234741e-02 9.698853828012943268e-03 1.200096588581800461e-02 6.960781663656234741e-02
2.100000000000000000e+06 9.038559161126613617e-03 1.201644260436296463e-02 6.915444880723953247e-02 9.038559161126613617e-03 1.201644260436296463e-02 6.915444880723953247e-02
2.101000000000000000e+06 9.817150421440601349e-03 1.195435598492622375e-02 6.952781975269317627e-02 9.817150421440601349e-03 1.195435598492622375e-02 6.952781975269317627e-02
2.102000000000000000e+06 1.053067017346620560e-02 1.198732201009988785e-02 7.056608051061630249e-02 1.053067017346620560e-02 1.198732201009988785e-02 7.056608051061630249e-02
2.103000000000000000e+06 1.088874414563179016e-02 1.198325958102941513e-02 7.043596357107162476e-02 1.088874414563179016e-02 1.198325958102941513e-02 7.043596357107162476e-02
2.104000000000000000e+06 9.668388403952121735e-03 1.201992016285657883e-02 6.965958327054977417e-02 9.668388403952121735e-03 1.201992016285657883e-02 6.965958327054977417e-02
2.105000000000000000e+06 9.222866967320442200e-03 1.197570469230413437e-02 6.909204274415969849e-02 9.222866967320442200e-03 1.197570469230413437e-02 6.909204274415969849e-02
2.106000000000000000e+06 9.339442476630210876e-03 1.194647327065467834e-02 6.856005638837814331e-02 9.339442476630210876e-03 1.194647327065467834e-02 6.856005638837814331e-02
2.107000000000000000e+06 1.134923473000526428e-02 1.202906575053930283e-02 7.119375467300415039e-02 1.134923473000526428e-02 1.202906575053930283e-02 7.119375467300415039e-02
2.108000000000000000e+06 8.926965296268463135e-03 1.198187656700611115e-02 6.856104731559753418e-02 8.926965296268463135e-03 1.198187656700611115e-02 6.856104731559753418e-02
2.109000000000000000e+06 9.911173023283481598e-03 1.196089666336774826e-02 6.895830482244491577e-02 9.911173023283481598e-03 1.196089666336774826e-02 6.895830482244491577e-02
2.110000000000000000e+06 9.731813333928585052e-03 1.201282627880573273e-02 6.924597918987274170e-02 9.731813333928585052e-03 1.201282627880573273e-02 6.924597918987274170e-02
2.111000000000000000e+06 9.344195015728473663e-03 1.198833528906106949e-02 7.015994191169738770e-02 9.344195015728473663e-03 1.198833528906106949e-02 7.015994191169738770e-02
2.112000000000000000e+06 1.072653383016586304e-02 1.199666224420070648e-02 7.039999961853027344e-02 1.072653383016586304e-02 1.199666224420070648e-02 7.039999961853027344e-02
2.113000000000000000e+06 1.019226666539907455e-02 1.198452059179544449e-02 6.939315050840377808e-02 1.019226666539907455e-02 1.198452059179544449e-02 6.939315050840377808e-02
2.114000000000000000e+06 8.988371118903160095e-03 1.202651858329772949e-02 6.881283223628997803e-02 8.988371118903160095e-03 1.202651858329772949e-02 6.881283223628997803e-02
2.115000000000000000e+06 8.688942529261112213e-03 1.199749112129211426e-02 6.923495978116989136e-02 8.688942529261112213e-03 1.199749112129211426e-02 6.923495978116989136e-02
2.116000000000000000e+06 8.731647394597530365e-03 1.195353362709283829e-02 6.873137503862380981e-02 8.731647394597530365e-03 1.195353362709283829e-02 6.873137503862380981e-02
2.117000000000000000e+06 8.493493311107158661e-03 1.196331251412630081e-02 6.829001754522323608e-02 8.493493311107158661e-03 1.196331251412630081e-02 6.829001754522323608e-02
2.118000000000000000e+06 9.749681688845157623e-03 1.199349202215671539e-02 6.938668340444564819e-02 9.749681688845157623e-03 1.199349202215671539e-02 6.938668340444564819e-02
2.119000000000000000e+06 1.025357376784086227e-02 1.197773218154907227e-02 6.910633295774459839e-02 1.025357376784086227e-02 1.197773218154907227e-02 6.910633295774459839e-02
2.120000000000000000e+06 1.251696515828371048e-02 1.197281852364540100e-02 7.016699761152267456e-02 1.251696515828371048e-02 1.197281852364540100e-02 7.016699761152267456e-02
2.121000000000000000e+06 9.973357431590557098e-03 1.193277817219495773e-02 6.967362761497497559e-02 9.973357431590557098e-03 1.193277817219495773e-02 6.967362761497497559e-02
2.122000000000000000e+06 9.239416569471359253e-03 1.197490934282541275e-02 6.797023862600326538e-02 9.239416569471359253e-03 1.197490934282541275e-02 6.797023862600326538e-02
2.123000000000000000e+06 9.808849543333053589e-03 1.202622801065444946e-02 6.825940310955047607e-02 9.808849543333053589e-03 1.202622801065444946e-02 6.825940310955047607e-02
2.124000000000000000e+06 9.593595750629901886e-03 1.201657205820083618e-02 6.860964000225067139e-02 9.593595750629901886e-03 1.201657205820083618e-02 6.860964000225067139e-02
2.125000000000000000e+06 1.045252941548824310e-02 1.202659215778112411e-02 6.972932815551757812e-02 1.045252941548824310e-02 1.202659215778112411e-02 6.972932815551757812e-02
2.126000000000000000e+06 1.077460311353206635e-02 1.199876889586448669e-02 6.861176341772079468e-02 1.077460311353206635e-02 1.199876889586448669e-02 6.861176341772079468e-02
2.127000000000000000e+06 9.141677059233188629e-03 1.200932636857032776e-02 6.807373464107513428e-02 9.141677059233188629e-03 1.200932636857032776e-02 6.807373464107513428e-02
2.128000000000000000e+06 8.397134020924568176e-03 1.200181432068347931e-02 6.823240220546722412e-02 8.397134020924568176e-03 1.200181432068347931e-02 6.823240220546722412e-02
2.129000000000000000e+06 9.707781486213207245e-03 1.196209248155355453e-02 6.839703768491744995e-02 9.707781486213207245e-03 1.196209248155355453e-02 6.839703768491744995e-02
2.130000000000000000e+06 8.915255777537822723e-03 1.199575420469045639e-02 6.861723214387893677e-02 8.915255777537822723e-03 1.199575420469045639e-02 6.861723214387893677e-02
2.131000000000000000e+06 9.236722253262996674e-03 1.203001569956541061e-02 6.879299134016036987e-02 9.236722253262996674e-03 1.203001569956541061e-02 6.879299134016036987e-02
2.132000000000000000e+06 9.230150841176509857e-03 1.198750641196966171e-02 6.872612237930297852e-02 9.230150841176509857e-03 1.198750641196966171e-02 6.872612237930297852e-02
2.133000000000000000e+06 9.620635770261287689e-03 1.199955213814973831e-02 6.846015155315399170e-02 9.620635770261287689e-03 1.199955213814973831e-02 6.846015155315399170e-02
2.134000000000000000e+06 9.976048953831195831e-03 1.198290847241878510e-02 6.858184188604354858e-02 9.976048953831195831e-03 1.198290847241878510e-02 6.858184188604354858e-02
2.135000000000000000e+06 9.993358515202999115e-03 1.202111039310693741e-02 6.998924911022186279e-02 9.993358515202999115e-03 1.202111039310693741e-02 6.998924911022186279e-02
2.136000000000000000e+06 9.920842945575714111e-03 1.202834304422140121e-02 6.955403089523315430e-02 9.920842945575714111e-03 1.202834304422140121e-02 6.955403089523315430e-02
2.137000000000000000e+06 9.585800580680370331e-03 1.203001663088798523e-02 6.776327639818191528e-02 9.585800580680370331e-03 1.203001663088798523e-02 6.776327639818191528e-02
2.138000000000000000e+06 1.042758859694004059e-02 1.202449202537536621e-02 6.869226694107055664e-02 1.042758859694004059e-02 1.202449202537536621e-02 6.869226694107055664e-02
2.139000000000000000e+06 9.990182705223560333e-03 1.195968873798847198e-02 7.032576948404312134e-02 9.990182705223560333e-03 1.195968873798847198e-02 7.032576948404312134e-02
2.140000000000000000e+06 9.107114747166633606e-03 1.201827079057693481e-02 6.896723806858062744e-02 9.107114747166633606e-03 1.201827079057693481e-02 6.896723806858062744e-02
2.141000000000000000e+06 1.012243796139955521e-02 1.200827676802873611e-02 6.945783644914627075e-02 1.012243796139955521e-02 1.200827676802873611e-02 6.945783644914627075e-02
2.142000000000000000e+06 9.426567703485488892e-03 1.199839822947978973e-02 6.957867741584777832e-02 9.426567703485488892e-03 1.199839822947978973e-02 6.957867741584777832e-02
2.143000000000000000e+06 9.134058840572834015e-03 1.201559696346521378e-02 6.848628073930740356e-02 9.134058840572834015e-03 1.201559696346521378e-02 6.848628073930740356e-02
2.144000000000000000e+06 1.008827239274978638e-02 1.204848568886518478e-02 6.810083985328674316e-02 1.008827239274978638e-02 1.204848568886518478e-02 6.810083985328674316e-02
2.145000000000000000e+06 8.943902328610420227e-03 1.197446882724761963e-02 6.875281780958175659e-02 8.943902328610420227e-03 1.197446882724761963e-02 6.875281780958175659e-02
2.146000000000000000e+06 1.057217549532651901e-02 1.198736019432544708e-02 6.942880898714065552e-02 1.057217549532651901e-02 1.198736019432544708e-02 6.942880898714065552e-02
2.147000000000000000e+06 9.342257864773273468e-03 1.200442202389240265e-02 6.896201521158218384e-02 9.342257864773273468e-03 1.200442202389240265e-02 6.896201521158218384e-02
2.148000000000000000e+06 8.710579946637153625e-03 1.199570670723915100e-02 6.811371445655822754e-02 8.710579946637153625e-03 1.199570670723915100e-02 6.811371445655822754e-02
2.149000000000000000e+06 1.073626708239316940e-02 1.199673675000667572e-02 6.976837664842605591e-02 1.073626708239316940e-02 1.199673675000667572e-02 6.976837664842605591e-02
2.150000000000000000e+06 1.120371092110872269e-02 1.201309543102979660e-02 6.901861727237701416e-02 1.120371092110872269e-02 1.201309543102979660e-02 6.901861727237701416e-02
2.151000000000000000e+06 9.914975613355636597e-03 1.200869493186473846e-02 6.974836438894271851e-02 9.914975613355636597e-03 1.200869493186473846e-02 6.974836438894271851e-02
2.152000000000000000e+06 8.429166860878467560e-03 1.200042106211185455e-02 6.775689870119094849e-02 8.429166860878467560e-03 1.200042106211185455e-02 6.775689870119094849e-02
2.153000000000000000e+06 9.962205775082111359e-03 1.198500394821166992e-02 6.830376386642456055e-02 9.962205775082111359e-03 1.198500394821166992e-02 6.830376386642456055e-02
2.154000000000000000e+06 9.394736960530281067e-03 1.201931107789278030e-02 6.836602091789245605e-02 9.394736960530281067e-03 1.201931107789278030e-02 6.836602091789245605e-02
2.155000000000000000e+06 9.250394999980926514e-03 1.203086879104375839e-02 6.777419149875640869e-02 9.250394999980926514e-03 1.203086879104375839e-02 6.777419149875640869e-02
2.156000000000000000e+06 9.210640564560890198e-03 1.200787629932165146e-02 6.851798295974731445e-02 9.210640564560890198e-03 1.200787629932165146e-02 6.851798295974731445e-02
2.157000000000000000e+06 8.571397513151168823e-03 1.197771355509757996e-02 6.766036152839660645e-02 8.571397513151168823e-03 1.197771355509757996e-02 6.766036152839660645e-02
2.158000000000000000e+06 8.897064253687858582e-03 1.198564283549785614e-02 6.774672865867614746e-02 8.897064253687858582e-03 1.198564283549785614e-02 6.774672865867614746e-02
2.159000000000000000e+06 1.046448294073343277e-02 1.200315915048122406e-02 6.899828463792800903e-02 1.046448294073343277e-02 1.200315915048122406e-02 6.899828463792800903e-02
2.160000000000000000e+06 9.428285062313079834e-03 1.203127857297658920e-02 6.850216537714004517e-02 9.428285062313079834e-03 1.203127857297658920e-02 6.850216537714004517e-02
2.161000000000000000e+06 8.226598612964153290e-03 1.200021803379058838e-02 6.710366159677505493e-02 8.226598612964153290e-03 1.200021803379058838e-02 6.710366159677505493e-02
2.162000000000000000e+06 1.004841364920139313e-02 1.196825504302978516e-02 6.844431161880493164e-02 1.004841364920139313e-02 1.196825504302978516e-02 6.844431161880493164e-02
2.163000000000000000e+06 8.595719933509826660e-03 1.200315169990062714e-02 6.809934228658676147e-02 8.595719933509826660e-03 1.200315169990062714e-02 6.809934228658676147e-02
2.164000000000000000e+06 9.134720079600811005e-03 1.200039405375719070e-02 6.730547547340393066e-02 9.134720079600811005e-03 1.200039405375719070e-02 6.730547547340393066e-02
2.165000000000000000e+06 8.783222176134586334e-03 1.197971869260072708e-02 6.767386198043823242e-02 8.783222176134586334e-03 1.197971869260072708e-02 6.767386198043823242e-02
2.166000000000000000e+06 9.697577916085720062e-03 1.202798821032047272e-02 6.795832514762878418e-02 9.697577916085720062e-03 1.202798821032047272e-02 6.795832514762878418e-02
2.167000000000000000e+06 7.970774546265602112e-03 1.199404057115316391e-02 6.750357151031494141e-02 7.970774546265602112e-03 1.199404057115316391e-02 6.750357151031494141e-02
2.168000000000000000e+06 9.628331288695335388e-03 1.195962913334369659e-02 6.795380264520645142e-02 9.628331288695335388e-03 1.195962913334369659e-02 6.795380264520645142e-02
2.169000000000000000e+06 1.010296121239662170e-02 1.200184505432844162e-02 6.909385323524475098e-02 1.010296121239662170e-02 1.200184505432844162e-02 6.909385323524475098e-02
2.170000000000000000e+06 1.000755652785301208e-02 1.197663322091102600e-02 6.793168932199478149e-02 1.000755652785301208e-02 1.197663322091102600e-02 6.793168932199478149e-02
2.171000000000000000e+06 9.604466147720813751e-03 1.200139708817005157e-02 6.837925314903259277e-02 9.604466147720813751e-03 1.200139708817005157e-02 6.837925314903259277e-02
2.172000000000000000e+06 9.007476270198822021e-03 1.198213826864957809e-02 6.766575574874877930e-02 9.007476270198822021e-03 1.198213826864957809e-02 6.766575574874877930e-02
2.173000000000000000e+06 9.777175262570381165e-03 1.202443800866603851e-02 6.780147552490234375e-02 9.777175262570381165e-03 1.202443800866603851e-02 6.780147552490234375e-02
2.174000000000000000e+06 8.766726590692996979e-03 1.201817207038402557e-02 6.717706471681594849e-02 8.766726590692996979e-03 1.201817207038402557e-02 6.717706471681594849e-02
2.175000000000000000e+06 9.353832341730594635e-03 1.201124023646116257e-02 6.759993731975555420e-02 9.353832341730594635e-03 1.201124023646116257e-02 6.759993731975555420e-02
2.176000000000000000e+06 8.712020702660083771e-03 1.194394659250974655e-02 6.712914258241653442e-02 8.712020702660083771e-03 1.194394659250974655e-02 6.712914258241653442e-02
2.177000000000000000e+06 9.932951070368289948e-03 1.198013499379158020e-02 6.778385490179061890e-02 9.932951070368289948e-03 1.198013499379158020e-02 6.778385490179061890e-02
2.178000000000000000e+06 9.330350905656814575e-03 1.199820917099714279e-02 6.719586998224258423e-02 9.330350905656814575e-03 1.199820917099714279e-02 6.719586998224258423e-02
2.179000000000000000e+06 9.842197410762310028e-03 1.196754537522792816e-02 6.825511157512664795e-02 9.842197410762310028e-03 1.196754537522792816e-02 6.825511157512664795e-02
2.180000000000000000e+06 8.475171402096748352e-03 1.200230047106742859e-02 6.734290719032287598e-02 8.475171402096748352e-03 1.200230047106742859e-02 6.734290719032287598e-02
2.181000000000000000e+06 9.348491206765174866e-03 1.200996059924364090e-02 6.717418879270553589e-02 9.348491206765174866e-03 1.200996059924364090e-02 6.717418879270553589e-02
2.182000000000000000e+06 9.030466899275779724e-03 1.201610919088125229e-02 6.832262873649597168e-02 9.030466899275779724e-03 1.201610919088125229e-02 6.832262873649597168e-02
2.183000000000000000e+06 9.463462978601455688e-03 1.204902119934558868e-02 6.820789724588394165e-02 9.463462978601455688e-03 1.204902119934558868e-02 6.820789724588394165e-02
2.184000000000000000e+06 9.077535010874271393e-03 1.201262511312961578e-02 6.748271733522415161e-02 9.077535010874271393e-03 1.201262511312961578e-02 6.748271733522415161e-02
2.185000000000000000e+06 8.737905882298946381e-03 1.198992226272821426e-02 6.804145872592926025e-02 8.737905882298946381e-03 1.198992226272821426e-02 6.804145872592926025e-02
2.186000000000000000e+06 8.451918140053749084e-03 1.198737137019634247e-02 6.682746112346649170e-02 8.451918140053749084e-03 1.198737137019634247e-02 6.682746112346649170e-02
2.187000000000000000e+06 1.077158562839031219e-02 1.204390078783035278e-02 6.916358321905136108e-02 1.077158562839031219e-02 1.204390078783035278e-02 6.916358321905136108e-02
2.188000000000000000e+06 9.031190536916255951e-03 1.203006505966186523e-02 6.754828244447708130e-02 9.031190536916255951e-03 1.203006505966186523e-02 6.754828244447708130e-02
2.189000000000000000e+06 1.011725887656211853e-02 1.197627745568752289e-02 6.791546195745468140e-02 1.011725887656211853e-02 1.197627745568752289e-02 6.791546195745468140e-02
2.190000000000000000e+06 9.158077649772167206e-03 1.197000872343778610e-02 6.802778691053390503e-02 9.158077649772167206e-03 1.197000872343778610e-02 6.802778691053390503e-02
2.191000000000000000e+06 8.301764726638793945e-03 1.202398817986249924e-02 6.688670068979263306e-02 8.301764726638793945e-03 1.202398817986249924e-02 6.688670068979263306e-02
2.192000000000000000e+06 8.455117233097553253e-03 1.199552975594997406e-02 6.729089468717575073e-02 8.455117233097553253e-03 1.199552975594997406e-02 6.729089468717575073e-02
2.193000000000000000e+06 8.864719420671463013e-03 1.201531942933797836e-02 6.701694428920745850e-02 8.864719420671463013e-03 1.201531942933797836e-02 6.701694428920745850e-02
2.194000000000000000e+06 8.344288915395736694e-03 1.199529320001602173e-02 6.678234785795211792e-02 8.344288915395736694e-03 1.199529320001602173e-02 6.678234785795211792e-02
2.195000000000000000e+06 9.748493321239948273e-03 1.198888383805751801e-02 6.798386573791503906e-02 9.748493321239948273e-03 1.198888383805751801e-02 6.798386573791503906e-02
2.196000000000000000e+06 8.242445066571235657e-03 1.202554348856210709e-02 6.668335199356079102e-02 8.242445066571235657e-03 1.202554348856210709e-02 6.668335199356079102e-02
2.197000000000000000e+06 8.923235349357128143e-03 1.198639441281557083e-02 6.639415770769119263e-02 8.923235349357128143e-03 1.198639441281557083e-02 6.639415770769119263e-02
2.198000000000000000e+06 1.013528276234865189e-02 1.201445795595645905e-02 6.824625283479690552e-02 1.013528276234865189e-02 1.201445795595645905e-02 6.824625283479690552e-02
2.199000000000000000e+06 9.013575501739978790e-03 1.200855989009141922e-02 6.759187579154968262e-02 9.013575501739978790e-03 1.200855989009141922e-02 6.759187579154968262e-02
2.200000000000000000e+06 9.043870493769645691e-03 1.196803059428930283e-02 6.701830774545669556e-02 9.043870493769645691e-03 1.196803059428930283e-02 6.701830774545669556e-02
2.201000000000000000e+06 9.104821830987930298e-03 1.197987515479326248e-02 6.733868271112442017e-02 9.104821830987930298e-03 1.197987515479326248e-02 6.733868271112442017e-02
2.202000000000000000e+06 9.404886513948440552e-03 1.198721490800380707e-02 6.777480244636535645e-02 9.404886513948440552e-03 1.198721490800380707e-02 6.777480244636535645e-02
2.203000000000000000e+06 8.811149746179580688e-03 1.198424398899078369e-02 6.735624372959136963e-02 8.811149746179580688e-03 1.198424398899078369e-02 6.735624372959136963e-02
2.204000000000000000e+06 8.998790755867958069e-03 1.203168649226427078e-02 6.654105335474014282e-02 8.998790755867958069e-03 1.203168649226427078e-02 6.654105335474014282e-02
2.205000000000000000e+06 9.031275287270545959e-03 1.194808259606361389e-02 6.675148755311965942e-02 9.031275287270545959e-03 1.194808259606361389e-02 6.675148755311965942e-02
2.206000000000000000e+06 8.725525811314582825e-03 1.197269838303327560e-02 6.662216782569885254e-02 8.725525811314582825e-03 1.197269838303327560e-02 6.662216782569885254e-02
2.207000000000000000e+06 9.953716769814491272e-03 1.198279391974210739e-02 6.768739223480224609e-02 9.953716769814491272e-03 1.198279391974210739e-02 6.768739223480224609e-02
2.208000000000000000e+06 8.799009025096893311e-03 1.203350257128477097e-02 6.773258000612258911e-02 8.799009025096893311e-03 1.203350257128477097e-02 6.773258000612258911e-02
2.209000000000000000e+06 8.925053291022777557e-03 1.198743376880884171e-02 6.643342226743698120e-02 8.925053291022777557e-03 1.198743376880884171e-02 6.643342226743698120e-02
2.210000000000000000e+06 9.884816594421863556e-03 1.204974669963121414e-02 6.806998699903488159e-02 9.884816594421863556e-03 1.204974669963121414e-02 6.806998699903488159e-02
2.211000000000000000e+06 9.615964256227016449e-03 1.199463289231061935e-02 6.709832698106765747e-02 9.615964256227016449e-03 1.199463289231061935e-02 6.709832698106765747e-02
2.212000000000000000e+06 9.340275079011917114e-03 1.202879939228296280e-02 6.658259779214859009e-02 9.340275079011917114e-03 1.202879939228296280e-02 6.658259779214859009e-02
2.213000000000000000e+06 8.568559773266315460e-03 1.203873846679925919e-02 6.626074016094207764e-02 8.568559773266315460e-03 1.203873846679925919e-02 6.626074016094207764e-02
2.214000000000000000e+06 9.367872960865497589e-03 1.201711408793926239e-02 6.677679717540740967e-02 9.367872960865497589e-03 1.201711408793926239e-02 6.677679717540740967e-02
2.215000000000000000e+06 1.012814883142709732e-02 1.201093755662441254e-02 6.688125431537628174e-02 1.012814883142709732e-02 1.201093755662441254e-02 6.688125431537628174e-02
2.216000000000000000e+06 9.046202525496482849e-03 1.198924891650676727e-02 6.694576889276504517e-02 9.046202525496482849e-03 1.198924891650676727e-02 6.694576889276504517e-02
2.217000000000000000e+06 8.458895608782768250e-03 1.201928965747356415e-02 6.647603958845138550e-02 8.458895608782768250e-03 1.201928965747356415e-02 6.647603958845138550e-02
2.218000000000000000e+06 8.633292280137538910e-03 1.197781693190336227e-02 6.642931699752807617e-02 8.633292280137538910e-03 1.197781693190336227e-02 6.642931699752807617e-02
2.219000000000000000e+06 9.067328646779060364e-03 1.203597150743007660e-02 6.671814620494842529e-02 9.067328646779060364e-03 1.203597150743007660e-02 6.671814620494842529e-02
2.220000000000000000e+06 8.630062453448772430e-03 1.201926823705434799e-02 6.658056378364562988e-02 8.630062453448772430e-03 1.201926823705434799e-02 6.658056378364562988e-02
2.221000000000000000e+06 8.861023932695388794e-03 1.200847607105970383e-02 6.695382297039031982e-02 8.861023932695388794e-03 1.200847607105970383e-02 6.695382297039031982e-02
2.222000000000000000e+06 9.332126006484031677e-03 1.200236380100250244e-02 6.634842604398727417e-02 9.332126006484031677e-03 1.200236380100250244e-02 6.634842604398727417e-02
2.223000000000000000e+06 9.752734564244747162e-03 1.200276706367731094e-02 6.628442555665969849e-02 9.752734564244747162e-03 1.200276706367731094e-02 6.628442555665969849e-02
2.224000000000000000e+06 8.172318339347839355e-03 1.200619246810674667e-02 6.614422053098678589e-02 8.172318339347839355e-03 1.200619246810674667e-02 6.614422053098678589e-02
2.225000000000000000e+06 1.130079943686723709e-02 1.195463538169860840e-02 6.675398349761962891e-02 1.130079943686723709e-02 1.195463538169860840e-02 6.675398349761962891e-02
2.226000000000000000e+06 9.201711975038051605e-03 1.198622025549411774e-02 6.664349138736724854e-02 9.201711975038051605e-03 1.198622025549411774e-02 6.664349138736724854e-02
2.227000000000000000e+06 9.557082317769527435e-03 1.201458740979433060e-02 6.635254621505737305e-02 9.557082317769527435e-03 1.201458740979433060e-02 6.635254621505737305e-02
2.228000000000000000e+06 8.946076966822147369e-03 1.203196309506893158e-02 6.646320968866348267e-02 8.946076966822147369e-03 1.203196309506893158e-02 6.646320968866348267e-02
2.229000000000000000e+06 8.968316018581390381e-03 1.201502326875925064e-02 6.675660610198974609e-02 8.968316018581390381e-03 1.201502326875925064e-02 6.675660610198974609e-02
2.230000000000000000e+06 9.068564511835575104e-03 1.203247066587209702e-02 6.615213304758071899e-02 9.068564511835575104e-03 1.203247066587209702e-02 6.615213304758071899e-02
2.231000000000000000e+06 8.633914403617382050e-03 1.201113872230052948e-02 6.603017449378967285e-02 8.633914403617382050e-03 1.201113872230052948e-02 6.603017449378967285e-02
2.232000000000000000e+06 9.468094445765018463e-03 1.203749328851699829e-02 6.688352674245834351e-02 9.468094445765018463e-03 1.203749328851699829e-02 6.688352674245834351e-02
2.233000000000000000e+06 8.351466618478298187e-03 1.202727947384119034e-02 6.640244275331497192e-02 8.351466618478298187e-03 1.202727947384119034e-02 6.640244275331497192e-02
2.234000000000000000e+06 1.022054348140954971e-02 1.202121097594499588e-02 6.725917756557464600e-02 1.022054348140954971e-02 1.202121097594499588e-02 6.725917756557464600e-02
2.235000000000000000e+06 1.039336808025836945e-02 1.197522133588790894e-02 6.633270531892776489e-02 1.039336808025836945e-02 1.197522133588790894e-02 6.633270531892776489e-02
2.236000000000000000e+06 8.912349119782447815e-03 1.201441977173089981e-02 6.677645444869995117e-02 8.912349119782447815e-03 1.201441977173089981e-02 6.677645444869995117e-02
2.237000000000000000e+06 8.801183663308620453e-03 1.197426300495862961e-02 6.628829240798950195e-02 8.801183663308620453e-03 1.197426300495862961e-02 6.628829240798950195e-02
2.238000000000000000e+06 8.167820051312446594e-03 1.203207764774560928e-02 6.553098559379577637e-02 8.167820051312446594e-03 1.203207764774560928e-02 6.553098559379577637e-02
2.239000000000000000e+06 8.332797326147556305e-03 1.200482528656721115e-02 6.546491384506225586e-02 8.332797326147556305e-03 1.200482528656721115e-02 6.546491384506225586e-02
2.240000000000000000e+06 9.745708666741847992e-03 1.199608203023672104e-02 6.670382618904113770e-02 9.745708666741847992e-03 1.199608203023672104e-02 6.670382618904113770e-02
2.241000000000000000e+06 8.883894421160221100e-03 1.198026910424232483e-02 6.587859988212585449e-02 8.883894421160221100e-03 1.198026910424232483e-02 6.587859988212585449e-02
2.242000000000000000e+06 8.888100273907184601e-03 1.203535031527280807e-02 6.618558615446090698e-02 8.888100273907184601e-03 1.203535031527280807e-02 6.618558615446090698e-02
2.243000000000000000e+06 1.014980021864175797e-02 1.198908966034650803e-02 6.593295186758041382e-02 1.014980021864175797e-02 1.198908966034650803e-02 6.593295186758041382e-02
2.244000000000000000e+06 9.555655531585216522e-03 1.200078986585140228e-02 6.618977338075637817e-02 9.555655531585216522e-03 1.200078986585140228e-02 6.618977338075637817e-02
2.245000000000000000e+06 8.309510536491870880e-03 1.200238149613142014e-02 6.571272015571594238e-02 8.309510536491870880e-03 1.200238149613142014e-02 6.571272015571594238e-02
2.246000000000000000e+06 9.606791660189628601e-03 1.199168339371681213e-02 6.644731014966964722e-02 9.606791660189628601e-03 1.199168339371681213e-02 6.644731014966964722e-02
2.247000000000000000e+06 8.435952477157115936e-03 1.200553402304649353e-02 6.691897660493850708e-02 8.435952477157115936e-03 1.200553402304649353e-02 6.691897660493850708e-02
2.248000000000000000e+06 8.733979426324367523e-03 1.203876826912164688e-02 6.645192950963973999e-02 8.733979426324367523e-03 1.203876826912164688e-02 6.645192950963973999e-02
2.249000000000000000e+06 9.124193340539932251e-03 1.198118180036544800e-02 6.628443300724029541e-02 9.124193340539932251e-03 1.198118180036544800e-02 6.628443300724029541e-02
2.250000000000000000e+06 9.045924991369247437e-03 1.202471368014812469e-02 6.600550562143325806e-02 9.045924991369247437e-03 1.202471368014812469e-02 6.600550562143325806e-02
2.251000000000000000e+06 9.330304339528083801e-03 1.203973405063152313e-02 6.540951877832412720e-02 9.330304339528083801e-03 1.203973405063152313e-02 6.540951877832412720e-02
2.252000000000000000e+06 8.891021832823753357e-03 1.200105622410774231e-02 6.660795956850051880e-02 8.891021832823753357e-03 1.200105622410774231e-02 6.660795956850051880e-02
2.253000000000000000e+06 9.225568734109401703e-03 1.199556048959493637e-02 6.643507629632949829e-02 9.225568734109401703e-03 1.199556048959493637e-02 6.643507629632949829e-02
2.254000000000000000e+06 9.235153906047344208e-03 1.199566386640071869e-02 6.682123988866806030e-02 9.235153906047344208e-03 1.199566386640071869e-02 6.682123988866806030e-02
2.255000000000000000e+06 8.528041653335094452e-03 1.202982664108276367e-02 6.686635315418243408e-02 8.528041653335094452e-03 1.202982664108276367e-02 6.686635315418243408e-02
2.256000000000000000e+06 8.840839378535747528e-03 1.196594163775444031e-02 6.536489725112915039e-02 8.840839378535747528e-03 1.196594163775444031e-02 6.536489725112915039e-02
2.257000000000000000e+06 8.882342837750911713e-03 1.201280020177364349e-02 6.609282642602920532e-02 8.882342837750911713e-03 1.201280020177364349e-02 6.609282642602920532e-02
2.258000000000000000e+06 8.203174918889999390e-03 1.196841988712549210e-02 6.626977026462554932e-02 8.203174918889999390e-03 1.196841988712549210e-02 6.626977026462554932e-02
2.259000000000000000e+06 9.943872690200805664e-03 1.199633534997701645e-02 6.587728112936019897e-02 9.943872690200805664e-03 1.199633534997701645e-02 6.587728112936019897e-02
2.260000000000000000e+06 9.160320274531841278e-03 1.196225266903638840e-02 6.575577706098556519e-02 9.160320274531841278e-03 1.196225266903638840e-02 6.575577706098556519e-02
2.261000000000000000e+06 8.314033038914203644e-03 1.200878899544477463e-02 6.545531749725341797e-02 8.314033038914203644e-03 1.200878899544477463e-02 6.545531749725341797e-02
2.262000000000000000e+06 9.049157612025737762e-03 1.202557142823934555e-02 6.571248173713684082e-02 9.049157612025737762e-03 1.202557142823934555e-02 6.571248173713684082e-02
2.263000000000000000e+06 8.465521968901157379e-03 1.198395155370235443e-02 6.572045385837554932e-02 8.465521968901157379e-03 1.198395155370235443e-02 6.572045385837554932e-02
2.264000000000000000e+06 9.393874555826187134e-03 1.199948694556951523e-02 6.618405133485794067e-02 9.393874555826187134e-03 1.199948694556951523e-02 6.618405133485794067e-02
2.265000000000000000e+06 9.945226833224296570e-03 1.201983820647001266e-02 6.707829982042312622e-02 9.945226833224296570e-03 1.201983820647001266e-02 6.707829982042312622e-02
2.266000000000000000e+06 1.066274847835302353e-02 1.197430491447448730e-02 6.618351489305496216e-02 1.066274847835302353e-02 1.197430491447448730e-02 6.618351489305496216e-02
2.267000000000000000e+06 8.835855871438980103e-03 1.202407572418451309e-02 6.555060297250747681e-02 8.835855871438980103e-03 1.202407572418451309e-02 6.555060297250747681e-02
2.268000000000000000e+06 8.706371299922466278e-03 1.203269138932228088e-02 6.614418327808380127e-02 8.706371299922466278e-03 1.203269138932228088e-02 6.614418327808380127e-02
2.269000000000000000e+06 8.514686487615108490e-03 1.202371437102556229e-02 6.617557257413864136e-02 8.514686487615108490e-03 1.202371437102556229e-02 6.617557257413864136e-02
2.270000000000000000e+06 8.802459575235843658e-03 1.198313944041728973e-02 6.533695757389068604e-02 8.802459575235843658e-03 1.198313944041728973e-02 6.533695757389068604e-02
2.271000000000000000e+06 9.086445905268192291e-03 1.200191583484411240e-02 6.621486693620681763e-02 9.086445905268192291e-03 1.200191583484411240e-02 6.621486693620681763e-02
2.272000000000000000e+06 8.247373625636100769e-03 1.203246787190437317e-02 6.505292654037475586e-02 8.247373625636100769e-03 1.203246787190437317e-02 6.505292654037475586e-02
2.273000000000000000e+06 9.235750883817672729e-03 1.195799466222524643e-02 6.492840498685836792e-02 9.235750883817672729e-03 1.195799466222524643e-02 6.492840498685836792e-02
2.274000000000000000e+06 9.709127247333526611e-03 1.204301510006189346e-02 6.726831942796707153e-02 9.709127247333526611e-03 1.204301510006189346e-02 6.726831942796707153e-02
2.275000000000000000e+06 9.229699149727821350e-03 1.199992466717958450e-02 6.542927026748657227e-02 9.229699149727821350e-03 1.199992466717958450e-02 6.542927026748657227e-02
2.276000000000000000e+06 8.339664898812770844e-03 1.199935283511877060e-02 6.548354774713516235e-02 8.339664898812770844e-03 1.199935283511877060e-02 6.548354774713516235e-02
2.277000000000000000e+06 8.606615476310253143e-03 1.201059482991695404e-02 6.538196653127670288e-02 8.606615476310253143e-03 1.201059482991695404e-02 6.538196653127670288e-02
2.278000000000000000e+06 9.408641606569290161e-03 1.198863890022039413e-02 6.577589362859725952e-02 9.408641606569290161e-03 1.198863890022039413e-02 6.577589362859725952e-02
2.279000000000000000e+06 8.156211115419864655e-03 1.201495341956615448e-02 6.510119140148162842e-02 8.156211115419864655e-03 1.201495341956615448e-02 6.510119140148162842e-02
2.280000000000000000e+06 8.238400332629680634e-03 1.199688110500574112e-02 6.532556563615798950e-02 8.238400332629680634e-03 1.199688110500574112e-02 6.532556563615798950e-02
2.281000000000000000e+06 1.071244664490222931e-02 1.200629118829965591e-02 6.636421382427215576e-02 1.071244664490222931e-02 1.200629118829965591e-02 6.636421382427215576e-02
2.282000000000000000e+06 9.693055413663387299e-03 1.202283706516027451e-02 6.625719368457794189e-02 9.693055413663387299e-03 1.202283706516027451e-02 6.625719368457794189e-02
2.283000000000000000e+06 8.515132591128349304e-03 1.199965737760066986e-02 6.644030660390853882e-02 8.515132591128349304e-03 1.199965737760066986e-02 6.644030660390853882e-02
2.284000000000000000e+06 8.797143585979938507e-03 1.203340571373701096e-02 6.446041166782379150e-02 8.797143585979938507e-03 1.203340571373701096e-02 6.446041166782379150e-02
2.285000000000000000e+06 9.135236963629722595e-03 1.199706830084323883e-02 6.537385284900665283e-02 9.135236963629722595e-03 1.199706830084323883e-02 6.537385284900665283e-02
2.286000000000000000e+06 8.545570075511932373e-03 1.203371025621891022e-02 6.497961282730102539e-02 8.545570075511932373e-03 1.203371025621891022e-02 6.497961282730102539e-02
2.287000000000000000e+06 8.941913023591041565e-03 1.201397366821765900e-02 6.444622576236724854e-02 8.941913023591041565e-03 1.201397366821765900e-02 6.444622576236724854e-02
2.288000000000000000e+06 8.103143423795700073e-03 1.200066599994897842e-02 6.460144370794296265e-02 8.103143423795700073e-03 1.200066599994897842e-02 6.460144370794296265e-02
2.289000000000000000e+06 8.484688587486743927e-03 1.201427262276411057e-02 6.521653383970260620e-02 8.484688587486743927e-03 1.201427262276411057e-02 6.521653383970260620e-02
2.290000000000000000e+06 8.777455426752567291e-03 1.198330987244844437e-02 6.612095236778259277e-02 8.777455426752567291e-03 1.198330987244844437e-02 6.612095236778259277e-02
2.291000000000000000e+06 8.200438693165779114e-03 1.200004387646913528e-02 6.444784253835678101e-02 8.200438693165779114e-03 1.200004387646913528e-02 6.444784253835678101e-02
2.292000000000000000e+06 8.521712385118007660e-03 1.199385337531566620e-02 6.508086621761322021e-02 8.521712385118007660e-03 1.199385337531566620e-02 6.508086621761322021e-02
2.293000000000000000e+06 8.772157132625579834e-03 1.199327688664197922e-02 6.535201519727706909e-02 8.772157132625579834e-03 1.199327688664197922e-02 6.535201519727706909e-02
2.294000000000000000e+06 9.063057601451873779e-03 1.197412982583045959e-02 6.501313298940658569e-02 9.063057601451873779e-03 1.197412982583045959e-02 6.501313298940658569e-02
2.295000000000000000e+06 1.027327030897140503e-02 1.200887374579906464e-02 6.651987135410308838e-02 1.027327030897140503e-02 1.200887374579906464e-02 6.651987135410308838e-02
2.296000000000000000e+06 9.087383747100830078e-03 1.199184171855449677e-02 6.530433893203735352e-02 9.087383747100830078e-03 1.199184171855449677e-02 6.530433893203735352e-02
2.297000000000000000e+06 8.790488354861736298e-03 1.204575691372156143e-02 6.495912373065948486e-02 8.790488354861736298e-03 1.204575691372156143e-02 6.495912373065948486e-02
2.298000000000000000e+06 9.432339109480381012e-03 1.201879419386386871e-02 6.568561494350433350e-02 9.432339109480381012e-03 1.201879419386386871e-02 6.568561494350433350e-02
2.299000000000000000e+06 8.459739387035369873e-03 1.197564136236906052e-02 6.522066891193389893e-02 8.459739387035369873e-03 1.197564136236906052e-02 6.522066891193389893e-02
2.300000000000000000e+06 9.559882804751396179e-03 1.203699037432670593e-02 6.562631577253341675e-02 9.559882804751396179e-03 1.203699037432670593e-02 6.562631577253341675e-02
2.301000000000000000e+06 9.199359454214572906e-03 1.203473750501871109e-02 6.480459868907928467e-02 9.199359454214572906e-03 1.203473750501871109e-02 6.480459868907928467e-02
2.302000000000000000e+06 8.641655556857585907e-03 1.201523840427398682e-02 6.479753553867340088e-02 8.641655556857585907e-03 1.201523840427398682e-02 6.479753553867340088e-02
2.303000000000000000e+06 1.130980439484119415e-02 1.200672611594200134e-02 6.559329479932785034e-02 1.130980439484119415e-02 1.200672611594200134e-02 6.559329479932785034e-02
2.304000000000000000e+06 8.819349110126495361e-03 1.201333105564117432e-02 6.431987136602401733e-02 8.819349110126495361e-03 1.201333105564117432e-02 6.431987136602401733e-02
2.305000000000000000e+06 8.334045298397541046e-03 1.201022416353225708e-02 6.523139029741287231e-02 8.334045298397541046e-03 1.201022416353225708e-02 6.523139029741287231e-02
2.306000000000000000e+06 8.637294173240661621e-03 1.204667054116725922e-02 6.597913056612014771e-02 8.637294173240661621e-03 1.204667054116725922e-02 6.597913056612014771e-02
2.307000000000000000e+06 8.696375414729118347e-03 1.201469730585813522e-02 6.545692682266235352e-02 8.696375414729118347e-03 1.201469730585813522e-02 6.545692682266235352e-02
2.308000000000000000e+06 1.018177438527345657e-02 1.203680317848920822e-02 6.435468792915344238e-02 1.018177438527345657e-02 1.203680317848920822e-02 6.435468792915344238e-02
2.309000000000000000e+06 1.012922637164592743e-02 1.203313749283552170e-02 6.468001008033752441e-02 1.012922637164592743e-02 1.203313749283552170e-02 6.468001008033752441e-02
2.310000000000000000e+06 9.340415708720684052e-03 1.201088260859251022e-02 6.540511548519134521e-02 9.340415708720684052e-03 1.201088260859251022e-02 6.540511548519134521e-02
2.311000000000000000e+06 7.964435033500194550e-03 1.201662234961986542e-02 6.486114114522933960e-02 7.964435033500194550e-03 1.201662234961986542e-02 6.486114114522933960e-02
2.312000000000000000e+06 8.410132490098476410e-03 1.199971325695514679e-02 6.466213613748550415e-02 8.410132490098476410e-03 1.199971325695514679e-02 6.466213613748550415e-02
2.313000000000000000e+06 8.969561196863651276e-03 1.200135983526706696e-02 6.476813554763793945e-02 8.969561196863651276e-03 1.200135983526706696e-02 6.476813554763793945e-02
2.314000000000000000e+06 9.276281110942363739e-03 1.205861568450927734e-02 6.452337652444839478e-02 9.276281110942363739e-03 1.205861568450927734e-02 6.452337652444839478e-02
2.315000000000000000e+06 9.313557296991348267e-03 1.199697982519865036e-02 6.432832032442092896e-02 9.313557296991348267e-03 1.199697982519865036e-02 6.432832032442092896e-02
2.316000000000000000e+06 8.852386847138404846e-03 1.200435962527990341e-02 6.466499716043472290e-02 8.852386847138404846e-03 1.200435962527990341e-02 6.466499716043472290e-02
2.317000000000000000e+06 1.004356052726507187e-02 1.204962190240621567e-02 6.460143625736236572e-02 1.004356052726507187e-02 1.204962190240621567e-02 6.460143625736236572e-02
2.318000000000000000e+06 9.863757528364658356e-03 1.203158032149076462e-02 6.416428834199905396e-02 9.863757528364658356e-03 1.203158032149076462e-02 6.416428834199905396e-02
2.319000000000000000e+06 9.090035222470760345e-03 1.198398601263761520e-02 6.449298560619354248e-02 9.090035222470760345e-03 1.198398601263761520e-02 6.449298560619354248e-02
2.320000000000000000e+06 7.645926438271999359e-03 1.201515737920999527e-02 6.421294808387756348e-02 7.645926438271999359e-03 1.201515737920999527e-02 6.421294808387756348e-02
2.321000000000000000e+06 9.182746522128582001e-03 1.201833412051200867e-02 6.472671777009963989e-02 9.182746522128582001e-03 1.201833412051200867e-02 6.472671777009963989e-02
2.322000000000000000e+06 9.901821613311767578e-03 1.205508597195148468e-02 6.395257264375686646e-02 9.901821613311767578e-03 1.205508597195148468e-02 6.395257264375686646e-02
2.323000000000000000e+06 1.036403514444828033e-02 1.201248634606599808e-02 6.561071425676345825e-02 1.036403514444828033e-02 1.201248634606599808e-02 6.561071425676345825e-02
2.324000000000000000e+06 8.546967059373855591e-03 1.206283271312713623e-02 6.429490447044372559e-02 8.546967059373855591e-03 1.206283271312713623e-02 6.429490447044372559e-02
2.325000000000000000e+06 9.805786423385143280e-03 1.200571656227111816e-02 6.560026109218597412e-02 9.805786423385143280e-03 1.200571656227111816e-02 6.560026109218597412e-02
2.326000000000000000e+06 9.758063592016696930e-03 1.200632099062204361e-02 6.542413681745529175e-02 9.758063592016696930e-03 1.200632099062204361e-02 6.542413681745529175e-02
2.327000000000000000e+06 8.539362810552120209e-03 1.198976486921310425e-02 6.434931606054306030e-02 8.539362810552120209e-03 1.198976486921310425e-02 6.434931606054306030e-02
2.328000000000000000e+06 8.566412143409252167e-03 1.200981531292200089e-02 6.494047492742538452e-02 8.566412143409252167e-03 1.200981531292200089e-02 6.494047492742538452e-02
2.329000000000000000e+06 9.289511479437351227e-03 1.203236635774374008e-02 6.470575183629989624e-02 9.289511479437351227e-03 1.203236635774374008e-02 6.470575183629989624e-02
2.330000000000000000e+06 9.717057459056377411e-03 1.207410916686058044e-02 6.435468047857284546e-02 9.717057459056377411e-03 1.207410916686058044e-02 6.435468047857284546e-02
2.331000000000000000e+06 9.219452738761901855e-03 1.201276481151580811e-02 6.445200741291046143e-02 9.219452738761901855e-03 1.201276481151580811e-02 6.445200741291046143e-02
2.332000000000000000e+06 9.768589399755001068e-03 1.200717035681009293e-02 6.564868986606597900e-02 9.768589399755001068e-03 1.200717035681009293e-02 6.564868986606597900e-02
2.333000000000000000e+06 9.752172045409679413e-03 1.202087942510843277e-02 6.453467160463333130e-02 9.752172045409679413e-03 1.202087942510843277e-02 6.453467160463333130e-02
2.334000000000000000e+06 8.969909511506557465e-03 1.199522614479064941e-02 6.463117897510528564e-02 8.969909511506557465e-03 1.199522614479064941e-02 6.463117897510528564e-02
2.335000000000000000e+06 9.328495711088180542e-03 1.200369559228420258e-02 6.423454731702804565e-02 9.328495711088180542e-03 1.200369559228420258e-02 6.423454731702804565e-02
2.336000000000000000e+06 9.124777279794216156e-03 1.197068113833665848e-02 6.492149084806442261e-02 9.124777279794216156e-03 1.197068113833665848e-02 6.492149084806442261e-02
2.337000000000000000e+06 9.406239725649356842e-03 1.198689639568328857e-02 6.525355577468872070e-02 9.406239725649356842e-03 1.198689639568328857e-02 6.525355577468872070e-02
2.338000000000000000e+06 8.555060252547264099e-03 1.198617555201053619e-02 6.387262791395187378e-02 8.555060252547264099e-03 1.198617555201053619e-02 6.387262791395187378e-02
2.339000000000000000e+06 8.738638833165168762e-03 1.203586254268884659e-02 6.463111937046051025e-02 8.738638833165168762e-03 1.203586254268884659e-02 6.463111937046051025e-02
2.340000000000000000e+06 8.667892776429653168e-03 1.199288759380578995e-02 6.464412063360214233e-02 8.667892776429653168e-03 1.199288759380578995e-02 6.464412063360214233e-02
2.341000000000000000e+06 1.010975800454616547e-02 1.197583973407745361e-02 6.452857702970504761e-02 1.010975800454616547e-02 1.197583973407745361e-02 6.452857702970504761e-02
2.342000000000000000e+06 8.842251263558864594e-03 1.198068913072347641e-02 6.438577175140380859e-02 8.842251263558864594e-03 1.198068913072347641e-02 6.438577175140380859e-02
2.343000000000000000e+06 9.639758616685867310e-03 1.200018636882305145e-02 6.444384902715682983e-02 9.639758616685867310e-03 1.200018636882305145e-02 6.444384902715682983e-02
2.344000000000000000e+06 9.043686091899871826e-03 1.204988919198513031e-02 6.412696093320846558e-02 9.043686091899871826e-03 1.204988919198513031e-02 6.412696093320846558e-02
2.345000000000000000e+06 8.351074531674385071e-03 1.202332228422164917e-02 6.483329832553863525e-02 8.351074531674385071e-03 1.202332228422164917e-02 6.483329832553863525e-02
2.346000000000000000e+06 1.003594975918531418e-02 1.207771524786949158e-02 6.406287848949432373e-02 1.003594975918531418e-02 1.207771524786949158e-02 6.406287848949432373e-02
2.347000000000000000e+06 8.381218649446964264e-03 1.197788305580615997e-02 6.420233100652694702e-02 8.381218649446964264e-03 1.197788305580615997e-02 6.420233100652694702e-02
2.348000000000000000e+06 8.459196425974369049e-03 1.197355799376964569e-02 6.425594538450241089e-02 8.459196425974369049e-03 1.197355799376964569e-02 6.425594538450241089e-02
2.349000000000000000e+06 8.836776018142700195e-03 1.203668676316738129e-02 6.354818493127822876e-02 8.836776018142700195e-03 1.203668676316738129e-02 6.354818493127822876e-02
2.350000000000000000e+06 8.850368671119213104e-03 1.203025039285421371e-02 6.408159434795379639e-02 8.850368671119213104e-03 1.203025039285421371e-02 6.408159434795379639e-02
2.351000000000000000e+06 9.643041528761386871e-03 1.200627069920301437e-02 6.430475413799285889e-02 9.643041528761386871e-03 1.200627069920301437e-02 6.430475413799285889e-02
2.352000000000000000e+06 9.346293285489082336e-03 1.202247943729162216e-02 6.468565016984939575e-02 9.346293285489082336e-03 1.202247943729162216e-02 6.468565016984939575e-02
2.353000000000000000e+06 9.179957211017608643e-03 1.202762406319379807e-02 6.422047317028045654e-02 9.179957211017608643e-03 1.202762406319379807e-02 6.422047317028045654e-02
2.354000000000000000e+06 8.348650299012660980e-03 1.199599914252758026e-02 6.457574665546417236e-02 8.348650299012660980e-03 1.199599914252758026e-02 6.457574665546417236e-02
2.355000000000000000e+06 8.661000058054924011e-03 1.203701738268136978e-02 6.424667686223983765e-02 8.661000058054924011e-03 1.203701738268136978e-02 6.424667686223983765e-02
2.356000000000000000e+06 9.228688664734363556e-03 1.203677989542484283e-02 6.360606104135513306e-02 9.228688664734363556e-03 1.203677989542484283e-02 6.360606104135513306e-02
2.357000000000000000e+06 7.584960665553808212e-03 1.199680753052234650e-02 6.317745149135589600e-02 7.584960665553808212e-03 1.199680753052234650e-02 6.317745149135589600e-02
2.358000000000000000e+06 1.025844644755125046e-02 1.202296465635299683e-02 6.357232481241226196e-02 1.025844644755125046e-02 1.202296465635299683e-02 6.357232481241226196e-02
2.359000000000000000e+06 1.076808106154203415e-02 1.198684144765138626e-02 6.545721739530563354e-02 1.076808106154203415e-02 1.198684144765138626e-02 6.545721739530563354e-02
2.360000000000000000e+06 1.011970546096563339e-02 1.197797153145074844e-02 6.445527076721191406e-02 1.011970546096563339e-02 1.197797153145074844e-02 6.445527076721191406e-02
2.361000000000000000e+06 9.005890227854251862e-03 1.199448015540838242e-02 6.401406228542327881e-02 9.005890227854251862e-03 1.199448015540838242e-02 6.401406228542327881e-02
2.362000000000000000e+06 8.518976159393787384e-03 1.198969688266515732e-02 6.328001618385314941e-02 8.518976159393787384e-03 1.198969688266515732e-02 6.328001618385314941e-02
2.363000000000000000e+06 8.481081575155258179e-03 1.198458392173051834e-02 6.386505812406539917e-02 8.481081575155258179e-03 1.198458392173051834e-02 6.386505812406539917e-02
2.364000000000000000e+06 8.535821922123432159e-03 1.200221292674541473e-02 6.404720246791839600e-02 8.535821922123432159e-03 1.200221292674541473e-02 6.404720246791839600e-02
2.365000000000000000e+06 8.400159887969493866e-03 1.203899737447500229e-02 6.392709910869598389e-02 8.400159887969493866e-03 1.203899737447500229e-02 6.392709910869598389e-02
2.366000000000000000e+06 8.716546930372714996e-03 1.202074065804481506e-02 6.384202837944030762e-02 8.716546930372714996e-03 1.202074065804481506e-02 6.384202837944030762e-02
2.367000000000000000e+06 8.350824005901813507e-03 1.197683438658714294e-02 6.404076516628265381e-02 8.350824005901813507e-03 1.197683438658714294e-02 6.404076516628265381e-02
2.368000000000000000e+06 8.091208525002002716e-03 1.202226709574460983e-02 6.338140368461608887e-02 8.091208525002002716e-03 1.202226709574460983e-02 6.338140368461608887e-02
2.369000000000000000e+06 9.288012981414794922e-03 1.198401860892772675e-02 6.434661149978637695e-02 9.288012981414794922e-03 1.198401860892772675e-02 6.434661149978637695e-02
2.370000000000000000e+06 8.882130496203899384e-03 1.200585253536701202e-02 6.350688636302947998e-02 8.882130496203899384e-03 1.200585253536701202e-02 6.350688636302947998e-02
2.371000000000000000e+06 1.055127102881669998e-02 1.202806551009416580e-02 6.512573361396789551e-02 1.055127102881669998e-02 1.202806551009416580e-02 6.512573361396789551e-02
2.372000000000000000e+06 7.797140628099441528e-03 1.204191520810127258e-02 6.294772773981094360e-02 7.797140628099441528e-03 1.204191520810127258e-02 6.294772773981094360e-02
2.373000000000000000e+06 9.430239908397197723e-03 1.199040096253156662e-02 6.384982913732528687e-02 9.430239908397197723e-03 1.199040096253156662e-02 6.384982913732528687e-02
2.374000000000000000e+06 8.496046066284179688e-03 1.201749406754970551e-02 6.290093064308166504e-02 8.496046066284179688e-03 1.201749406754970551e-02 6.290093064308166504e-02
2.375000000000000000e+06 9.490300901234149933e-03 1.199940592050552368e-02 6.405731290578842163e-02 9.490300901234149933e-03 1.199940592050552368e-02 6.405731290578842163e-02
2.376000000000000000e+06 8.087956346571445465e-03 1.201220601797103882e-02 6.329099088907241821e-02 8.087956346571445465e-03 1.201220601797103882e-02 6.329099088907241821e-02
2.377000000000000000e+06 8.726448751986026764e-03 1.201802305877208710e-02 6.374505907297134399e-02 8.726448751986026764e-03 1.201802305877208710e-02 6.374505907297134399e-02
2.378000000000000000e+06 8.969283662736415863e-03 1.202698051929473877e-02 6.323668360710144043e-02 8.969283662736415863e-03 1.202698051929473877e-02 6.323668360710144043e-02
2.379000000000000000e+06 9.131890721619129181e-03 1.202323287725448608e-02 6.378538161516189575e-02 9.131890721619129181e-03 1.202323287725448608e-02 6.378538161516189575e-02
2.380000000000000000e+06 8.601905778050422668e-03 1.205638516694307327e-02 6.403848528861999512e-02 8.601905778050422668e-03 1.205638516694307327e-02 6.403848528861999512e-02
2.381000000000000000e+06 9.377747774124145508e-03 1.199061982333660126e-02 6.410411745309829712e-02 9.377747774124145508e-03 1.199061982333660126e-02 6.410411745309829712e-02
2.382000000000000000e+06 8.787949569523334503e-03 1.200561970472335815e-02 6.376560777425765991e-02 8.787949569523334503e-03 1.200561970472335815e-02 6.376560777425765991e-02
2.383000000000000000e+06 7.519683800637722015e-03 1.200896408408880234e-02 6.279104202985763550e-02 7.519683800637722015e-03 1.200896408408880234e-02 6.279104202985763550e-02
2.384000000000000000e+06 8.470941334962844849e-03 1.198125258088111877e-02 6.294070929288864136e-02 8.470941334962844849e-03 1.198125258088111877e-02 6.294070929288864136e-02
2.385000000000000000e+06 9.244811721146106720e-03 1.201217062771320343e-02 6.281576305627822876e-02 9.244811721146106720e-03 1.201217062771320343e-02 6.281576305627822876e-02
2.386000000000000000e+06 9.398745372891426086e-03 1.198412664234638214e-02 6.381943821907043457e-02 9.398745372891426086e-03 1.198412664234638214e-02 6.381943821907043457e-02
2.387000000000000000e+06 8.752441033720970154e-03 1.200144737958908081e-02 6.314761936664581299e-02 8.752441033720970154e-03 1.200144737958908081e-02 6.314761936664581299e-02
2.388000000000000000e+06 7.909272797405719757e-03 1.198219228535890579e-02 6.279553472995758057e-02 7.909272797405719757e-03 1.198219228535890579e-02 6.279553472995758057e-02
2.389000000000000000e+06 8.043391630053520203e-03 1.198676694184541702e-02 6.396614015102386475e-02 8.043391630053520203e-03 1.198676694184541702e-02 6.396614015102386475e-02
2.390000000000000000e+06 7.927478291094303131e-03 1.199167035520076752e-02 6.228248402476310730e-02 7.927478291094303131e-03 1.199167035520076752e-02 6.228248402476310730e-02
2.391000000000000000e+06 9.495516307651996613e-03 1.194820180535316467e-02 6.329596787691116333e-02 9.495516307651996613e-03 1.194820180535316467e-02 6.329596787691116333e-02
2.392000000000000000e+06 8.039467968046665192e-03 1.198528800159692764e-02 6.250407546758651733e-02 8.039467968046665192e-03 1.198528800159692764e-02 6.250407546758651733e-02
2.393000000000000000e+06 7.762034889310598373e-03 1.199662219732999802e-02 6.308924406766891479e-02 7.762034889310598373e-03 1.199662219732999802e-02 6.308924406766891479e-02
2.394000000000000000e+06 8.157010190188884735e-03 1.197781041264533997e-02 6.310663372278213501e-02 8.157010190188884735e-03 1.197781041264533997e-02 6.310663372278213501e-02
2.395000000000000000e+06 8.657649159431457520e-03 1.201245840638875961e-02 6.266331672668457031e-02 8.657649159431457520e-03 1.201245840638875961e-02 6.266331672668457031e-02
2.396000000000000000e+06 8.364555425941944122e-03 1.200519781559705734e-02 6.272448599338531494e-02 8.364555425941944122e-03 1.200519781559705734e-02 6.272448599338531494e-02
2.397000000000000000e+06 7.849883288145065308e-03 1.201735157519578934e-02 6.236079335212707520e-02 7.849883288145065308e-03 1.201735157519578934e-02 6.236079335212707520e-02
2.398000000000000000e+06 7.909114472568035126e-03 1.196880266070365906e-02 6.320372968912124634e-02 7.909114472568035126e-03 1.196880266070365906e-02 6.320372968912124634e-02
2.399000000000000000e+06 1.001895684748888016e-02 1.195809245109558105e-02 6.408616900444030762e-02 1.001895684748888016e-02 1.195809245109558105e-02 6.408616900444030762e-02
2.400000000000000000e+06 8.824374526739120483e-03 1.196784339845180511e-02 6.301041692495346069e-02 8.824374526739120483e-03 1.196784339845180511e-02 6.301041692495346069e-02
2.401000000000000000e+06 1.020981185138225555e-02 1.200365368276834488e-02 6.387352198362350464e-02 1.020981185138225555e-02 1.200365368276834488e-02 6.387352198362350464e-02
2.402000000000000000e+06 8.477685973048210144e-03 1.199599634855985641e-02 6.334923952817916870e-02 8.477685973048210144e-03 1.199599634855985641e-02 6.334923952817916870e-02
2.403000000000000000e+06 7.791035808622837067e-03 1.200021244585514069e-02 6.224266439676284790e-02 7.791035808622837067e-03 1.200021244585514069e-02 6.224266439676284790e-02
2.404000000000000000e+06 8.925206959247589111e-03 1.202354766428470612e-02 6.296906620264053345e-02 8.925206959247589111e-03 1.202354766428470612e-02 6.296906620264053345e-02
2.405000000000000000e+06 8.609582670032978058e-03 1.202009525150060654e-02 6.298573315143585205e-02 8.609582670032978058e-03 1.202009525150060654e-02 6.298573315143585205e-02
2.406000000000000000e+06 1.002848148345947266e-02 1.195600349456071854e-02 6.265944987535476685e-02 1.002848148345947266e-02 1.195600349456071854e-02 6.265944987535476685e-02
2.407000000000000000e+06 8.093965239822864532e-03 1.197720319032669067e-02 6.289266049861907959e-02 8.093965239822864532e-03 1.197720319032669067e-02 6.289266049861907959e-02
2.408000000000000000e+06 8.520293049514293671e-03 1.198759395629167557e-02 6.267748773097991943e-02 8.520293049514293671e-03 1.198759395629167557e-02 6.267748773097991943e-02
2.409000000000000000e+06 9.420013055205345154e-03 1.201796997338533401e-02 6.400099396705627441e-02 9.420013055205345154e-03 1.201796997338533401e-02 6.400099396705627441e-02
2.410000000000000000e+06 7.946579717099666595e-03 1.200078520923852921e-02 6.305849552154541016e-02 7.946579717099666595e-03 1.200078520923852921e-02 6.305849552154541016e-02
2.411000000000000000e+06 1.073920354247093201e-02 1.198410335928201675e-02 6.449170410633087158e-02 1.073920354247093201e-02 1.198410335928201675e-02 6.449170410633087158e-02
2.412000000000000000e+06 9.540764614939689636e-03 1.194375939667224884e-02 6.297925114631652832e-02 9.540764614939689636e-03 1.194375939667224884e-02 6.297925114631652832e-02
2.413000000000000000e+06 1.003379840403795242e-02 1.198012568056583405e-02 6.454512476921081543e-02 1.003379840403795242e-02 1.198012568056583405e-02 6.454512476921081543e-02
2.414000000000000000e+06 8.357923477888107300e-03 1.194440759718418121e-02 6.281078606843948364e-02 8.357923477888107300e-03 1.194440759718418121e-02 6.281078606843948364e-02
2.415000000000000000e+06 7.477251347154378891e-03 1.199243869632482529e-02 6.247138231992721558e-02 7.477251347154378891e-03 1.199243869632482529e-02 6.247138231992721558e-02
2.416000000000000000e+06 9.735294617712497711e-03 1.198748033493757248e-02 6.313800066709518433e-02 9.735294617712497711e-03 1.198748033493757248e-02 6.313800066709518433e-02
2.417000000000000000e+06 9.502517059445381165e-03 1.202310435473918915e-02 6.387718021869659424e-02 9.502517059445381165e-03 1.202310435473918915e-02 6.387718021869659424e-02
2.418000000000000000e+06 7.938213646411895752e-03 1.198821049183607101e-02 6.252650171518325806e-02 7.938213646411895752e-03 1.198821049183607101e-02 6.252650171518325806e-02
2.419000000000000000e+06 8.755644783377647400e-03 1.197506394237279892e-02 6.288549304008483887e-02 8.755644783377647400e-03 1.197506394237279892e-02 6.288549304008483887e-02
2.420000000000000000e+06 8.303552865982055664e-03 1.203475613147020340e-02 6.321009248495101929e-02 8.303552865982055664e-03 1.203475613147020340e-02 6.321009248495101929e-02
2.421000000000000000e+06 8.029515855014324188e-03 1.198294665664434433e-02 6.230041757225990295e-02 8.029515855014324188e-03 1.198294665664434433e-02 6.230041757225990295e-02
2.422000000000000000e+06 8.806229569017887115e-03 1.202449575066566467e-02 6.324357539415359497e-02 8.806229569017887115e-03 1.202449575066566467e-02 6.324357539415359497e-02
2.423000000000000000e+06 8.782727643847465515e-03 1.204790081828832626e-02 6.223661452531814575e-02 8.782727643847465515e-03 1.204790081828832626e-02 6.223661452531814575e-02
2.424000000000000000e+06 7.746666204184293747e-03 1.199237350374460220e-02 6.251152604818344116e-02 7.746666204184293747e-03 1.199237350374460220e-02 6.251152604818344116e-02
2.425000000000000000e+06 8.478744886815547943e-03 1.199441123753786087e-02 6.212818622589111328e-02 8.478744886815547943e-03 1.199441123753786087e-02 6.212818622589111328e-02
2.426000000000000000e+06 9.053708054125308990e-03 1.201955880969762802e-02 6.324686110019683838e-02 9.053708054125308990e-03 1.201955880969762802e-02 6.324686110019683838e-02
2.427000000000000000e+06 8.153856731951236725e-03 1.203377544879913330e-02 6.222298368811607361e-02 8.153856731951236725e-03 1.203377544879913330e-02 6.222298368811607361e-02
2.428000000000000000e+06 8.571665734052658081e-03 1.199511159211397171e-02 6.198249757289886475e-02 8.571665734052658081e-03 1.199511159211397171e-02 6.198249757289886475e-02
2.429000000000000000e+06 8.144948631525039673e-03 1.198337227106094360e-02 6.201189756393432617e-02 8.144948631525039673e-03 1.198337227106094360e-02 6.201189756393432617e-02
2.430000000000000000e+06 8.164402097463607788e-03 1.199650298804044724e-02 6.186797842383384705e-02 8.164402097463607788e-03 1.199650298804044724e-02 6.186797842383384705e-02
2.431000000000000000e+06 8.289571851491928101e-03 1.195068471133708954e-02 6.210952997207641602e-02 8.289571851491928101e-03 1.195068471133708954e-02 6.210952997207641602e-02
2.432000000000000000e+06 8.934974670410156250e-03 1.199088804423809052e-02 6.239884346723556519e-02 8.934974670410156250e-03 1.199088804423809052e-02 6.239884346723556519e-02
2.433000000000000000e+06 8.942170999944210052e-03 1.195983309298753738e-02 6.297699362039566040e-02 8.942170999944210052e-03 1.195983309298753738e-02 6.297699362039566040e-02
2.434000000000000000e+06 8.721121586859226227e-03 1.200041733682155609e-02 6.158307194709777832e-02 8.721121586859226227e-03 1.200041733682155609e-02 6.158307194709777832e-02
2.435000000000000000e+06 7.854380644857883453e-03 1.199841964989900589e-02 6.157722696661949158e-02 7.854380644857883453e-03 1.199841964989900589e-02 6.157722696661949158e-02
2.436000000000000000e+06 8.816470392048358917e-03 1.199361868202686310e-02 6.232638657093048096e-02 8.816470392048358917e-03 1.199361868202686310e-02 6.232638657093048096e-02
2.437000000000000000e+06 1.148558408021926880e-02 1.203709654510021210e-02 6.291540712118148804e-02 1.148558408021926880e-02 1.203709654510021210e-02 6.291540712118148804e-02
2.438000000000000000e+06 7.933451794087886810e-03 1.196182891726493835e-02 6.245141848921775818e-02 7.933451794087886810e-03 1.196182891726493835e-02 6.245141848921775818e-02
2.439000000000000000e+06 9.702090173959732056e-03 1.192441582679748535e-02 6.310102343559265137e-02 9.702090173959732056e-03 1.192441582679748535e-02 6.310102343559265137e-02
2.440000000000000000e+06 8.566810749471187592e-03 1.198202092200517654e-02 6.215362995862960815e-02 8.566810749471187592e-03 1.198202092200517654e-02 6.215362995862960815e-02
2.441000000000000000e+06 9.647015482187271118e-03 1.195454131811857224e-02 6.289398670196533203e-02 9.647015482187271118e-03 1.195454131811857224e-02 6.289398670196533203e-02
2.442000000000000000e+06 8.515198715031147003e-03 1.198578532785177231e-02 6.190349906682968140e-02 8.515198715031147003e-03 1.198578532785177231e-02 6.190349906682968140e-02
2.443000000000000000e+06 8.496039547026157379e-03 1.199811324477195740e-02 6.306716799736022949e-02 8.496039547026157379e-03 1.199811324477195740e-02 6.306716799736022949e-02
2.444000000000000000e+06 9.091461077332496643e-03 1.198842097073793411e-02 6.351841986179351807e-02 9.091461077332496643e-03 1.198842097073793411e-02 6.351841986179351807e-02
2.445000000000000000e+06 8.776230737566947937e-03 1.196983363479375839e-02 6.222310662269592285e-02 8.776230737566947937e-03 1.196983363479375839e-02 6.222310662269592285e-02
2.446000000000000000e+06 8.141200058162212372e-03 1.201301813125610352e-02 6.191603094339370728e-02 8.141200058162212372e-03 1.201301813125610352e-02 6.191603094339370728e-02
2.447000000000000000e+06 8.182154968380928040e-03 1.199558563530445099e-02 6.214182823896408081e-02 8.182154968380928040e-03 1.199558563530445099e-02 6.214182823896408081e-02
2.448000000000000000e+06 8.306309580802917480e-03 1.201605517417192459e-02 6.157820299267768860e-02 8.306309580802917480e-03 1.201605517417192459e-02 6.157820299267768860e-02
2.449000000000000000e+06 8.111728355288505554e-03 1.195913273841142654e-02 6.150283664464950562e-02 8.111728355288505554e-03 1.195913273841142654e-02 6.150283664464950562e-02
2.450000000000000000e+06 9.185876697301864624e-03 1.196241658180952072e-02 6.236542388796806335e-02 9.185876697301864624e-03 1.196241658180952072e-02 6.236542388796806335e-02
2.451000000000000000e+06 9.965984150767326355e-03 1.197696290910243988e-02 6.208729371428489685e-02 9.965984150767326355e-03 1.197696290910243988e-02 6.208729371428489685e-02
2.452000000000000000e+06 8.619188331067562103e-03 1.193785108625888824e-02 6.228483468294143677e-02 8.619188331067562103e-03 1.193785108625888824e-02 6.228483468294143677e-02
2.453000000000000000e+06 7.947952486574649811e-03 1.196650788187980652e-02 6.186325848102569580e-02 7.947952486574649811e-03 1.196650788187980652e-02 6.186325848102569580e-02
2.454000000000000000e+06 8.485304191708564758e-03 1.196127478033304214e-02 6.214525178074836731e-02 8.485304191708564758e-03 1.196127478033304214e-02 6.214525178074836731e-02
2.455000000000000000e+06 8.670031093060970306e-03 1.199223939329385757e-02 6.217716634273529053e-02 8.670031093060970306e-03 1.199223939329385757e-02 6.217716634273529053e-02
2.456000000000000000e+06 9.076690301299095154e-03 1.200769189745187759e-02 6.283216178417205811e-02 9.076690301299095154e-03 1.200769189745187759e-02 6.283216178417205811e-02
2.457000000000000000e+06 8.698374032974243164e-03 1.197758223861455917e-02 6.173018366098403931e-02 8.698374032974243164e-03 1.197758223861455917e-02 6.173018366098403931e-02
2.458000000000000000e+06 8.684036321938037872e-03 1.193968672305345535e-02 6.234347820281982422e-02 8.684036321938037872e-03 1.193968672305345535e-02 6.234347820281982422e-02
2.459000000000000000e+06 9.163767099380493164e-03 1.193883083760738373e-02 6.191936507821083069e-02 9.163767099380493164e-03 1.193883083760738373e-02 6.191936507821083069e-02
2.460000000000000000e+06 9.178787469863891602e-03 1.195045281201601028e-02 6.279391050338745117e-02 9.178787469863891602e-03 1.195045281201601028e-02 6.279391050338745117e-02
2.461000000000000000e+06 9.058971889317035675e-03 1.198350917547941208e-02 6.211199238896369934e-02 9.058971889317035675e-03 1.198350917547941208e-02 6.211199238896369934e-02
2.462000000000000000e+06 7.435202598571777344e-03 1.195649709552526474e-02 6.172283366322517395e-02 7.435202598571777344e-03 1.195649709552526474e-02 6.172283366322517395e-02
2.463000000000000000e+06 8.791570551693439484e-03 1.199247874319553375e-02 6.193587929010391235e-02 8.791570551693439484e-03 1.199247874319553375e-02 6.193587929010391235e-02
2.464000000000000000e+06 7.969611324369907379e-03 1.194590702652931213e-02 6.124034896492958069e-02 7.969611324369907379e-03 1.194590702652931213e-02 6.124034896492958069e-02
2.465000000000000000e+06 8.336602710187435150e-03 1.196393556892871857e-02 6.245689466595649719e-02 8.336602710187435150e-03 1.196393556892871857e-02 6.245689466595649719e-02
2.466000000000000000e+06 8.543186821043491364e-03 1.198752969503402710e-02 6.192578747868537903e-02 8.543186821043491364e-03 1.198752969503402710e-02 6.192578747868537903e-02
2.467000000000000000e+06 8.544395677745342255e-03 1.196195650845766068e-02 6.202210113406181335e-02 8.544395677745342255e-03 1.196195650845766068e-02 6.202210113406181335e-02
2.468000000000000000e+06 8.440719917416572571e-03 1.198824774473905563e-02 6.191001087427139282e-02 8.440719917416572571e-03 1.198824774473905563e-02 6.191001087427139282e-02
2.469000000000000000e+06 8.127358742058277130e-03 1.199120469391345978e-02 6.178459897637367249e-02 8.127358742058277130e-03 1.199120469391345978e-02 6.178459897637367249e-02
2.470000000000000000e+06 9.631275199353694916e-03 1.195762213319540024e-02 6.161580607295036316e-02 9.631275199353694916e-03 1.195762213319540024e-02 6.161580607295036316e-02
2.471000000000000000e+06 9.354395791888237000e-03 1.195539068430662155e-02 6.148792430758476257e-02 9.354395791888237000e-03 1.195539068430662155e-02 6.148792430758476257e-02
2.472000000000000000e+06 7.717838976532220840e-03 1.193681731820106506e-02 6.140507757663726807e-02 7.717838976532220840e-03 1.193681731820106506e-02 6.140507757663726807e-02
2.473000000000000000e+06 7.824390195310115814e-03 1.196013484150171280e-02 6.128366291522979736e-02 7.824390195310115814e-03 1.196013484150171280e-02 6.128366291522979736e-02
2.474000000000000000e+06 9.035508148372173309e-03 1.193367969244718552e-02 6.165556237101554871e-02 9.035508148372173309e-03 1.193367969244718552e-02 6.165556237101554871e-02
2.475000000000000000e+06 8.594867773354053497e-03 1.191118080168962479e-02 6.215633451938629150e-02 8.594867773354053497e-03 1.191118080168962479e-02 6.215633451938629150e-02
2.476000000000000000e+06 8.360855281352996826e-03 1.197306718677282333e-02 6.132435053586959839e-02 8.360855281352996826e-03 1.197306718677282333e-02 6.132435053586959839e-02
2.477000000000000000e+06 8.076048456132411957e-03 1.196425780653953552e-02 6.124326586723327637e-02 8.076048456132411957e-03 1.196425780653953552e-02 6.124326586723327637e-02
2.478000000000000000e+06 7.876311428844928741e-03 1.197782531380653381e-02 6.264496594667434692e-02 7.876311428844928741e-03 1.197782531380653381e-02 6.264496594667434692e-02
2.479000000000000000e+06 7.136352360248565674e-03 1.196754258126020432e-02 6.157204136252403259e-02 7.136352360248565674e-03 1.196754258126020432e-02 6.157204136252403259e-02
2.480000000000000000e+06 8.174443617463111877e-03 1.194964535534381866e-02 6.129286065697669983e-02 8.174443617463111877e-03 1.194964535534381866e-02 6.129286065697669983e-02
2.481000000000000000e+06 9.430021978914737701e-03 1.191948633641004562e-02 6.137774884700775146e-02 9.430021978914737701e-03 1.191948633641004562e-02 6.137774884700775146e-02
2.482000000000000000e+06 9.344743564724922180e-03 1.193347014486789703e-02 6.312828510999679565e-02 9.344743564724922180e-03 1.193347014486789703e-02 6.312828510999679565e-02
2.483000000000000000e+06 7.855955511331558228e-03 1.195795927196741104e-02 6.139249354600906372e-02 7.855955511331558228e-03 1.195795927196741104e-02 6.139249354600906372e-02
2.484000000000000000e+06 9.512084536254405975e-03 1.196915656328201294e-02 6.127579882740974426e-02 9.512084536254405975e-03 1.196915656328201294e-02 6.127579882740974426e-02
2.485000000000000000e+06 8.800271898508071899e-03 1.196453440934419632e-02 6.154225021600723267e-02 8.800271898508071899e-03 1.196453440934419632e-02 6.154225021600723267e-02
2.486000000000000000e+06 8.341050706803798676e-03 1.198086608201265335e-02 6.134142726659774780e-02 8.341050706803798676e-03 1.198086608201265335e-02 6.134142726659774780e-02
2.487000000000000000e+06 9.045995771884918213e-03 1.192981749773025513e-02 6.173884496092796326e-02 9.045995771884918213e-03 1.192981749773025513e-02 6.173884496092796326e-02
2.488000000000000000e+06 9.611569344997406006e-03 1.193514280021190643e-02 6.208613142371177673e-02 9.611569344997406006e-03 1.193514280021190643e-02 6.208613142371177673e-02
2.489000000000000000e+06 8.428523316979408264e-03 1.191604044288396835e-02 6.148993223905563354e-02 8.428523316979408264e-03 1.191604044288396835e-02 6.148993223905563354e-02
2.490000000000000000e+06 8.736956864595413208e-03 1.193017605692148209e-02 6.131221726536750793e-02 8.736956864595413208e-03 1.193017605692148209e-02 6.131221726536750793e-02
2.491000000000000000e+06 8.737497963011264801e-03 1.190801151096820831e-02 6.176067888736724854e-02 8.737497963011264801e-03 1.190801151096820831e-02 6.176067888736724854e-02
2.492000000000000000e+06 8.447281084954738617e-03 1.194607000797986984e-02 6.128226593136787415e-02 8.447281084954738617e-03 1.194607000797986984e-02 6.128226593136787415e-02
2.493000000000000000e+06 8.561269380152225494e-03 1.197714358568191528e-02 6.138758733868598938e-02 8.561269380152225494e-03 1.197714358568191528e-02 6.138758733868598938e-02
2.494000000000000000e+06 8.189270272850990295e-03 1.193557027727365494e-02 6.110418587923049927e-02 8.189270272850990295e-03 1.193557027727365494e-02 6.110418587923049927e-02
2.495000000000000000e+06 8.887224830687046051e-03 1.191022805869579315e-02 6.168506667017936707e-02 8.887224830687046051e-03 1.191022805869579315e-02 6.168506667017936707e-02
2.496000000000000000e+06 9.100363589823246002e-03 1.197530329227447510e-02 6.089756637811660767e-02 9.100363589823246002e-03 1.197530329227447510e-02 6.089756637811660767e-02
2.497000000000000000e+06 8.665448985993862152e-03 1.189717557281255722e-02 6.143359467387199402e-02 8.665448985993862152e-03 1.189717557281255722e-02 6.143359467387199402e-02
2.498000000000000000e+06 9.411497972905635834e-03 1.191685814410448074e-02 6.129930168390274048e-02 9.411497972905635834e-03 1.191685814410448074e-02 6.129930168390274048e-02
2.499000000000000000e+06 8.107814006507396698e-03 1.192863844335079193e-02 6.125577911734580994e-02 8.107814006507396698e-03 1.192863844335079193e-02 6.125577911734580994e-02
2.500000000000000000e+06 8.796600624918937683e-03 1.190904993563890457e-02 6.197588518261909485e-02 8.796600624918937683e-03 1.190904993563890457e-02 6.197588518261909485e-02
2.501000000000000000e+06 8.905029855668544769e-03 1.193323824554681778e-02 6.063075363636016846e-02 8.905029855668544769e-03 1.193323824554681778e-02 6.063075363636016846e-02
2.502000000000000000e+06 8.713969029486179352e-03 1.192879676818847656e-02 6.058065965771675110e-02 8.713969029486179352e-03 1.192879676818847656e-02 6.058065965771675110e-02
2.503000000000000000e+06 8.605475537478923798e-03 1.198390685021877289e-02 6.139469146728515625e-02 8.605475537478923798e-03 1.198390685021877289e-02 6.139469146728515625e-02
2.504000000000000000e+06 9.194814600050449371e-03 1.195886917412281036e-02 6.116680055856704712e-02 9.194814600050449371e-03 1.195886917412281036e-02 6.116680055856704712e-02
2.505000000000000000e+06 8.707533590495586395e-03 1.198115106672048569e-02 6.127667799592018127e-02 8.707533590495586395e-03 1.198115106672048569e-02 6.127667799592018127e-02
2.506000000000000000e+06 8.453832939267158508e-03 1.196622103452682495e-02 6.161707639694213867e-02 8.453832939267158508e-03 1.196622103452682495e-02 6.161707639694213867e-02
2.507000000000000000e+06 8.514450863003730774e-03 1.193703059107065201e-02 6.168273463845252991e-02 8.514450863003730774e-03 1.193703059107065201e-02 6.168273463845252991e-02
2.508000000000000000e+06 8.133502677083015442e-03 1.191623229533433914e-02 6.153301149606704712e-02 8.133502677083015442e-03 1.191623229533433914e-02 6.153301149606704712e-02
2.509000000000000000e+06 8.211396634578704834e-03 1.192251872271299362e-02 6.017529591917991638e-02 8.211396634578704834e-03 1.192251872271299362e-02 6.017529591917991638e-02
2.510000000000000000e+06 8.247043006122112274e-03 1.195163652300834656e-02 6.057948991656303406e-02 8.247043006122112274e-03 1.195163652300834656e-02 6.057948991656303406e-02
2.511000000000000000e+06 8.179634809494018555e-03 1.194831542670726776e-02 6.165852397680282593e-02 8.179634809494018555e-03 1.194831542670726776e-02 6.165852397680282593e-02
2.512000000000000000e+06 9.007293730974197388e-03 1.188646443188190460e-02 6.064000353217124939e-02 9.007293730974197388e-03 1.188646443188190460e-02 6.064000353217124939e-02
2.513000000000000000e+06 8.602731861174106598e-03 1.193247642368078232e-02 6.138576567173004150e-02 8.602731861174106598e-03 1.193247642368078232e-02 6.138576567173004150e-02
2.514000000000000000e+06 8.623944595456123352e-03 1.192916836589574814e-02 6.083976477384567261e-02 8.623944595456123352e-03 1.192916836589574814e-02 6.083976477384567261e-02
2.515000000000000000e+06 8.954687044024467468e-03 1.194491423666477203e-02 6.136396527290344238e-02 8.954687044024467468e-03 1.194491423666477203e-02 6.136396527290344238e-02
2.516000000000000000e+06 8.504158817231655121e-03 1.193127967417240143e-02 6.078956648707389832e-02 8.504158817231655121e-03 1.193127967417240143e-02 6.078956648707389832e-02
2.517000000000000000e+06 8.454575203359127045e-03 1.188290957361459732e-02 6.060130521655082703e-02 8.454575203359127045e-03 1.188290957361459732e-02 6.060130521655082703e-02
2.518000000000000000e+06 8.201614022254943848e-03 1.190242171287536621e-02 6.087208166718482971e-02 8.201614022254943848e-03 1.190242171287536621e-02 6.087208166718482971e-02
2.519000000000000000e+06 8.758531883358955383e-03 1.194666046649217606e-02 6.128511577844619751e-02 8.758531883358955383e-03 1.194666046649217606e-02 6.128511577844619751e-02
2.520000000000000000e+06 8.079689927399158478e-03 1.196169480681419373e-02 6.084996834397315979e-02 8.079689927399158478e-03 1.196169480681419373e-02 6.084996834397315979e-02
2.521000000000000000e+06 8.236531168222427368e-03 1.191920973360538483e-02 6.089615821838378906e-02 8.236531168222427368e-03 1.191920973360538483e-02 6.089615821838378906e-02
2.522000000000000000e+06 7.649220060557126999e-03 1.196206919848918915e-02 6.076359376311302185e-02 7.649220060557126999e-03 1.196206919848918915e-02 6.076359376311302185e-02
2.523000000000000000e+06 8.369319140911102295e-03 1.195223722606897354e-02 6.132469698786735535e-02 8.369319140911102295e-03 1.195223722606897354e-02 6.132469698786735535e-02
2.524000000000000000e+06 7.762724068015813828e-03 1.194040384143590927e-02 6.063738092780113220e-02 7.762724068015813828e-03 1.194040384143590927e-02 6.063738092780113220e-02
2.525000000000000000e+06 1.043890509754419327e-02 1.188510935753583908e-02 6.114841252565383911e-02 1.043890509754419327e-02 1.188510935753583908e-02 6.114841252565383911e-02
2.526000000000000000e+06 8.295328356325626373e-03 1.195285934954881668e-02 6.196055188775062561e-02 8.295328356325626373e-03 1.195285934954881668e-02 6.196055188775062561e-02
2.527000000000000000e+06 7.666127290576696396e-03 1.192725356668233871e-02 6.041277572512626648e-02 7.666127290576696396e-03 1.192725356668233871e-02 6.041277572512626648e-02
2.528000000000000000e+06 8.718322962522506714e-03 1.190442964434623718e-02 6.063185259699821472e-02 8.718322962522506714e-03 1.190442964434623718e-02 6.063185259699821472e-02
2.529000000000000000e+06 8.805135264992713928e-03 1.189028378576040268e-02 6.123668700456619263e-02 8.805135264992713928e-03 1.189028378576040268e-02 6.123668700456619263e-02
2.530000000000000000e+06 7.908043451607227325e-03 1.192230544984340668e-02 6.154559180140495300e-02 7.908043451607227325e-03 1.192230544984340668e-02 6.154559180140495300e-02
2.531000000000000000e+06 8.011880330741405487e-03 1.190962828695774078e-02 6.110144406557083130e-02 8.011880330741405487e-03 1.190962828695774078e-02 6.110144406557083130e-02
2.532000000000000000e+06 8.747419342398643494e-03 1.194086857140064240e-02 6.147255748510360718e-02 8.747419342398643494e-03 1.194086857140064240e-02 6.147255748510360718e-02
2.533000000000000000e+06 8.044939488172531128e-03 1.189642027020454407e-02 6.086068600416183472e-02 8.044939488172531128e-03 1.189642027020454407e-02 6.086068600416183472e-02
2.534000000000000000e+06 8.570664562284946442e-03 1.190047524869441986e-02 6.146613880991935730e-02 8.570664562284946442e-03 1.190047524869441986e-02 6.146613880991935730e-02
2.535000000000000000e+06 8.496048860251903534e-03 1.190062332898378372e-02 6.064243614673614502e-02 8.496048860251903534e-03 1.190062332898378372e-02 6.064243614673614502e-02
2.536000000000000000e+06 8.652359247207641602e-03 1.186428219079971313e-02 6.094910949468612671e-02 8.652359247207641602e-03 1.186428219079971313e-02 6.094910949468612671e-02
2.537000000000000000e+06 8.948694914579391479e-03 1.192072965204715729e-02 6.114666536450386047e-02 8.948694914579391479e-03 1.192072965204715729e-02 6.114666536450386047e-02
2.538000000000000000e+06 8.936647325754165649e-03 1.187973469495773315e-02 6.153943762183189392e-02 8.936647325754165649e-03 1.187973469495773315e-02 6.153943762183189392e-02
2.539000000000000000e+06 8.426435291767120361e-03 1.185284554958343506e-02 6.081358715891838074e-02 8.426435291767120361e-03 1.185284554958343506e-02 6.081358715891838074e-02
2.540000000000000000e+06 9.195121005177497864e-03 1.189648546278476715e-02 6.104757264256477356e-02 9.195121005177497864e-03 1.189648546278476715e-02 6.104757264256477356e-02
2.541000000000000000e+06 8.440537378191947937e-03 1.190642267465591431e-02 6.071554869413375854e-02 8.440537378191947937e-03 1.190642267465591431e-02 6.071554869413375854e-02
2.542000000000000000e+06 7.606605067849159241e-03 1.188630331307649612e-02 6.029163300991058350e-02 7.606605067849159241e-03 1.188630331307649612e-02 6.029163300991058350e-02
2.543000000000000000e+06 9.003642015159130096e-03 1.194145437330007553e-02 6.108475476503372192e-02 9.003642015159130096e-03 1.194145437330007553e-02 6.108475476503372192e-02
2.544000000000000000e+06 8.616159670054912567e-03 1.187308039516210556e-02 6.031526252627372742e-02 8.616159670054912567e-03 1.187308039516210556e-02 6.031526252627372742e-02
2.545000000000000000e+06 9.757350198924541473e-03 1.192352734506130219e-02 6.079649180173873901e-02 9.757350198924541473e-03 1.192352734506130219e-02 6.079649180173873901e-02
2.546000000000000000e+06 8.874801918864250183e-03 1.190944854170084000e-02 6.049762666225433350e-02 8.874801918864250183e-03 1.190944854170084000e-02 6.049762666225433350e-02
2.547000000000000000e+06 8.169357664883136749e-03 1.189280860126018524e-02 6.055194139480590820e-02 8.169357664883136749e-03 1.189280860126018524e-02 6.055194139480590820e-02
2.548000000000000000e+06 7.820954546332359314e-03 1.189625076949596405e-02 6.030800193548202515e-02 7.820954546332359314e-03 1.189625076949596405e-02 6.030800193548202515e-02
2.549000000000000000e+06 7.672884967178106308e-03 1.190669927746057510e-02 6.078056246042251587e-02 7.672884967178106308e-03 1.190669927746057510e-02 6.078056246042251587e-02
2.550000000000000000e+06 8.094562217593193054e-03 1.184432674199342728e-02 6.046266481280326843e-02 8.094562217593193054e-03 1.184432674199342728e-02 6.046266481280326843e-02
2.551000000000000000e+06 7.950726896524429321e-03 1.188851520419120789e-02 6.032764911651611328e-02 7.950726896524429321e-03 1.188851520419120789e-02 6.032764911651611328e-02
2.552000000000000000e+06 8.541589602828025818e-03 1.187499519437551498e-02 6.047024950385093689e-02 8.541589602828025818e-03 1.187499519437551498e-02 6.047024950385093689e-02
2.553000000000000000e+06 8.032877929508686066e-03 1.191835384815931320e-02 6.021434068679809570e-02 8.032877929508686066e-03 1.191835384815931320e-02 6.021434068679809570e-02
2.554000000000000000e+06 9.052375331521034241e-03 1.186062209308147430e-02 6.058823689818382263e-02 9.052375331521034241e-03 1.186062209308147430e-02 6.058823689818382263e-02
2.555000000000000000e+06 8.541868999600410461e-03 1.193118095397949219e-02 6.019411981105804443e-02 8.541868999600410461e-03 1.193118095397949219e-02 6.019411981105804443e-02
2.556000000000000000e+06 8.172144182026386261e-03 1.189883518964052200e-02 6.042265892028808594e-02 8.172144182026386261e-03 1.189883518964052200e-02 6.042265892028808594e-02
2.557000000000000000e+06 8.655284531414508820e-03 1.189928408712148666e-02 6.036481261253356934e-02 8.655284531414508820e-03 1.189928408712148666e-02 6.036481261253356934e-02
2.558000000000000000e+06 8.564612828195095062e-03 1.186572667211294174e-02 6.030749529600143433e-02 8.564612828195095062e-03 1.186572667211294174e-02 6.030749529600143433e-02
2.559000000000000000e+06 8.243609219789505005e-03 1.187244243919849396e-02 6.080764159560203552e-02 8.243609219789505005e-03 1.187244243919849396e-02 6.080764159560203552e-02
2.560000000000000000e+06 8.288356475532054901e-03 1.193204708397388458e-02 6.029466167092323303e-02 8.288356475532054901e-03 1.193204708397388458e-02 6.029466167092323303e-02
2.561000000000000000e+06 8.220008574426174164e-03 1.192244049161672592e-02 6.025099381804466248e-02 8.220008574426174164e-03 1.192244049161672592e-02 6.025099381804466248e-02
2.562000000000000000e+06 7.576934061944484711e-03 1.188217103481292725e-02 5.999307706952095032e-02 7.576934061944484711e-03 1.188217103481292725e-02 5.999307706952095032e-02
2.563000000000000000e+06 8.209491148591041565e-03 1.193481124937534332e-02 6.091030687093734741e-02 8.209491148591041565e-03 1.193481124937534332e-02 6.091030687093734741e-02
2.564000000000000000e+06 8.511850610375404358e-03 1.188332866877317429e-02 5.986689403653144836e-02 8.511850610375404358e-03 1.188332866877317429e-02 5.986689403653144836e-02
2.565000000000000000e+06 7.608892396092414856e-03 1.187032833695411682e-02 5.953678116202354431e-02 7.608892396092414856e-03 1.187032833695411682e-02 5.953678116202354431e-02
2.566000000000000000e+06 9.571871720254421234e-03 1.188684999942779541e-02 6.125243380665779114e-02 9.571871720254421234e-03 1.188684999942779541e-02 6.125243380665779114e-02
2.567000000000000000e+06 8.996775373816490173e-03 1.190133485943078995e-02 6.107316538691520691e-02 8.996775373816490173e-03 1.190133485943078995e-02 6.107316538691520691e-02
2.568000000000000000e+06 7.690603844821453094e-03 1.187112368643283844e-02 6.029603630304336548e-02 7.690603844821453094e-03 1.187112368643283844e-02 6.029603630304336548e-02
2.569000000000000000e+06 8.202427066862583160e-03 1.186548452824354172e-02 6.043811887502670288e-02 8.202427066862583160e-03 1.186548452824354172e-02 6.043811887502670288e-02
2.570000000000000000e+06 7.855586707592010498e-03 1.189455762505531311e-02 6.100382283329963684e-02 7.855586707592010498e-03 1.189455762505531311e-02 6.100382283329963684e-02
2.571000000000000000e+06 9.424563497304916382e-03 1.184220612049102783e-02 6.069400161504745483e-02 9.424563497304916382e-03 1.184220612049102783e-02 6.069400161504745483e-02
2.572000000000000000e+06 8.398893289268016815e-03 1.186885125935077667e-02 6.047622114419937134e-02 8.398893289268016815e-03 1.186885125935077667e-02 6.047622114419937134e-02
2.573000000000000000e+06 7.948565296828746796e-03 1.191792637109756470e-02 5.979317799210548401e-02 7.948565296828746796e-03 1.191792637109756470e-02 5.979317799210548401e-02
2.574000000000000000e+06 8.065118454396724701e-03 1.190722454339265823e-02 6.049429625272750854e-02 8.065118454396724701e-03 1.190722454339265823e-02 6.049429625272750854e-02
2.575000000000000000e+06 8.004184812307357788e-03 1.185326091945171356e-02 6.022115051746368408e-02 8.004184812307357788e-03 1.185326091945171356e-02 6.022115051746368408e-02
2.576000000000000000e+06 9.516444057226181030e-03 1.185897551476955414e-02 6.070760264992713928e-02 9.516444057226181030e-03 1.185897551476955414e-02 6.070760264992713928e-02
2.577000000000000000e+06 8.278632536530494690e-03 1.185096334666013718e-02 6.048154458403587341e-02 8.278632536530494690e-03 1.185096334666013718e-02 6.048154458403587341e-02
2.578000000000000000e+06 9.406241588294506073e-03 1.189686637371778488e-02 5.991040915250778198e-02 9.406241588294506073e-03 1.189686637371778488e-02 5.991040915250778198e-02
2.579000000000000000e+06 7.970173843204975128e-03 1.186704542487859726e-02 5.973249673843383789e-02 7.970173843204975128e-03 1.186704542487859726e-02 5.973249673843383789e-02
2.580000000000000000e+06 8.706477470695972443e-03 1.184257119894027710e-02 6.056951731443405151e-02 8.706477470695972443e-03 1.184257119894027710e-02 6.056951731443405151e-02
2.581000000000000000e+06 7.644588593393564224e-03 1.183402817696332932e-02 5.977236852049827576e-02 7.644588593393564224e-03 1.183402817696332932e-02 5.977236852049827576e-02
2.582000000000000000e+06 7.988509722054004669e-03 1.193730905652046204e-02 5.987750366330146790e-02 7.988509722054004669e-03 1.193730905652046204e-02 5.987750366330146790e-02
2.583000000000000000e+06 8.788956329226493835e-03 1.180085726082324982e-02 6.001514941453933716e-02 8.788956329226493835e-03 1.180085726082324982e-02 6.001514941453933716e-02
2.584000000000000000e+06 8.674669079482555389e-03 1.184059120714664459e-02 6.027968600392341614e-02 8.674669079482555389e-03 1.184059120714664459e-02 6.027968600392341614e-02
2.585000000000000000e+06 8.599911816418170929e-03 1.185289770364761353e-02 6.058173626661300659e-02 8.599911816418170929e-03 1.185289770364761353e-02 6.058173626661300659e-02
2.586000000000000000e+06 7.993858307600021362e-03 1.187023054808378220e-02 5.961454659700393677e-02 7.993858307600021362e-03 1.187023054808378220e-02 5.961454659700393677e-02
2.587000000000000000e+06 8.840329013764858246e-03 1.187543477863073349e-02 5.987111851572990417e-02 8.840329013764858246e-03 1.187543477863073349e-02 5.987111851572990417e-02
2.588000000000000000e+06 8.241943083703517914e-03 1.186784822493791580e-02 6.005014479160308838e-02 8.241943083703517914e-03 1.186784822493791580e-02 6.005014479160308838e-02
2.589000000000000000e+06 9.716005995869636536e-03 1.184875797480344772e-02 6.009094789624214172e-02 9.716005995869636536e-03 1.184875797480344772e-02 6.009094789624214172e-02
2.590000000000000000e+06 8.667118847370147705e-03 1.185899414122104645e-02 5.950168147683143616e-02 8.667118847370147705e-03 1.185899414122104645e-02 5.950168147683143616e-02
2.591000000000000000e+06 8.271179161965847015e-03 1.188182085752487183e-02 6.012839823961257935e-02 8.271179161965847015e-03 1.188182085752487183e-02 6.012839823961257935e-02
2.592000000000000000e+06 7.584371604025363922e-03 1.188317965716123581e-02 5.934040993452072144e-02 7.584371604025363922e-03 1.188317965716123581e-02 5.934040993452072144e-02
2.593000000000000000e+06 9.628012776374816895e-03 1.188661903142929077e-02 6.017492339015007019e-02 9.628012776374816895e-03 1.188661903142929077e-02 6.017492339015007019e-02
2.594000000000000000e+06 8.309245109558105469e-03 1.182837411761283875e-02 5.956510454416275024e-02 8.309245109558105469e-03 1.182837411761283875e-02 5.956510454416275024e-02
2.595000000000000000e+06 9.263169951736927032e-03 1.188132446259260178e-02 6.065720692276954651e-02 9.263169951736927032e-03 1.188132446259260178e-02 6.065720692276954651e-02
2.596000000000000000e+06 8.967336267232894897e-03 1.184682827442884445e-02 6.059252098202705383e-02 8.967336267232894897e-03 1.184682827442884445e-02 6.059252098202705383e-02
2.597000000000000000e+06 9.086198173463344574e-03 1.183358766138553619e-02 6.008799374103546143e-02 9.086198173463344574e-03 1.183358766138553619e-02 6.008799374103546143e-02
2.598000000000000000e+06 8.848231285810470581e-03 1.184056978672742844e-02 6.038949266076087952e-02 8.848231285810470581e-03 1.184056978672742844e-02 6.038949266076087952e-02
2.599000000000000000e+06 8.637181483209133148e-03 1.184962876141071320e-02 5.985009670257568359e-02 8.637181483209133148e-03 1.184962876141071320e-02 5.985009670257568359e-02
2.600000000000000000e+06 8.388443849980831146e-03 1.188040338456630707e-02 5.949271842837333679e-02 8.388443849980831146e-03 1.188040338456630707e-02 5.949271842837333679e-02
2.601000000000000000e+06 1.029064506292343140e-02 1.188459806144237518e-02 6.097313761711120605e-02 1.029064506292343140e-02 1.188459806144237518e-02 6.097313761711120605e-02
2.602000000000000000e+06 8.222358301281929016e-03 1.189137250185012817e-02 5.992099270224571228e-02 8.222358301281929016e-03 1.189137250185012817e-02 5.992099270224571228e-02
2.603000000000000000e+06 8.675689809024333954e-03 1.183270104229450226e-02 5.982020497322082520e-02 8.675689809024333954e-03 1.183270104229450226e-02 5.982020497322082520e-02
2.604000000000000000e+06 8.354594931006431580e-03 1.187658030539751053e-02 5.929140746593475342e-02 8.354594931006431580e-03 1.187658030539751053e-02 5.929140746593475342e-02
2.605000000000000000e+06 8.074142038822174072e-03 1.186395250260829926e-02 5.908771976828575134e-02 8.074142038822174072e-03 1.186395250260829926e-02 5.908771976828575134e-02
2.606000000000000000e+06 7.937524467706680298e-03 1.186140719801187515e-02 5.916636437177658081e-02 7.937524467706680298e-03 1.186140719801187515e-02 5.916636437177658081e-02
2.607000000000000000e+06 8.445410989224910736e-03 1.183648407459259033e-02 5.959782749414443970e-02 8.445410989224910736e-03 1.183648407459259033e-02 5.959782749414443970e-02
2.608000000000000000e+06 8.670553565025329590e-03 1.183680351823568344e-02 5.918058007955551147e-02 8.670553565025329590e-03 1.183680351823568344e-02 5.918058007955551147e-02
2.609000000000000000e+06 8.184304460883140564e-03 1.186699792742729187e-02 5.926714465022087097e-02 8.184304460883140564e-03 1.186699792742729187e-02 5.926714465022087097e-02
2.610000000000000000e+06 8.279926143586635590e-03 1.180944032967090607e-02 5.918165668845176697e-02 8.279926143586635590e-03 1.180944032967090607e-02 5.918165668845176697e-02
2.611000000000000000e+06 9.141331538558006287e-03 1.178930606693029404e-02 6.106390058994293213e-02 9.141331538558006287e-03 1.178930606693029404e-02 6.106390058994293213e-02
2.612000000000000000e+06 8.327900432050228119e-03 1.184995938092470169e-02 6.036154925823211670e-02 8.327900432050228119e-03 1.184995938092470169e-02 6.036154925823211670e-02
2.613000000000000000e+06 7.642410229891538620e-03 1.181285083293914795e-02 5.990897864103317261e-02 7.642410229891538620e-03 1.181285083293914795e-02 5.990897864103317261e-02
2.614000000000000000e+06 9.408470243215560913e-03 1.180895976722240448e-02 6.019061431288719177e-02 9.408470243215560913e-03 1.180895976722240448e-02 6.019061431288719177e-02
2.615000000000000000e+06 8.361319079995155334e-03 1.182630937546491623e-02 5.964630469679832458e-02 8.361319079995155334e-03 1.182630937546491623e-02 5.964630469679832458e-02
2.616000000000000000e+06 7.612294517457485199e-03 1.181680988520383835e-02 5.910509452223777771e-02 7.612294517457485199e-03 1.181680988520383835e-02 5.910509452223777771e-02
2.617000000000000000e+06 7.741685956716537476e-03 1.182494871318340302e-02 5.986534431576728821e-02 7.741685956716537476e-03 1.182494871318340302e-02 5.986534431576728821e-02
2.618000000000000000e+06 7.565580774098634720e-03 1.180837024003267288e-02 5.937759578227996826e-02 7.565580774098634720e-03 1.180837024003267288e-02 5.937759578227996826e-02
2.619000000000000000e+06 8.989422582089900970e-03 1.186395063996315002e-02 5.967724695801734924e-02 8.989422582089900970e-03 1.186395063996315002e-02 5.967724695801734924e-02
2.620000000000000000e+06 8.302520960569381714e-03 1.183766964823007584e-02 5.968810245394706726e-02 8.302520960569381714e-03 1.183766964823007584e-02 5.968810245394706726e-02
2.621000000000000000e+06 8.780180476605892181e-03 1.181955356150865555e-02 6.022754311561584473e-02 8.780180476605892181e-03 1.181955356150865555e-02 6.022754311561584473e-02
2.622000000000000000e+06 8.011191152036190033e-03 1.180391758680343628e-02 5.930625647306442261e-02 8.011191152036190033e-03 1.180391758680343628e-02 5.930625647306442261e-02
2.623000000000000000e+06 7.515871897339820862e-03 1.180867943912744522e-02 5.901426821947097778e-02 7.515871897339820862e-03 1.180867943912744522e-02 5.901426821947097778e-02
2.624000000000000000e+06 8.408890105783939362e-03 1.184209808707237244e-02 5.964589118957519531e-02 8.408890105783939362e-03 1.184209808707237244e-02 5.964589118957519531e-02
2.625000000000000000e+06 7.755047641694545746e-03 1.179224066436290741e-02 5.891332402825355530e-02 7.755047641694545746e-03 1.179224066436290741e-02 5.891332402825355530e-02
2.626000000000000000e+06 8.854939602315425873e-03 1.185685489326715469e-02 5.949102342128753662e-02 8.854939602315425873e-03 1.185685489326715469e-02 5.949102342128753662e-02
2.627000000000000000e+06 9.568132460117340088e-03 1.181433349847793579e-02 6.119906902313232422e-02 9.568132460117340088e-03 1.181433349847793579e-02 6.119906902313232422e-02
2.628000000000000000e+06 8.868190459907054901e-03 1.182818785309791565e-02 6.054476648569107056e-02 8.868190459907054901e-03 1.182818785309791565e-02 6.054476648569107056e-02
2.629000000000000000e+06 9.192717261612415314e-03 1.185164414346218109e-02 5.995450168848037720e-02 9.192717261612415314e-03 1.185164414346218109e-02 5.995450168848037720e-02
2.630000000000000000e+06 9.139276109635829926e-03 1.180506125092506409e-02 5.976211279630661011e-02 9.139276109635829926e-03 1.180506125092506409e-02 5.976211279630661011e-02
2.631000000000000000e+06 8.101942017674446106e-03 1.182988937944173813e-02 5.944486334919929504e-02 8.101942017674446106e-03 1.182988937944173813e-02 5.944486334919929504e-02
2.632000000000000000e+06 7.596105802804231644e-03 1.184126269072294235e-02 5.913328379392623901e-02 7.596105802804231644e-03 1.184126269072294235e-02 5.913328379392623901e-02
2.633000000000000000e+06 8.555461652576923370e-03 1.180233713239431381e-02 5.972076207399368286e-02 8.555461652576923370e-03 1.180233713239431381e-02 5.972076207399368286e-02
2.634000000000000000e+06 9.009615518152713776e-03 1.180244982242584229e-02 6.012773886322975159e-02 9.009615518152713776e-03 1.180244982242584229e-02 6.012773886322975159e-02
2.635000000000000000e+06 8.137609809637069702e-03 1.181456446647644043e-02 5.972349271178245544e-02 8.137609809637069702e-03 1.181456446647644043e-02 5.972349271178245544e-02
2.636000000000000000e+06 8.077468723058700562e-03 1.178651768714189529e-02 5.896896868944168091e-02 8.077468723058700562e-03 1.178651768714189529e-02 5.896896868944168091e-02
2.637000000000000000e+06 8.202786557376384735e-03 1.178401522338390350e-02 5.932329967617988586e-02 8.202786557376384735e-03 1.178401522338390350e-02 5.932329967617988586e-02
2.638000000000000000e+06 8.433349430561065674e-03 1.185351982712745667e-02 5.987532064318656921e-02 8.433349430561065674e-03 1.185351982712745667e-02 5.987532064318656921e-02
2.639000000000000000e+06 7.697356864809989929e-03 1.181348878890275955e-02 5.881918966770172119e-02 7.697356864809989929e-03 1.181348878890275955e-02 5.881918966770172119e-02
2.640000000000000000e+06 7.729278411716222763e-03 1.179983187466859818e-02 5.882136151194572449e-02 7.729278411716222763e-03 1.179983187466859818e-02 5.882136151194572449e-02
2.641000000000000000e+06 9.480052627623081207e-03 1.180743426084518433e-02 5.950921773910522461e-02 9.480052627623081207e-03 1.180743426084518433e-02 5.950921773910522461e-02
2.642000000000000000e+06 8.219771087169647217e-03 1.178320590406656265e-02 5.865116417407989502e-02 8.219771087169647217e-03 1.178320590406656265e-02 5.865116417407989502e-02
2.643000000000000000e+06 9.280161000788211823e-03 1.179366279393434525e-02 5.920769646763801575e-02 9.280161000788211823e-03 1.179366279393434525e-02 5.920769646763801575e-02
2.644000000000000000e+06 7.946059107780456543e-03 1.184936612844467163e-02 5.831223726272583008e-02 7.946059107780456543e-03 1.184936612844467163e-02 5.831223726272583008e-02
2.645000000000000000e+06 7.434592116624116898e-03 1.178560778498649597e-02 5.870763584971427917e-02 7.434592116624116898e-03 1.178560778498649597e-02 5.870763584971427917e-02
2.646000000000000000e+06 7.860027253627777100e-03 1.185794733464717865e-02 5.978918820619583130e-02 7.860027253627777100e-03 1.185794733464717865e-02 5.978918820619583130e-02
2.647000000000000000e+06 8.429220877587795258e-03 1.184289064258337021e-02 6.014310568571090698e-02 8.429220877587795258e-03 1.184289064258337021e-02 6.014310568571090698e-02
2.648000000000000000e+06 7.900294847786426544e-03 1.183718256652355194e-02 5.978602543473243713e-02 7.900294847786426544e-03 1.183718256652355194e-02 5.978602543473243713e-02
2.649000000000000000e+06 8.654606528580188751e-03 1.182682719081640244e-02 5.950060859322547913e-02 8.654606528580188751e-03 1.182682719081640244e-02 5.950060859322547913e-02
2.650000000000000000e+06 9.124131873250007629e-03 1.176235731691122055e-02 6.060361489653587341e-02 9.124131873250007629e-03 1.176235731691122055e-02 6.060361489653587341e-02
2.651000000000000000e+06 7.737070787698030472e-03 1.184395980089902878e-02 5.870246514678001404e-02 7.737070787698030472e-03 1.184395980089902878e-02 5.870246514678001404e-02
2.652000000000000000e+06 8.835383690893650055e-03 1.177164167165756226e-02 5.870521813631057739e-02 8.835383690893650055e-03 1.177164167165756226e-02 5.870521813631057739e-02
2.653000000000000000e+06 7.340478710830211639e-03 1.178422197699546814e-02 5.877391248941421509e-02 7.340478710830211639e-03 1.178422197699546814e-02 5.877391248941421509e-02
2.654000000000000000e+06 7.621101103723049164e-03 1.179764699190855026e-02 5.884413793683052063e-02 7.621101103723049164e-03 1.179764699190855026e-02 5.884413793683052063e-02
2.655000000000000000e+06 8.690638467669487000e-03 1.183214318007230759e-02 5.983231961727142334e-02 8.690638467669487000e-03 1.183214318007230759e-02 5.983231961727142334e-02
2.656000000000000000e+06 8.814513683319091797e-03 1.181521173566579819e-02 5.862351506948471069e-02 8.814513683319091797e-03 1.181521173566579819e-02 5.862351506948471069e-02
2.657000000000000000e+06 8.323566988110542297e-03 1.181751396507024765e-02 6.047288700938224792e-02 8.323566988110542297e-03 1.181751396507024765e-02 6.047288700938224792e-02
2.658000000000000000e+06 9.229876101016998291e-03 1.179966423660516739e-02 5.941445752978324890e-02 9.229876101016998291e-03 1.179966423660516739e-02 5.941445752978324890e-02
2.659000000000000000e+06 8.969617076218128204e-03 1.180604193359613419e-02 6.004306674003601074e-02 8.969617076218128204e-03 1.180604193359613419e-02 6.004306674003601074e-02
2.660000000000000000e+06 7.382263895124197006e-03 1.178274489939212799e-02 5.836075171828269958e-02 7.382263895124197006e-03 1.178274489939212799e-02 5.836075171828269958e-02
2.661000000000000000e+06 7.993239909410476685e-03 1.180375460535287857e-02 5.858702957630157471e-02 7.993239909410476685e-03 1.180375460535287857e-02 5.858702957630157471e-02
2.662000000000000000e+06 7.794443517923355103e-03 1.178748998790979385e-02 5.873541161417961121e-02 7.794443517923355103e-03 1.178748998790979385e-02 5.873541161417961121e-02
2.663000000000000000e+06 7.522715255618095398e-03 1.179532427340745926e-02 5.869595333933830261e-02 7.522715255618095398e-03 1.179532427340745926e-02 5.869595333933830261e-02
2.664000000000000000e+06 7.557689212262630463e-03 1.181585527956485748e-02 5.873341113328933716e-02 7.557689212262630463e-03 1.181585527956485748e-02 5.873341113328933716e-02
2.665000000000000000e+06 8.622548542916774750e-03 1.173675153404474258e-02 5.946136638522148132e-02 8.622548542916774750e-03 1.173675153404474258e-02 5.946136638522148132e-02
2.666000000000000000e+06 7.118777371942996979e-03 1.178521569818258286e-02 5.820814892649650574e-02 7.118777371942996979e-03 1.178521569818258286e-02 5.820814892649650574e-02
2.667000000000000000e+06 8.026264607906341553e-03 1.178594399243593216e-02 5.902137979865074158e-02 8.026264607906341553e-03 1.178594399243593216e-02 5.902137979865074158e-02
2.668000000000000000e+06 7.350409869104623795e-03 1.178072858601808548e-02 5.876069888472557068e-02 7.350409869104623795e-03 1.178072858601808548e-02 5.876069888472557068e-02
2.669000000000000000e+06 7.485512178391218185e-03 1.180828735232353210e-02 5.859830975532531738e-02 7.485512178391218185e-03 1.180828735232353210e-02 5.859830975532531738e-02
2.670000000000000000e+06 7.777087856084108353e-03 1.177098602056503296e-02 5.884942412376403809e-02 7.777087856084108353e-03 1.177098602056503296e-02 5.884942412376403809e-02
2.671000000000000000e+06 7.380147930234670639e-03 1.177393551915884018e-02 5.872143059968948364e-02 7.380147930234670639e-03 1.177393551915884018e-02 5.872143059968948364e-02
2.672000000000000000e+06 8.714091032743453979e-03 1.175134163349866867e-02 5.849427729845046997e-02 8.714091032743453979e-03 1.175134163349866867e-02 5.849427729845046997e-02
2.673000000000000000e+06 7.138004060834646225e-03 1.176713034510612488e-02 5.882464349269866943e-02 7.138004060834646225e-03 1.176713034510612488e-02 5.882464349269866943e-02
2.674000000000000000e+06 7.492360193282365799e-03 1.179642044007778168e-02 5.859658122062683105e-02 7.492360193282365799e-03 1.179642044007778168e-02 5.859658122062683105e-02
2.675000000000000000e+06 8.551661856472492218e-03 1.175272185355424881e-02 5.915099754929542542e-02 8.551661856472492218e-03 1.175272185355424881e-02 5.915099754929542542e-02
2.676000000000000000e+06 7.718021981418132782e-03 1.179825607687234879e-02 5.829107761383056641e-02 7.718021981418132782e-03 1.179825607687234879e-02 5.829107761383056641e-02
2.677000000000000000e+06 8.421748876571655273e-03 1.182927191257476807e-02 5.886380001902580261e-02 8.421748876571655273e-03 1.182927191257476807e-02 5.886380001902580261e-02
2.678000000000000000e+06 9.491310454905033112e-03 1.180323306471109390e-02 5.864998698234558105e-02 9.491310454905033112e-03 1.180323306471109390e-02 5.864998698234558105e-02
2.679000000000000000e+06 8.128426969051361084e-03 1.178927626460790634e-02 5.825184658169746399e-02 8.128426969051361084e-03 1.178927626460790634e-02 5.825184658169746399e-02
2.680000000000000000e+06 8.655810728669166565e-03 1.178392395377159119e-02 5.878238752484321594e-02 8.655810728669166565e-03 1.178392395377159119e-02 5.878238752484321594e-02
2.681000000000000000e+06 8.418748155236244202e-03 1.184084080159664154e-02 5.960913747549057007e-02 8.418748155236244202e-03 1.184084080159664154e-02 5.960913747549057007e-02
2.682000000000000000e+06 7.650005631148815155e-03 1.181593723595142365e-02 5.804529786109924316e-02 7.650005631148815155e-03 1.181593723595142365e-02 5.804529786109924316e-02
2.683000000000000000e+06 8.301576599478721619e-03 1.175847463309764862e-02 5.835743620991706848e-02 8.301576599478721619e-03 1.175847463309764862e-02 5.835743620991706848e-02
2.684000000000000000e+06 8.047468028962612152e-03 1.175742037594318390e-02 5.905522778630256653e-02 8.047468028962612152e-03 1.175742037594318390e-02 5.905522778630256653e-02
2.685000000000000000e+06 9.359925985336303711e-03 1.177628524601459503e-02 5.847384035587310791e-02 9.359925985336303711e-03 1.177628524601459503e-02 5.847384035587310791e-02
2.686000000000000000e+06 8.911910466849803925e-03 1.175399497151374817e-02 5.892869830131530762e-02 8.911910466849803925e-03 1.175399497151374817e-02 5.892869830131530762e-02
2.687000000000000000e+06 8.119571954011917114e-03 1.176706328988075256e-02 5.932074412703514099e-02 8.119571954011917114e-03 1.176706328988075256e-02 5.932074412703514099e-02
2.688000000000000000e+06 9.593291208148002625e-03 1.171558815985918045e-02 5.918385088443756104e-02 9.593291208148002625e-03 1.171558815985918045e-02 5.918385088443756104e-02
2.689000000000000000e+06 7.948311977088451385e-03 1.170131098479032516e-02 5.905727297067642212e-02 7.948311977088451385e-03 1.170131098479032516e-02 5.905727297067642212e-02
2.690000000000000000e+06 7.962401956319808960e-03 1.176935248076915741e-02 5.833039060235023499e-02 7.962401956319808960e-03 1.176935248076915741e-02 5.833039060235023499e-02
2.691000000000000000e+06 7.975455373525619507e-03 1.174481865018606186e-02 5.833710357546806335e-02 7.975455373525619507e-03 1.174481865018606186e-02 5.833710357546806335e-02
2.692000000000000000e+06 7.303082849830389023e-03 1.172750256955623627e-02 5.820281803607940674e-02 7.303082849830389023e-03 1.172750256955623627e-02 5.820281803607940674e-02
2.693000000000000000e+06 8.297204039990901947e-03 1.177381817251443863e-02 5.835448205471038818e-02 8.297204039990901947e-03 1.177381817251443863e-02 5.835448205471038818e-02
2.694000000000000000e+06 8.409447968006134033e-03 1.179696246981620789e-02 5.856477096676826477e-02 8.409447968006134033e-03 1.179696246981620789e-02 5.856477096676826477e-02
2.695000000000000000e+06 8.019997738301753998e-03 1.174665801227092743e-02 5.901623517274856567e-02 8.019997738301753998e-03 1.174665801227092743e-02 5.901623517274856567e-02
2.696000000000000000e+06 7.178084459155797958e-03 1.175739709287881851e-02 5.765191838145256042e-02 7.178084459155797958e-03 1.175739709287881851e-02 5.765191838145256042e-02
2.697000000000000000e+06 8.161730132997035980e-03 1.178271230310201645e-02 5.862496793270111084e-02 8.161730132997035980e-03 1.178271230310201645e-02 5.862496793270111084e-02
2.698000000000000000e+06 7.432255428284406662e-03 1.177598815411329269e-02 5.791943892836570740e-02 7.432255428284406662e-03 1.177598815411329269e-02 5.791943892836570740e-02
2.699000000000000000e+06 7.526401896029710770e-03 1.173173915594816208e-02 5.855707451701164246e-02 7.526401896029710770e-03 1.173173915594816208e-02 5.855707451701164246e-02
2.700000000000000000e+06 9.183620102703571320e-03 1.176082435995340347e-02 5.906552076339721680e-02 9.183620102703571320e-03 1.176082435995340347e-02 5.906552076339721680e-02
2.701000000000000000e+06 8.408122695982456207e-03 1.173764187842607498e-02 5.831760913133621216e-02 8.408122695982456207e-03 1.173764187842607498e-02 5.831760913133621216e-02
2.702000000000000000e+06 7.491803262382745743e-03 1.171514298766851425e-02 5.851510167121887207e-02 7.491803262382745743e-03 1.171514298766851425e-02 5.851510167121887207e-02
2.703000000000000000e+06 8.317982777953147888e-03 1.174711342900991440e-02 5.893862247467041016e-02 8.317982777953147888e-03 1.174711342900991440e-02 5.893862247467041016e-02
2.704000000000000000e+06 7.321999408304691315e-03 1.177690830081701279e-02 5.819657817482948303e-02 7.321999408304691315e-03 1.177690830081701279e-02 5.819657817482948303e-02
2.705000000000000000e+06 8.501248434185981750e-03 1.175979990512132645e-02 5.872187763452529907e-02 8.501248434185981750e-03 1.175979990512132645e-02 5.872187763452529907e-02
2.706000000000000000e+06 7.776541635394096375e-03 1.176466606557369232e-02 5.874004587531089783e-02 7.776541635394096375e-03 1.176466606557369232e-02 5.874004587531089783e-02
2.707000000000000000e+06 8.176311850547790527e-03 1.172889024019241333e-02 5.857410281896591187e-02 8.176311850547790527e-03 1.172889024019241333e-02 5.857410281896591187e-02
2.708000000000000000e+06 7.606708910316228867e-03 1.174195390194654465e-02 5.854082852602005005e-02 7.606708910316228867e-03 1.174195390194654465e-02 5.854082852602005005e-02
2.709000000000000000e+06 9.930858388543128967e-03 1.175350509583950043e-02 5.909394845366477966e-02 9.930858388543128967e-03 1.175350509583950043e-02 5.909394845366477966e-02
2.710000000000000000e+06 8.351625874638557434e-03 1.172848511487245560e-02 5.858968943357467651e-02 8.351625874638557434e-03 1.172848511487245560e-02 5.858968943357467651e-02
2.711000000000000000e+06 8.058992214500904083e-03 1.173971500247716904e-02 5.928800255060195923e-02 8.058992214500904083e-03 1.173971500247716904e-02 5.928800255060195923e-02
2.712000000000000000e+06 7.200499530881643295e-03 1.175426598638296127e-02 5.877600610256195068e-02 7.200499530881643295e-03 1.175426598638296127e-02 5.877600610256195068e-02
2.713000000000000000e+06 7.526781875640153885e-03 1.171423215419054031e-02 5.840404331684112549e-02 7.526781875640153885e-03 1.171423215419054031e-02 5.840404331684112549e-02
2.714000000000000000e+06 8.554060943424701691e-03 1.173508074134588242e-02 5.829719081521034241e-02 8.554060943424701691e-03 1.173508074134588242e-02 5.829719081521034241e-02
2.715000000000000000e+06 8.910315111279487610e-03 1.173254195600748062e-02 5.923298373818397522e-02 8.910315111279487610e-03 1.173254195600748062e-02 5.923298373818397522e-02
2.716000000000000000e+06 8.245304226875305176e-03 1.172987930476665497e-02 5.815069377422332764e-02 8.245304226875305176e-03 1.172987930476665497e-02 5.815069377422332764e-02
2.717000000000000000e+06 7.967082783579826355e-03 1.172370556741952896e-02 5.804277211427688599e-02 7.967082783579826355e-03 1.172370556741952896e-02 5.804277211427688599e-02
2.718000000000000000e+06 8.095541037619113922e-03 1.170312799513339996e-02 5.875151231884956360e-02 8.095541037619113922e-03 1.170312799513339996e-02 5.875151231884956360e-02
2.719000000000000000e+06 7.173556368798017502e-03 1.174863707274198532e-02 5.762425810098648071e-02 7.173556368798017502e-03 1.174863707274198532e-02 5.762425810098648071e-02
2.720000000000000000e+06 7.657669484615325928e-03 1.173048280179500580e-02 5.897478386759757996e-02 7.657669484615325928e-03 1.173048280179500580e-02 5.897478386759757996e-02
2.721000000000000000e+06 7.001743651926517487e-03 1.170830242335796356e-02 5.784580856561660767e-02 7.001743651926517487e-03 1.170830242335796356e-02 5.784580856561660767e-02
2.722000000000000000e+06 7.925506681203842163e-03 1.171912066638469696e-02 5.868360772728919983e-02 7.925506681203842163e-03 1.171912066638469696e-02 5.868360772728919983e-02
2.723000000000000000e+06 7.877374067902565002e-03 1.177026238292455673e-02 5.893770232796669006e-02 7.877374067902565002e-03 1.177026238292455673e-02 5.893770232796669006e-02
2.724000000000000000e+06 8.714996278285980225e-03 1.174729969352483749e-02 5.936354771256446838e-02 8.714996278285980225e-03 1.174729969352483749e-02 5.936354771256446838e-02
2.725000000000000000e+06 7.648928556591272354e-03 1.173247955739498138e-02 5.803437158465385437e-02 7.648928556591272354e-03 1.173247955739498138e-02 5.803437158465385437e-02
2.726000000000000000e+06 8.695844560861587524e-03 1.167771499603986740e-02 5.917758494615554810e-02 8.695844560861587524e-03 1.167771499603986740e-02 5.917758494615554810e-02
2.727000000000000000e+06 7.295787334442138672e-03 1.169934589415788651e-02 5.796828866004943848e-02 7.295787334442138672e-03 1.169934589415788651e-02 5.796828866004943848e-02
2.728000000000000000e+06 7.846342399716377258e-03 1.167730148881673813e-02 5.835433676838874817e-02 7.846342399716377258e-03 1.167730148881673813e-02 5.835433676838874817e-02
2.729000000000000000e+06 8.102390915155410767e-03 1.171811670064926147e-02 5.817374214529991150e-02 8.102390915155410767e-03 1.171811670064926147e-02 5.817374214529991150e-02
2.730000000000000000e+06 6.870287004858255386e-03 1.170127373188734055e-02 5.765750631690025330e-02 6.870287004858255386e-03 1.170127373188734055e-02 5.765750631690025330e-02
2.731000000000000000e+06 7.554395124316215515e-03 1.169316936284303665e-02 5.845035240054130554e-02 7.554395124316215515e-03 1.169316936284303665e-02 5.845035240054130554e-02
2.732000000000000000e+06 8.272151462733745575e-03 1.167641580104827881e-02 5.802640318870544434e-02 8.272151462733745575e-03 1.167641580104827881e-02 5.802640318870544434e-02
2.733000000000000000e+06 8.245618082582950592e-03 1.168988738209009171e-02 5.818983912467956543e-02 8.245618082582950592e-03 1.168988738209009171e-02 5.818983912467956543e-02
2.734000000000000000e+06 8.368639275431632996e-03 1.168459653854370117e-02 5.777475237846374512e-02 8.368639275431632996e-03 1.168459653854370117e-02 5.777475237846374512e-02
2.735000000000000000e+06 7.525292225182056427e-03 1.169664133340120316e-02 5.844872072339057922e-02 7.525292225182056427e-03 1.169664133340120316e-02 5.844872072339057922e-02
2.736000000000000000e+06 8.556072600185871124e-03 1.169463526457548141e-02 5.839672684669494629e-02 8.556072600185871124e-03 1.169463526457548141e-02 5.839672684669494629e-02
2.737000000000000000e+06 7.776632439345121384e-03 1.173931825906038284e-02 5.796901136636734009e-02 7.776632439345121384e-03 1.173931825906038284e-02 5.796901136636734009e-02
2.738000000000000000e+06 7.891043089330196381e-03 1.167937181890010834e-02 5.760309845209121704e-02 7.891043089330196381e-03 1.167937181890010834e-02 5.760309845209121704e-02
2.739000000000000000e+06 8.480288088321685791e-03 1.170271821320056915e-02 5.802739039063453674e-02 8.480288088321685791e-03 1.170271821320056915e-02 5.802739039063453674e-02
2.740000000000000000e+06 7.253806106746196747e-03 1.172205992043018341e-02 5.812405049800872803e-02 7.253806106746196747e-03 1.172205992043018341e-02 5.812405049800872803e-02
2.741000000000000000e+06 7.374066859483718872e-03 1.167193520814180374e-02 5.716325715184211731e-02 7.374066859483718872e-03 1.167193520814180374e-02 5.716325715184211731e-02
2.742000000000000000e+06 7.902118377387523651e-03 1.169613283127546310e-02 5.841671302914619446e-02 7.902118377387523651e-03 1.169613283127546310e-02 5.841671302914619446e-02
2.743000000000000000e+06 9.307452477514743805e-03 1.174251269549131393e-02 5.781064555048942566e-02 9.307452477514743805e-03 1.174251269549131393e-02 5.781064555048942566e-02
2.744000000000000000e+06 7.132594939321279526e-03 1.172045152634382248e-02 5.725902691483497620e-02 7.132594939321279526e-03 1.172045152634382248e-02 5.725902691483497620e-02
2.745000000000000000e+06 7.783934008330106735e-03 1.167194452136754990e-02 5.778451263904571533e-02 7.783934008330106735e-03 1.167194452136754990e-02 5.778451263904571533e-02
2.746000000000000000e+06 8.292355574667453766e-03 1.169999875128269196e-02 5.744366720318794250e-02 8.292355574667453766e-03 1.169999875128269196e-02 5.744366720318794250e-02
2.747000000000000000e+06 7.274486124515533447e-03 1.168269012123346329e-02 5.817348137497901917e-02 7.274486124515533447e-03 1.168269012123346329e-02 5.817348137497901917e-02
2.748000000000000000e+06 7.949027232825756073e-03 1.172103546559810638e-02 5.804410949349403381e-02 7.949027232825756073e-03 1.172103546559810638e-02 5.804410949349403381e-02
2.749000000000000000e+06 7.701125461608171463e-03 1.167964842170476913e-02 5.774563178420066833e-02 7.701125461608171463e-03 1.167964842170476913e-02 5.774563178420066833e-02
2.750000000000000000e+06 7.530168164521455765e-03 1.166760921478271484e-02 5.755780637264251709e-02 7.530168164521455765e-03 1.166760921478271484e-02 5.755780637264251709e-02
2.751000000000000000e+06 7.537032477557659149e-03 1.168533135205507278e-02 5.842722207307815552e-02 7.537032477557659149e-03 1.168533135205507278e-02 5.842722207307815552e-02
2.752000000000000000e+06 8.676797151565551758e-03 1.167231705039739609e-02 5.862132459878921509e-02 8.676797151565551758e-03 1.167231705039739609e-02 5.862132459878921509e-02
2.753000000000000000e+06 7.371035404503345490e-03 1.167855411767959595e-02 5.847565457224845886e-02 7.371035404503345490e-03 1.167855411767959595e-02 5.847565457224845886e-02
2.754000000000000000e+06 8.577814325690269470e-03 1.170512568205595016e-02 5.961427837610244751e-02 8.577814325690269470e-03 1.170512568205595016e-02 5.961427837610244751e-02
2.755000000000000000e+06 9.303514845669269562e-03 1.170736271888017654e-02 5.865680426359176636e-02 9.303514845669269562e-03 1.170736271888017654e-02 5.865680426359176636e-02
2.756000000000000000e+06 7.721108384430408478e-03 1.170674059540033340e-02 5.731620639562606812e-02 7.721108384430408478e-03 1.170674059540033340e-02 5.731620639562606812e-02
2.757000000000000000e+06 8.352511562407016754e-03 1.174721214920282364e-02 5.771438032388687134e-02 8.352511562407016754e-03 1.174721214920282364e-02 5.771438032388687134e-02
2.758000000000000000e+06 7.680683396756649017e-03 1.170592755079269409e-02 5.826494470238685608e-02 7.680683396756649017e-03 1.170592755079269409e-02 5.826494470238685608e-02
2.759000000000000000e+06 8.173251524567604065e-03 1.169716380536556244e-02 5.742338299751281738e-02 8.173251524567604065e-03 1.169716380536556244e-02 5.742338299751281738e-02
2.760000000000000000e+06 8.268604986369609833e-03 1.164822559803724289e-02 5.771372839808464050e-02 8.268604986369609833e-03 1.164822559803724289e-02 5.771372839808464050e-02
2.761000000000000000e+06 8.376671001315116882e-03 1.166009902954101562e-02 5.781814828515052795e-02 8.376671001315116882e-03 1.166009902954101562e-02 5.781814828515052795e-02
2.762000000000000000e+06 8.111191913485527039e-03 1.166525855660438538e-02 5.868115276098251343e-02 8.111191913485527039e-03 1.166525855660438538e-02 5.868115276098251343e-02
2.763000000000000000e+06 7.694914937019348145e-03 1.167846843600273132e-02 5.854716151952743530e-02 7.694914937019348145e-03 1.167846843600273132e-02 5.854716151952743530e-02
2.764000000000000000e+06 7.220480125397443771e-03 1.172036491334438324e-02 5.788691341876983643e-02 7.220480125397443771e-03 1.172036491334438324e-02 5.788691341876983643e-02
2.765000000000000000e+06 6.992433685809373856e-03 1.166308019310235977e-02 5.749284848570823669e-02 6.992433685809373856e-03 1.166308019310235977e-02 5.749284848570823669e-02
2.766000000000000000e+06 7.585578598082065582e-03 1.169496960937976837e-02 5.764465406537055969e-02 7.585578598082065582e-03 1.169496960937976837e-02 5.764465406537055969e-02
2.767000000000000000e+06 7.516609504818916321e-03 1.167740579694509506e-02 5.775872245430946350e-02 7.516609504818916321e-03 1.167740579694509506e-02 5.775872245430946350e-02
2.768000000000000000e+06 7.921808399260044098e-03 1.162839960306882858e-02 5.805133283138275146e-02 7.921808399260044098e-03 1.162839960306882858e-02 5.805133283138275146e-02
2.769000000000000000e+06 7.192198187112808228e-03 1.169717591255903244e-02 5.708520114421844482e-02 7.192198187112808228e-03 1.169717591255903244e-02 5.708520114421844482e-02
2.770000000000000000e+06 8.292803540825843811e-03 1.164481695741415024e-02 5.858997628092765808e-02 8.292803540825843811e-03 1.164481695741415024e-02 5.858997628092765808e-02
2.771000000000000000e+06 8.219824172556400299e-03 1.168232411146163940e-02 5.739346519112586975e-02 8.219824172556400299e-03 1.168232411146163940e-02 5.739346519112586975e-02
2.772000000000000000e+06 7.904229685664176941e-03 1.165549084544181824e-02 5.797476693987846375e-02 7.904229685664176941e-03 1.165549084544181824e-02 5.797476693987846375e-02
2.773000000000000000e+06 8.141570724546909332e-03 1.165602356195449829e-02 5.747027322649955750e-02 8.141570724546909332e-03 1.165602356195449829e-02 5.747027322649955750e-02
2.774000000000000000e+06 8.603845722973346710e-03 1.169857475906610489e-02 5.837338417768478394e-02 8.603845722973346710e-03 1.169857475906610489e-02 5.837338417768478394e-02
2.775000000000000000e+06 6.860753986984491348e-03 1.169356610625982285e-02 5.726820603013038635e-02 6.860753986984491348e-03 1.169356610625982285e-02 5.726820603013038635e-02
2.776000000000000000e+06 7.306024432182312012e-03 1.163328997790813446e-02 5.765683203935623169e-02 7.306024432182312012e-03 1.163328997790813446e-02 5.765683203935623169e-02
2.777000000000000000e+06 7.332334760576486588e-03 1.166854798793792725e-02 5.734545364975929260e-02 7.332334760576486588e-03 1.166854798793792725e-02 5.734545364975929260e-02
2.778000000000000000e+06 7.795318495482206345e-03 1.170636992901563644e-02 5.752304568886756897e-02 7.795318495482206345e-03 1.170636992901563644e-02 5.752304568886756897e-02
2.779000000000000000e+06 7.206814829260110855e-03 1.168305240571498871e-02 5.748404562473297119e-02 7.206814829260110855e-03 1.168305240571498871e-02 5.748404562473297119e-02
2.780000000000000000e+06 8.097218349575996399e-03 1.162874698638916016e-02 5.789903178811073303e-02 8.097218349575996399e-03 1.162874698638916016e-02 5.789903178811073303e-02
2.781000000000000000e+06 7.365121506154537201e-03 1.164673734456300735e-02 5.764089152216911316e-02 7.365121506154537201e-03 1.164673734456300735e-02 5.764089152216911316e-02
2.782000000000000000e+06 7.403853349387645721e-03 1.164800673723220825e-02 5.772034078836441040e-02 7.403853349387645721e-03 1.164800673723220825e-02 5.772034078836441040e-02
2.783000000000000000e+06 7.821782492101192474e-03 1.163453049957752228e-02 5.720547586679458618e-02 7.821782492101192474e-03 1.163453049957752228e-02 5.720547586679458618e-02
2.784000000000000000e+06 8.421069942414760590e-03 1.167251635342836380e-02 5.773862823843955994e-02 8.421069942414760590e-03 1.167251635342836380e-02 5.773862823843955994e-02
2.785000000000000000e+06 7.617600262165069580e-03 1.165269128978252411e-02 5.763232335448265076e-02 7.617600262165069580e-03 1.165269128978252411e-02 5.763232335448265076e-02
2.786000000000000000e+06 8.517827838659286499e-03 1.161058805882930756e-02 5.874092504382133484e-02 8.517827838659286499e-03 1.161058805882930756e-02 5.874092504382133484e-02
2.787000000000000000e+06 9.337890893220901489e-03 1.165911462157964706e-02 5.770014971494674683e-02 9.337890893220901489e-03 1.165911462157964706e-02 5.770014971494674683e-02
2.788000000000000000e+06 7.741902489215135574e-03 1.166377682238817215e-02 5.765492841601371765e-02 7.741902489215135574e-03 1.166377682238817215e-02 5.765492841601371765e-02
2.789000000000000000e+06 7.560019381344318390e-03 1.164817530661821365e-02 5.715941637754440308e-02 7.560019381344318390e-03 1.164817530661821365e-02 5.715941637754440308e-02
2.790000000000000000e+06 7.356119807809591293e-03 1.163554843515157700e-02 5.700591579079627991e-02 7.356119807809591293e-03 1.163554843515157700e-02 5.700591579079627991e-02
2.791000000000000000e+06 7.849062792956829071e-03 1.164843980222940445e-02 5.791645869612693787e-02 7.849062792956829071e-03 1.164843980222940445e-02 5.791645869612693787e-02
2.792000000000000000e+06 8.447873406112194061e-03 1.164398435503244400e-02 5.776279792189598083e-02 8.447873406112194061e-03 1.164398435503244400e-02 5.776279792189598083e-02
2.793000000000000000e+06 7.550820242613554001e-03 1.165341865271329880e-02 5.784806981682777405e-02 7.550820242613554001e-03 1.165341865271329880e-02 5.784806981682777405e-02
2.794000000000000000e+06 8.182043209671974182e-03 1.171314064413309097e-02 5.796254426240921021e-02 8.182043209671974182e-03 1.171314064413309097e-02 5.796254426240921021e-02
2.795000000000000000e+06 7.843345403671264648e-03 1.166770048439502716e-02 5.711045116186141968e-02 7.843345403671264648e-03 1.166770048439502716e-02 5.711045116186141968e-02
2.796000000000000000e+06 8.246597833931446075e-03 1.164219900965690613e-02 5.737559869885444641e-02 8.246597833931446075e-03 1.164219900965690613e-02 5.737559869885444641e-02
2.797000000000000000e+06 7.856862619519233704e-03 1.169427298009395599e-02 5.741534382104873657e-02 7.856862619519233704e-03 1.169427298009395599e-02 5.741534382104873657e-02
2.798000000000000000e+06 8.214831352233886719e-03 1.169523596763610840e-02 5.784229189157485962e-02 8.214831352233886719e-03 1.169523596763610840e-02 5.784229189157485962e-02
2.799000000000000000e+06 7.797435857355594635e-03 1.167282275855541229e-02 5.755209177732467651e-02 7.797435857355594635e-03 1.167282275855541229e-02 5.755209177732467651e-02
2.800000000000000000e+06 8.821955882012844086e-03 1.164737623184919357e-02 5.822169035673141479e-02 8.821955882012844086e-03 1.164737623184919357e-02 5.822169035673141479e-02
2.801000000000000000e+06 6.967814173549413681e-03 1.167918927967548370e-02 5.681168287992477417e-02 6.967814173549413681e-03 1.167918927967548370e-02 5.681168287992477417e-02
2.802000000000000000e+06 7.040379103273153305e-03 1.163251325488090515e-02 5.659442394971847534e-02 7.040379103273153305e-03 1.163251325488090515e-02 5.659442394971847534e-02
2.803000000000000000e+06 7.931239902973175049e-03 1.161734107881784439e-02 5.764213949441909790e-02 7.931239902973175049e-03 1.161734107881784439e-02 5.764213949441909790e-02
2.804000000000000000e+06 8.092751726508140564e-03 1.163495611399412155e-02 5.834200978279113770e-02 8.092751726508140564e-03 1.163495611399412155e-02 5.834200978279113770e-02
2.805000000000000000e+06 8.103175088763237000e-03 1.165392436087131500e-02 5.681089684367179871e-02 8.103175088763237000e-03 1.165392436087131500e-02 5.681089684367179871e-02
2.806000000000000000e+06 7.943070493638515472e-03 1.162165682762861252e-02 5.740699544548988342e-02 7.943070493638515472e-03 1.162165682762861252e-02 5.740699544548988342e-02
2.807000000000000000e+06 7.529115770012140274e-03 1.167931873351335526e-02 5.678809806704521179e-02 7.529115770012140274e-03 1.167931873351335526e-02 5.678809806704521179e-02
2.808000000000000000e+06 7.634460460394620895e-03 1.165811624377965927e-02 5.765616148710250854e-02 7.634460460394620895e-03 1.165811624377965927e-02 5.765616148710250854e-02
2.809000000000000000e+06 7.831000722944736481e-03 1.163301151245832443e-02 5.719358474016189575e-02 7.831000722944736481e-03 1.163301151245832443e-02 5.719358474016189575e-02
2.810000000000000000e+06 7.790031842887401581e-03 1.166201848536729813e-02 5.839401856064796448e-02 7.790031842887401581e-03 1.166201848536729813e-02 5.839401856064796448e-02
2.811000000000000000e+06 7.757078390568494797e-03 1.162996236234903336e-02 5.707651749253273010e-02 7.757078390568494797e-03 1.162996236234903336e-02 5.707651749253273010e-02
2.812000000000000000e+06 7.931792177259922028e-03 1.161669939756393433e-02 5.708319321274757385e-02 7.931792177259922028e-03 1.161669939756393433e-02 5.708319321274757385e-02
2.813000000000000000e+06 8.230723440647125244e-03 1.161584351211786270e-02 5.689945071935653687e-02 8.230723440647125244e-03 1.161584351211786270e-02 5.689945071935653687e-02
2.814000000000000000e+06 7.627243176102638245e-03 1.161449123173952103e-02 5.754151940345764160e-02 7.627243176102638245e-03 1.161449123173952103e-02 5.754151940345764160e-02
2.815000000000000000e+06 7.654157467186450958e-03 1.160594262182712555e-02 5.680224299430847168e-02 7.654157467186450958e-03 1.160594262182712555e-02 5.680224299430847168e-02
2.816000000000000000e+06 7.171943318098783493e-03 1.162946317344903946e-02 5.774205178022384644e-02 7.171943318098783493e-03 1.162946317344903946e-02 5.774205178022384644e-02
2.817000000000000000e+06 7.723883260041475296e-03 1.161817274987697601e-02 5.746853351593017578e-02 7.723883260041475296e-03 1.161817274987697601e-02 5.746853351593017578e-02
2.818000000000000000e+06 8.070626296103000641e-03 1.159720681607723236e-02 5.749060213565826416e-02 8.070626296103000641e-03 1.159720681607723236e-02 5.749060213565826416e-02
2.819000000000000000e+06 9.292712435126304626e-03 1.163213606923818588e-02 5.857821553945541382e-02 9.292712435126304626e-03 1.163213606923818588e-02 5.857821553945541382e-02
2.820000000000000000e+06 7.768499199301004410e-03 1.160489767789840698e-02 5.737213045358657837e-02 7.768499199301004410e-03 1.160489767789840698e-02 5.737213045358657837e-02
2.821000000000000000e+06 8.495945483446121216e-03 1.162228360772132874e-02 5.682203173637390137e-02 8.495945483446121216e-03 1.162228360772132874e-02 5.682203173637390137e-02
2.822000000000000000e+06 7.595887407660484314e-03 1.158536877483129501e-02 5.683100223541259766e-02 7.595887407660484314e-03 1.158536877483129501e-02 5.683100223541259766e-02
2.823000000000000000e+06 7.450326811522245407e-03 1.163726765662431717e-02 5.701712891459465027e-02 7.450326811522245407e-03 1.163726765662431717e-02 5.701712891459465027e-02
2.824000000000000000e+06 8.893249556422233582e-03 1.158930920064449310e-02 5.709764733910560608e-02 8.893249556422233582e-03 1.158930920064449310e-02 5.709764733910560608e-02
2.825000000000000000e+06 7.301347795873880386e-03 1.159172412008047104e-02 5.713136121630668640e-02 7.301347795873880386e-03 1.159172412008047104e-02 5.713136121630668640e-02
2.826000000000000000e+06 6.999406497925519943e-03 1.161790639162063599e-02 5.720992386341094971e-02 6.999406497925519943e-03 1.161790639162063599e-02 5.720992386341094971e-02
2.827000000000000000e+06 7.865563966333866119e-03 1.156496815383434296e-02 5.683777853846549988e-02 7.865563966333866119e-03 1.156496815383434296e-02 5.683777853846549988e-02
2.828000000000000000e+06 7.780023384839296341e-03 1.163243874907493591e-02 5.725537240505218506e-02 7.780023384839296341e-03 1.163243874907493591e-02 5.725537240505218506e-02
2.829000000000000000e+06 7.773051504045724869e-03 1.159209571778774261e-02 5.765159800648689270e-02 7.773051504045724869e-03 1.159209571778774261e-02 5.765159800648689270e-02
2.830000000000000000e+06 1.001212839037179947e-02 1.162486616522073746e-02 5.798328667879104614e-02 1.001212839037179947e-02 1.162486616522073746e-02 5.798328667879104614e-02
2.831000000000000000e+06 8.098245598375797272e-03 1.160893961787223816e-02 5.655606463551521301e-02 8.098245598375797272e-03 1.160893961787223816e-02 5.655606463551521301e-02
2.832000000000000000e+06 7.737347390502691269e-03 1.160031743347644806e-02 5.735697224736213684e-02 7.737347390502691269e-03 1.160031743347644806e-02 5.735697224736213684e-02
2.833000000000000000e+06 7.855559699237346649e-03 1.162149570882320404e-02 5.761183425784111023e-02 7.855559699237346649e-03 1.162149570882320404e-02 5.761183425784111023e-02
2.834000000000000000e+06 7.511023432016372681e-03 1.160407066345214844e-02 5.801171064376831055e-02 7.511023432016372681e-03 1.160407066345214844e-02 5.801171064376831055e-02
2.835000000000000000e+06 7.512351032346487045e-03 1.156967412680387497e-02 5.744241550564765930e-02 7.512351032346487045e-03 1.156967412680387497e-02 5.744241550564765930e-02
2.836000000000000000e+06 6.818510591983795166e-03 1.161189097911119461e-02 5.690801888704299927e-02 6.818510591983795166e-03 1.161189097911119461e-02 5.690801888704299927e-02
2.837000000000000000e+06 7.407646626234054565e-03 1.159806270152330399e-02 5.714204907417297363e-02 7.407646626234054565e-03 1.159806270152330399e-02 5.714204907417297363e-02
2.838000000000000000e+06 6.611261982470750809e-03 1.161787472665309906e-02 5.621534213423728943e-02 6.611261982470750809e-03 1.161787472665309906e-02 5.621534213423728943e-02
2.839000000000000000e+06 6.804627832025289536e-03 1.163596846163272858e-02 5.695934593677520752e-02 6.804627832025289536e-03 1.163596846163272858e-02 5.695934593677520752e-02
2.840000000000000000e+06 7.443219888955354691e-03 1.157050952315330505e-02 5.791562795639038086e-02 7.443219888955354691e-03 1.157050952315330505e-02 5.791562795639038086e-02
2.841000000000000000e+06 8.208228275179862976e-03 1.159273739904165268e-02 5.736376717686653137e-02 8.208228275179862976e-03 1.159273739904165268e-02 5.736376717686653137e-02
2.842000000000000000e+06 7.824111729860305786e-03 1.160105504095554352e-02 5.730798467993736267e-02 7.824111729860305786e-03 1.160105504095554352e-02 5.730798467993736267e-02
2.843000000000000000e+06 8.453436195850372314e-03 1.159566082060337067e-02 5.645104125142097473e-02 8.453436195850372314e-03 1.159566082060337067e-02 5.645104125142097473e-02
2.844000000000000000e+06 7.291739340871572495e-03 1.159782242029905319e-02 5.722723901271820068e-02 7.291739340871572495e-03 1.159782242029905319e-02 5.722723901271820068e-02
2.845000000000000000e+06 7.363627664744853973e-03 1.158806215971708298e-02 5.661915242671966553e-02 7.363627664744853973e-03 1.158806215971708298e-02 5.661915242671966553e-02
2.846000000000000000e+06 7.507364731281995773e-03 1.156137138605117798e-02 5.713478475809097290e-02 7.507364731281995773e-03 1.156137138605117798e-02 5.713478475809097290e-02
2.847000000000000000e+06 7.262735161930322647e-03 1.158947404474020004e-02 5.704188346862792969e-02 7.262735161930322647e-03 1.158947404474020004e-02 5.704188346862792969e-02
2.848000000000000000e+06 6.686889566481113434e-03 1.160695869475603104e-02 5.604886636137962341e-02 6.686889566481113434e-03 1.160695869475603104e-02 5.604886636137962341e-02
2.849000000000000000e+06 8.293715305626392365e-03 1.161480601876974106e-02 5.665002390742301941e-02 8.293715305626392365e-03 1.161480601876974106e-02 5.665002390742301941e-02
2.850000000000000000e+06 8.122295141220092773e-03 1.158159505575895309e-02 5.644796788692474365e-02 8.122295141220092773e-03 1.158159505575895309e-02 5.644796788692474365e-02
2.851000000000000000e+06 7.593149784952402115e-03 1.159727293998003006e-02 5.779356136918067932e-02 7.593149784952402115e-03 1.159727293998003006e-02 5.779356136918067932e-02
2.852000000000000000e+06 7.116515189409255981e-03 1.155613735318183899e-02 5.628821626305580139e-02 7.116515189409255981e-03 1.155613735318183899e-02 5.628821626305580139e-02
2.853000000000000000e+06 6.894033402204513550e-03 1.159067079424858093e-02 5.726300925016403198e-02 6.894033402204513550e-03 1.159067079424858093e-02 5.726300925016403198e-02
2.854000000000000000e+06 7.208809722214937210e-03 1.156599167734384537e-02 5.744625627994537354e-02 7.208809722214937210e-03 1.156599167734384537e-02 5.744625627994537354e-02
2.855000000000000000e+06 8.465396240353584290e-03 1.152582466602325439e-02 5.758547782897949219e-02 8.465396240353584290e-03 1.152582466602325439e-02 5.758547782897949219e-02
2.856000000000000000e+06 7.226563990116119385e-03 1.158289425075054169e-02 5.639809370040893555e-02 7.226563990116119385e-03 1.158289425075054169e-02 5.639809370040893555e-02
2.857000000000000000e+06 7.935734465718269348e-03 1.158468890935182571e-02 5.669704452157020569e-02 7.935734465718269348e-03 1.158468890935182571e-02 5.669704452157020569e-02
2.858000000000000000e+06 8.318101987242698669e-03 1.158358436077833176e-02 5.715882778167724609e-02 8.318101987242698669e-03 1.158358436077833176e-02 5.715882778167724609e-02
2.859000000000000000e+06 8.277710527181625366e-03 1.154842134565114975e-02 5.646391585469245911e-02 8.277710527181625366e-03 1.154842134565114975e-02 5.646391585469245911e-02
2.860000000000000000e+06 8.034082129597663879e-03 1.158598624169826508e-02 5.672400072216987610e-02 8.034082129597663879e-03 1.158598624169826508e-02 5.672400072216987610e-02
2.861000000000000000e+06 8.048319257795810699e-03 1.163764670491218567e-02 5.633474141359329224e-02 8.048319257795810699e-03 1.163764670491218567e-02 5.633474141359329224e-02
2.862000000000000000e+06 7.704020943492650986e-03 1.158609520643949509e-02 5.702888593077659607e-02 7.704020943492650986e-03 1.158609520643949509e-02 5.702888593077659607e-02
2.863000000000000000e+06 7.345973514020442963e-03 1.157313305884599686e-02 5.671304091811180115e-02 7.345973514020442963e-03 1.157313305884599686e-02 5.671304091811180115e-02
2.864000000000000000e+06 9.000338613986968994e-03 1.153926737606525421e-02 5.774678289890289307e-02 9.000338613986968994e-03 1.153926737606525421e-02 5.774678289890289307e-02
2.865000000000000000e+06 7.505405694246292114e-03 1.159678213298320770e-02 5.784631520509719849e-02 7.505405694246292114e-03 1.159678213298320770e-02 5.784631520509719849e-02
2.866000000000000000e+06 7.244613021612167358e-03 1.156323961913585663e-02 5.678990110754966736e-02 7.244613021612167358e-03 1.156323961913585663e-02 5.678990110754966736e-02
2.867000000000000000e+06 7.538189645856618881e-03 1.159349456429481506e-02 5.637230351567268372e-02 7.538189645856618881e-03 1.159349456429481506e-02 5.637230351567268372e-02
2.868000000000000000e+06 6.983564235270023346e-03 1.155998744070529938e-02 5.671702697873115540e-02 6.983564235270023346e-03 1.155998744070529938e-02 5.671702697873115540e-02
2.869000000000000000e+06 8.162643760442733765e-03 1.157593261450529099e-02 5.686401203274726868e-02 8.162643760442733765e-03 1.157593261450529099e-02 5.686401203274726868e-02
2.870000000000000000e+06 7.911975495517253876e-03 1.156817935407161713e-02 5.733706057071685791e-02 7.911975495517253876e-03 1.156817935407161713e-02 5.733706057071685791e-02
2.871000000000000000e+06 8.854958228766918182e-03 1.154210232198238373e-02 5.716647207736968994e-02 8.854958228766918182e-03 1.154210232198238373e-02 5.716647207736968994e-02
2.872000000000000000e+06 7.435898296535015106e-03 1.156542450189590454e-02 5.654146522283554077e-02 7.435898296535015106e-03 1.156542450189590454e-02 5.654146522283554077e-02
2.873000000000000000e+06 7.445313967764377594e-03 1.157581247389316559e-02 5.663728713989257812e-02 7.445313967764377594e-03 1.157581247389316559e-02 5.663728713989257812e-02
2.874000000000000000e+06 7.647632155567407608e-03 1.159261353313922882e-02 5.643620342016220093e-02 7.647632155567407608e-03 1.159261353313922882e-02 5.643620342016220093e-02
2.875000000000000000e+06 7.749519776552915573e-03 1.156109571456909180e-02 5.710246786475181580e-02 7.749519776552915573e-03 1.156109571456909180e-02 5.710246786475181580e-02
2.876000000000000000e+06 7.229058537632226944e-03 1.157180406153202057e-02 5.639417096972465515e-02 7.229058537632226944e-03 1.157180406153202057e-02 5.639417096972465515e-02
2.877000000000000000e+06 7.937096990644931793e-03 1.157330628484487534e-02 5.693078413605690002e-02 7.937096990644931793e-03 1.157330628484487534e-02 5.693078413605690002e-02
2.878000000000000000e+06 8.054957725107669830e-03 1.156408712267875671e-02 5.610579997301101685e-02 8.054957725107669830e-03 1.156408712267875671e-02 5.610579997301101685e-02
2.879000000000000000e+06 7.268284447491168976e-03 1.155973412096500397e-02 5.642127245664596558e-02 7.268284447491168976e-03 1.155973412096500397e-02 5.642127245664596558e-02
2.880000000000000000e+06 7.433641701936721802e-03 1.160588953644037247e-02 5.662655457854270935e-02 7.433641701936721802e-03 1.160588953644037247e-02 5.662655457854270935e-02
2.881000000000000000e+06 8.069676347076892853e-03 1.154730841517448425e-02 5.689101666212081909e-02 8.069676347076892853e-03 1.154730841517448425e-02 5.689101666212081909e-02
2.882000000000000000e+06 7.747779600322246552e-03 1.159871555864810944e-02 5.726911872625350952e-02 7.747779600322246552e-03 1.159871555864810944e-02 5.726911872625350952e-02
2.883000000000000000e+06 7.687996141612529755e-03 1.158514805138111115e-02 5.687583610415458679e-02 7.687996141612529755e-03 1.158514805138111115e-02 5.687583610415458679e-02
2.884000000000000000e+06 8.369971066713333130e-03 1.153857260942459106e-02 5.631627887487411499e-02 8.369971066713333130e-03 1.153857260942459106e-02 5.631627887487411499e-02
2.885000000000000000e+06 8.906641043722629547e-03 1.156552229076623917e-02 5.634397268295288086e-02 8.906641043722629547e-03 1.156552229076623917e-02 5.634397268295288086e-02
2.886000000000000000e+06 8.566900156438350677e-03 1.159378606826066971e-02 5.811400339007377625e-02 8.566900156438350677e-03 1.159378606826066971e-02 5.811400339007377625e-02
2.887000000000000000e+06 7.497068960219621658e-03 1.151401642709970474e-02 5.609066411852836609e-02 7.497068960219621658e-03 1.151401642709970474e-02 5.609066411852836609e-02
2.888000000000000000e+06 8.267851546406745911e-03 1.155213732272386551e-02 5.769249796867370605e-02 8.267851546406745911e-03 1.155213732272386551e-02 5.769249796867370605e-02
2.889000000000000000e+06 7.360634859651327133e-03 1.154930610209703445e-02 5.654810369014739990e-02 7.360634859651327133e-03 1.154930610209703445e-02 5.654810369014739990e-02
2.890000000000000000e+06 7.372927851974964142e-03 1.153054833412170410e-02 5.605710297822952271e-02 7.372927851974964142e-03 1.153054833412170410e-02 5.605710297822952271e-02
2.891000000000000000e+06 7.309185341000556946e-03 1.155630592256784439e-02 5.664286017417907715e-02 7.309185341000556946e-03 1.155630592256784439e-02 5.664286017417907715e-02
2.892000000000000000e+06 7.732688449323177338e-03 1.153373811393976212e-02 5.710175633430480957e-02 7.732688449323177338e-03 1.153373811393976212e-02 5.710175633430480957e-02
2.893000000000000000e+06 7.444036658853292465e-03 1.153276022523641586e-02 5.629009008407592773e-02 7.444036658853292465e-03 1.153276022523641586e-02 5.629009008407592773e-02
2.894000000000000000e+06 8.064471185207366943e-03 1.152354944497346878e-02 5.653611198067665100e-02 8.064471185207366943e-03 1.152354944497346878e-02 5.653611198067665100e-02
2.895000000000000000e+06 7.582757622003555298e-03 1.150730531662702560e-02 5.699506029486656189e-02 7.582757622003555298e-03 1.150730531662702560e-02 5.699506029486656189e-02
2.896000000000000000e+06 7.180964574217796326e-03 1.156214252114295959e-02 5.557961389422416687e-02 7.180964574217796326e-03 1.156214252114295959e-02 5.557961389422416687e-02
2.897000000000000000e+06 6.782989948987960815e-03 1.155216712504625320e-02 5.579033121466636658e-02 6.782989948987960815e-03 1.155216712504625320e-02 5.579033121466636658e-02
2.898000000000000000e+06 6.900612730532884598e-03 1.154782809317111969e-02 5.659078061580657959e-02 6.900612730532884598e-03 1.154782809317111969e-02 5.659078061580657959e-02
2.899000000000000000e+06 7.899390533566474915e-03 1.151356566697359085e-02 5.707161501049995422e-02 7.899390533566474915e-03 1.151356566697359085e-02 5.707161501049995422e-02
2.900000000000000000e+06 7.679534610360860825e-03 1.151535008102655411e-02 5.678329616785049438e-02 7.679534610360860825e-03 1.151535008102655411e-02 5.678329616785049438e-02
2.901000000000000000e+06 8.276950567960739136e-03 1.155155897140502930e-02 5.710661783814430237e-02 8.276950567960739136e-03 1.155155897140502930e-02 5.710661783814430237e-02
2.902000000000000000e+06 7.796259596943855286e-03 1.149824541062116623e-02 5.668458342552185059e-02 7.796259596943855286e-03 1.149824541062116623e-02 5.668458342552185059e-02
2.903000000000000000e+06 9.070928208529949188e-03 1.162496209144592285e-02 5.599903687834739685e-02 9.070928208529949188e-03 1.162496209144592285e-02 5.599903687834739685e-02
2.904000000000000000e+06 7.003738544881343842e-03 1.152303162962198257e-02 5.674728751182556152e-02 7.003738544881343842e-03 1.152303162962198257e-02 5.674728751182556152e-02
2.905000000000000000e+06 6.919204723089933395e-03 1.150918100029230118e-02 5.573856830596923828e-02 6.919204723089933395e-03 1.150918100029230118e-02 5.573856830596923828e-02
2.906000000000000000e+06 8.053425699472427368e-03 1.155805587768554688e-02 5.626013875007629395e-02 8.053425699472427368e-03 1.155805587768554688e-02 5.626013875007629395e-02
2.907000000000000000e+06 7.328520063310861588e-03 1.153764035552740097e-02 5.605693906545639038e-02 7.328520063310861588e-03 1.153764035552740097e-02 5.605693906545639038e-02
2.908000000000000000e+06 8.114746771752834320e-03 1.152685936540365219e-02 5.620357766747474670e-02 8.114746771752834320e-03 1.152685936540365219e-02 5.620357766747474670e-02
2.909000000000000000e+06 6.359992548823356628e-03 1.153528597205877304e-02 5.565265938639640808e-02 6.359992548823356628e-03 1.153528597205877304e-02 5.565265938639640808e-02
2.910000000000000000e+06 7.098019588738679886e-03 1.155343465507030487e-02 5.608094483613967896e-02 7.098019588738679886e-03 1.155343465507030487e-02 5.608094483613967896e-02
2.911000000000000000e+06 7.886801846325397491e-03 1.156025007367134094e-02 5.618997290730476379e-02 7.886801846325397491e-03 1.156025007367134094e-02 5.618997290730476379e-02
2.912000000000000000e+06 7.116743363440036774e-03 1.152407564222812653e-02 5.592045933008193970e-02 7.116743363440036774e-03 1.152407564222812653e-02 5.592045933008193970e-02
2.913000000000000000e+06 6.952653173357248306e-03 1.152038015425205231e-02 5.590575933456420898e-02 6.952653173357248306e-03 1.152038015425205231e-02 5.590575933456420898e-02
2.914000000000000000e+06 7.786795496940612793e-03 1.149800885468721390e-02 5.640637129545211792e-02 7.786795496940612793e-03 1.149800885468721390e-02 5.640637129545211792e-02
2.915000000000000000e+06 8.146419189870357513e-03 1.151734869927167892e-02 5.681044980883598328e-02 8.146419189870357513e-03 1.151734869927167892e-02 5.681044980883598328e-02
2.916000000000000000e+06 7.197413593530654907e-03 1.153562590479850769e-02 5.656693875789642334e-02 7.197413593530654907e-03 1.153562590479850769e-02 5.656693875789642334e-02
2.917000000000000000e+06 7.853928022086620331e-03 1.151158753782510757e-02 5.586633458733558655e-02 7.853928022086620331e-03 1.151158753782510757e-02 5.586633458733558655e-02
2.918000000000000000e+06 7.417439483106136322e-03 1.151420827955007553e-02 5.640594661235809326e-02 7.417439483106136322e-03 1.151420827955007553e-02 5.640594661235809326e-02
2.919000000000000000e+06 6.836690008640289307e-03 1.152798905968666077e-02 5.575054511427879333e-02 6.836690008640289307e-03 1.152798905968666077e-02 5.575054511427879333e-02
2.920000000000000000e+06 9.401092305779457092e-03 1.148838270455598831e-02 5.759123712778091431e-02 9.401092305779457092e-03 1.148838270455598831e-02 5.759123712778091431e-02
2.921000000000000000e+06 7.574863731861114502e-03 1.145762577652931213e-02 5.549804121255874634e-02 7.574863731861114502e-03 1.145762577652931213e-02 5.549804121255874634e-02
2.922000000000000000e+06 7.574537768959999084e-03 1.151691563427448273e-02 5.629436299204826355e-02 7.574537768959999084e-03 1.151691563427448273e-02 5.629436299204826355e-02
2.923000000000000000e+06 7.153574377298355103e-03 1.149036828428506851e-02 5.606593191623687744e-02 7.153574377298355103e-03 1.149036828428506851e-02 5.606593191623687744e-02
2.924000000000000000e+06 8.567338809370994568e-03 1.152967475354671478e-02 5.645925924181938171e-02 8.567338809370994568e-03 1.152967475354671478e-02 5.645925924181938171e-02
2.925000000000000000e+06 7.905741222202777863e-03 1.153512392193078995e-02 5.642581358551979065e-02 7.905741222202777863e-03 1.153512392193078995e-02 5.642581358551979065e-02
2.926000000000000000e+06 8.274737745523452759e-03 1.154661364853382111e-02 5.601765587925910950e-02 8.274737745523452759e-03 1.154661364853382111e-02 5.601765587925910950e-02
2.927000000000000000e+06 7.658351212739944458e-03 1.151437219232320786e-02 5.609960108995437622e-02 7.658351212739944458e-03 1.151437219232320786e-02 5.609960108995437622e-02
2.928000000000000000e+06 7.214430253952741623e-03 1.151814870536327362e-02 5.687221884727478027e-02 7.214430253952741623e-03 1.151814870536327362e-02 5.687221884727478027e-02
2.929000000000000000e+06 7.652294356375932693e-03 1.147388014942407608e-02 5.652225762605667114e-02 7.652294356375932693e-03 1.147388014942407608e-02 5.652225762605667114e-02
2.930000000000000000e+06 6.784967146813869476e-03 1.149195805191993713e-02 5.565307661890983582e-02 6.784967146813869476e-03 1.149195805191993713e-02 5.565307661890983582e-02
2.931000000000000000e+06 7.521779276430606842e-03 1.149170938879251480e-02 5.546071752905845642e-02 7.521779276430606842e-03 1.149170938879251480e-02 5.546071752905845642e-02
2.932000000000000000e+06 8.861248381435871124e-03 1.153310853987932205e-02 5.690935254096984863e-02 8.861248381435871124e-03 1.153310853987932205e-02 5.690935254096984863e-02
2.933000000000000000e+06 6.876419764012098312e-03 1.149438973516225815e-02 5.568671599030494690e-02 6.876419764012098312e-03 1.149438973516225815e-02 5.568671599030494690e-02
2.934000000000000000e+06 6.992617622017860413e-03 1.151769608259201050e-02 5.562982335686683655e-02 6.992617622017860413e-03 1.151769608259201050e-02 5.562982335686683655e-02
2.935000000000000000e+06 7.566131651401519775e-03 1.148095075041055679e-02 5.580001696944236755e-02 7.566131651401519775e-03 1.148095075041055679e-02 5.580001696944236755e-02
2.936000000000000000e+06 7.135575637221336365e-03 1.150649692863225937e-02 5.531462281942367554e-02 7.135575637221336365e-03 1.150649692863225937e-02 5.531462281942367554e-02
2.937000000000000000e+06 6.603403482586145401e-03 1.147922035306692123e-02 5.549297109246253967e-02 6.603403482586145401e-03 1.147922035306692123e-02 5.549297109246253967e-02
2.938000000000000000e+06 8.509309962391853333e-03 1.148402597755193710e-02 5.618808045983314514e-02 8.509309962391853333e-03 1.148402597755193710e-02 5.618808045983314514e-02
2.939000000000000000e+06 7.990116253495216370e-03 1.150271203368902206e-02 5.601415783166885376e-02 7.990116253495216370e-03 1.150271203368902206e-02 5.601415783166885376e-02
2.940000000000000000e+06 9.530949406325817108e-03 1.149145606905221939e-02 5.653775483369827271e-02 9.530949406325817108e-03 1.149145606905221939e-02 5.653775483369827271e-02
2.941000000000000000e+06 9.640129283070564270e-03 1.154250465333461761e-02 5.613861605525016785e-02 9.640129283070564270e-03 1.154250465333461761e-02 5.613861605525016785e-02
2.942000000000000000e+06 7.692557293921709061e-03 1.149783562868833542e-02 5.599232390522956848e-02 7.692557293921709061e-03 1.149783562868833542e-02 5.599232390522956848e-02
2.943000000000000000e+06 7.911429740488529205e-03 1.145594660192728043e-02 5.590865015983581543e-02 7.911429740488529205e-03 1.145594660192728043e-02 5.590865015983581543e-02
2.944000000000000000e+06 7.766489405184984207e-03 1.150303985923528671e-02 5.602354183793067932e-02 7.766489405184984207e-03 1.150303985923528671e-02 5.602354183793067932e-02
2.945000000000000000e+06 8.102276362478733063e-03 1.152374129742383957e-02 5.655663460493087769e-02 8.102276362478733063e-03 1.152374129742383957e-02 5.655663460493087769e-02
2.946000000000000000e+06 7.178343366831541061e-03 1.145932450890541077e-02 5.540249496698379517e-02 7.178343366831541061e-03 1.145932450890541077e-02 5.540249496698379517e-02
2.947000000000000000e+06 7.847280241549015045e-03 1.146391779184341431e-02 5.649869143962860107e-02 7.847280241549015045e-03 1.146391779184341431e-02 5.649869143962860107e-02
2.948000000000000000e+06 6.955234799534082413e-03 1.147159095853567123e-02 5.592130869626998901e-02 6.955234799534082413e-03 1.147159095853567123e-02 5.592130869626998901e-02
2.949000000000000000e+06 7.395762018859386444e-03 1.148858666419982910e-02 5.642689764499664307e-02 7.395762018859386444e-03 1.148858666419982910e-02 5.642689764499664307e-02
2.950000000000000000e+06 8.177531883120536804e-03 1.146252732723951340e-02 5.577212572097778320e-02 8.177531883120536804e-03 1.146252732723951340e-02 5.577212572097778320e-02
2.951000000000000000e+06 6.611012853682041168e-03 1.145661156624555588e-02 5.509536713361740112e-02 6.611012853682041168e-03 1.145661156624555588e-02 5.509536713361740112e-02
2.952000000000000000e+06 6.785663310438394547e-03 1.146969012916088104e-02 5.527550727128982544e-02 6.785663310438394547e-03 1.146969012916088104e-02 5.527550727128982544e-02
2.953000000000000000e+06 7.826745510101318359e-03 1.149741560220718384e-02 5.665047094225883484e-02 7.826745510101318359e-03 1.149741560220718384e-02 5.665047094225883484e-02
2.954000000000000000e+06 6.988699547946453094e-03 1.148294378072023392e-02 5.572109296917915344e-02 6.988699547946453094e-03 1.148294378072023392e-02 5.572109296917915344e-02
2.955000000000000000e+06 6.737096700817346573e-03 1.148544158786535263e-02 5.571671575307846069e-02 6.737096700817346573e-03 1.148544158786535263e-02 5.571671575307846069e-02
2.956000000000000000e+06 7.738852407783269882e-03 1.151252165436744690e-02 5.568403378129005432e-02 7.738852407783269882e-03 1.151252165436744690e-02 5.568403378129005432e-02
2.957000000000000000e+06 7.202078588306903839e-03 1.149402093142271042e-02 5.542269349098205566e-02 7.202078588306903839e-03 1.149402093142271042e-02 5.542269349098205566e-02
2.958000000000000000e+06 7.323655765503644943e-03 1.144696492701768875e-02 5.577215179800987244e-02 7.323655765503644943e-03 1.144696492701768875e-02 5.577215179800987244e-02
2.959000000000000000e+06 6.806830875575542450e-03 1.145608350634574890e-02 5.520814284682273865e-02 6.806830875575542450e-03 1.145608350634574890e-02 5.520814284682273865e-02
2.960000000000000000e+06 7.800544146448373795e-03 1.144982781261205673e-02 5.590467900037765503e-02 7.800544146448373795e-03 1.144982781261205673e-02 5.590467900037765503e-02
2.961000000000000000e+06 6.530856247991323471e-03 1.146330684423446655e-02 5.527017638087272644e-02 6.530856247991323471e-03 1.146330684423446655e-02 5.527017638087272644e-02
2.962000000000000000e+06 7.462501060217618942e-03 1.142507325857877731e-02 5.607490986585617065e-02 7.462501060217618942e-03 1.142507325857877731e-02 5.607490986585617065e-02
2.963000000000000000e+06 7.805732078850269318e-03 1.142108812928199768e-02 5.628012493252754211e-02 7.805732078850269318e-03 1.142108812928199768e-02 5.628012493252754211e-02
2.964000000000000000e+06 6.504430901259183884e-03 1.146760582923889160e-02 5.531585961580276489e-02 6.504430901259183884e-03 1.146760582923889160e-02 5.531585961580276489e-02
2.965000000000000000e+06 7.463992107659578323e-03 1.146289333701133728e-02 5.605324357748031616e-02 7.463992107659578323e-03 1.146289333701133728e-02 5.605324357748031616e-02
2.966000000000000000e+06 7.260166108608245850e-03 1.151232421398162842e-02 5.563303828239440918e-02 7.260166108608245850e-03 1.151232421398162842e-02 5.563303828239440918e-02
2.967000000000000000e+06 7.768587209284305573e-03 1.148774940520524979e-02 5.636570230126380920e-02 7.768587209284305573e-03 1.148774940520524979e-02 5.636570230126380920e-02
2.968000000000000000e+06 7.368384860455989838e-03 1.145404949784278870e-02 5.585775896906852722e-02 7.368384860455989838e-03 1.145404949784278870e-02 5.585775896906852722e-02
2.969000000000000000e+06 7.395262364298105240e-03 1.148429047316312790e-02 5.615764111280441284e-02 7.395262364298105240e-03 1.148429047316312790e-02 5.615764111280441284e-02
2.970000000000000000e+06 6.978242192417383194e-03 1.143516879528760910e-02 5.499062314629554749e-02 6.978242192417383194e-03 1.143516879528760910e-02 5.499062314629554749e-02
2.971000000000000000e+06 8.392547257244586945e-03 1.145708374679088593e-02 5.610937252640724182e-02 8.392547257244586945e-03 1.145708374679088593e-02 5.610937252640724182e-02
2.972000000000000000e+06 7.357402704656124115e-03 1.144154835492372513e-02 5.600124225020408630e-02 7.357402704656124115e-03 1.144154835492372513e-02 5.600124225020408630e-02
2.973000000000000000e+06 7.707226555794477463e-03 1.146113034337759018e-02 5.535309761762619019e-02 7.707226555794477463e-03 1.146113034337759018e-02 5.535309761762619019e-02
2.974000000000000000e+06 7.579453289508819580e-03 1.146590337157249451e-02 5.539615079760551453e-02 7.579453289508819580e-03 1.146590337157249451e-02 5.539615079760551453e-02
2.975000000000000000e+06 8.564518764615058899e-03 1.146647240966558456e-02 5.529788881540298462e-02 8.564518764615058899e-03 1.146647240966558456e-02 5.529788881540298462e-02
2.976000000000000000e+06 7.071832660585641861e-03 1.146273873746395111e-02 5.516362190246582031e-02 7.071832660585641861e-03 1.146273873746395111e-02 5.516362190246582031e-02
2.977000000000000000e+06 7.581599522382020950e-03 1.146426703780889511e-02 5.627221986651420593e-02 7.581599522382020950e-03 1.146426703780889511e-02 5.627221986651420593e-02
2.978000000000000000e+06 7.096264511346817017e-03 1.144306175410747528e-02 5.588128045201301575e-02 7.096264511346817017e-03 1.144306175410747528e-02 5.588128045201301575e-02
2.979000000000000000e+06 7.778899278491735458e-03 1.146479230374097824e-02 5.577461048960685730e-02 7.778899278491735458e-03 1.146479230374097824e-02 5.577461048960685730e-02
2.980000000000000000e+06 7.222476880997419357e-03 1.148779690265655518e-02 5.512201040983200073e-02 7.222476880997419357e-03 1.148779690265655518e-02 5.512201040983200073e-02
2.981000000000000000e+06 7.615480571985244751e-03 1.147784013301134109e-02 5.516249313950538635e-02 7.615480571985244751e-03 1.147784013301134109e-02 5.516249313950538635e-02
2.982000000000000000e+06 7.163000293076038361e-03 1.150917075574398041e-02 5.515803769230842590e-02 7.163000293076038361e-03 1.150917075574398041e-02 5.515803769230842590e-02
2.983000000000000000e+06 6.410199217498302460e-03 1.146391592919826508e-02 5.545717850327491760e-02 6.410199217498302460e-03 1.146391592919826508e-02 5.545717850327491760e-02
2.984000000000000000e+06 7.619175594300031662e-03 1.145980786532163620e-02 5.576498806476593018e-02 7.619175594300031662e-03 1.145980786532163620e-02 5.576498806476593018e-02
2.985000000000000000e+06 8.163742721080780029e-03 1.145033072680234909e-02 5.607876926660537720e-02 8.163742721080780029e-03 1.145033072680234909e-02 5.607876926660537720e-02
2.986000000000000000e+06 6.530005950480699539e-03 1.145574823021888733e-02 5.543459579348564148e-02 6.530005950480699539e-03 1.145574823021888733e-02 5.543459579348564148e-02
2.987000000000000000e+06 9.359838441014289856e-03 1.145468000322580338e-02 5.590359121561050415e-02 9.359838441014289856e-03 1.145468000322580338e-02 5.590359121561050415e-02
2.988000000000000000e+06 7.045218255370855331e-03 1.145615335553884506e-02 5.599835515022277832e-02 7.045218255370855331e-03 1.145615335553884506e-02 5.599835515022277832e-02
2.989000000000000000e+06 7.979954592883586884e-03 1.148516777902841568e-02 5.558656901121139526e-02 7.979954592883586884e-03 1.148516777902841568e-02 5.558656901121139526e-02
2.990000000000000000e+06 7.998131215572357178e-03 1.142152212560176849e-02 5.570225045084953308e-02 7.998131215572357178e-03 1.142152212560176849e-02 5.570225045084953308e-02
2.991000000000000000e+06 6.796942558139562607e-03 1.143263652920722961e-02 5.545971170067787170e-02 6.796942558139562607e-03 1.143263652920722961e-02 5.545971170067787170e-02
2.992000000000000000e+06 6.870678160339593887e-03 1.142616756260395050e-02 5.481939762830734253e-02 6.870678160339593887e-03 1.142616756260395050e-02 5.481939762830734253e-02
2.993000000000000000e+06 7.506873458623886108e-03 1.144983433187007904e-02 5.647601932287216187e-02 7.506873458623886108e-03 1.144983433187007904e-02 5.647601932287216187e-02
2.994000000000000000e+06 6.860806141048669815e-03 1.146373804658651352e-02 5.502517521381378174e-02 6.860806141048669815e-03 1.146373804658651352e-02 5.502517521381378174e-02
2.995000000000000000e+06 8.172827772796154022e-03 1.147172413766384125e-02 5.578215420246124268e-02 8.172827772796154022e-03 1.147172413766384125e-02 5.578215420246124268e-02
2.996000000000000000e+06 7.741254288703203201e-03 1.144314277917146683e-02 5.539824441075325012e-02 7.741254288703203201e-03 1.144314277917146683e-02 5.539824441075325012e-02
2.997000000000000000e+06 6.290317978709936142e-03 1.144468132406473160e-02 5.489053577184677124e-02 6.290317978709936142e-03 1.144468132406473160e-02 5.489053577184677124e-02
2.998000000000000000e+06 6.938435602933168411e-03 1.145585533231496811e-02 5.530212819576263428e-02 6.938435602933168411e-03 1.145585533231496811e-02 5.530212819576263428e-02
2.999000000000000000e+06 8.330357261002063751e-03 1.143703889101743698e-02 5.644212290644645691e-02 8.330357261002063751e-03 1.143703889101743698e-02 5.644212290644645691e-02
3.000000000000000000e+06 6.904996000230312347e-03 1.141353882849216461e-02 5.484040454030036926e-02 6.904996000230312347e-03 1.141353882849216461e-02 5.484040454030036926e-02
3.001000000000000000e+06 6.661997176706790924e-03 1.142000313848257065e-02 5.532006174325942993e-02 6.661997176706790924e-03 1.142000313848257065e-02 5.532006174325942993e-02
3.002000000000000000e+06 8.745855651795864105e-03 1.143339555710554123e-02 5.556665733456611633e-02 8.745855651795864105e-03 1.143339555710554123e-02 5.556665733456611633e-02
3.003000000000000000e+06 7.077822461724281311e-03 1.141468249261379242e-02 5.559796094894409180e-02 7.077822461724281311e-03 1.141468249261379242e-02 5.559796094894409180e-02
3.004000000000000000e+06 6.529291160404682159e-03 1.142579037696123123e-02 5.483746156096458435e-02 6.529291160404682159e-03 1.142579037696123123e-02 5.483746156096458435e-02
3.005000000000000000e+06 7.519464474171400070e-03 1.139272376894950867e-02 5.565957352519035339e-02 7.519464474171400070e-03 1.139272376894950867e-02 5.565957352519035339e-02
3.006000000000000000e+06 7.241439074277877808e-03 1.143055781722068787e-02 5.531855300068855286e-02 7.241439074277877808e-03 1.143055781722068787e-02 5.531855300068855286e-02
3.007000000000000000e+06 7.293592207133769989e-03 1.137905381619930267e-02 5.468314513564109802e-02 7.293592207133769989e-03 1.137905381619930267e-02 5.468314513564109802e-02
3.008000000000000000e+06 7.115107960999011993e-03 1.145935524255037308e-02 5.595632642507553101e-02 7.115107960999011993e-03 1.145935524255037308e-02 5.595632642507553101e-02
3.009000000000000000e+06 7.810806855559349060e-03 1.143632456660270691e-02 5.569991841912269592e-02 7.810806855559349060e-03 1.143632456660270691e-02 5.569991841912269592e-02
3.010000000000000000e+06 6.857507396489381790e-03 1.140015013515949249e-02 5.555666238069534302e-02 6.857507396489381790e-03 1.140015013515949249e-02 5.555666238069534302e-02
3.011000000000000000e+06 7.192549761384725571e-03 1.144661195576190948e-02 5.489656329154968262e-02 7.192549761384725571e-03 1.144661195576190948e-02 5.489656329154968262e-02
3.012000000000000000e+06 7.583237253129482269e-03 1.141964085400104523e-02 5.544753372669219971e-02 7.583237253129482269e-03 1.141964085400104523e-02 5.544753372669219971e-02
3.013000000000000000e+06 7.361475378274917603e-03 1.141668669879436493e-02 5.482868850231170654e-02 7.361475378274917603e-03 1.141668669879436493e-02 5.482868850231170654e-02
3.014000000000000000e+06 6.698306184262037277e-03 1.140083186328411102e-02 5.549100413918495178e-02 6.698306184262037277e-03 1.140083186328411102e-02 5.549100413918495178e-02
3.015000000000000000e+06 6.710597313940525055e-03 1.140027586370706558e-02 5.459196865558624268e-02 6.710597313940525055e-03 1.140027586370706558e-02 5.459196865558624268e-02
3.016000000000000000e+06 7.127048913389444351e-03 1.138443406671285629e-02 5.537609755992889404e-02 7.127048913389444351e-03 1.138443406671285629e-02 5.537609755992889404e-02
3.017000000000000000e+06 6.390890106558799744e-03 1.139236148446798325e-02 5.495006963610649109e-02 6.390890106558799744e-03 1.139236148446798325e-02 5.495006963610649109e-02
3.018000000000000000e+06 7.291444111615419388e-03 1.143147889524698257e-02 5.518097430467605591e-02 7.291444111615419388e-03 1.143147889524698257e-02 5.518097430467605591e-02
3.019000000000000000e+06 9.135956875979900360e-03 1.140282023698091507e-02 5.675490200519561768e-02 9.135956875979900360e-03 1.140282023698091507e-02 5.675490200519561768e-02
3.020000000000000000e+06 9.375758469104766846e-03 1.138204894959926605e-02 5.648445710539817810e-02 9.375758469104766846e-03 1.138204894959926605e-02 5.648445710539817810e-02
3.021000000000000000e+06 7.780120708048343658e-03 1.140043046325445175e-02 5.519266799092292786e-02 7.780120708048343658e-03 1.140043046325445175e-02 5.519266799092292786e-02
3.022000000000000000e+06 7.487528491765260696e-03 1.141733769327402115e-02 5.514593049883842468e-02 7.487528491765260696e-03 1.141733769327402115e-02 5.514593049883842468e-02
3.023000000000000000e+06 6.882109213620424271e-03 1.142042595893144608e-02 5.466540902853012085e-02 6.882109213620424271e-03 1.142042595893144608e-02 5.466540902853012085e-02
3.024000000000000000e+06 7.961212657392024994e-03 1.138362847268581390e-02 5.578899383544921875e-02 7.961212657392024994e-03 1.138362847268581390e-02 5.578899383544921875e-02
3.025000000000000000e+06 7.523223292082548141e-03 1.137789431959390640e-02 5.517204850912094116e-02 7.523223292082548141e-03 1.137789431959390640e-02 5.517204850912094116e-02
3.026000000000000000e+06 7.904738187789916992e-03 1.134554482996463776e-02 5.503905564546585083e-02 7.904738187789916992e-03 1.134554482996463776e-02 5.503905564546585083e-02
3.027000000000000000e+06 1.085710246115922928e-02 1.137362606823444366e-02 5.697903037071228027e-02 1.085710246115922928e-02 1.137362606823444366e-02 5.697903037071228027e-02
3.028000000000000000e+06 8.648495189845561981e-03 1.140306144952774048e-02 5.492792651057243347e-02 8.648495189845561981e-03 1.140306144952774048e-02 5.492792651057243347e-02
3.029000000000000000e+06 8.214186877012252808e-03 1.131657138466835022e-02 5.544762685894966125e-02 8.214186877012252808e-03 1.131657138466835022e-02 5.544762685894966125e-02
3.030000000000000000e+06 7.114725653082132339e-03 1.139720994979143143e-02 5.487205833196640015e-02 7.114725653082132339e-03 1.139720994979143143e-02 5.487205833196640015e-02
3.031000000000000000e+06 6.363763473927974701e-03 1.139582600444555283e-02 5.493164807558059692e-02 6.363763473927974701e-03 1.139582600444555283e-02 5.493164807558059692e-02
3.032000000000000000e+06 8.345266804099082947e-03 1.136345881968736649e-02 5.512151867151260376e-02 8.345266804099082947e-03 1.136345881968736649e-02 5.512151867151260376e-02
3.033000000000000000e+06 7.414505816996097565e-03 1.140947174280881882e-02 5.425484105944633484e-02 7.414505816996097565e-03 1.140947174280881882e-02 5.425484105944633484e-02
3.034000000000000000e+06 6.752165965735912323e-03 1.138279028236865997e-02 5.489049479365348816e-02 6.752165965735912323e-03 1.138279028236865997e-02 5.489049479365348816e-02
3.035000000000000000e+06 6.647978909313678741e-03 1.142161898314952850e-02 5.548102036118507385e-02 6.647978909313678741e-03 1.142161898314952850e-02 5.548102036118507385e-02
3.036000000000000000e+06 7.365861441940069199e-03 1.139338780194520950e-02 5.517001450061798096e-02 7.365861441940069199e-03 1.139338780194520950e-02 5.517001450061798096e-02
3.037000000000000000e+06 7.279019337147474289e-03 1.140577066689729691e-02 5.490795522928237915e-02 7.279019337147474289e-03 1.140577066689729691e-02 5.490795522928237915e-02
3.038000000000000000e+06 7.292997557669878006e-03 1.140315923839807510e-02 5.474737286567687988e-02 7.292997557669878006e-03 1.140315923839807510e-02 5.474737286567687988e-02
3.039000000000000000e+06 7.408233359456062317e-03 1.139155961573123932e-02 5.600972846150398254e-02 7.408233359456062317e-03 1.139155961573123932e-02 5.600972846150398254e-02
3.040000000000000000e+06 7.275742944329977036e-03 1.138674467802047729e-02 5.479251220822334290e-02 7.275742944329977036e-03 1.138674467802047729e-02 5.479251220822334290e-02
3.041000000000000000e+06 6.422177422791719437e-03 1.139708980917930603e-02 5.492050945758819580e-02 6.422177422791719437e-03 1.139708980917930603e-02 5.492050945758819580e-02
3.042000000000000000e+06 7.059570401906967163e-03 1.138145942240953445e-02 5.439246445894241333e-02 7.059570401906967163e-03 1.138145942240953445e-02 5.439246445894241333e-02
3.043000000000000000e+06 6.847243290394544601e-03 1.134979072958230972e-02 5.475499108433723450e-02 6.847243290394544601e-03 1.134979072958230972e-02 5.475499108433723450e-02
3.044000000000000000e+06 6.335997022688388824e-03 1.140545681118965149e-02 5.438640341162681580e-02 6.335997022688388824e-03 1.140545681118965149e-02 5.438640341162681580e-02
3.045000000000000000e+06 6.391168572008609772e-03 1.137799397110939026e-02 5.412387102842330933e-02 6.391168572008609772e-03 1.137799397110939026e-02 5.412387102842330933e-02
3.046000000000000000e+06 8.180836215615272522e-03 1.135826297104358673e-02 5.506730452179908752e-02 8.180836215615272522e-03 1.135826297104358673e-02 5.506730452179908752e-02
3.047000000000000000e+06 6.572820711880922318e-03 1.139542646706104279e-02 5.463863909244537354e-02 6.572820711880922318e-03 1.139542646706104279e-02 5.463863909244537354e-02
3.048000000000000000e+06 7.473153062164783478e-03 1.138366572558879852e-02 5.546773225069046021e-02 7.473153062164783478e-03 1.138366572558879852e-02 5.546773225069046021e-02
3.049000000000000000e+06 7.100504357367753983e-03 1.139513310045003891e-02 5.463576689362525940e-02 7.100504357367753983e-03 1.139513310045003891e-02 5.463576689362525940e-02
3.050000000000000000e+06 7.910782471299171448e-03 1.139550842344760895e-02 5.509882047772407532e-02 7.910782471299171448e-03 1.139550842344760895e-02 5.509882047772407532e-02
3.051000000000000000e+06 8.242941461503505707e-03 1.133144460618495941e-02 5.587022006511688232e-02 8.242941461503505707e-03 1.133144460618495941e-02 5.587022006511688232e-02
3.052000000000000000e+06 6.532629020512104034e-03 1.140650548040866852e-02 5.436327680945396423e-02 6.532629020512104034e-03 1.140650548040866852e-02 5.436327680945396423e-02
3.053000000000000000e+06 7.774196565151214600e-03 1.138645131140947342e-02 5.519771203398704529e-02 7.774196565151214600e-03 1.138645131140947342e-02 5.519771203398704529e-02
3.054000000000000000e+06 8.208757266402244568e-03 1.137604378163814545e-02 5.457823351025581360e-02 8.208757266402244568e-03 1.137604378163814545e-02 5.457823351025581360e-02
3.055000000000000000e+06 7.048218976706266403e-03 1.138980686664581299e-02 5.451568961143493652e-02 7.048218976706266403e-03 1.138980686664581299e-02 5.451568961143493652e-02
3.056000000000000000e+06 6.736607290804386139e-03 1.138509716838598251e-02 5.489233881235122681e-02 6.736607290804386139e-03 1.138509716838598251e-02 5.489233881235122681e-02
3.057000000000000000e+06 8.312544785439968109e-03 1.132918149232864380e-02 5.506955832242965698e-02 8.312544785439968109e-03 1.132918149232864380e-02 5.506955832242965698e-02
3.058000000000000000e+06 7.167948875576257706e-03 1.134831272065639496e-02 5.493674054741859436e-02 7.167948875576257706e-03 1.134831272065639496e-02 5.493674054741859436e-02
3.059000000000000000e+06 8.138706907629966736e-03 1.135392300784587860e-02 5.535826832056045532e-02 8.138706907629966736e-03 1.135392300784587860e-02 5.535826832056045532e-02
3.060000000000000000e+06 7.241358514875173569e-03 1.134847756475210190e-02 5.482216924428939819e-02 7.241358514875173569e-03 1.134847756475210190e-02 5.482216924428939819e-02
3.061000000000000000e+06 6.912737153470516205e-03 1.131992042064666748e-02 5.442440137267112732e-02 6.912737153470516205e-03 1.131992042064666748e-02 5.442440137267112732e-02
3.062000000000000000e+06 7.726780604571104050e-03 1.134226005524396896e-02 5.564196035265922546e-02 7.726780604571104050e-03 1.134226005524396896e-02 5.564196035265922546e-02
3.063000000000000000e+06 8.419007994234561920e-03 1.132284943014383316e-02 5.497607216238975525e-02 8.419007994234561920e-03 1.132284943014383316e-02 5.497607216238975525e-02
3.064000000000000000e+06 6.972113624215126038e-03 1.138419471681118011e-02 5.502917990088462830e-02 6.972113624215126038e-03 1.138419471681118011e-02 5.502917990088462830e-02
3.065000000000000000e+06 6.395763717591762543e-03 1.135654747486114502e-02 5.478483438491821289e-02 6.395763717591762543e-03 1.135654747486114502e-02 5.478483438491821289e-02
3.066000000000000000e+06 6.900700740516185760e-03 1.136656757444143295e-02 5.479031056165695190e-02 6.900700740516185760e-03 1.136656757444143295e-02 5.479031056165695190e-02
3.067000000000000000e+06 6.306170485913753510e-03 1.135985273867845535e-02 5.439382418990135193e-02 6.306170485913753510e-03 1.135985273867845535e-02 5.439382418990135193e-02
3.068000000000000000e+06 6.681538652628660202e-03 1.135826297104358673e-02 5.489045754075050354e-02 6.681538652628660202e-03 1.135826297104358673e-02 5.489045754075050354e-02
3.069000000000000000e+06 7.436314132064580917e-03 1.135291345417499542e-02 5.453768000006675720e-02 7.436314132064580917e-03 1.135291345417499542e-02 5.453768000006675720e-02
3.070000000000000000e+06 6.898940075188875198e-03 1.136095914989709854e-02 5.493253096938133240e-02 6.898940075188875198e-03 1.136095914989709854e-02 5.493253096938133240e-02
3.071000000000000000e+06 8.313851431012153625e-03 1.136977225542068481e-02 5.561894923448562622e-02 8.313851431012153625e-03 1.136977225542068481e-02 5.561894923448562622e-02
3.072000000000000000e+06 7.526746485382318497e-03 1.139243599027395248e-02 5.543588101863861084e-02 7.526746485382318497e-03 1.139243599027395248e-02 5.543588101863861084e-02
3.073000000000000000e+06 8.176249451935291290e-03 1.135023310780525208e-02 5.447807535529136658e-02 8.176249451935291290e-03 1.135023310780525208e-02 5.447807535529136658e-02
3.074000000000000000e+06 7.682763971388339996e-03 1.135671790689229965e-02 5.509321764111518860e-02 7.682763971388339996e-03 1.135671790689229965e-02 5.509321764111518860e-02
3.075000000000000000e+06 7.636463735252618790e-03 1.131605636328458786e-02 5.451046675443649292e-02 7.636463735252618790e-03 1.131605636328458786e-02 5.451046675443649292e-02
3.076000000000000000e+06 7.277422118932008743e-03 1.132075954228639603e-02 5.519384890794754028e-02 7.277422118932008743e-03 1.132075954228639603e-02 5.519384890794754028e-02
3.077000000000000000e+06 7.892504334449768066e-03 1.132981758564710617e-02 5.532541126012802124e-02 7.892504334449768066e-03 1.132981758564710617e-02 5.532541126012802124e-02
3.078000000000000000e+06 7.460729684680700302e-03 1.131730247288942337e-02 5.483835190534591675e-02 7.460729684680700302e-03 1.131730247288942337e-02 5.483835190534591675e-02
3.079000000000000000e+06 6.931063719093799591e-03 1.135543920099735260e-02 5.521864071488380432e-02 6.931063719093799591e-03 1.135543920099735260e-02 5.521864071488380432e-02
3.080000000000000000e+06 8.526894263923168182e-03 1.134647335857152939e-02 5.481721460819244385e-02 8.526894263923168182e-03 1.134647335857152939e-02 5.481721460819244385e-02
3.081000000000000000e+06 6.942589767277240753e-03 1.137433294206857681e-02 5.390240252017974854e-02 6.942589767277240753e-03 1.137433294206857681e-02 5.390240252017974854e-02
3.082000000000000000e+06 6.837386172264814377e-03 1.137741468846797943e-02 5.503761395812034607e-02 6.837386172264814377e-03 1.137741468846797943e-02 5.503761395812034607e-02
3.083000000000000000e+06 8.283130824565887451e-03 1.140968687832355499e-02 5.443340539932250977e-02 8.283130824565887451e-03 1.140968687832355499e-02 5.443340539932250977e-02
3.084000000000000000e+06 7.036141585558652878e-03 1.136834267526865005e-02 5.460302904248237610e-02 7.036141585558652878e-03 1.136834267526865005e-02 5.460302904248237610e-02
3.085000000000000000e+06 6.576370913535356522e-03 1.140988804399967194e-02 5.403938144445419312e-02 6.576370913535356522e-03 1.140988804399967194e-02 5.403938144445419312e-02
3.086000000000000000e+06 7.751026656478643417e-03 1.132373977452516556e-02 5.527780577540397644e-02 7.751026656478643417e-03 1.132373977452516556e-02 5.527780577540397644e-02
3.087000000000000000e+06 8.095589466392993927e-03 1.133183017373085022e-02 5.549036338925361633e-02 8.095589466392993927e-03 1.133183017373085022e-02 5.549036338925361633e-02
3.088000000000000000e+06 6.517769303172826767e-03 1.133807189762592316e-02 5.400602146983146667e-02 6.517769303172826767e-03 1.133807189762592316e-02 5.400602146983146667e-02
3.089000000000000000e+06 7.663720753043889999e-03 1.133258920162916183e-02 5.452938005328178406e-02 7.663720753043889999e-03 1.133258920162916183e-02 5.452938005328178406e-02
3.090000000000000000e+06 6.745988503098487854e-03 1.135298330336809158e-02 5.464143306016921997e-02 6.745988503098487854e-03 1.135298330336809158e-02 5.464143306016921997e-02
3.091000000000000000e+06 6.726355291903018951e-03 1.133783347904682159e-02 5.433890596032142639e-02 6.726355291903018951e-03 1.133783347904682159e-02 5.433890596032142639e-02
3.092000000000000000e+06 7.107894867658615112e-03 1.136413309723138809e-02 5.429359897971153259e-02 7.107894867658615112e-03 1.136413309723138809e-02 5.429359897971153259e-02
3.093000000000000000e+06 7.387116085737943649e-03 1.134573854506015778e-02 5.469674989581108093e-02 7.387116085737943649e-03 1.134573854506015778e-02 5.469674989581108093e-02
3.094000000000000000e+06 6.610594224184751511e-03 1.130673196166753769e-02 5.439757928252220154e-02 6.610594224184751511e-03 1.130673196166753769e-02 5.439757928252220154e-02
3.095000000000000000e+06 7.573764305561780930e-03 1.135037373751401901e-02 5.512345209717750549e-02 7.573764305561780930e-03 1.135037373751401901e-02 5.512345209717750549e-02
3.096000000000000000e+06 6.654921919107437134e-03 1.131471246480941772e-02 5.510584264993667603e-02 6.654921919107437134e-03 1.131471246480941772e-02 5.510584264993667603e-02
3.097000000000000000e+06 7.434401661157608032e-03 1.127795223146677017e-02 5.503324791789054871e-02 7.434401661157608032e-03 1.127795223146677017e-02 5.503324791789054871e-02
3.098000000000000000e+06 6.829198915511369705e-03 1.129410136491060257e-02 5.419130995869636536e-02 6.829198915511369705e-03 1.129410136491060257e-02 5.419130995869636536e-02
3.099000000000000000e+06 7.110109552741050720e-03 1.128716580569744110e-02 5.430369824171066284e-02 7.110109552741050720e-03 1.128716580569744110e-02 5.430369824171066284e-02
3.100000000000000000e+06 6.385611370205879211e-03 1.132781431078910828e-02 5.413902550935745239e-02 6.385611370205879211e-03 1.132781431078910828e-02 5.413902550935745239e-02
3.101000000000000000e+06 9.109402075409889221e-03 1.130122318863868713e-02 5.434783548116683960e-02 9.109402075409889221e-03 1.130122318863868713e-02 5.434783548116683960e-02
3.102000000000000000e+06 7.289527449756860733e-03 1.130232773721218109e-02 5.427403375506401062e-02 7.289527449756860733e-03 1.130232773721218109e-02 5.427403375506401062e-02
3.103000000000000000e+06 7.968325167894363403e-03 1.130089722573757172e-02 5.401578545570373535e-02 7.968325167894363403e-03 1.130089722573757172e-02 5.401578545570373535e-02
3.104000000000000000e+06 7.332758512347936630e-03 1.132241822779178619e-02 5.424301326274871826e-02 7.332758512347936630e-03 1.132241822779178619e-02 5.424301326274871826e-02
3.105000000000000000e+06 6.612994708120822906e-03 1.127256359905004501e-02 5.365468189120292664e-02 6.612994708120822906e-03 1.127256359905004501e-02 5.365468189120292664e-02
3.106000000000000000e+06 6.607729941606521606e-03 1.131002604961395264e-02 5.428132787346839905e-02 6.607729941606521606e-03 1.131002604961395264e-02 5.428132787346839905e-02
3.107000000000000000e+06 6.571687292307615280e-03 1.136099267750978470e-02 5.426457524299621582e-02 6.571687292307615280e-03 1.136099267750978470e-02 5.426457524299621582e-02
3.108000000000000000e+06 7.290020119398832321e-03 1.130920276045799255e-02 5.491475388407707214e-02 7.290020119398832321e-03 1.130920276045799255e-02 5.491475388407707214e-02
3.109000000000000000e+06 7.250119000673294067e-03 1.129899825900793076e-02 5.391688272356987000e-02 7.250119000673294067e-03 1.129899825900793076e-02 5.391688272356987000e-02
3.110000000000000000e+06 7.494025863707065582e-03 1.134391780942678452e-02 5.453013628721237183e-02 7.494025863707065582e-03 1.134391780942678452e-02 5.453013628721237183e-02
3.111000000000000000e+06 6.840455345809459686e-03 1.132331602275371552e-02 5.372665077447891235e-02 6.840455345809459686e-03 1.132331602275371552e-02 5.372665077447891235e-02
3.112000000000000000e+06 6.590927951037883759e-03 1.130926143378019333e-02 5.387168005108833313e-02 6.590927951037883759e-03 1.130926143378019333e-02 5.387168005108833313e-02
3.113000000000000000e+06 7.750073913484811783e-03 1.131359674036502838e-02 5.505656078457832336e-02 7.750073913484811783e-03 1.131359674036502838e-02 5.505656078457832336e-02
3.114000000000000000e+06 7.380889728665351868e-03 1.132857427000999451e-02 5.463440343737602234e-02 7.380889728665351868e-03 1.132857427000999451e-02 5.463440343737602234e-02
3.115000000000000000e+06 6.368412636220455170e-03 1.132416166365146637e-02 5.460620298981666565e-02 6.368412636220455170e-03 1.132416166365146637e-02 5.460620298981666565e-02
3.116000000000000000e+06 6.714494898915290833e-03 1.133577059954404831e-02 5.452500283718109131e-02 6.714494898915290833e-03 1.133577059954404831e-02 5.452500283718109131e-02
3.117000000000000000e+06 6.483869161456823349e-03 1.128984708338975906e-02 5.393240600824356079e-02 6.483869161456823349e-03 1.128984708338975906e-02 5.393240600824356079e-02
3.118000000000000000e+06 7.260775659233331680e-03 1.130398083478212357e-02 5.407996848225593567e-02 7.260775659233331680e-03 1.130398083478212357e-02 5.407996848225593567e-02
3.119000000000000000e+06 9.188450872898101807e-03 1.127683557569980621e-02 5.600008368492126465e-02 9.188450872898101807e-03 1.127683557569980621e-02 5.600008368492126465e-02
3.120000000000000000e+06 7.408912759274244308e-03 1.130402367562055588e-02 5.436268821358680725e-02 7.408912759274244308e-03 1.130402367562055588e-02 5.436268821358680725e-02
3.121000000000000000e+06 6.866504438221454620e-03 1.131291873753070831e-02 5.555041134357452393e-02 6.866504438221454620e-03 1.131291873753070831e-02 5.555041134357452393e-02
3.122000000000000000e+06 7.448780350387096405e-03 1.130554545670747757e-02 5.441365763545036316e-02 7.448780350387096405e-03 1.130554545670747757e-02 5.441365763545036316e-02
3.123000000000000000e+06 7.187373470515012741e-03 1.131605450063943863e-02 5.377046018838882446e-02 7.187373470515012741e-03 1.131605450063943863e-02 5.377046018838882446e-02
3.124000000000000000e+06 7.694969419389963150e-03 1.132121030241250992e-02 5.368321016430854797e-02 7.694969419389963150e-03 1.132121030241250992e-02 5.368321016430854797e-02
3.125000000000000000e+06 7.122966926544904709e-03 1.133146975189447403e-02 5.379347875714302063e-02 7.122966926544904709e-03 1.133146975189447403e-02 5.379347875714302063e-02
3.126000000000000000e+06 7.223116699606180191e-03 1.130050420761108398e-02 5.371730774641036987e-02 7.223116699606180191e-03 1.130050420761108398e-02 5.371730774641036987e-02
3.127000000000000000e+06 7.266055792570114136e-03 1.129745040088891983e-02 5.446148663759231567e-02 7.266055792570114136e-03 1.129745040088891983e-02 5.446148663759231567e-02
3.128000000000000000e+06 7.469973526895046234e-03 1.131056435406208038e-02 5.459772050380706787e-02 7.469973526895046234e-03 1.131056435406208038e-02 5.459772050380706787e-02
3.129000000000000000e+06 6.809423677623271942e-03 1.126529928296804428e-02 5.385643616318702698e-02 6.809423677623271942e-03 1.126529928296804428e-02 5.385643616318702698e-02
3.130000000000000000e+06 7.514876313507556915e-03 1.128276530653238297e-02 5.359086394309997559e-02 7.514876313507556915e-03 1.128276530653238297e-02 5.359086394309997559e-02
3.131000000000000000e+06 6.772866472601890564e-03 1.131153386086225510e-02 5.437297374010086060e-02 6.772866472601890564e-03 1.131153386086225510e-02 5.437297374010086060e-02
3.132000000000000000e+06 7.027420680969953537e-03 1.130251958966255188e-02 5.479013174772262573e-02 7.027420680969953537e-03 1.130251958966255188e-02 5.479013174772262573e-02
3.133000000000000000e+06 7.691390346735715866e-03 1.127238292247056961e-02 5.375462397933006287e-02 7.691390346735715866e-03 1.127238292247056961e-02 5.375462397933006287e-02
3.134000000000000000e+06 6.782389245927333832e-03 1.127075497061014175e-02 5.370995029807090759e-02 6.782389245927333832e-03 1.127075497061014175e-02 5.370995029807090759e-02
3.135000000000000000e+06 7.255448028445243835e-03 1.131947059184312820e-02 5.411666259169578552e-02 7.255448028445243835e-03 1.131947059184312820e-02 5.411666259169578552e-02
3.136000000000000000e+06 7.490055635571479797e-03 1.129943225532770157e-02 5.460210517048835754e-02 7.490055635571479797e-03 1.129943225532770157e-02 5.460210517048835754e-02
3.137000000000000000e+06 7.468827068805694580e-03 1.126754842698574066e-02 5.482217669486999512e-02 7.468827068805694580e-03 1.126754842698574066e-02 5.482217669486999512e-02
3.138000000000000000e+06 6.961401551961898804e-03 1.132778078317642212e-02 5.389433354139328003e-02 6.961401551961898804e-03 1.132778078317642212e-02 5.389433354139328003e-02
3.139000000000000000e+06 7.246319670230150223e-03 1.132200844585895538e-02 5.443155020475387573e-02 7.246319670230150223e-03 1.132200844585895538e-02 5.443155020475387573e-02
3.140000000000000000e+06 7.117315195500850677e-03 1.130944024771451950e-02 5.384418740868568420e-02 7.117315195500850677e-03 1.130944024771451950e-02 5.384418740868568420e-02
3.141000000000000000e+06 6.568601820617914200e-03 1.124482974410057068e-02 5.355421453714370728e-02 6.568601820617914200e-03 1.124482974410057068e-02 5.355421453714370728e-02
3.142000000000000000e+06 6.926317233592271805e-03 1.128441654145717621e-02 5.446358770132064819e-02 6.926317233592271805e-03 1.128441654145717621e-02 5.446358770132064819e-02
3.143000000000000000e+06 7.773472461849451065e-03 1.130214706063270569e-02 5.435501039028167725e-02 7.773472461849451065e-03 1.130214706063270569e-02 5.435501039028167725e-02
3.144000000000000000e+06 7.638703566044569016e-03 1.125785894691944122e-02 5.466273427009582520e-02 7.638703566044569016e-03 1.125785894691944122e-02 5.466273427009582520e-02
3.145000000000000000e+06 6.538386456668376923e-03 1.131575647741556168e-02 5.359367281198501587e-02 6.538386456668376923e-03 1.131575647741556168e-02 5.359367281198501587e-02
3.146000000000000000e+06 6.061489228159189224e-03 1.127864886075258255e-02 5.309626460075378418e-02 6.061489228159189224e-03 1.127864886075258255e-02 5.309626460075378418e-02
3.147000000000000000e+06 8.601455949246883392e-03 1.132435444742441177e-02 5.394130572676658630e-02 8.601455949246883392e-03 1.132435444742441177e-02 5.394130572676658630e-02
3.148000000000000000e+06 7.726233918219804764e-03 1.130247488617897034e-02 5.361724272370338440e-02 7.726233918219804764e-03 1.130247488617897034e-02 5.361724272370338440e-02
3.149000000000000000e+06 6.172874942421913147e-03 1.128902193158864975e-02 5.336101353168487549e-02 6.172874942421913147e-03 1.128902193158864975e-02 5.336101353168487549e-02
3.150000000000000000e+06 6.142405793070793152e-03 1.129251625388860703e-02 5.378726124763488770e-02 6.142405793070793152e-03 1.129251625388860703e-02 5.378726124763488770e-02
3.151000000000000000e+06 7.361425552517175674e-03 1.123755890876054764e-02 5.392811074852943420e-02 7.361425552517175674e-03 1.123755890876054764e-02 5.392811074852943420e-02
3.152000000000000000e+06 7.412678096443414688e-03 1.129983179271221161e-02 5.333396792411804199e-02 7.412678096443414688e-03 1.129983179271221161e-02 5.333396792411804199e-02
3.153000000000000000e+06 6.907250266522169113e-03 1.127051655203104019e-02 5.446141585707664490e-02 6.907250266522169113e-03 1.127051655203104019e-02 5.446141585707664490e-02
3.154000000000000000e+06 6.574596744030714035e-03 1.126721501350402832e-02 5.385961756110191345e-02 6.574596744030714035e-03 1.126721501350402832e-02 5.385961756110191345e-02
3.155000000000000000e+06 7.800464518368244171e-03 1.127624604851007462e-02 5.397909134626388550e-02 7.800464518368244171e-03 1.127624604851007462e-02 5.397909134626388550e-02
3.156000000000000000e+06 6.753871217370033264e-03 1.130190677940845490e-02 5.478751659393310547e-02 6.753871217370033264e-03 1.130190677940845490e-02 5.478751659393310547e-02
3.157000000000000000e+06 8.041994646191596985e-03 1.128720119595527649e-02 5.412070453166961670e-02 8.041994646191596985e-03 1.128720119595527649e-02 5.412070453166961670e-02
3.158000000000000000e+06 7.440844550728797913e-03 1.130081154406070709e-02 5.546964332461357117e-02 7.440844550728797913e-03 1.130081154406070709e-02 5.546964332461357117e-02
3.159000000000000000e+06 8.073435164988040924e-03 1.128572691231966019e-02 5.364234745502471924e-02 8.073435164988040924e-03 1.128572691231966019e-02 5.364234745502471924e-02
3.160000000000000000e+06 7.351938169449567795e-03 1.124705374240875244e-02 5.402704700827598572e-02 7.351938169449567795e-03 1.124705374240875244e-02 5.402704700827598572e-02
3.161000000000000000e+06 8.187342435121536255e-03 1.130789797753095627e-02 5.429963394999504089e-02 8.187342435121536255e-03 1.130789797753095627e-02 5.429963394999504089e-02
3.162000000000000000e+06 6.414866074919700623e-03 1.130606979131698608e-02 5.384168028831481934e-02 6.414866074919700623e-03 1.130606979131698608e-02 5.384168028831481934e-02
3.163000000000000000e+06 6.646470632404088974e-03 1.128767151385545731e-02 5.497623980045318604e-02 6.646470632404088974e-03 1.128767151385545731e-02 5.497623980045318604e-02
3.164000000000000000e+06 8.660454303026199341e-03 1.126178260892629623e-02 5.497901514172554016e-02 8.660454303026199341e-03 1.126178260892629623e-02 5.497901514172554016e-02
3.165000000000000000e+06 6.843008566647768021e-03 1.125979050993919373e-02 5.372602120041847229e-02 6.843008566647768021e-03 1.125979050993919373e-02 5.372602120041847229e-02
3.166000000000000000e+06 7.096099667251110077e-03 1.127800438553094864e-02 5.446540191769599915e-02 7.096099667251110077e-03 1.127800438553094864e-02 5.446540191769599915e-02
3.167000000000000000e+06 7.136224769055843353e-03 1.128035783767700195e-02 5.380607396364212036e-02 7.136224769055843353e-03 1.128035783767700195e-02 5.380607396364212036e-02
3.168000000000000000e+06 7.823601365089416504e-03 1.123428903520107269e-02 5.345124378800392151e-02 7.823601365089416504e-03 1.123428903520107269e-02 5.345124378800392151e-02
3.169000000000000000e+06 8.778505027294158936e-03 1.125333923846483231e-02 5.417411401867866516e-02 8.778505027294158936e-03 1.125333923846483231e-02 5.417411401867866516e-02
3.170000000000000000e+06 6.513341795653104782e-03 1.126249600201845169e-02 5.359500646591186523e-02 6.513341795653104782e-03 1.126249600201845169e-02 5.359500646591186523e-02
3.171000000000000000e+06 8.118019439280033112e-03 1.126393955200910568e-02 5.385978147387504578e-02 8.118019439280033112e-03 1.126393955200910568e-02 5.385978147387504578e-02
3.172000000000000000e+06 6.771523505449295044e-03 1.129663363099098206e-02 5.347035080194473267e-02 6.771523505449295044e-03 1.129663363099098206e-02 5.347035080194473267e-02
3.173000000000000000e+06 6.647457368671894073e-03 1.125480327755212784e-02 5.318936705589294434e-02 6.647457368671894073e-03 1.125480327755212784e-02 5.318936705589294434e-02
3.174000000000000000e+06 7.665098644793033600e-03 1.129687763750553131e-02 5.398394912481307983e-02 7.665098644793033600e-03 1.129687763750553131e-02 5.398394912481307983e-02
3.175000000000000000e+06 7.235190365463495255e-03 1.121937297284603119e-02 5.344566702842712402e-02 7.235190365463495255e-03 1.121937297284603119e-02 5.344566702842712402e-02
3.176000000000000000e+06 8.603158406913280487e-03 1.124811917543411255e-02 5.458385497331619263e-02 8.603158406913280487e-03 1.124811917543411255e-02 5.458385497331619263e-02
3.177000000000000000e+06 6.985791958868503571e-03 1.125480607151985168e-02 5.328701063990592957e-02 6.985791958868503571e-03 1.125480607151985168e-02 5.328701063990592957e-02
3.178000000000000000e+06 6.406721659004688263e-03 1.127680856734514236e-02 5.358514189720153809e-02 6.406721659004688263e-03 1.127680856734514236e-02 5.358514189720153809e-02
3.179000000000000000e+06 7.614335976541042328e-03 1.127635780721902847e-02 5.316101014614105225e-02 7.614335976541042328e-03 1.127635780721902847e-02 5.316101014614105225e-02
3.180000000000000000e+06 6.674075033515691757e-03 1.128537580370903015e-02 5.343794450163841248e-02 6.674075033515691757e-03 1.128537580370903015e-02 5.343794450163841248e-02
3.181000000000000000e+06 7.460768800228834152e-03 1.127846259623765945e-02 5.342984944581985474e-02 7.460768800228834152e-03 1.127846259623765945e-02 5.342984944581985474e-02
3.182000000000000000e+06 8.597304113209247589e-03 1.119446661323308945e-02 5.310902372002601624e-02 8.597304113209247589e-03 1.119446661323308945e-02 5.310902372002601624e-02
3.183000000000000000e+06 7.804627995938062668e-03 1.119514368474483490e-02 5.363516882061958313e-02 7.804627995938062668e-03 1.119514368474483490e-02 5.363516882061958313e-02
3.184000000000000000e+06 7.554526906460523605e-03 1.126426178961992264e-02 5.401606857776641846e-02 7.554526906460523605e-03 1.126426178961992264e-02 5.401606857776641846e-02
3.185000000000000000e+06 6.382154766470193863e-03 1.125798374414443970e-02 5.281938984990119934e-02 6.382154766470193863e-03 1.125798374414443970e-02 5.281938984990119934e-02
3.186000000000000000e+06 7.928089238703250885e-03 1.125073712319135666e-02 5.343373119831085205e-02 7.928089238703250885e-03 1.125073712319135666e-02 5.343373119831085205e-02
3.187000000000000000e+06 6.777734495699405670e-03 1.125696487724781036e-02 5.332746729254722595e-02 6.777734495699405670e-03 1.125696487724781036e-02 5.332746729254722595e-02
3.188000000000000000e+06 7.073813118040561676e-03 1.126014348119497299e-02 5.346305668354034424e-02 7.073813118040561676e-03 1.126014348119497299e-02 5.346305668354034424e-02
3.189000000000000000e+06 6.893795914947986603e-03 1.127425394952297211e-02 5.296654254198074341e-02 6.893795914947986603e-03 1.127425394952297211e-02 5.296654254198074341e-02
3.190000000000000000e+06 6.019667722284793854e-03 1.126458868384361267e-02 5.303599312901496887e-02 6.019667722284793854e-03 1.126458868384361267e-02 5.303599312901496887e-02
3.191000000000000000e+06 7.859728299081325531e-03 1.132252812385559082e-02 5.383989959955215454e-02 7.859728299081325531e-03 1.132252812385559082e-02 5.383989959955215454e-02
3.192000000000000000e+06 7.553418166935443878e-03 1.124620530754327774e-02 5.464831367135047913e-02 7.553418166935443878e-03 1.124620530754327774e-02 5.464831367135047913e-02
3.193000000000000000e+06 6.114974152296781540e-03 1.129585225135087967e-02 5.279025807976722717e-02 6.114974152296781540e-03 1.129585225135087967e-02 5.279025807976722717e-02
3.194000000000000000e+06 6.377690006047487259e-03 1.127383019775152206e-02 5.308888480067253113e-02 6.377690006047487259e-03 1.127383019775152206e-02 5.308888480067253113e-02
3.195000000000000000e+06 7.460799533873796463e-03 1.126706320792436600e-02 5.380251631140708923e-02 7.460799533873796463e-03 1.126706320792436600e-02 5.380251631140708923e-02
3.196000000000000000e+06 6.727706640958786011e-03 1.124331261962652206e-02 5.369306728243827820e-02 6.727706640958786011e-03 1.124331261962652206e-02 5.369306728243827820e-02
3.197000000000000000e+06 7.704508956521749496e-03 1.119356695562601089e-02 5.375771969556808472e-02 7.704508956521749496e-03 1.119356695562601089e-02 5.375771969556808472e-02
3.198000000000000000e+06 6.762927863746881485e-03 1.124979648739099503e-02 5.358076468110084534e-02 6.762927863746881485e-03 1.124979648739099503e-02 5.358076468110084534e-02
3.199000000000000000e+06 7.988743484020233154e-03 1.120644155889749527e-02 5.367436259984970093e-02 7.988743484020233154e-03 1.120644155889749527e-02 5.367436259984970093e-02
3.200000000000000000e+06 7.253765128552913666e-03 1.125489547848701477e-02 5.299508944153785706e-02 7.253765128552913666e-03 1.125489547848701477e-02 5.299508944153785706e-02
3.201000000000000000e+06 7.746506482362747192e-03 1.125646848231554031e-02 5.347299203276634216e-02 7.746506482362747192e-03 1.125646848231554031e-02 5.347299203276634216e-02
3.202000000000000000e+06 7.173989899456501007e-03 1.123660150915384293e-02 5.362041294574737549e-02 7.173989899456501007e-03 1.123660150915384293e-02 5.362041294574737549e-02
3.203000000000000000e+06 6.990449968725442886e-03 1.123833376914262772e-02 5.369638651609420776e-02 6.990449968725442886e-03 1.123833376914262772e-02 5.369638651609420776e-02
3.204000000000000000e+06 6.742171477526426315e-03 1.123090647161006927e-02 5.338850244879722595e-02 6.742171477526426315e-03 1.123090647161006927e-02 5.338850244879722595e-02
3.205000000000000000e+06 7.994294166564941406e-03 1.122268196195363998e-02 5.428737029433250427e-02 7.994294166564941406e-03 1.122268196195363998e-02 5.428737029433250427e-02
3.206000000000000000e+06 9.126618504524230957e-03 1.129463966935873032e-02 5.511339381337165833e-02 9.126618504524230957e-03 1.129463966935873032e-02 5.511339381337165833e-02
3.207000000000000000e+06 7.592150010168552399e-03 1.124275103211402893e-02 5.328385159373283386e-02 7.592150010168552399e-03 1.124275103211402893e-02 5.328385159373283386e-02
3.208000000000000000e+06 8.385217748582363129e-03 1.123117096722126007e-02 5.436857417225837708e-02 8.385217748582363129e-03 1.123117096722126007e-02 5.436857417225837708e-02
3.209000000000000000e+06 7.409729063510894775e-03 1.124451588839292526e-02 5.370833724737167358e-02 7.409729063510894775e-03 1.124451588839292526e-02 5.370833724737167358e-02
3.210000000000000000e+06 6.339248735457658768e-03 1.124114729464054108e-02 5.333206430077552795e-02 6.339248735457658768e-03 1.124114729464054108e-02 5.333206430077552795e-02
3.211000000000000000e+06 6.749909836798906326e-03 1.127013284713029861e-02 5.336942151188850403e-02 6.749909836798906326e-03 1.127013284713029861e-02 5.336942151188850403e-02
3.212000000000000000e+06 6.118230987340211868e-03 1.123942155390977859e-02 5.295464769005775452e-02 6.118230987340211868e-03 1.123942155390977859e-02 5.295464769005775452e-02
3.213000000000000000e+06 7.072350010275840759e-03 1.129147224128246307e-02 5.328518524765968323e-02 7.072350010275840759e-03 1.129147224128246307e-02 5.328518524765968323e-02
3.214000000000000000e+06 6.426764186471700668e-03 1.124912686645984650e-02 5.273954570293426514e-02 6.426764186471700668e-03 1.124912686645984650e-02 5.273954570293426514e-02
3.215000000000000000e+06 6.515545770525932312e-03 1.122042723000049591e-02 5.278399959206581116e-02 6.515545770525932312e-03 1.122042723000049591e-02 5.278399959206581116e-02
3.216000000000000000e+06 6.843425799161195755e-03 1.123167201876640320e-02 5.336694791913032532e-02 6.843425799161195755e-03 1.123167201876640320e-02 5.336694791913032532e-02
3.217000000000000000e+06 6.190021056681871414e-03 1.125026866793632507e-02 5.273654684424400330e-02 6.190021056681871414e-03 1.125026866793632507e-02 5.273654684424400330e-02
3.218000000000000000e+06 6.592354737222194672e-03 1.123712398111820221e-02 5.240264162421226501e-02 6.592354737222194672e-03 1.123712398111820221e-02 5.240264162421226501e-02
3.219000000000000000e+06 6.764741148799657822e-03 1.122737210243940353e-02 5.330369994044303894e-02 6.764741148799657822e-03 1.122737210243940353e-02 5.330369994044303894e-02
3.220000000000000000e+06 5.974279250949621201e-03 1.123386807739734650e-02 5.282993242144584656e-02 5.974279250949621201e-03 1.123386807739734650e-02 5.282993242144584656e-02
3.221000000000000000e+06 7.680391427129507065e-03 1.124609634280204773e-02 5.270438268780708313e-02 7.680391427129507065e-03 1.124609634280204773e-02 5.270438268780708313e-02
3.222000000000000000e+06 6.406118627637624741e-03 1.121871080249547958e-02 5.315739661455154419e-02 6.406118627637624741e-03 1.121871080249547958e-02 5.315739661455154419e-02
3.223000000000000000e+06 7.426983211189508438e-03 1.125137880444526672e-02 5.330628901720046997e-02 7.426983211189508438e-03 1.125137880444526672e-02 5.330628901720046997e-02
3.224000000000000000e+06 6.129465531557798386e-03 1.120753958821296692e-02 5.274419113993644714e-02 6.129465531557798386e-03 1.120753958821296692e-02 5.274419113993644714e-02
3.225000000000000000e+06 5.867707077413797379e-03 1.123394444584846497e-02 5.232982337474822998e-02 5.867707077413797379e-03 1.123394444584846497e-02 5.232982337474822998e-02
3.226000000000000000e+06 6.685985717922449112e-03 1.121112424880266190e-02 5.345824733376502991e-02 6.685985717922449112e-03 1.121112424880266190e-02 5.345824733376502991e-02
3.227000000000000000e+06 6.696457508951425552e-03 1.122808549553155899e-02 5.346116423606872559e-02 6.696457508951425552e-03 1.122808549553155899e-02 5.346116423606872559e-02
3.228000000000000000e+06 6.385373882949352264e-03 1.123924273997545242e-02 5.336105823516845703e-02 6.385373882949352264e-03 1.123924273997545242e-02 5.336105823516845703e-02
3.229000000000000000e+06 7.256399374455213547e-03 1.124266255646944046e-02 5.331271141767501831e-02 7.256399374455213547e-03 1.124266255646944046e-02 5.331271141767501831e-02
3.230000000000000000e+06 6.292573176324367523e-03 1.122332084923982620e-02 5.322784557938575745e-02 6.292573176324367523e-03 1.122332084923982620e-02 5.322784557938575745e-02
3.231000000000000000e+06 6.914319470524787903e-03 1.124523114413022995e-02 5.318916961550712585e-02 6.914319470524787903e-03 1.124523114413022995e-02 5.318916961550712585e-02
3.232000000000000000e+06 6.544031202793121338e-03 1.121564581990242004e-02 5.289921537041664124e-02 6.544031202793121338e-03 1.121564581990242004e-02 5.289921537041664124e-02
3.233000000000000000e+06 6.600094493478536606e-03 1.123103965073823929e-02 5.294363945722579956e-02 6.600094493478536606e-03 1.123103965073823929e-02 5.294363945722579956e-02
3.234000000000000000e+06 7.486416492611169815e-03 1.119641494005918503e-02 5.292231217026710510e-02 7.486416492611169815e-03 1.119641494005918503e-02 5.292231217026710510e-02
3.235000000000000000e+06 6.011569872498512268e-03 1.124167907983064651e-02 5.233406648039817810e-02 6.011569872498512268e-03 1.124167907983064651e-02 5.233406648039817810e-02
3.236000000000000000e+06 7.661438547074794769e-03 1.120307948440313339e-02 5.406580865383148193e-02 7.661438547074794769e-03 1.120307948440313339e-02 5.406580865383148193e-02
3.237000000000000000e+06 7.747835479676723480e-03 1.123597007244825363e-02 5.343994125723838806e-02 7.747835479676723480e-03 1.123597007244825363e-02 5.343994125723838806e-02
3.238000000000000000e+06 7.200039923191070557e-03 1.122474670410156250e-02 5.357363820075988770e-02 7.200039923191070557e-03 1.122474670410156250e-02 5.357363820075988770e-02
3.239000000000000000e+06 6.284752395004034042e-03 1.121854688972234726e-02 5.280781164765357971e-02 6.284752395004034042e-03 1.121854688972234726e-02 5.280781164765357971e-02
3.240000000000000000e+06 6.173039786517620087e-03 1.124046463519334793e-02 5.305343121290206909e-02 6.173039786517620087e-03 1.124046463519334793e-02 5.305343121290206909e-02
3.241000000000000000e+06 6.942575797438621521e-03 1.121259573847055435e-02 5.274578183889389038e-02 6.942575797438621521e-03 1.121259573847055435e-02 5.274578183889389038e-02
3.242000000000000000e+06 7.269287016242742538e-03 1.122955419123172760e-02 5.295995995402336121e-02 7.269287016242742538e-03 1.122955419123172760e-02 5.295995995402336121e-02
3.243000000000000000e+06 7.162321358919143677e-03 1.117878314107656479e-02 5.358086898922920227e-02 7.162321358919143677e-03 1.117878314107656479e-02 5.358086898922920227e-02
3.244000000000000000e+06 6.537264212965965271e-03 1.125175133347511292e-02 5.262766405940055847e-02 6.537264212965965271e-03 1.125175133347511292e-02 5.262766405940055847e-02
3.245000000000000000e+06 7.098559290170669556e-03 1.117190718650817871e-02 5.334026739001274109e-02 7.098559290170669556e-03 1.117190718650817871e-02 5.334026739001274109e-02
3.246000000000000000e+06 7.080757990479469299e-03 1.121628750115633011e-02 5.268907919526100159e-02 7.080757990479469299e-03 1.121628750115633011e-02 5.268907919526100159e-02
3.247000000000000000e+06 7.584147620946168900e-03 1.122740190476179123e-02 5.268418043851852417e-02 7.584147620946168900e-03 1.122740190476179123e-02 5.268418043851852417e-02
3.248000000000000000e+06 7.408262696117162704e-03 1.119944732636213303e-02 5.329370498657226562e-02 7.408262696117162704e-03 1.119944732636213303e-02 5.329370498657226562e-02
3.249000000000000000e+06 5.668813362717628479e-03 1.122081466019153595e-02 5.292903631925582886e-02 5.668813362717628479e-03 1.122081466019153595e-02 5.292903631925582886e-02
3.250000000000000000e+06 7.095198612660169601e-03 1.119930576533079147e-02 5.251267552375793457e-02 7.095198612660169601e-03 1.119930576533079147e-02 5.251267552375793457e-02
3.251000000000000000e+06 6.476517301052808762e-03 1.124525256454944611e-02 5.326656997203826904e-02 6.476517301052808762e-03 1.124525256454944611e-02 5.326656997203826904e-02
3.252000000000000000e+06 7.178946398198604584e-03 1.117609906941652298e-02 5.464597418904304504e-02 7.178946398198604584e-03 1.117609906941652298e-02 5.464597418904304504e-02
3.253000000000000000e+06 6.651606876403093338e-03 1.120665017515420914e-02 5.306725949048995972e-02 6.651606876403093338e-03 1.120665017515420914e-02 5.306725949048995972e-02
3.254000000000000000e+06 6.725003011524677277e-03 1.124406885355710983e-02 5.277321860194206238e-02 6.725003011524677277e-03 1.124406885355710983e-02 5.277321860194206238e-02
3.255000000000000000e+06 6.663710810244083405e-03 1.120800897479057312e-02 5.306625366210937500e-02 6.663710810244083405e-03 1.120800897479057312e-02 5.306625366210937500e-02
3.256000000000000000e+06 6.954367272555828094e-03 1.120326481759548187e-02 5.228099226951599121e-02 6.954367272555828094e-03 1.120326481759548187e-02 5.228099226951599121e-02
3.257000000000000000e+06 7.770005613565444946e-03 1.118908356875181198e-02 5.407999828457832336e-02 7.770005613565444946e-03 1.118908356875181198e-02 5.407999828457832336e-02
3.258000000000000000e+06 6.065562833100557327e-03 1.117493305355310440e-02 5.205961689352989197e-02 6.065562833100557327e-03 1.117493305355310440e-02 5.205961689352989197e-02
3.259000000000000000e+06 6.713977549225091934e-03 1.122404355555772781e-02 5.245821550488471985e-02 6.713977549225091934e-03 1.122404355555772781e-02 5.245821550488471985e-02
3.260000000000000000e+06 5.981066729873418808e-03 1.117847766727209091e-02 5.221081525087356567e-02 5.981066729873418808e-03 1.117847766727209091e-02 5.221081525087356567e-02
3.261000000000000000e+06 6.022621411830186844e-03 1.119873858988285065e-02 5.244211107492446899e-02 6.022621411830186844e-03 1.119873858988285065e-02 5.244211107492446899e-02
3.262000000000000000e+06 8.363272063434123993e-03 1.119847130030393600e-02 5.386969447135925293e-02 8.363272063434123993e-03 1.119847130030393600e-02 5.386969447135925293e-02
3.263000000000000000e+06 6.190923508256673813e-03 1.117509789764881134e-02 5.275222286581993103e-02 6.190923508256673813e-03 1.117509789764881134e-02 5.275222286581993103e-02
3.264000000000000000e+06 7.260586600750684738e-03 1.119451411068439484e-02 5.234533920884132385e-02 7.260586600750684738e-03 1.119451411068439484e-02 5.234533920884132385e-02
3.265000000000000000e+06 6.393343675881624222e-03 1.118798088282346725e-02 5.248845368623733521e-02 6.393343675881624222e-03 1.118798088282346725e-02 5.248845368623733521e-02
3.266000000000000000e+06 7.983254268765449524e-03 1.116763427853584290e-02 5.316799506545066833e-02 7.983254268765449524e-03 1.116763427853584290e-02 5.316799506545066833e-02
3.267000000000000000e+06 6.381607614457607269e-03 1.119237020611763000e-02 5.229221284389495850e-02 6.381607614457607269e-03 1.119237020611763000e-02 5.229221284389495850e-02
3.268000000000000000e+06 6.783522199839353561e-03 1.121084857732057571e-02 5.286231637001037598e-02 6.783522199839353561e-03 1.121084857732057571e-02 5.286231637001037598e-02
3.269000000000000000e+06 6.471484899520874023e-03 1.115789636969566345e-02 5.289517715573310852e-02 6.471484899520874023e-03 1.115789636969566345e-02 5.289517715573310852e-02
3.270000000000000000e+06 7.435725536197423935e-03 1.117569953203201294e-02 5.380932614207267761e-02 7.435725536197423935e-03 1.117569953203201294e-02 5.380932614207267761e-02
3.271000000000000000e+06 7.368201855570077896e-03 1.115967519581317902e-02 5.268174037337303162e-02 7.368201855570077896e-03 1.115967519581317902e-02 5.268174037337303162e-02
3.272000000000000000e+06 6.374282762408256531e-03 1.118708029389381409e-02 5.382668972015380859e-02 6.374282762408256531e-03 1.118708029389381409e-02 5.382668972015380859e-02
3.273000000000000000e+06 7.515188772231340408e-03 1.121024228632450104e-02 5.303271487355232239e-02 7.515188772231340408e-03 1.121024228632450104e-02 5.303271487355232239e-02
3.274000000000000000e+06 7.020395714789628983e-03 1.118383649736642838e-02 5.214091017842292786e-02 7.020395714789628983e-03 1.118383649736642838e-02 5.214091017842292786e-02
3.275000000000000000e+06 8.548350073397159576e-03 1.116926316171884537e-02 5.270498245954513550e-02 8.548350073397159576e-03 1.116926316171884537e-02 5.270498245954513550e-02
3.276000000000000000e+06 6.409605499356985092e-03 1.118998881429433823e-02 5.256292223930358887e-02 6.409605499356985092e-03 1.118998881429433823e-02 5.256292223930358887e-02
3.277000000000000000e+06 6.550939753651618958e-03 1.113312784582376480e-02 5.198349803686141968e-02 6.550939753651618958e-03 1.113312784582376480e-02 5.198349803686141968e-02
3.278000000000000000e+06 8.152809925377368927e-03 1.120666880160570145e-02 5.245771631598472595e-02 8.152809925377368927e-03 1.120666880160570145e-02 5.245771631598472595e-02
3.279000000000000000e+06 7.526806090027093887e-03 1.111872494220733643e-02 5.276632681488990784e-02 7.526806090027093887e-03 1.111872494220733643e-02 5.276632681488990784e-02
3.280000000000000000e+06 6.990256253629922867e-03 1.120599359273910522e-02 5.281919240951538086e-02 6.990256253629922867e-03 1.120599359273910522e-02 5.281919240951538086e-02
3.281000000000000000e+06 7.024478632956743240e-03 1.116982754319906235e-02 5.208572745323181152e-02 7.024478632956743240e-03 1.116982754319906235e-02 5.208572745323181152e-02
3.282000000000000000e+06 6.622050423175096512e-03 1.113949902355670929e-02 5.198378860950469971e-02 6.622050423175096512e-03 1.113949902355670929e-02 5.198378860950469971e-02
3.283000000000000000e+06 6.854291539639234543e-03 1.115651335567235947e-02 5.221642926335334778e-02 6.854291539639234543e-03 1.115651335567235947e-02 5.221642926335334778e-02
3.284000000000000000e+06 6.856997963041067123e-03 1.118983980268239975e-02 5.258338525891304016e-02 6.856997963041067123e-03 1.118983980268239975e-02 5.258338525891304016e-02
3.285000000000000000e+06 6.602224428206682205e-03 1.118898950517177582e-02 5.217761918902397156e-02 6.602224428206682205e-03 1.118898950517177582e-02 5.217761918902397156e-02
3.286000000000000000e+06 8.231378160417079926e-03 1.111729256808757782e-02 5.267711728811264038e-02 8.231378160417079926e-03 1.111729256808757782e-02 5.267711728811264038e-02
3.287000000000000000e+06 6.472808774560689926e-03 1.116175577044487000e-02 5.258488282561302185e-02 6.472808774560689926e-03 1.116175577044487000e-02 5.258488282561302185e-02
3.288000000000000000e+06 6.677163299173116684e-03 1.116620469838380814e-02 5.248164385557174683e-02 6.677163299173116684e-03 1.116620469838380814e-02 5.248164385557174683e-02
3.289000000000000000e+06 7.337431889027357101e-03 1.112343929708003998e-02 5.231983959674835205e-02 7.337431889027357101e-03 1.112343929708003998e-02 5.231983959674835205e-02
3.290000000000000000e+06 6.816003471612930298e-03 1.112665515393018723e-02 5.260180309414863586e-02 6.816003471612930298e-03 1.112665515393018723e-02 5.260180309414863586e-02
3.291000000000000000e+06 6.605641450732946396e-03 1.114224269986152649e-02 5.320763960480690002e-02 6.605641450732946396e-03 1.114224269986152649e-02 5.320763960480690002e-02
3.292000000000000000e+06 6.390325725078582764e-03 1.118641253560781479e-02 5.192320048809051514e-02 6.390325725078582764e-03 1.118641253560781479e-02 5.192320048809051514e-02
3.293000000000000000e+06 6.338744889944791794e-03 1.117189228534698486e-02 5.270038917660713196e-02 6.338744889944791794e-03 1.117189228534698486e-02 5.270038917660713196e-02
3.294000000000000000e+06 6.297782994806766510e-03 1.118660997599363327e-02 5.219468101859092712e-02 6.297782994806766510e-03 1.118660997599363327e-02 5.219468101859092712e-02
3.295000000000000000e+06 7.081534247845411301e-03 1.118689682334661484e-02 5.222399905323982239e-02 7.081534247845411301e-03 1.118689682334661484e-02 5.222399905323982239e-02
3.296000000000000000e+06 6.405264604836702347e-03 1.114569325000047684e-02 5.286038666963577271e-02 6.405264604836702347e-03 1.114569325000047684e-02 5.286038666963577271e-02
3.297000000000000000e+06 6.191521883010864258e-03 1.115077082067728043e-02 5.212083458900451660e-02 6.191521883010864258e-03 1.115077082067728043e-02 5.212083458900451660e-02
3.298000000000000000e+06 6.395218428224325180e-03 1.117457635700702667e-02 5.238208547234535217e-02 6.395218428224325180e-03 1.117457635700702667e-02 5.238208547234535217e-02
3.299000000000000000e+06 7.230667863041162491e-03 1.114823576062917709e-02 5.222825706005096436e-02 7.230667863041162491e-03 1.114823576062917709e-02 5.222825706005096436e-02
3.300000000000000000e+06 6.909951101988554001e-03 1.117537450045347214e-02 5.331112816929817200e-02 6.909951101988554001e-03 1.117537450045347214e-02 5.331112816929817200e-02
3.301000000000000000e+06 7.510061841458082199e-03 1.119676418602466583e-02 5.238645896315574646e-02 7.510061841458082199e-03 1.119676418602466583e-02 5.238645896315574646e-02
3.302000000000000000e+06 6.307045463472604752e-03 1.115796342492103577e-02 5.192459747195243835e-02 6.307045463472604752e-03 1.115796342492103577e-02 5.192459747195243835e-02
3.303000000000000000e+06 6.092035677284002304e-03 1.118366047739982605e-02 5.206314474344253540e-02 6.092035677284002304e-03 1.118366047739982605e-02 5.206314474344253540e-02
3.304000000000000000e+06 7.128104101866483688e-03 1.113781705498695374e-02 5.175971239805221558e-02 7.128104101866483688e-03 1.113781705498695374e-02 5.175971239805221558e-02
3.305000000000000000e+06 6.675087381154298782e-03 1.113550364971160889e-02 5.175939947366714478e-02 6.675087381154298782e-03 1.113550364971160889e-02 5.175939947366714478e-02
3.306000000000000000e+06 8.053586818277835846e-03 1.115063205361366272e-02 5.253706872463226318e-02 8.053586818277835846e-03 1.115063205361366272e-02 5.253706872463226318e-02
3.307000000000000000e+06 6.926477421075105667e-03 1.116454508155584335e-02 5.257588997483253479e-02 6.926477421075105667e-03 1.116454508155584335e-02 5.257588997483253479e-02
3.308000000000000000e+06 6.087896879762411118e-03 1.112479809671640396e-02 5.138781294226646423e-02 6.087896879762411118e-03 1.112479809671640396e-02 5.138781294226646423e-02
3.309000000000000000e+06 7.684698328375816345e-03 1.110837515443563461e-02 5.286353826522827148e-02 7.684698328375816345e-03 1.110837515443563461e-02 5.286353826522827148e-02
3.310000000000000000e+06 6.512004882097244263e-03 1.115892827510833740e-02 5.202903598546981812e-02 6.512004882097244263e-03 1.115892827510833740e-02 5.202903598546981812e-02
3.311000000000000000e+06 6.318849045783281326e-03 1.113167591392993927e-02 5.210512876510620117e-02 6.318849045783281326e-03 1.113167591392993927e-02 5.210512876510620117e-02
3.312000000000000000e+06 6.894183810800313950e-03 1.113752927631139755e-02 5.163777247071266174e-02 6.894183810800313950e-03 1.113752927631139755e-02 5.163777247071266174e-02
3.313000000000000000e+06 6.965609733015298843e-03 1.110797654837369919e-02 5.204440653324127197e-02 6.965609733015298843e-03 1.110797654837369919e-02 5.204440653324127197e-02
3.314000000000000000e+06 5.878742784261703491e-03 1.115983817726373672e-02 5.178605020046234131e-02 5.878742784261703491e-03 1.115983817726373672e-02 5.178605020046234131e-02
3.315000000000000000e+06 6.215490400791168213e-03 1.111431512981653214e-02 5.150999128818511963e-02 6.215490400791168213e-03 1.111431512981653214e-02 5.150999128818511963e-02
3.316000000000000000e+06 7.426984608173370361e-03 1.110959611833095551e-02 5.182238668203353882e-02 7.426984608173370361e-03 1.110959611833095551e-02 5.182238668203353882e-02
3.317000000000000000e+06 6.522183306515216827e-03 1.112398877739906311e-02 5.262491852045059204e-02 6.522183306515216827e-03 1.112398877739906311e-02 5.262491852045059204e-02
3.318000000000000000e+06 6.548088509589433670e-03 1.113836094737052917e-02 5.206480249762535095e-02 6.548088509589433670e-03 1.113836094737052917e-02 5.206480249762535095e-02
3.319000000000000000e+06 8.206464350223541260e-03 1.112440507858991623e-02 5.345477163791656494e-02 8.206464350223541260e-03 1.112440507858991623e-02 5.345477163791656494e-02
3.320000000000000000e+06 6.883565336465835571e-03 1.111121289432048798e-02 5.282510071992874146e-02 6.883565336465835571e-03 1.111121289432048798e-02 5.282510071992874146e-02
3.321000000000000000e+06 6.731179077178239822e-03 1.110500935465097427e-02 5.196807160973548889e-02 6.731179077178239822e-03 1.110500935465097427e-02 5.196807160973548889e-02
3.322000000000000000e+06 7.391480263322591782e-03 1.113532762974500656e-02 5.202724784612655640e-02 7.391480263322591782e-03 1.113532762974500656e-02 5.202724784612655640e-02
3.323000000000000000e+06 6.438351701945066452e-03 1.115746051073074341e-02 5.199770256876945496e-02 6.438351701945066452e-03 1.115746051073074341e-02 5.199770256876945496e-02
3.324000000000000000e+06 6.586109753698110580e-03 1.112106256186962128e-02 5.146110802888870239e-02 6.586109753698110580e-03 1.112106256186962128e-02 5.146110802888870239e-02
3.325000000000000000e+06 6.286002695560455322e-03 1.114826463162899017e-02 5.192693695425987244e-02 6.286002695560455322e-03 1.114826463162899017e-02 5.192693695425987244e-02
3.326000000000000000e+06 7.109487429261207581e-03 1.117174606770277023e-02 5.249349772930145264e-02 7.109487429261207581e-03 1.117174606770277023e-02 5.249349772930145264e-02
3.327000000000000000e+06 6.472016684710979462e-03 1.116840634495019913e-02 5.171407386660575867e-02 6.472016684710979462e-03 1.116840634495019913e-02 5.171407386660575867e-02
3.328000000000000000e+06 6.369124632328748703e-03 1.114968862384557724e-02 5.198354646563529968e-02 6.369124632328748703e-03 1.114968862384557724e-02 5.198354646563529968e-02
3.329000000000000000e+06 8.651127107441425323e-03 1.117927487939596176e-02 5.283644422888755798e-02 8.651127107441425323e-03 1.117927487939596176e-02 5.283644422888755798e-02
3.330000000000000000e+06 6.616374943405389786e-03 1.113373506814241409e-02 5.190080776810646057e-02 6.616374943405389786e-03 1.113373506814241409e-02 5.190080776810646057e-02
3.331000000000000000e+06 6.153615191578865051e-03 1.112824212759733200e-02 5.142214521765708923e-02 6.153615191578865051e-03 1.112824212759733200e-02 5.142214521765708923e-02
3.332000000000000000e+06 6.449928041547536850e-03 1.109527144581079483e-02 5.162871256470680237e-02 6.449928041547536850e-03 1.109527144581079483e-02 5.162871256470680237e-02
3.333000000000000000e+06 7.115315645933151245e-03 1.110057346522808075e-02 5.204321444034576416e-02 7.115315645933151245e-03 1.110057346522808075e-02 5.204321444034576416e-02
3.334000000000000000e+06 6.365051958709955215e-03 1.112979650497436523e-02 5.159001052379608154e-02 6.365051958709955215e-03 1.112979650497436523e-02 5.159001052379608154e-02
3.335000000000000000e+06 6.933124270290136337e-03 1.109765470027923584e-02 5.220108851790428162e-02 6.933124270290136337e-03 1.109765470027923584e-02 5.220108851790428162e-02
3.336000000000000000e+06 6.427644751965999603e-03 1.115519460290670395e-02 5.146440863609313965e-02 6.427644751965999603e-03 1.115519460290670395e-02 5.146440863609313965e-02
3.337000000000000000e+06 5.803670734167098999e-03 1.110359746962785721e-02 5.154598504304885864e-02 5.803670734167098999e-03 1.110359746962785721e-02 5.154598504304885864e-02
3.338000000000000000e+06 6.477412767708301544e-03 1.112610287964344025e-02 5.198635160923004150e-02 6.477412767708301544e-03 1.112610287964344025e-02 5.198635160923004150e-02
3.339000000000000000e+06 6.344903260469436646e-03 1.110291760414838791e-02 5.193207785487174988e-02 6.344903260469436646e-03 1.110291760414838791e-02 5.193207785487174988e-02
3.340000000000000000e+06 9.125358425080776215e-03 1.113557070493698120e-02 5.277405679225921631e-02 9.125358425080776215e-03 1.113557070493698120e-02 5.277405679225921631e-02
3.341000000000000000e+06 7.265534717589616776e-03 1.110325660556554794e-02 5.291856825351715088e-02 7.265534717589616776e-03 1.110325660556554794e-02 5.291856825351715088e-02
3.342000000000000000e+06 7.477156817913055420e-03 1.110463775694370270e-02 5.238020047545433044e-02 7.477156817913055420e-03 1.110463775694370270e-02 5.238020047545433044e-02
3.343000000000000000e+06 7.748782634735107422e-03 1.113706454634666443e-02 5.293489247560501099e-02 7.748782634735107422e-03 1.113706454634666443e-02 5.293489247560501099e-02
3.344000000000000000e+06 6.102018523961305618e-03 1.111391000449657440e-02 5.228638648986816406e-02 6.102018523961305618e-03 1.111391000449657440e-02 5.228638648986816406e-02
3.345000000000000000e+06 6.311426870524883270e-03 1.110799703747034073e-02 5.212035775184631348e-02 6.311426870524883270e-03 1.110799703747034073e-02 5.212035775184631348e-02
3.346000000000000000e+06 6.757191382348537445e-03 1.109339669346809387e-02 5.246538668870925903e-02 6.757191382348537445e-03 1.109339669346809387e-02 5.246538668870925903e-02
3.347000000000000000e+06 7.261015474796295166e-03 1.113281771540641785e-02 5.191807821393013000e-02 7.261015474796295166e-03 1.113281771540641785e-02 5.191807821393013000e-02
3.348000000000000000e+06 6.235120352357625961e-03 1.109169982373714447e-02 5.172028392553329468e-02 6.235120352357625961e-03 1.109169982373714447e-02 5.172028392553329468e-02
3.349000000000000000e+06 6.943746004253625870e-03 1.114763040095567703e-02 5.173018574714660645e-02 6.943746004253625870e-03 1.114763040095567703e-02 5.173018574714660645e-02
3.350000000000000000e+06 6.632396951317787170e-03 1.111931726336479187e-02 5.229879170656204224e-02 6.632396951317787170e-03 1.111931726336479187e-02 5.229879170656204224e-02
3.351000000000000000e+06 7.922085933387279510e-03 1.112220808863639832e-02 5.251093581318855286e-02 7.922085933387279510e-03 1.112220808863639832e-02 5.251093581318855286e-02
3.352000000000000000e+06 6.811819970607757568e-03 1.104697119444608688e-02 5.171395093202590942e-02 6.811819970607757568e-03 1.104697119444608688e-02 5.171395093202590942e-02
3.353000000000000000e+06 6.035347469151020050e-03 1.108325831592082977e-02 5.142188072204589844e-02 6.035347469151020050e-03 1.108325831592082977e-02 5.142188072204589844e-02
3.354000000000000000e+06 6.300296634435653687e-03 1.109024789184331894e-02 5.216198787093162537e-02 6.300296634435653687e-03 1.109024789184331894e-02 5.216198787093162537e-02
3.355000000000000000e+06 6.194507237523794174e-03 1.111669465899467468e-02 5.156632512807846069e-02 6.194507237523794174e-03 1.111669465899467468e-02 5.156632512807846069e-02
3.356000000000000000e+06 7.065701298415660858e-03 1.108269207179546356e-02 5.216930806636810303e-02 7.065701298415660858e-03 1.108269207179546356e-02 5.216930806636810303e-02
3.357000000000000000e+06 5.932429805397987366e-03 1.112066954374313354e-02 5.144732445478439331e-02 5.932429805397987366e-03 1.112066954374313354e-02 5.144732445478439331e-02
3.358000000000000000e+06 7.197990082204341888e-03 1.110177487134933472e-02 5.252894386649131775e-02 7.197990082204341888e-03 1.110177487134933472e-02 5.252894386649131775e-02
3.359000000000000000e+06 6.846387404948472977e-03 1.106669101864099503e-02 5.132340639829635620e-02 6.846387404948472977e-03 1.106669101864099503e-02 5.132340639829635620e-02
3.360000000000000000e+06 6.609024479985237122e-03 1.109950058162212372e-02 5.235087126493453979e-02 6.609024479985237122e-03 1.109950058162212372e-02 5.235087126493453979e-02
3.361000000000000000e+06 7.379599381238222122e-03 1.108848024159669876e-02 5.225984379649162292e-02 7.379599381238222122e-03 1.108848024159669876e-02 5.225984379649162292e-02
3.362000000000000000e+06 6.718571297824382782e-03 1.112947240471839905e-02 5.186296254396438599e-02 6.718571297824382782e-03 1.112947240471839905e-02 5.186296254396438599e-02
3.363000000000000000e+06 6.972635630518198013e-03 1.107863523066043854e-02 5.194281786680221558e-02 6.972635630518198013e-03 1.107863523066043854e-02 5.194281786680221558e-02
3.364000000000000000e+06 5.743347108364105225e-03 1.108515635132789612e-02 5.140455439686775208e-02 5.743347108364105225e-03 1.108515635132789612e-02 5.140455439686775208e-02
3.365000000000000000e+06 6.318590138107538223e-03 1.112491451203823090e-02 5.168845504522323608e-02 6.318590138107538223e-03 1.112491451203823090e-02 5.168845504522323608e-02
3.366000000000000000e+06 7.398401852697134018e-03 1.107401214540004730e-02 5.216670781373977661e-02 7.398401852697134018e-03 1.107401214540004730e-02 5.216670781373977661e-02
3.367000000000000000e+06 6.357869599014520645e-03 1.112880650907754898e-02 5.098567903041839600e-02 6.357869599014520645e-03 1.112880650907754898e-02 5.098567903041839600e-02
3.368000000000000000e+06 6.339227315038442612e-03 1.108597777783870697e-02 5.161561444401741028e-02 6.339227315038442612e-03 1.108597777783870697e-02 5.161561444401741028e-02
3.369000000000000000e+06 6.918493192642927170e-03 1.111280731856822968e-02 5.270204320549964905e-02 6.918493192642927170e-03 1.111280731856822968e-02 5.270204320549964905e-02
3.370000000000000000e+06 6.698802113533020020e-03 1.110778003931045532e-02 5.181071534752845764e-02 6.698802113533020020e-03 1.110778003931045532e-02 5.181071534752845764e-02
3.371000000000000000e+06 6.725024897605180740e-03 1.109131425619125366e-02 5.169693753123283386e-02 6.725024897605180740e-03 1.109131425619125366e-02 5.169693753123283386e-02
3.372000000000000000e+06 6.120329257100820541e-03 1.105904299765825272e-02 5.111717060208320618e-02 6.120329257100820541e-03 1.105904299765825272e-02 5.111717060208320618e-02
3.373000000000000000e+06 7.326344959437847137e-03 1.106819976121187210e-02 5.170590430498123169e-02 7.326344959437847137e-03 1.106819976121187210e-02 5.170590430498123169e-02
3.374000000000000000e+06 5.747586023062467575e-03 1.106564700603485107e-02 5.113459378480911255e-02 5.747586023062467575e-03 1.106564700603485107e-02 5.113459378480911255e-02
3.375000000000000000e+06 6.387927569448947906e-03 1.105673797428607941e-02 5.092654004693031311e-02 6.387927569448947906e-03 1.105673797428607941e-02 5.092654004693031311e-02
3.376000000000000000e+06 6.861806381493806839e-03 1.108455937355756760e-02 5.139598622918128967e-02 6.861806381493806839e-03 1.108455937355756760e-02 5.139598622918128967e-02
3.377000000000000000e+06 6.414501462131738663e-03 1.107031945139169693e-02 5.158757045865058899e-02 6.414501462131738663e-03 1.107031945139169693e-02 5.158757045865058899e-02
3.378000000000000000e+06 8.418938145041465759e-03 1.104984991252422333e-02 5.137482658028602600e-02 8.418938145041465759e-03 1.104984991252422333e-02 5.137482658028602600e-02
3.379000000000000000e+06 6.479114294052124023e-03 1.106095593422651291e-02 5.222339928150177002e-02 6.479114294052124023e-03 1.106095593422651291e-02 5.222339928150177002e-02
3.380000000000000000e+06 6.537053268402814865e-03 1.105884090065956116e-02 5.197540298104286194e-02 6.537053268402814865e-03 1.105884090065956116e-02 5.197540298104286194e-02
3.381000000000000000e+06 7.870627567172050476e-03 1.103897113353013992e-02 5.264893919229507446e-02 7.870627567172050476e-03 1.103897113353013992e-02 5.264893919229507446e-02
3.382000000000000000e+06 6.728863809257745743e-03 1.103657763451337814e-02 5.184457823634147644e-02 6.728863809257745743e-03 1.103657763451337814e-02 5.184457823634147644e-02
3.383000000000000000e+06 6.928055547177791595e-03 1.107745803892612457e-02 5.168783664703369141e-02 6.928055547177791595e-03 1.107745803892612457e-02 5.168783664703369141e-02
3.384000000000000000e+06 6.928899791091680527e-03 1.107318326830863953e-02 5.143442004919052124e-02 6.928899791091680527e-03 1.107318326830863953e-02 5.143442004919052124e-02
3.385000000000000000e+06 6.533975247293710709e-03 1.105918083339929581e-02 5.092179775238037109e-02 6.533975247293710709e-03 1.105918083339929581e-02 5.092179775238037109e-02
3.386000000000000000e+06 6.779232993721961975e-03 1.109428331255912781e-02 5.211562290787696838e-02 6.779232993721961975e-03 1.109428331255912781e-02 5.211562290787696838e-02
3.387000000000000000e+06 6.273812148720026016e-03 1.104728784412145615e-02 5.131015926599502563e-02 6.273812148720026016e-03 1.104728784412145615e-02 5.131015926599502563e-02
3.388000000000000000e+06 6.852581631392240524e-03 1.106141321361064911e-02 5.217708647251129150e-02 6.852581631392240524e-03 1.106141321361064911e-02 5.217708647251129150e-02
3.389000000000000000e+06 6.726420018821954727e-03 1.107244566082954407e-02 5.138677731156349182e-02 6.726420018821954727e-03 1.107244566082954407e-02 5.138677731156349182e-02
3.390000000000000000e+06 7.132099475711584091e-03 1.108677685260772705e-02 5.155991017818450928e-02 7.132099475711584091e-03 1.108677685260772705e-02 5.155991017818450928e-02
3.391000000000000000e+06 6.644906010478734970e-03 1.104966830462217331e-02 5.123341828584671021e-02 6.644906010478734970e-03 1.104966830462217331e-02 5.123341828584671021e-02
3.392000000000000000e+06 7.277037017047405243e-03 1.108298730105161667e-02 5.192913115024566650e-02 7.277037017047405243e-03 1.108298730105161667e-02 5.192913115024566650e-02
3.393000000000000000e+06 7.391584571450948715e-03 1.110510062426328659e-02 5.154259875416755676e-02 7.391584571450948715e-03 1.110510062426328659e-02 5.154259875416755676e-02
3.394000000000000000e+06 6.176975555717945099e-03 1.104038488119840622e-02 5.121552199125289917e-02 6.176975555717945099e-03 1.104038488119840622e-02 5.121552199125289917e-02
3.395000000000000000e+06 6.987026892602443695e-03 1.107029709964990616e-02 5.129304528236389160e-02 6.987026892602443695e-03 1.107029709964990616e-02 5.129304528236389160e-02
3.396000000000000000e+06 7.381802424788475037e-03 1.109037734568119049e-02 5.152126401662826538e-02 7.381802424788475037e-03 1.109037734568119049e-02 5.152126401662826538e-02
3.397000000000000000e+06 7.413254585117101669e-03 1.097095478326082230e-02 5.089356750249862671e-02 7.413254585117101669e-03 1.097095478326082230e-02 5.089356750249862671e-02
3.398000000000000000e+06 7.279216777533292770e-03 1.107678189873695374e-02 5.210758000612258911e-02 7.279216777533292770e-03 1.107678189873695374e-02 5.210758000612258911e-02
3.399000000000000000e+06 6.980639416724443436e-03 1.101642567664384842e-02 5.109699442982673645e-02 6.980639416724443436e-03 1.101642567664384842e-02 5.109699442982673645e-02
3.400000000000000000e+06 6.327898241579532623e-03 1.107080187648534775e-02 5.137200281023979187e-02 6.327898241579532623e-03 1.107080187648534775e-02 5.137200281023979187e-02
3.401000000000000000e+06 6.411513313651084900e-03 1.109338644891977310e-02 5.243340879678726196e-02 6.411513313651084900e-03 1.109338644891977310e-02 5.243340879678726196e-02
3.402000000000000000e+06 6.949855014681816101e-03 1.110429409891366959e-02 5.118267238140106201e-02 6.949855014681816101e-03 1.110429409891366959e-02 5.118267238140106201e-02
3.403000000000000000e+06 6.707189604640007019e-03 1.102988701313734055e-02 5.078215152025222778e-02 6.707189604640007019e-03 1.102988701313734055e-02 5.078215152025222778e-02
3.404000000000000000e+06 5.906070582568645477e-03 1.100673712790012360e-02 5.152110382914543152e-02 5.906070582568645477e-03 1.100673712790012360e-02 5.152110382914543152e-02
3.405000000000000000e+06 6.660240236669778824e-03 1.102974824607372284e-02 5.140390619635581970e-02 6.660240236669778824e-03 1.102974824607372284e-02 5.140390619635581970e-02
3.406000000000000000e+06 6.010690703988075256e-03 1.101815979927778244e-02 5.058278143405914307e-02 6.010690703988075256e-03 1.101815979927778244e-02 5.058278143405914307e-02
3.407000000000000000e+06 6.989928893744945526e-03 1.102098263800144196e-02 5.112857371568679810e-02 6.989928893744945526e-03 1.102098263800144196e-02 5.112857371568679810e-02
3.408000000000000000e+06 6.258037872612476349e-03 1.103328075259923935e-02 5.144331976771354675e-02 6.258037872612476349e-03 1.103328075259923935e-02 5.144331976771354675e-02
3.409000000000000000e+06 6.252605468034744263e-03 1.103399787098169327e-02 5.184532329440116882e-02 6.252605468034744263e-03 1.103399787098169327e-02 5.184532329440116882e-02
3.410000000000000000e+06 5.875849165022373199e-03 1.105258427560329437e-02 5.052115768194198608e-02 5.875849165022373199e-03 1.105258427560329437e-02 5.052115768194198608e-02
3.411000000000000000e+06 9.118389338254928589e-03 1.104874536395072937e-02 5.385845527052879333e-02 9.118389338254928589e-03 1.104874536395072937e-02 5.385845527052879333e-02
3.412000000000000000e+06 6.442792713642120361e-03 1.104497723281383514e-02 5.124839395284652710e-02 6.442792713642120361e-03 1.104497723281383514e-02 5.124839395284652710e-02
3.413000000000000000e+06 5.910866893827915192e-03 1.104202587157487869e-02 5.116671696305274963e-02 5.910866893827915192e-03 1.104202587157487869e-02 5.116671696305274963e-02
3.414000000000000000e+06 6.759407464414834976e-03 1.104518584907054901e-02 5.072277411818504333e-02 6.759407464414834976e-03 1.104518584907054901e-02 5.072277411818504333e-02
3.415000000000000000e+06 6.343666464090347290e-03 1.105555053800344467e-02 5.071805045008659363e-02 6.343666464090347290e-03 1.105555053800344467e-02 5.071805045008659363e-02
3.416000000000000000e+06 7.562887854874134064e-03 1.107079908251762390e-02 5.159773677587509155e-02 7.562887854874134064e-03 1.107079908251762390e-02 5.159773677587509155e-02
3.417000000000000000e+06 7.003637496381998062e-03 1.103912200778722763e-02 5.118879675865173340e-02 7.003637496381998062e-03 1.103912200778722763e-02 5.118879675865173340e-02
3.418000000000000000e+06 7.532163988798856735e-03 1.101706922054290771e-02 5.155627802014350891e-02 7.532163988798856735e-03 1.101706922054290771e-02 5.155627802014350891e-02
3.419000000000000000e+06 6.893114186823368073e-03 1.102530956268310547e-02 5.152489244937896729e-02 6.893114186823368073e-03 1.102530956268310547e-02 5.152489244937896729e-02
3.420000000000000000e+06 6.847350392490625381e-03 1.105328463017940521e-02 5.119174718856811523e-02 6.847350392490625381e-03 1.105328463017940521e-02 5.119174718856811523e-02
3.421000000000000000e+06 6.458394229412078857e-03 1.104145403951406479e-02 5.111880600452423096e-02 6.458394229412078857e-03 1.104145403951406479e-02 5.111880600452423096e-02
3.422000000000000000e+06 6.091054994612932205e-03 1.104904618114233017e-02 5.108710750937461853e-02 6.091054994612932205e-03 1.104904618114233017e-02 5.108710750937461853e-02
3.423000000000000000e+06 7.165026850998401642e-03 1.100733689963817596e-02 5.096911266446113586e-02 7.165026850998401642e-03 1.100733689963817596e-02 5.096911266446113586e-02
3.424000000000000000e+06 5.985415540635585785e-03 1.101758796721696854e-02 5.038496479392051697e-02 5.985415540635585785e-03 1.101758796721696854e-02 5.038496479392051697e-02
3.425000000000000000e+06 5.943548865616321564e-03 1.103701442480087280e-02 5.119901150465011597e-02 5.943548865616321564e-03 1.103701442480087280e-02 5.119901150465011597e-02
3.426000000000000000e+06 6.284018512815237045e-03 1.102523691952228546e-02 5.055622756481170654e-02 6.284018512815237045e-03 1.102523691952228546e-02 5.055622756481170654e-02
3.427000000000000000e+06 6.123685277998447418e-03 1.102532912045717239e-02 5.087455362081527710e-02 6.123685277998447418e-03 1.102532912045717239e-02 5.087455362081527710e-02
3.428000000000000000e+06 6.806112825870513916e-03 1.101133693009614944e-02 5.076694488525390625e-02 6.806112825870513916e-03 1.101133693009614944e-02 5.076694488525390625e-02
3.429000000000000000e+06 6.621445529162883759e-03 1.099380850791931152e-02 5.105234310030937195e-02 6.621445529162883759e-03 1.099380850791931152e-02 5.105234310030937195e-02
3.430000000000000000e+06 7.783071603626012802e-03 1.095848903059959412e-02 5.209438875317573547e-02 7.783071603626012802e-03 1.095848903059959412e-02 5.209438875317573547e-02
3.431000000000000000e+06 6.539342924952507019e-03 1.102867722511291504e-02 5.038867890834808350e-02 6.539342924952507019e-03 1.102867722511291504e-02 5.038867890834808350e-02
3.432000000000000000e+06 6.237217225134372711e-03 1.099575869739055634e-02 5.123862624168395996e-02 6.237217225134372711e-03 1.099575869739055634e-02 5.123862624168395996e-02
3.433000000000000000e+06 5.742092616856098175e-03 1.098653394728899002e-02 5.069671943783760071e-02 5.742092616856098175e-03 1.098653394728899002e-02 5.069671943783760071e-02
3.434000000000000000e+06 7.096554618328809738e-03 1.103458646684885025e-02 5.066844820976257324e-02 7.096554618328809738e-03 1.103458646684885025e-02 5.066844820976257324e-02
3.435000000000000000e+06 6.172526627779006958e-03 1.100981514900922775e-02 5.042509734630584717e-02 6.172526627779006958e-03 1.100981514900922775e-02 5.042509734630584717e-02
3.436000000000000000e+06 7.238112390041351318e-03 1.104097347706556320e-02 5.077309161424636841e-02 7.238112390041351318e-03 1.104097347706556320e-02 5.077309161424636841e-02
3.437000000000000000e+06 6.645583081990480423e-03 1.101589482277631760e-02 5.086620897054672241e-02 6.645583081990480423e-03 1.101589482277631760e-02 5.086620897054672241e-02
3.438000000000000000e+06 6.376642268151044846e-03 1.100559253245592117e-02 5.119511485099792480e-02 6.376642268151044846e-03 1.100559253245592117e-02 5.119511485099792480e-02
3.439000000000000000e+06 6.753554567694664001e-03 1.098948065191507339e-02 5.088740587234497070e-02 6.753554567694664001e-03 1.098948065191507339e-02 5.088740587234497070e-02
3.440000000000000000e+06 6.483593024313449860e-03 1.098247990012168884e-02 5.088813975453376770e-02 6.483593024313449860e-03 1.098247990012168884e-02 5.088813975453376770e-02
3.441000000000000000e+06 7.191431708633899689e-03 1.098216604441404343e-02 5.231571942567825317e-02 7.191431708633899689e-03 1.098216604441404343e-02 5.231571942567825317e-02
3.442000000000000000e+06 5.843536462634801865e-03 1.098457723855972290e-02 5.023935064673423767e-02 5.843536462634801865e-03 1.098457723855972290e-02 5.023935064673423767e-02
3.443000000000000000e+06 6.971536669880151749e-03 1.098659448325634003e-02 5.048768222332000732e-02 6.971536669880151749e-03 1.098659448325634003e-02 5.048768222332000732e-02
3.444000000000000000e+06 6.794128566980361938e-03 1.099768467247486115e-02 5.144592002034187317e-02 6.794128566980361938e-03 1.099768467247486115e-02 5.144592002034187317e-02
3.445000000000000000e+06 5.831005051732063293e-03 1.099757011979818344e-02 5.029857903718948364e-02 5.831005051732063293e-03 1.099757011979818344e-02 5.029857903718948364e-02
3.446000000000000000e+06 7.219200488179922104e-03 1.099719479680061340e-02 5.068140476942062378e-02 7.219200488179922104e-03 1.099719479680061340e-02 5.068140476942062378e-02
3.447000000000000000e+06 6.399843376129865646e-03 1.100623980164527893e-02 5.090627819299697876e-02 6.399843376129865646e-03 1.100623980164527893e-02 5.090627819299697876e-02
3.448000000000000000e+06 5.904197227209806442e-03 1.097173150628805161e-02 5.064037814736366272e-02 5.904197227209806442e-03 1.097173150628805161e-02 5.064037814736366272e-02
3.449000000000000000e+06 6.619021296501159668e-03 1.097209937870502472e-02 5.079485848546028137e-02 6.619021296501159668e-03 1.097209937870502472e-02 5.079485848546028137e-02
3.450000000000000000e+06 6.209427025169134140e-03 1.100923493504524231e-02 5.020918324589729309e-02 6.209427025169134140e-03 1.100923493504524231e-02 5.020918324589729309e-02
3.451000000000000000e+06 6.078374106436967850e-03 1.099322084337472916e-02 5.117628723382949829e-02 6.078374106436967850e-03 1.099322084337472916e-02 5.117628723382949829e-02
3.452000000000000000e+06 7.057627197355031967e-03 1.098482869565486908e-02 5.066748708486557007e-02 7.057627197355031967e-03 1.098482869565486908e-02 5.066748708486557007e-02
3.453000000000000000e+06 6.068914663046598434e-03 1.100597903132438660e-02 5.055315420031547546e-02 6.068914663046598434e-03 1.100597903132438660e-02 5.055315420031547546e-02
3.454000000000000000e+06 6.624658592045307159e-03 1.100343093276023865e-02 5.056982487440109253e-02 6.624658592045307159e-03 1.100343093276023865e-02 5.056982487440109253e-02
3.455000000000000000e+06 6.711242720484733582e-03 1.096787210553884506e-02 5.069914087653160095e-02 6.711242720484733582e-03 1.096787210553884506e-02 5.069914087653160095e-02
3.456000000000000000e+06 7.060142699629068375e-03 1.094923820346593857e-02 5.197808519005775452e-02 7.060142699629068375e-03 1.094923820346593857e-02 5.197808519005775452e-02
3.457000000000000000e+06 6.281897891312837601e-03 1.099919434636831284e-02 5.049325525760650635e-02 6.281897891312837601e-03 1.099919434636831284e-02 5.049325525760650635e-02
3.458000000000000000e+06 6.134686991572380066e-03 1.101301237940788269e-02 5.105479061603546143e-02 6.134686991572380066e-03 1.101301237940788269e-02 5.105479061603546143e-02
3.459000000000000000e+06 6.352990865707397461e-03 1.098890323191881180e-02 5.066110938787460327e-02 6.352990865707397461e-03 1.098890323191881180e-02 5.066110938787460327e-02
3.460000000000000000e+06 7.185654249042272568e-03 1.097162440419197083e-02 5.046601220965385437e-02 7.185654249042272568e-03 1.097162440419197083e-02 5.046601220965385437e-02
3.461000000000000000e+06 6.963185500353574753e-03 1.102443318814039230e-02 5.073726549744606018e-02 6.963185500353574753e-03 1.102443318814039230e-02 5.073726549744606018e-02
3.462000000000000000e+06 6.529929116368293762e-03 1.097689289599657059e-02 5.055291205644607544e-02 6.529929116368293762e-03 1.097689289599657059e-02 5.055291205644607544e-02
3.463000000000000000e+06 6.402314640581607819e-03 1.101120281964540482e-02 5.028328299522399902e-02 6.402314640581607819e-03 1.101120281964540482e-02 5.028328299522399902e-02
3.464000000000000000e+06 6.631082389503717422e-03 1.100035570561885834e-02 5.123411118984222412e-02 6.631082389503717422e-03 1.100035570561885834e-02 5.123411118984222412e-02
3.465000000000000000e+06 6.190930027514696121e-03 1.098531950265169144e-02 4.998049139976501465e-02 6.190930027514696121e-03 1.098531950265169144e-02 4.998049139976501465e-02
3.466000000000000000e+06 7.687536068260669708e-03 1.097979582846164703e-02 5.118916183710098267e-02 7.687536068260669708e-03 1.097979582846164703e-02 5.118916183710098267e-02
3.467000000000000000e+06 6.287432741373777390e-03 1.098716910928487778e-02 5.073768645524978638e-02 6.287432741373777390e-03 1.098716910928487778e-02 5.073768645524978638e-02
3.468000000000000000e+06 6.961495615541934967e-03 1.096164435148239136e-02 5.032099410891532898e-02 6.961495615541934967e-03 1.096164435148239136e-02 5.032099410891532898e-02
3.469000000000000000e+06 6.150429602712392807e-03 1.097051706165075302e-02 5.031114071607589722e-02 6.150429602712392807e-03 1.097051706165075302e-02 5.031114071607589722e-02
3.470000000000000000e+06 6.625114940106868744e-03 1.098090037703514099e-02 5.068375170230865479e-02 6.625114940106868744e-03 1.098090037703514099e-02 5.068375170230865479e-02
3.471000000000000000e+06 6.854343693703413010e-03 1.097819302231073380e-02 5.053397640585899353e-02 6.854343693703413010e-03 1.097819302231073380e-02 5.053397640585899353e-02
3.472000000000000000e+06 5.872349254786968231e-03 1.098161377012729645e-02 5.012464895844459534e-02 5.872349254786968231e-03 1.098161377012729645e-02 5.012464895844459534e-02
3.473000000000000000e+06 6.610118318349123001e-03 1.096785347908735275e-02 5.057096108794212341e-02 6.610118318349123001e-03 1.096785347908735275e-02 5.057096108794212341e-02
3.474000000000000000e+06 7.108596619218587875e-03 1.098054088652133942e-02 5.086471140384674072e-02 7.108596619218587875e-03 1.098054088652133942e-02 5.086471140384674072e-02
3.475000000000000000e+06 7.251197472214698792e-03 1.094291545450687408e-02 5.061682313680648804e-02 7.251197472214698792e-03 1.094291545450687408e-02 5.061682313680648804e-02
3.476000000000000000e+06 7.074733264744281769e-03 1.095994561910629272e-02 5.020682141184806824e-02 7.074733264744281769e-03 1.095994561910629272e-02 5.020682141184806824e-02
3.477000000000000000e+06 6.294298451393842697e-03 1.094469055533409119e-02 5.050122737884521484e-02 6.294298451393842697e-03 1.094469055533409119e-02 5.050122737884521484e-02
3.478000000000000000e+06 6.512642838060855865e-03 1.096759457141160965e-02 5.041506513953208923e-02 6.512642838060855865e-03 1.096759457141160965e-02 5.041506513953208923e-02
3.479000000000000000e+06 6.705077365040779114e-03 1.097652129828929901e-02 5.048001930117607117e-02 6.705077365040779114e-03 1.097652129828929901e-02 5.048001930117607117e-02
3.480000000000000000e+06 7.133793551474809647e-03 1.096760295331478119e-02 5.128178745508193970e-02 7.133793551474809647e-03 1.096760295331478119e-02 5.128178745508193970e-02
3.481000000000000000e+06 6.626053713262081146e-03 1.097986660897731781e-02 5.071062967181205750e-02 6.626053713262081146e-03 1.097986660897731781e-02 5.071062967181205750e-02
3.482000000000000000e+06 6.077949423342943192e-03 1.095846854150295258e-02 5.073038116097450256e-02 6.077949423342943192e-03 1.095846854150295258e-02 5.073038116097450256e-02
3.483000000000000000e+06 6.315450184047222137e-03 1.098295114934444427e-02 5.031038820743560791e-02 6.315450184047222137e-03 1.098295114934444427e-02 5.031038820743560791e-02
3.484000000000000000e+06 6.308741867542266846e-03 1.098803151398897171e-02 5.110647901892662048e-02 6.308741867542266846e-03 1.098803151398897171e-02 5.110647901892662048e-02
3.485000000000000000e+06 6.590131204575300217e-03 1.095923315733671188e-02 5.081271007657051086e-02 6.590131204575300217e-03 1.095923315733671188e-02 5.081271007657051086e-02
3.486000000000000000e+06 6.688926834613084793e-03 1.095810253173112869e-02 5.063465982675552368e-02 6.688926834613084793e-03 1.095810253173112869e-02 5.063465982675552368e-02
3.487000000000000000e+06 6.769556086510419846e-03 1.097069680690765381e-02 5.058874934911727905e-02 6.769556086510419846e-03 1.097069680690765381e-02 5.058874934911727905e-02
3.488000000000000000e+06 6.875554099678993225e-03 1.101224496960639954e-02 5.037091299891471863e-02 6.875554099678993225e-03 1.101224496960639954e-02 5.037091299891471863e-02
3.489000000000000000e+06 6.077208556234836578e-03 1.093214191496372223e-02 5.034572258591651917e-02 6.077208556234836578e-03 1.093214191496372223e-02 5.034572258591651917e-02
3.490000000000000000e+06 6.065384950488805771e-03 1.095056347548961639e-02 4.997287690639495850e-02 6.065384950488805771e-03 1.095056347548961639e-02 4.997287690639495850e-02
3.491000000000000000e+06 6.877938285470008850e-03 1.092826016247272491e-02 5.058057233691215515e-02 6.877938285470008850e-03 1.092826016247272491e-02 5.058057233691215515e-02
3.492000000000000000e+06 7.316786795854568481e-03 1.092746201902627945e-02 5.091046914458274841e-02 7.316786795854568481e-03 1.092746201902627945e-02 5.091046914458274841e-02
3.493000000000000000e+06 6.154367234557867050e-03 1.089685223996639252e-02 5.034061148762702942e-02 6.154367234557867050e-03 1.089685223996639252e-02 5.034061148762702942e-02
3.494000000000000000e+06 6.123782135546207428e-03 1.094079762697219849e-02 5.014829337596893311e-02 6.123782135546207428e-03 1.094079762697219849e-02 5.014829337596893311e-02
3.495000000000000000e+06 7.401958573609590530e-03 1.092718634754419327e-02 5.045967549085617065e-02 7.401958573609590530e-03 1.092718634754419327e-02 5.045967549085617065e-02
3.496000000000000000e+06 6.193863693624734879e-03 1.094910409301519394e-02 5.019333213567733765e-02 6.193863693624734879e-03 1.094910409301519394e-02 5.019333213567733765e-02
3.497000000000000000e+06 6.543301977217197418e-03 1.091790571808815002e-02 4.992238804697990417e-02 6.543301977217197418e-03 1.091790571808815002e-02 4.992238804697990417e-02
3.498000000000000000e+06 6.082394625991582870e-03 1.095601636916399002e-02 4.942212998867034912e-02 6.082394625991582870e-03 1.095601636916399002e-02 4.942212998867034912e-02
3.499000000000000000e+06 6.227611564099788666e-03 1.094743423163890839e-02 4.995580390095710754e-02 6.227611564099788666e-03 1.094743423163890839e-02 4.995580390095710754e-02
3.500000000000000000e+06 6.164897233247756958e-03 1.095756329596042633e-02 4.987690970301628113e-02 6.164897233247756958e-03 1.095756329596042633e-02 4.987690970301628113e-02
3.500000000000000000e+06 6.164897233247756958e-03 1.095756329596042633e-02 4.987691063433885574e-04 6.164897233247756958e-03 1.095756329596042633e-02 4.987691063433885574e-04
3.500017000000000000e+06 6.164897233247756958e-03 1.095756329596042633e-02 4.987691063433885574e-04 6.164897233247756958e-03 1.095756329596042633e-02 4.987691063433885574e-04
