# step, loss_train, loss_test, metrics_test
0.000000000000000000e+00 4.737249389290809631e-02 7.399996370077133179e-02 4.507342968750000000e+04 4.737249389290809631e-02 7.399996370077133179e-02 4.507342968750000000e+04
1.000000000000000000e+03 9.514466859400272369e-03 2.824217546731233597e-03 9.224184570312500000e+03 9.514466859400272369e-03 2.824217546731233597e-03 9.224184570312500000e+03
2.000000000000000000e+03 1.580734038725495338e-03 6.948483060114085674e-04 3.945981201171875000e+03 1.580734038725495338e-03 6.948483060114085674e-04 3.945981201171875000e+03
3.000000000000000000e+03 3.900720330420881510e-04 1.321876916335895658e-04 1.442800903320312500e+03 3.900720330420881510e-04 1.321876916335895658e-04 1.442800903320312500e+03
4.000000000000000000e+03 2.397552161710336804e-04 4.127585634705610573e-05 5.195663452148437500e+02 2.397552161710336804e-04 4.127585634705610573e-05 5.195663452148437500e+02
5.000000000000000000e+03 1.707951450953260064e-04 3.569428226910531521e-04 2.590798339843750000e+02 1.707951450953260064e-04 3.569428226910531521e-04 2.590798339843750000e+02
6.000000000000000000e+03 2.033862547250464559e-04 5.334746092557907104e-04 1.637260131835937500e+02 2.033862547250464559e-04 5.334746092557907104e-04 1.637260131835937500e+02
7.000000000000000000e+03 6.098106387071311474e-04 5.742080975323915482e-04 1.292761535644531250e+02 6.098106387071311474e-04 5.742080975323915482e-04 1.292761535644531250e+02
8.000000000000000000e+03 1.386002171784639359e-03 5.754808662459254265e-04 1.122395858764648438e+02 1.386002171784639359e-03 5.754808662459254265e-04 1.122395858764648438e+02
9.000000000000000000e+03 1.141588902100920677e-03 7.704210584051907063e-04 1.009202957153320312e+02 1.141588902100920677e-03 7.704210584051907063e-04 1.009202957153320312e+02
1.000000000000000000e+04 1.431785523891448975e-03 1.494173076935112476e-03 9.686061859130859375e+01 1.431785523891448975e-03 1.494173076935112476e-03 9.686061859130859375e+01
1.100000000000000000e+04 8.024316281080245972e-03 1.662749913521111012e-03 9.379399108886718750e+01 8.024316281080245972e-03 1.662749913521111012e-03 9.379399108886718750e+01
1.200000000000000000e+04 7.037504017353057861e-02 4.241768736392259598e-03 8.673971557617187500e+01 7.037504017353057861e-02 4.241768736392259598e-03 8.673971557617187500e+01
1.300000000000000000e+04 7.332729548215866089e-02 5.056833382695913315e-03 7.942218780517578125e+01 7.332729548215866089e-02 5.056833382695913315e-03 7.942218780517578125e+01
1.400000000000000000e+04 5.629346370697021484e-01 1.836244575679302216e-02 1.498317718505859375e+01 5.629346370697021484e-01 1.836244575679302216e-02 1.498317718505859375e+01
1.500000000000000000e+04 7.965757846832275391e-01 7.952699437737464905e-03 7.494351863861083984e+00 7.965757846832275391e-01 7.952699437737464905e-03 7.494351863861083984e+00
1.600000000000000000e+04 5.593478679656982422e-01 1.046394091099500656e-02 5.877101898193359375e+00 5.593478679656982422e-01 1.046394091099500656e-02 5.877101898193359375e+00
1.700000000000000000e+04 4.184421598911285400e-01 1.205080654472112656e-02 4.794761657714843750e+00 4.184421598911285400e-01 1.205080654472112656e-02 4.794761657714843750e+00
1.800000000000000000e+04 4.034162461757659912e-01 1.339414715766906738e-02 3.368983745574951172e+00 4.034162461757659912e-01 1.339414715766906738e-02 3.368983745574951172e+00
1.900000000000000000e+04 3.581025302410125732e-01 2.077298797667026520e-02 2.239794254302978516e+00 3.581025302410125732e-01 2.077298797667026520e-02 2.239794254302978516e+00
2.000000000000000000e+04 2.698124051094055176e-01 1.964887045323848724e-02 1.770058512687683105e+00 2.698124051094055176e-01 1.964887045323848724e-02 1.770058512687683105e+00
2.100000000000000000e+04 2.102309763431549072e-01 1.808578707277774811e-02 1.556987047195434570e+00 2.102309763431549072e-01 1.808578707277774811e-02 1.556987047195434570e+00
2.200000000000000000e+04 1.720571666955947876e-01 1.686991006135940552e-02 1.438771843910217285e+00 1.720571666955947876e-01 1.686991006135940552e-02 1.438771843910217285e+00
2.300000000000000000e+04 1.465631872415542603e-01 1.620982401072978973e-02 1.350845456123352051e+00 1.465631872415542603e-01 1.620982401072978973e-02 1.350845456123352051e+00
2.400000000000000000e+04 1.276877373456954956e-01 1.578736491501331329e-02 1.270561337471008301e+00 1.276877373456954956e-01 1.578736491501331329e-02 1.270561337471008301e+00
2.500000000000000000e+04 1.158448383212089539e-01 1.573280617594718933e-02 1.199265003204345703e+00 1.158448383212089539e-01 1.573280617594718933e-02 1.199265003204345703e+00
2.600000000000000000e+04 1.056260913610458374e-01 1.564458943903446198e-02 1.126918435096740723e+00 1.056260913610458374e-01 1.564458943903446198e-02 1.126918435096740723e+00
2.700000000000000000e+04 1.065976917743682861e-01 1.571771316230297089e-02 1.050227642059326172e+00 1.065976917743682861e-01 1.571771316230297089e-02 1.050227642059326172e+00
2.800000000000000000e+04 1.074301972985267639e-01 1.592455059289932251e-02 9.749616384506225586e-01 1.074301972985267639e-01 1.592455059289932251e-02 9.749616384506225586e-01
2.900000000000000000e+04 1.027733236551284790e-01 1.676179096102714539e-02 9.119492173194885254e-01 1.027733236551284790e-01 1.676179096102714539e-02 9.119492173194885254e-01
3.000000000000000000e+04 9.371649473905563354e-02 1.739169098436832428e-02 8.691418766975402832e-01 9.371649473905563354e-02 1.739169098436832428e-02 8.691418766975402832e-01
3.100000000000000000e+04 9.225086867809295654e-02 1.740407571196556091e-02 8.452511429786682129e-01 9.225086867809295654e-02 1.740407571196556091e-02 8.452511429786682129e-01
3.200000000000000000e+04 8.446504175662994385e-02 1.747095026075839996e-02 8.194805383682250977e-01 8.446504175662994385e-02 1.747095026075839996e-02 8.194805383682250977e-01
3.300000000000000000e+04 7.953011989593505859e-02 1.726431213319301605e-02 8.014705181121826172e-01 7.953011989593505859e-02 1.726431213319301605e-02 8.014705181121826172e-01
3.400000000000000000e+04 7.657437026500701904e-02 1.706584170460700989e-02 7.884259223937988281e-01 7.657437026500701904e-02 1.706584170460700989e-02 7.884259223937988281e-01
3.500000000000000000e+04 7.453997433185577393e-02 1.685822382569313049e-02 7.752528190612792969e-01 7.453997433185577393e-02 1.685822382569313049e-02 7.752528190612792969e-01
3.600000000000000000e+04 7.272075116634368896e-02 1.678486540913581848e-02 7.645345926284790039e-01 7.272075116634368896e-02 1.678486540913581848e-02 7.645345926284790039e-01
3.700000000000000000e+04 6.989012658596038818e-02 1.664420776069164276e-02 7.530357837677001953e-01 6.989012658596038818e-02 1.664420776069164276e-02 7.530357837677001953e-01
3.800000000000000000e+04 6.846737116575241089e-02 1.643184572458267212e-02 7.433670759201049805e-01 6.846737116575241089e-02 1.643184572458267212e-02 7.433670759201049805e-01
3.900000000000000000e+04 6.639406830072402954e-02 1.635655201971530914e-02 7.354435920715332031e-01 6.639406830072402954e-02 1.635655201971530914e-02 7.354435920715332031e-01
4.000000000000000000e+04 6.512844562530517578e-02 1.628514192998409271e-02 7.289425730705261230e-01 6.512844562530517578e-02 1.628514192998409271e-02 7.289425730705261230e-01
4.100000000000000000e+04 6.493584811687469482e-02 1.609128154814243317e-02 7.265651822090148926e-01 6.493584811687469482e-02 1.609128154814243317e-02 7.265651822090148926e-01
4.200000000000000000e+04 6.314677745103836060e-02 1.599927060306072235e-02 7.113824486732482910e-01 6.314677745103836060e-02 1.599927060306072235e-02 7.113824486732482910e-01
4.300000000000000000e+04 6.310406327247619629e-02 1.584248058497905731e-02 7.102027535438537598e-01 6.310406327247619629e-02 1.584248058497905731e-02 7.102027535438537598e-01
4.400000000000000000e+04 6.240998208522796631e-02 1.573509909212589264e-02 6.999931931495666504e-01 6.240998208522796631e-02 1.573509909212589264e-02 6.999931931495666504e-01
4.500000000000000000e+04 6.262832134962081909e-02 1.560458820313215256e-02 6.942453980445861816e-01 6.262832134962081909e-02 1.560458820313215256e-02 6.942453980445861816e-01
4.600000000000000000e+04 6.193161010742187500e-02 1.553219277411699295e-02 6.900973320007324219e-01 6.193161010742187500e-02 1.553219277411699295e-02 6.900973320007324219e-01
4.700000000000000000e+04 6.083028763532638550e-02 1.556490175426006317e-02 6.819794774055480957e-01 6.083028763532638550e-02 1.556490175426006317e-02 6.819794774055480957e-01
4.800000000000000000e+04 5.974267423152923584e-02 1.542378310114145279e-02 6.777936816215515137e-01 5.974267423152923584e-02 1.542378310114145279e-02 6.777936816215515137e-01
4.900000000000000000e+04 6.037446856498718262e-02 1.531878206878900528e-02 6.714802980422973633e-01 6.037446856498718262e-02 1.531878206878900528e-02 6.714802980422973633e-01
5.000000000000000000e+04 6.051670014858245850e-02 1.519823074340820312e-02 6.669729948043823242e-01 6.051670014858245850e-02 1.519823074340820312e-02 6.669729948043823242e-01
5.100000000000000000e+04 5.851446092128753662e-02 1.524456217885017395e-02 6.630972623825073242e-01 5.851446092128753662e-02 1.524456217885017395e-02 6.630972623825073242e-01
5.200000000000000000e+04 5.795609951019287109e-02 1.515904255211353302e-02 6.601018309593200684e-01 5.795609951019287109e-02 1.515904255211353302e-02 6.601018309593200684e-01
5.300000000000000000e+04 5.664077028632164001e-02 1.508124358952045441e-02 6.541601419448852539e-01 5.664077028632164001e-02 1.508124358952045441e-02 6.541601419448852539e-01
5.400000000000000000e+04 5.657270550727844238e-02 1.496506296098232269e-02 6.486043334007263184e-01 5.657270550727844238e-02 1.496506296098232269e-02 6.486043334007263184e-01
5.500000000000000000e+04 5.882160738110542297e-02 1.498824637383222580e-02 6.468360424041748047e-01 5.882160738110542297e-02 1.498824637383222580e-02 6.468360424041748047e-01
5.600000000000000000e+04 5.612610280513763428e-02 1.495016738772392273e-02 6.430100798606872559e-01 5.612610280513763428e-02 1.495016738772392273e-02 6.430100798606872559e-01
5.700000000000000000e+04 5.392675101757049561e-02 1.479817647486925125e-02 6.357479691505432129e-01 5.392675101757049561e-02 1.479817647486925125e-02 6.357479691505432129e-01
5.800000000000000000e+04 5.447391048073768616e-02 1.473276503384113312e-02 6.320205330848693848e-01 5.447391048073768616e-02 1.473276503384113312e-02 6.320205330848693848e-01
5.900000000000000000e+04 5.205786600708961487e-02 1.463306415826082230e-02 6.272246837615966797e-01 5.205786600708961487e-02 1.463306415826082230e-02 6.272246837615966797e-01
6.000000000000000000e+04 5.142101272940635681e-02 1.458731759339570999e-02 6.237977743148803711e-01 5.142101272940635681e-02 1.458731759339570999e-02 6.237977743148803711e-01
6.100000000000000000e+04 5.129378288984298706e-02 1.450811792165040970e-02 6.192898750305175781e-01 5.129378288984298706e-02 1.450811792165040970e-02 6.192898750305175781e-01
6.200000000000000000e+04 5.123450234532356262e-02 1.447326969355344772e-02 6.154447793960571289e-01 5.123450234532356262e-02 1.447326969355344772e-02 6.154447793960571289e-01
6.300000000000000000e+04 5.060346797108650208e-02 1.430270541459321976e-02 6.118997335433959961e-01 5.060346797108650208e-02 1.430270541459321976e-02 6.118997335433959961e-01
6.400000000000000000e+04 5.064795538783073425e-02 1.421177480369806290e-02 6.061233282089233398e-01 5.064795538783073425e-02 1.421177480369806290e-02 6.061233282089233398e-01
6.500000000000000000e+04 4.985261335968971252e-02 1.415152661502361298e-02 6.016622781753540039e-01 4.985261335968971252e-02 1.415152661502361298e-02 6.016622781753540039e-01
6.600000000000000000e+04 4.863832890987396240e-02 1.410939265042543411e-02 5.957638621330261230e-01 4.863832890987396240e-02 1.410939265042543411e-02 5.957638621330261230e-01
6.700000000000000000e+04 4.857394099235534668e-02 1.402586977928876877e-02 5.923342108726501465e-01 4.857394099235534668e-02 1.402586977928876877e-02 5.923342108726501465e-01
6.800000000000000000e+04 4.807781055569648743e-02 1.399666909128427505e-02 5.888041853904724121e-01 4.807781055569648743e-02 1.399666909128427505e-02 5.888041853904724121e-01
6.900000000000000000e+04 4.763118550181388855e-02 1.392912957817316055e-02 5.846368670463562012e-01 4.763118550181388855e-02 1.392912957817316055e-02 5.846368670463562012e-01
7.000000000000000000e+04 4.937272146344184875e-02 1.376677304506301880e-02 5.815882086753845215e-01 4.937272146344184875e-02 1.376677304506301880e-02 5.815882086753845215e-01
7.100000000000000000e+04 4.628175124526023865e-02 1.378086023032665253e-02 5.741283297538757324e-01 4.628175124526023865e-02 1.378086023032665253e-02 5.741283297538757324e-01
7.200000000000000000e+04 4.713367670774459839e-02 1.371225062757730484e-02 5.695343017578125000e-01 4.713367670774459839e-02 1.371225062757730484e-02 5.695343017578125000e-01
7.300000000000000000e+04 4.641290381550788879e-02 1.367765851318836212e-02 5.630140304565429688e-01 4.641290381550788879e-02 1.367765851318836212e-02 5.630140304565429688e-01
7.400000000000000000e+04 4.566788673400878906e-02 1.365259103477001190e-02 5.575840473175048828e-01 4.566788673400878906e-02 1.365259103477001190e-02 5.575840473175048828e-01
7.500000000000000000e+04 4.614917188882827759e-02 1.354371383786201477e-02 5.509496927261352539e-01 4.614917188882827759e-02 1.354371383786201477e-02 5.509496927261352539e-01
7.600000000000000000e+04 4.528050497174263000e-02 1.353327557444572449e-02 5.420585870742797852e-01 4.528050497174263000e-02 1.353327557444572449e-02 5.420585870742797852e-01
7.700000000000000000e+04 4.610458388924598694e-02 1.353873498737812042e-02 5.354660749435424805e-01 4.610458388924598694e-02 1.353873498737812042e-02 5.354660749435424805e-01
7.800000000000000000e+04 4.635361209511756897e-02 1.350674871355295181e-02 5.265612602233886719e-01 4.635361209511756897e-02 1.350674871355295181e-02 5.265612602233886719e-01
7.900000000000000000e+04 4.625907912850379944e-02 1.347082946449518204e-02 5.179829597473144531e-01 4.625907912850379944e-02 1.347082946449518204e-02 5.179829597473144531e-01
8.000000000000000000e+04 4.688671976327896118e-02 1.349791046231985092e-02 5.093120336532592773e-01 4.688671976327896118e-02 1.349791046231985092e-02 5.093120336532592773e-01
8.100000000000000000e+04 4.730693250894546509e-02 1.341152749955654144e-02 4.998591244220733643e-01 4.730693250894546509e-02 1.341152749955654144e-02 4.998591244220733643e-01
8.200000000000000000e+04 4.779215902090072632e-02 1.347374171018600464e-02 4.909828305244445801e-01 4.779215902090072632e-02 1.347374171018600464e-02 4.909828305244445801e-01
8.300000000000000000e+04 4.808884486556053162e-02 1.342483609914779663e-02 4.836876988410949707e-01 4.808884486556053162e-02 1.342483609914779663e-02 4.836876988410949707e-01
8.400000000000000000e+04 4.837718605995178223e-02 1.339035760611295700e-02 4.765287935733795166e-01 4.837718605995178223e-02 1.339035760611295700e-02 4.765287935733795166e-01
8.500000000000000000e+04 5.148163065314292908e-02 1.343083940446376801e-02 4.650131464004516602e-01 5.148163065314292908e-02 1.343083940446376801e-02 4.650131464004516602e-01
8.600000000000000000e+04 4.873831570148468018e-02 1.328352279961109161e-02 4.559507668018341064e-01 4.873831570148468018e-02 1.328352279961109161e-02 4.559507668018341064e-01
8.700000000000000000e+04 4.853207990527153015e-02 1.331239938735961914e-02 4.511711597442626953e-01 4.853207990527153015e-02 1.331239938735961914e-02 4.511711597442626953e-01
8.800000000000000000e+04 4.805972799658775330e-02 1.325858570635318756e-02 4.446203708648681641e-01 4.805972799658775330e-02 1.325858570635318756e-02 4.446203708648681641e-01
8.900000000000000000e+04 4.780287668108940125e-02 1.323147397488355637e-02 4.378533363342285156e-01 4.780287668108940125e-02 1.323147397488355637e-02 4.378533363342285156e-01
9.000000000000000000e+04 4.857350885868072510e-02 1.319700572639703751e-02 4.337894320487976074e-01 4.857350885868072510e-02 1.319700572639703751e-02 4.337894320487976074e-01
9.100000000000000000e+04 4.730240255594253540e-02 1.323482207953929901e-02 4.273065328598022461e-01 4.730240255594253540e-02 1.323482207953929901e-02 4.273065328598022461e-01
9.200000000000000000e+04 4.761942848563194275e-02 1.325059682130813599e-02 4.233770668506622314e-01 4.761942848563194275e-02 1.325059682130813599e-02 4.233770668506622314e-01
9.300000000000000000e+04 4.962899163365364075e-02 1.314924284815788269e-02 4.217129647731781006e-01 4.962899163365364075e-02 1.314924284815788269e-02 4.217129647731781006e-01
9.400000000000000000e+04 4.799123480916023254e-02 1.322504505515098572e-02 4.157842993736267090e-01 4.799123480916023254e-02 1.322504505515098572e-02 4.157842993736267090e-01
9.500000000000000000e+04 4.630993679165840149e-02 1.325048785656690598e-02 4.113432466983795166e-01 4.630993679165840149e-02 1.325048785656690598e-02 4.113432466983795166e-01
9.600000000000000000e+04 4.647500440478324890e-02 1.326881907880306244e-02 4.089784920215606689e-01 4.647500440478324890e-02 1.326881907880306244e-02 4.089784920215606689e-01
9.700000000000000000e+04 4.737347736954689026e-02 1.321526337414979935e-02 4.054051339626312256e-01 4.737347736954689026e-02 1.321526337414979935e-02 4.054051339626312256e-01
9.800000000000000000e+04 4.530898854136466980e-02 1.328937895596027374e-02 3.989148736000061035e-01 4.530898854136466980e-02 1.328937895596027374e-02 3.989148736000061035e-01
9.900000000000000000e+04 4.963252693414688110e-02 1.318593882024288177e-02 3.991280794143676758e-01 4.963252693414688110e-02 1.318593882024288177e-02 3.991280794143676758e-01
1.000000000000000000e+05 4.542773216962814331e-02 1.329804584383964539e-02 3.920344710350036621e-01 4.542773216962814331e-02 1.329804584383964539e-02 3.920344710350036621e-01
1.010000000000000000e+05 4.560029879212379456e-02 1.333830319344997406e-02 3.888905048370361328e-01 4.560029879212379456e-02 1.333830319344997406e-02 3.888905048370361328e-01
1.020000000000000000e+05 4.422885179519653320e-02 1.327752973884344101e-02 3.867237269878387451e-01 4.422885179519653320e-02 1.327752973884344101e-02 3.867237269878387451e-01
1.030000000000000000e+05 4.438040032982826233e-02 1.334954984486103058e-02 3.814517259597778320e-01 4.438040032982826233e-02 1.334954984486103058e-02 3.814517259597778320e-01
1.040000000000000000e+05 4.494228959083557129e-02 1.325778942555189133e-02 3.787693679332733154e-01 4.494228959083557129e-02 1.325778942555189133e-02 3.787693679332733154e-01
1.050000000000000000e+05 4.573162645101547241e-02 1.333523076027631760e-02 3.805921077728271484e-01 4.573162645101547241e-02 1.333523076027631760e-02 3.805921077728271484e-01
1.060000000000000000e+05 4.430684819817543030e-02 1.334367133677005768e-02 3.728651106357574463e-01 4.430684819817543030e-02 1.334367133677005768e-02 3.728651106357574463e-01
1.070000000000000000e+05 4.522409662604331970e-02 1.326729450374841690e-02 3.741667270660400391e-01 4.522409662604331970e-02 1.326729450374841690e-02 3.741667270660400391e-01
1.080000000000000000e+05 4.329713433980941772e-02 1.324892695993185043e-02 3.664517402648925781e-01 4.329713433980941772e-02 1.324892695993185043e-02 3.664517402648925781e-01
1.090000000000000000e+05 4.550467431545257568e-02 1.318372692912817001e-02 3.641667664051055908e-01 4.550467431545257568e-02 1.318372692912817001e-02 3.641667664051055908e-01
1.100000000000000000e+05 4.249266907572746277e-02 1.328437402844429016e-02 3.603938519954681396e-01 4.249266907572746277e-02 1.328437402844429016e-02 3.603938519954681396e-01
1.110000000000000000e+05 4.245190322399139404e-02 1.323424559086561203e-02 3.596706092357635498e-01 4.245190322399139404e-02 1.323424559086561203e-02 3.596706092357635498e-01
1.120000000000000000e+05 4.212256148457527161e-02 1.325773820281028748e-02 3.579126894474029541e-01 4.212256148457527161e-02 1.325773820281028748e-02 3.579126894474029541e-01
1.130000000000000000e+05 4.463204741477966309e-02 1.317259296774864197e-02 3.539461493492126465e-01 4.463204741477966309e-02 1.317259296774864197e-02 3.539461493492126465e-01
1.140000000000000000e+05 4.146336764097213745e-02 1.316169928759336472e-02 3.481740355491638184e-01 4.146336764097213745e-02 1.316169928759336472e-02 3.481740355491638184e-01
1.150000000000000000e+05 4.166578128933906555e-02 1.319110952317714691e-02 3.457108438014984131e-01 4.166578128933906555e-02 1.319110952317714691e-02 3.457108438014984131e-01
1.160000000000000000e+05 4.146968200802803040e-02 1.317943260073661804e-02 3.445805013179779053e-01 4.146968200802803040e-02 1.317943260073661804e-02 3.445805013179779053e-01
1.170000000000000000e+05 4.113005474209785461e-02 1.314909383654594421e-02 3.446012139320373535e-01 4.113005474209785461e-02 1.314909383654594421e-02 3.446012139320373535e-01
1.180000000000000000e+05 4.127442836761474609e-02 1.311403512954711914e-02 3.421210348606109619e-01 4.127442836761474609e-02 1.311403512954711914e-02 3.421210348606109619e-01
1.190000000000000000e+05 4.101264104247093201e-02 1.309300865978002548e-02 3.357501029968261719e-01 4.101264104247093201e-02 1.309300865978002548e-02 3.357501029968261719e-01
1.200000000000000000e+05 4.079136252403259277e-02 1.306329481303691864e-02 3.314749002456665039e-01 4.079136252403259277e-02 1.306329481303691864e-02 3.314749002456665039e-01
1.210000000000000000e+05 4.327965155243873596e-02 1.302083767950534821e-02 3.306528925895690918e-01 4.327965155243873596e-02 1.302083767950534821e-02 3.306528925895690918e-01
1.220000000000000000e+05 4.496121779084205627e-02 1.315050944685935974e-02 3.271282315254211426e-01 4.496121779084205627e-02 1.315050944685935974e-02 3.271282315254211426e-01
1.230000000000000000e+05 4.124646261334419250e-02 1.297479216009378433e-02 3.263834714889526367e-01 4.124646261334419250e-02 1.297479216009378433e-02 3.263834714889526367e-01
1.240000000000000000e+05 4.071983322501182556e-02 1.295589469373226166e-02 3.217543661594390869e-01 4.071983322501182556e-02 1.295589469373226166e-02 3.217543661594390869e-01
1.250000000000000000e+05 4.012553021311759949e-02 1.297736726701259613e-02 3.190643489360809326e-01 4.012553021311759949e-02 1.297736726701259613e-02 3.190643489360809326e-01
1.260000000000000000e+05 4.037824645638465881e-02 1.296387240290641785e-02 3.162960410118103027e-01 4.037824645638465881e-02 1.296387240290641785e-02 3.162960410118103027e-01
1.270000000000000000e+05 4.001683741807937622e-02 1.296672411262989044e-02 3.154303431510925293e-01 4.001683741807937622e-02 1.296672411262989044e-02 3.154303431510925293e-01
1.280000000000000000e+05 3.951327130198478699e-02 1.295000873506069183e-02 3.124947249889373779e-01 3.951327130198478699e-02 1.295000873506069183e-02 3.124947249889373779e-01
1.290000000000000000e+05 4.057003185153007507e-02 1.297817844897508621e-02 3.139940500259399414e-01 4.057003185153007507e-02 1.297817844897508621e-02 3.139940500259399414e-01
1.300000000000000000e+05 3.942791000008583069e-02 1.293670013546943665e-02 3.079686462879180908e-01 3.942791000008583069e-02 1.293670013546943665e-02 3.079686462879180908e-01
1.310000000000000000e+05 4.072075709700584412e-02 1.293022371828556061e-02 3.088789880275726318e-01 4.072075709700584412e-02 1.293022371828556061e-02 3.088789880275726318e-01
1.320000000000000000e+05 4.117017239332199097e-02 1.288228295743465424e-02 3.053544759750366211e-01 4.117017239332199097e-02 1.288228295743465424e-02 3.053544759750366211e-01
1.330000000000000000e+05 4.153588414192199707e-02 1.293899957090616226e-02 3.040363788604736328e-01 4.153588414192199707e-02 1.293899957090616226e-02 3.040363788604736328e-01
1.340000000000000000e+05 3.961075097322463989e-02 1.287602726370096207e-02 3.024224936962127686e-01 3.961075097322463989e-02 1.287602726370096207e-02 3.024224936962127686e-01
1.350000000000000000e+05 4.009516909718513489e-02 1.287500467151403427e-02 2.988894581794738770e-01 4.009516909718513489e-02 1.287500467151403427e-02 2.988894581794738770e-01
1.360000000000000000e+05 3.889242187142372131e-02 1.284361071884632111e-02 2.971459329128265381e-01 3.889242187142372131e-02 1.284361071884632111e-02 2.971459329128265381e-01
1.370000000000000000e+05 4.015362262725830078e-02 1.280996575951576233e-02 2.955067455768585205e-01 4.015362262725830078e-02 1.280996575951576233e-02 2.955067455768585205e-01
1.380000000000000000e+05 3.956773504614830017e-02 1.284099929034709930e-02 2.949903607368469238e-01 3.956773504614830017e-02 1.284099929034709930e-02 2.949903607368469238e-01
1.390000000000000000e+05 3.864357620477676392e-02 1.280025113373994827e-02 2.932006120681762695e-01 3.864357620477676392e-02 1.280025113373994827e-02 2.932006120681762695e-01
1.400000000000000000e+05 3.838137164711952209e-02 1.280679740011692047e-02 2.910385727882385254e-01 3.838137164711952209e-02 1.280679740011692047e-02 2.910385727882385254e-01
1.410000000000000000e+05 3.824836760759353638e-02 1.275813672691583633e-02 2.896377742290496826e-01 3.824836760759353638e-02 1.275813672691583633e-02 2.896377742290496826e-01
1.420000000000000000e+05 4.265154525637626648e-02 1.285162661224603653e-02 2.902784049510955811e-01 4.265154525637626648e-02 1.285162661224603653e-02 2.902784049510955811e-01
1.430000000000000000e+05 3.994296491146087646e-02 1.276299264281988144e-02 2.885586023330688477e-01 3.994296491146087646e-02 1.276299264281988144e-02 2.885586023330688477e-01
1.440000000000000000e+05 3.779101371765136719e-02 1.274619251489639282e-02 2.835760414600372314e-01 3.779101371765136719e-02 1.274619251489639282e-02 2.835760414600372314e-01
1.450000000000000000e+05 3.848611563444137573e-02 1.269208732992410660e-02 2.862719595432281494e-01 3.848611563444137573e-02 1.269208732992410660e-02 2.862719595432281494e-01
1.460000000000000000e+05 3.774432837963104248e-02 1.274916902184486389e-02 2.815588414669036865e-01 3.774432837963104248e-02 1.274916902184486389e-02 2.815588414669036865e-01
1.470000000000000000e+05 3.778990358114242554e-02 1.264956407248973846e-02 2.802732288837432861e-01 3.778990358114242554e-02 1.264956407248973846e-02 2.802732288837432861e-01
1.480000000000000000e+05 3.716770187020301819e-02 1.269163750112056732e-02 2.787095606327056885e-01 3.716770187020301819e-02 1.269163750112056732e-02 2.787095606327056885e-01
1.490000000000000000e+05 3.658936545252799988e-02 1.265872735530138016e-02 2.778571248054504395e-01 3.658936545252799988e-02 1.265872735530138016e-02 2.778571248054504395e-01
1.500000000000000000e+05 3.679111972451210022e-02 1.268814783543348312e-02 2.754384875297546387e-01 3.679111972451210022e-02 1.268814783543348312e-02 2.754384875297546387e-01
1.510000000000000000e+05 3.722038120031356812e-02 1.266992464661598206e-02 2.749425172805786133e-01 3.722038120031356812e-02 1.266992464661598206e-02 2.749425172805786133e-01
1.520000000000000000e+05 3.688653931021690369e-02 1.266975607722997665e-02 2.728045880794525146e-01 3.688653931021690369e-02 1.266975607722997665e-02 2.728045880794525146e-01
1.530000000000000000e+05 3.760200366377830505e-02 1.266877911984920502e-02 2.720791995525360107e-01 3.760200366377830505e-02 1.266877911984920502e-02 2.720791995525360107e-01
1.540000000000000000e+05 3.649113327264785767e-02 1.254147198051214218e-02 2.725355923175811768e-01 3.649113327264785767e-02 1.254147198051214218e-02 2.725355923175811768e-01
1.550000000000000000e+05 3.541734814643859863e-02 1.256712805479764938e-02 2.696231305599212646e-01 3.541734814643859863e-02 1.256712805479764938e-02 2.696231305599212646e-01
1.560000000000000000e+05 3.529240563511848450e-02 1.261613331735134125e-02 2.684389650821685791e-01 3.529240563511848450e-02 1.261613331735134125e-02 2.684389650821685791e-01
1.570000000000000000e+05 3.551862761378288269e-02 1.260979939252138138e-02 2.675564885139465332e-01 3.551862761378288269e-02 1.260979939252138138e-02 2.675564885139465332e-01
1.580000000000000000e+05 3.624946624040603638e-02 1.256977301090955734e-02 2.672052979469299316e-01 3.624946624040603638e-02 1.256977301090955734e-02 2.672052979469299316e-01
1.590000000000000000e+05 3.599189221858978271e-02 1.258890237659215927e-02 2.639406025409698486e-01 3.599189221858978271e-02 1.258890237659215927e-02 2.639406025409698486e-01
1.600000000000000000e+05 3.458992019295692444e-02 1.253403536975383759e-02 2.639147639274597168e-01 3.458992019295692444e-02 1.253403536975383759e-02 2.639147639274597168e-01
1.610000000000000000e+05 3.480494022369384766e-02 1.259128190577030182e-02 2.638886570930480957e-01 3.480494022369384766e-02 1.259128190577030182e-02 2.638886570930480957e-01
1.620000000000000000e+05 3.544547408819198608e-02 1.256045792251825333e-02 2.634194195270538330e-01 3.544547408819198608e-02 1.256045792251825333e-02 2.634194195270538330e-01
1.630000000000000000e+05 3.336527943611145020e-02 1.252059731632471085e-02 2.594033777713775635e-01 3.336527943611145020e-02 1.252059731632471085e-02 2.594033777713775635e-01
1.640000000000000000e+05 3.827936947345733643e-02 1.257797796279191971e-02 2.585935890674591064e-01 3.827936947345733643e-02 1.257797796279191971e-02 2.585935890674591064e-01
1.650000000000000000e+05 3.378684818744659424e-02 1.255325134843587875e-02 2.599709630012512207e-01 3.378684818744659424e-02 1.255325134843587875e-02 2.599709630012512207e-01
1.660000000000000000e+05 3.558816760778427124e-02 1.249657757580280304e-02 2.566951811313629150e-01 3.558816760778427124e-02 1.249657757580280304e-02 2.566951811313629150e-01
1.670000000000000000e+05 3.346514701843261719e-02 1.251757331192493439e-02 2.553306221961975098e-01 3.346514701843261719e-02 1.251757331192493439e-02 2.553306221961975098e-01
1.680000000000000000e+05 3.286201506853103638e-02 1.253032684326171875e-02 2.545889616012573242e-01 3.286201506853103638e-02 1.253032684326171875e-02 2.545889616012573242e-01
1.690000000000000000e+05 3.252329677343368530e-02 1.253696065396070480e-02 2.539926469326019287e-01 3.252329677343368530e-02 1.253696065396070480e-02 2.539926469326019287e-01
1.700000000000000000e+05 3.226755559444427490e-02 1.255371049046516418e-02 2.519878447055816650e-01 3.226755559444427490e-02 1.255371049046516418e-02 2.519878447055816650e-01
1.710000000000000000e+05 3.274758532643318176e-02 1.245043054223060608e-02 2.505461275577545166e-01 3.274758532643318176e-02 1.245043054223060608e-02 2.505461275577545166e-01
1.720000000000000000e+05 3.231286630034446716e-02 1.251247152686119080e-02 2.507874369621276855e-01 3.231286630034446716e-02 1.251247152686119080e-02 2.507874369621276855e-01
1.730000000000000000e+05 3.151909634470939636e-02 1.247225608676671982e-02 2.513616681098937988e-01 3.151909634470939636e-02 1.247225608676671982e-02 2.513616681098937988e-01
1.740000000000000000e+05 3.238136693835258484e-02 1.247381605207920074e-02 2.498302161693572998e-01 3.238136693835258484e-02 1.247381605207920074e-02 2.498302161693572998e-01
1.750000000000000000e+05 3.184114024043083191e-02 1.249433960765600204e-02 2.488209605216979980e-01 3.184114024043083191e-02 1.249433960765600204e-02 2.488209605216979980e-01
1.760000000000000000e+05 3.081171400845050812e-02 1.249341666698455811e-02 2.475399076938629150e-01 3.081171400845050812e-02 1.249341666698455811e-02 2.475399076938629150e-01
1.770000000000000000e+05 3.203314915299415588e-02 1.253321208059787750e-02 2.490081638097763062e-01 3.203314915299415588e-02 1.253321208059787750e-02 2.490081638097763062e-01
1.780000000000000000e+05 3.059855662286281586e-02 1.248411927372217178e-02 2.475346475839614868e-01 3.059855662286281586e-02 1.248411927372217178e-02 2.475346475839614868e-01
1.790000000000000000e+05 3.130902349948883057e-02 1.244614925235509872e-02 2.445949465036392212e-01 3.130902349948883057e-02 1.244614925235509872e-02 2.445949465036392212e-01
1.800000000000000000e+05 3.256139531731605530e-02 1.243224460631608963e-02 2.448248416185379028e-01 3.256139531731605530e-02 1.243224460631608963e-02 2.448248416185379028e-01
1.810000000000000000e+05 3.017047047615051270e-02 1.248445920646190643e-02 2.479062378406524658e-01 3.017047047615051270e-02 1.248445920646190643e-02 2.479062378406524658e-01
1.820000000000000000e+05 3.044030442833900452e-02 1.241539325565099716e-02 2.404265999794006348e-01 3.044030442833900452e-02 1.241539325565099716e-02 2.404265999794006348e-01
1.830000000000000000e+05 3.036730550229549408e-02 1.243622507899999619e-02 2.412117272615432739e-01 3.036730550229549408e-02 1.243622507899999619e-02 2.412117272615432739e-01
1.840000000000000000e+05 3.325813636183738708e-02 1.249502692371606827e-02 2.403311133384704590e-01 3.325813636183738708e-02 1.249502692371606827e-02 2.403311133384704590e-01
1.850000000000000000e+05 3.061429597437381744e-02 1.250208355486392975e-02 2.380456477403640747e-01 3.061429597437381744e-02 1.250208355486392975e-02 2.380456477403640747e-01
1.860000000000000000e+05 3.089397214353084564e-02 1.239213347434997559e-02 2.384511828422546387e-01 3.089397214353084564e-02 1.239213347434997559e-02 2.384511828422546387e-01
1.870000000000000000e+05 3.155829012393951416e-02 1.244629360735416412e-02 2.400238960981369019e-01 3.155829012393951416e-02 1.244629360735416412e-02 2.400238960981369019e-01
1.880000000000000000e+05 2.944854088127613068e-02 1.243927609175443649e-02 2.382818609476089478e-01 2.944854088127613068e-02 1.243927609175443649e-02 2.382818609476089478e-01
1.890000000000000000e+05 2.965874038636684418e-02 1.247976999729871750e-02 2.394951581954956055e-01 2.965874038636684418e-02 1.247976999729871750e-02 2.394951581954956055e-01
1.900000000000000000e+05 3.009376674890518188e-02 1.249153912067413330e-02 2.370527982711791992e-01 3.009376674890518188e-02 1.249153912067413330e-02 2.370527982711791992e-01
1.910000000000000000e+05 2.847566455602645874e-02 1.246812939643859863e-02 2.363023310899734497e-01 2.847566455602645874e-02 1.246812939643859863e-02 2.363023310899734497e-01
1.920000000000000000e+05 2.823140472173690796e-02 1.244775671511888504e-02 2.339966148138046265e-01 2.823140472173690796e-02 1.244775671511888504e-02 2.339966148138046265e-01
1.930000000000000000e+05 2.870740927755832672e-02 1.244834065437316895e-02 2.352593541145324707e-01 2.870740927755832672e-02 1.244834065437316895e-02 2.352593541145324707e-01
1.940000000000000000e+05 2.770554646849632263e-02 1.246461085975170135e-02 2.353441715240478516e-01 2.770554646849632263e-02 1.246461085975170135e-02 2.353441715240478516e-01
1.950000000000000000e+05 2.998438663780689240e-02 1.248800754547119141e-02 2.341782450675964355e-01 2.998438663780689240e-02 1.248800754547119141e-02 2.341782450675964355e-01
1.960000000000000000e+05 2.841310948133468628e-02 1.247563771903514862e-02 2.316401600837707520e-01 2.841310948133468628e-02 1.247563771903514862e-02 2.316401600837707520e-01
1.970000000000000000e+05 2.904985658824443817e-02 1.244570035487413406e-02 2.321075946092605591e-01 2.904985658824443817e-02 1.244570035487413406e-02 2.321075946092605591e-01
1.980000000000000000e+05 2.726982161402702332e-02 1.242526993155479431e-02 2.310511916875839233e-01 2.726982161402702332e-02 1.242526993155479431e-02 2.310511916875839233e-01
1.990000000000000000e+05 2.711241506040096283e-02 1.240475289523601532e-02 2.307935357093811035e-01 2.711241506040096283e-02 1.240475289523601532e-02 2.307935357093811035e-01
2.000000000000000000e+05 2.652227692306041718e-02 1.246553938835859299e-02 2.292755693197250366e-01 2.652227692306041718e-02 1.246553938835859299e-02 2.292755693197250366e-01
2.010000000000000000e+05 3.012859262526035309e-02 1.237092260271310806e-02 2.370997071266174316e-01 3.012859262526035309e-02 1.237092260271310806e-02 2.370997071266174316e-01
2.020000000000000000e+05 2.673038467764854431e-02 1.241826545447111130e-02 2.296239882707595825e-01 2.673038467764854431e-02 1.241826545447111130e-02 2.296239882707595825e-01
2.030000000000000000e+05 2.703164704144001007e-02 1.238940749317407608e-02 2.285963892936706543e-01 2.703164704144001007e-02 1.238940749317407608e-02 2.285963892936706543e-01
2.040000000000000000e+05 2.767166867852210999e-02 1.238960493355989456e-02 2.282407879829406738e-01 2.767166867852210999e-02 1.238960493355989456e-02 2.282407879829406738e-01
2.050000000000000000e+05 2.704255655407905579e-02 1.237053424119949341e-02 2.267957627773284912e-01 2.704255655407905579e-02 1.237053424119949341e-02 2.267957627773284912e-01
2.060000000000000000e+05 2.759482152760028839e-02 1.245300285518169403e-02 2.267037928104400635e-01 2.759482152760028839e-02 1.245300285518169403e-02 2.267037928104400635e-01
2.070000000000000000e+05 2.569528669118881226e-02 1.242648996412754059e-02 2.259132266044616699e-01 2.569528669118881226e-02 1.242648996412754059e-02 2.259132266044616699e-01
2.080000000000000000e+05 2.619220316410064697e-02 1.238491386175155640e-02 2.255230247974395752e-01 2.619220316410064697e-02 1.238491386175155640e-02 2.255230247974395752e-01
2.090000000000000000e+05 2.682916447520256042e-02 1.246098801493644714e-02 2.252065092325210571e-01 2.682916447520256042e-02 1.246098801493644714e-02 2.252065092325210571e-01
2.100000000000000000e+05 2.696736715734004974e-02 1.248616818338632584e-02 2.247394323348999023e-01 2.696736715734004974e-02 1.248616818338632584e-02 2.247394323348999023e-01
2.110000000000000000e+05 2.511251904070377350e-02 1.242964994162321091e-02 2.244123965501785278e-01 2.511251904070377350e-02 1.242964994162321091e-02 2.244123965501785278e-01
2.120000000000000000e+05 2.634531259536743164e-02 1.236175838857889175e-02 2.233636975288391113e-01 2.634531259536743164e-02 1.236175838857889175e-02 2.233636975288391113e-01
2.130000000000000000e+05 2.501907199621200562e-02 1.243665441870689392e-02 2.217950224876403809e-01 2.501907199621200562e-02 1.243665441870689392e-02 2.217950224876403809e-01
2.140000000000000000e+05 2.528545446693897247e-02 1.247784961014986038e-02 2.223604321479797363e-01 2.528545446693897247e-02 1.247784961014986038e-02 2.223604321479797363e-01
2.150000000000000000e+05 2.555149793624877930e-02 1.245439238846302032e-02 2.223985493183135986e-01 2.555149793624877930e-02 1.245439238846302032e-02 2.223985493183135986e-01
2.160000000000000000e+05 2.440102398395538330e-02 1.243761461228132248e-02 2.210737019777297974e-01 2.440102398395538330e-02 1.243761461228132248e-02 2.210737019777297974e-01
2.170000000000000000e+05 2.457676827907562256e-02 1.243264041841030121e-02 2.225598394870758057e-01 2.457676827907562256e-02 1.243264041841030121e-02 2.225598394870758057e-01
2.180000000000000000e+05 2.624581940472126007e-02 1.246486511081457138e-02 2.219321876764297485e-01 2.624581940472126007e-02 1.246486511081457138e-02 2.219321876764297485e-01
2.190000000000000000e+05 2.479081228375434875e-02 1.239174697548151016e-02 2.226055413484573364e-01 2.479081228375434875e-02 1.239174697548151016e-02 2.226055413484573364e-01
2.200000000000000000e+05 2.526707015931606293e-02 1.245921198278665543e-02 2.198042869567871094e-01 2.526707015931606293e-02 1.245921198278665543e-02 2.198042869567871094e-01
2.210000000000000000e+05 2.369364164769649506e-02 1.243511680513620377e-02 2.175677567720413208e-01 2.369364164769649506e-02 1.243511680513620377e-02 2.175677567720413208e-01
2.220000000000000000e+05 2.516707964241504669e-02 1.240961533039808273e-02 2.237767875194549561e-01 2.516707964241504669e-02 1.240961533039808273e-02 2.237767875194549561e-01
2.230000000000000000e+05 2.461670525372028351e-02 1.243397872895002365e-02 2.203475385904312134e-01 2.461670525372028351e-02 1.243397872895002365e-02 2.203475385904312134e-01
2.240000000000000000e+05 2.473342232406139374e-02 1.244029123336076736e-02 2.199795842170715332e-01 2.473342232406139374e-02 1.244029123336076736e-02 2.199795842170715332e-01
2.250000000000000000e+05 2.711535617709159851e-02 1.235921401530504227e-02 2.169633209705352783e-01 2.711535617709159851e-02 1.235921401530504227e-02 2.169633209705352783e-01
2.260000000000000000e+05 2.442564070224761963e-02 1.244834344834089279e-02 2.169576734304428101e-01 2.442564070224761963e-02 1.244834344834089279e-02 2.169576734304428101e-01
2.270000000000000000e+05 2.473806962370872498e-02 1.240198872983455658e-02 2.181952893733978271e-01 2.473806962370872498e-02 1.240198872983455658e-02 2.181952893733978271e-01
2.280000000000000000e+05 2.608528360724449158e-02 1.242836192250251770e-02 2.201412767171859741e-01 2.608528360724449158e-02 1.242836192250251770e-02 2.201412767171859741e-01
2.290000000000000000e+05 2.343460172414779663e-02 1.246053632348775864e-02 2.148158401250839233e-01 2.343460172414779663e-02 1.246053632348775864e-02 2.148158401250839233e-01
2.300000000000000000e+05 2.499479427933692932e-02 1.238988246768712997e-02 2.156436443328857422e-01 2.499479427933692932e-02 1.238988246768712997e-02 2.156436443328857422e-01
2.310000000000000000e+05 2.432908676564693451e-02 1.247450429946184158e-02 2.148496508598327637e-01 2.432908676564693451e-02 1.247450429946184158e-02 2.148496508598327637e-01
2.320000000000000000e+05 2.511785924434661865e-02 1.243585161864757538e-02 2.169122695922851562e-01 2.511785924434661865e-02 1.243585161864757538e-02 2.169122695922851562e-01
2.330000000000000000e+05 2.498210221529006958e-02 1.243462506681680679e-02 2.157339751720428467e-01 2.498210221529006958e-02 1.243462506681680679e-02 2.157339751720428467e-01
2.340000000000000000e+05 2.611133642494678497e-02 1.248419471085071564e-02 2.156743258237838745e-01 2.611133642494678497e-02 1.248419471085071564e-02 2.156743258237838745e-01
2.350000000000000000e+05 2.376960590481758118e-02 1.243229582905769348e-02 2.126799374818801880e-01 2.376960590481758118e-02 1.243229582905769348e-02 2.126799374818801880e-01
2.360000000000000000e+05 2.619128301739692688e-02 1.252420712262392044e-02 2.122456729412078857e-01 2.619128301739692688e-02 1.252420712262392044e-02 2.122456729412078857e-01
2.370000000000000000e+05 2.419191412627696991e-02 1.245182286947965622e-02 2.144748568534851074e-01 2.419191412627696991e-02 1.245182286947965622e-02 2.144748568534851074e-01
2.380000000000000000e+05 2.533544041216373444e-02 1.252972427755594254e-02 2.123781740665435791e-01 2.533544041216373444e-02 1.252972427755594254e-02 2.123781740665435791e-01
2.390000000000000000e+05 2.311971038579940796e-02 1.247439440339803696e-02 2.103119194507598877e-01 2.311971038579940796e-02 1.247439440339803696e-02 2.103119194507598877e-01
2.400000000000000000e+05 2.387188188731670380e-02 1.249362435191869736e-02 2.139733135700225830e-01 2.387188188731670380e-02 1.249362435191869736e-02 2.139733135700225830e-01
2.410000000000000000e+05 2.362190373241901398e-02 1.252823323011398315e-02 2.100616693496704102e-01 2.362190373241901398e-02 1.252823323011398315e-02 2.100616693496704102e-01
2.420000000000000000e+05 2.394954487681388855e-02 1.242715306580066681e-02 2.117234021425247192e-01 2.394954487681388855e-02 1.242715306580066681e-02 2.117234021425247192e-01
2.430000000000000000e+05 2.364487573504447937e-02 1.251328550279140472e-02 2.096353173255920410e-01 2.364487573504447937e-02 1.251328550279140472e-02 2.096353173255920410e-01
2.440000000000000000e+05 2.279737964272499084e-02 1.249208673834800720e-02 2.093201577663421631e-01 2.279737964272499084e-02 1.249208673834800720e-02 2.093201577663421631e-01
2.450000000000000000e+05 2.271572314202785492e-02 1.249916572123765945e-02 2.073297202587127686e-01 2.271572314202785492e-02 1.249916572123765945e-02 2.073297202587127686e-01
2.460000000000000000e+05 2.258801646530628204e-02 1.247370801866054535e-02 2.084325700998306274e-01 2.258801646530628204e-02 1.247370801866054535e-02 2.084325700998306274e-01
2.470000000000000000e+05 2.382818050682544708e-02 1.242919918149709702e-02 2.084551453590393066e-01 2.382818050682544708e-02 1.242919918149709702e-02 2.084551453590393066e-01
2.480000000000000000e+05 2.262308076024055481e-02 1.248033065348863602e-02 2.076456993818283081e-01 2.262308076024055481e-02 1.248033065348863602e-02 2.076456993818283081e-01
2.490000000000000000e+05 2.435797080397605896e-02 1.249098125845193863e-02 2.069942653179168701e-01 2.435797080397605896e-02 1.249098125845193863e-02 2.069942653179168701e-01
2.500000000000000000e+05 2.293276600539684296e-02 1.248938590288162231e-02 2.040669769048690796e-01 2.293276600539684296e-02 1.248938590288162231e-02 2.040669769048690796e-01
2.510000000000000000e+05 2.342954836785793304e-02 1.252081431448459625e-02 2.046166509389877319e-01 2.342954836785793304e-02 1.252081431448459625e-02 2.046166509389877319e-01
2.520000000000000000e+05 2.344722859561443329e-02 1.252799294888973236e-02 2.065134644508361816e-01 2.344722859561443329e-02 1.252799294888973236e-02 2.065134644508361816e-01
2.530000000000000000e+05 2.541853860020637512e-02 1.244131848216056824e-02 2.069998085498809814e-01 2.541853860020637512e-02 1.244131848216056824e-02 2.069998085498809814e-01
2.540000000000000000e+05 2.271769382059574127e-02 1.254955492913722992e-02 2.035317271947860718e-01 2.271769382059574127e-02 1.254955492913722992e-02 2.035317271947860718e-01
2.550000000000000000e+05 2.330622263252735138e-02 1.255233492702245712e-02 2.023665308952331543e-01 2.330622263252735138e-02 1.255233492702245712e-02 2.023665308952331543e-01
2.560000000000000000e+05 2.215151302516460419e-02 1.249690447002649307e-02 2.027022242546081543e-01 2.215151302516460419e-02 1.249690447002649307e-02 2.027022242546081543e-01
2.570000000000000000e+05 2.625726535916328430e-02 1.244403049349784851e-02 2.034195661544799805e-01 2.625726535916328430e-02 1.244403049349784851e-02 2.034195661544799805e-01
2.580000000000000000e+05 2.453768253326416016e-02 1.244222000241279602e-02 2.019500434398651123e-01 2.453768253326416016e-02 1.244222000241279602e-02 2.019500434398651123e-01
2.590000000000000000e+05 2.511729858815670013e-02 1.254776399582624435e-02 2.061842978000640869e-01 2.511729858815670013e-02 1.254776399582624435e-02 2.061842978000640869e-01
2.600000000000000000e+05 2.208147384226322174e-02 1.257039234042167664e-02 2.007845789194107056e-01 2.208147384226322174e-02 1.257039234042167664e-02 2.007845789194107056e-01
2.610000000000000000e+05 2.250274829566478729e-02 1.256136968731880188e-02 1.998066157102584839e-01 2.250274829566478729e-02 1.256136968731880188e-02 1.998066157102584839e-01
2.620000000000000000e+05 2.289153635501861572e-02 1.255630888044834137e-02 2.004396915435791016e-01 2.289153635501861572e-02 1.255630888044834137e-02 2.004396915435791016e-01
2.630000000000000000e+05 2.185800671577453613e-02 1.253765821456909180e-02 1.988008916378021240e-01 2.185800671577453613e-02 1.253765821456909180e-02 1.988008916378021240e-01
2.640000000000000000e+05 2.258960902690887451e-02 1.251557655632495880e-02 1.993623524904251099e-01 2.258960902690887451e-02 1.251557655632495880e-02 1.993623524904251099e-01
2.650000000000000000e+05 2.454355545341968536e-02 1.253297179937362671e-02 2.006478905677795410e-01 2.454355545341968536e-02 1.253297179937362671e-02 2.006478905677795410e-01
2.660000000000000000e+05 2.306255511939525604e-02 1.257020514458417892e-02 2.020634710788726807e-01 2.306255511939525604e-02 1.257020514458417892e-02 2.020634710788726807e-01
2.670000000000000000e+05 2.462899312376976013e-02 1.259938813745975494e-02 1.981705427169799805e-01 2.462899312376976013e-02 1.259938813745975494e-02 1.981705427169799805e-01
2.680000000000000000e+05 2.287793159484863281e-02 1.254672650247812271e-02 1.969731003046035767e-01 2.287793159484863281e-02 1.254672650247812271e-02 1.969731003046035767e-01
2.690000000000000000e+05 2.232851646840572357e-02 1.259334851056337357e-02 1.972609013319015503e-01 2.232851646840572357e-02 1.259334851056337357e-02 1.972609013319015503e-01
2.700000000000000000e+05 2.157935500144958496e-02 1.258107088506221771e-02 1.966839432716369629e-01 2.157935500144958496e-02 1.258107088506221771e-02 1.966839432716369629e-01
2.710000000000000000e+05 2.240929193794727325e-02 1.251898612827062607e-02 1.956809312105178833e-01 2.240929193794727325e-02 1.251898612827062607e-02 1.956809312105178833e-01
2.720000000000000000e+05 2.229209616780281067e-02 1.257712487131357193e-02 1.958128362894058228e-01 2.229209616780281067e-02 1.257712487131357193e-02 1.958128362894058228e-01
2.730000000000000000e+05 2.271760441362857819e-02 1.261361967772245407e-02 1.969287395477294922e-01 2.271760441362857819e-02 1.261361967772245407e-02 1.969287395477294922e-01
2.740000000000000000e+05 2.741944417357444763e-02 1.250291243195533752e-02 2.040618509054183960e-01 2.741944417357444763e-02 1.250291243195533752e-02 2.040618509054183960e-01
2.750000000000000000e+05 2.205142937600612640e-02 1.258751004934310913e-02 1.944443732500076294e-01 2.205142937600612640e-02 1.258751004934310913e-02 1.944443732500076294e-01
2.760000000000000000e+05 2.371799759566783905e-02 1.266899704933166504e-02 1.936017721891403198e-01 2.371799759566783905e-02 1.266899704933166504e-02 1.936017721891403198e-01
2.770000000000000000e+05 2.500738203525543213e-02 1.252792030572891235e-02 1.952157169580459595e-01 2.500738203525543213e-02 1.252792030572891235e-02 1.952157169580459595e-01
2.780000000000000000e+05 2.177130989730358124e-02 1.259943190962076187e-02 1.937852650880813599e-01 2.177130989730358124e-02 1.259943190962076187e-02 1.937852650880813599e-01
2.790000000000000000e+05 2.902989462018013000e-02 1.252629142254590988e-02 1.926719993352890015e-01 2.902989462018013000e-02 1.252629142254590988e-02 1.926719993352890015e-01
2.800000000000000000e+05 2.312800846993923187e-02 1.262312196195125580e-02 1.922661215066909790e-01 2.312800846993923187e-02 1.262312196195125580e-02 1.922661215066909790e-01
2.810000000000000000e+05 2.148933336138725281e-02 1.264176424592733383e-02 1.911606490612030029e-01 2.148933336138725281e-02 1.264176424592733383e-02 1.911606490612030029e-01
2.820000000000000000e+05 2.178373560309410095e-02 1.258767396211624146e-02 1.917970329523086548e-01 2.178373560309410095e-02 1.258767396211624146e-02 1.917970329523086548e-01
2.830000000000000000e+05 2.174738608300685883e-02 1.261106785386800766e-02 1.911653578281402588e-01 2.174738608300685883e-02 1.261106785386800766e-02 1.911653578281402588e-01
2.840000000000000000e+05 2.257633954286575317e-02 1.259050611406564713e-02 1.921662539243698120e-01 2.257633954286575317e-02 1.259050611406564713e-02 1.921662539243698120e-01
2.850000000000000000e+05 2.316256053745746613e-02 1.270762830972671509e-02 1.910692751407623291e-01 2.316256053745746613e-02 1.270762830972671509e-02 1.910692751407623291e-01
2.860000000000000000e+05 2.969970740377902985e-02 1.251410879194736481e-02 1.936608105897903442e-01 2.969970740377902985e-02 1.251410879194736481e-02 1.936608105897903442e-01
2.870000000000000000e+05 2.181616239249706268e-02 1.261903252452611923e-02 1.895619630813598633e-01 2.181616239249706268e-02 1.261903252452611923e-02 1.895619630813598633e-01
2.880000000000000000e+05 2.415929548442363739e-02 1.259701699018478394e-02 1.914058327674865723e-01 2.415929548442363739e-02 1.259701699018478394e-02 1.914058327674865723e-01
2.890000000000000000e+05 2.324283123016357422e-02 1.262891478836536407e-02 1.904985904693603516e-01 2.324283123016357422e-02 1.262891478836536407e-02 1.904985904693603516e-01
2.900000000000000000e+05 2.156490832567214966e-02 1.266586408019065857e-02 1.900563985109329224e-01 2.156490832567214966e-02 1.266586408019065857e-02 1.900563985109329224e-01
2.910000000000000000e+05 2.737860567867755890e-02 1.270524039864540100e-02 1.881199479103088379e-01 2.737860567867755890e-02 1.270524039864540100e-02 1.881199479103088379e-01
2.920000000000000000e+05 2.360087260603904724e-02 1.262861862778663635e-02 1.903005689382553101e-01 2.360087260603904724e-02 1.262861862778663635e-02 1.903005689382553101e-01
2.930000000000000000e+05 2.161126770079135895e-02 1.269006729125976562e-02 1.877627819776535034e-01 2.161126770079135895e-02 1.269006729125976562e-02 1.877627819776535034e-01
2.940000000000000000e+05 2.171523496508598328e-02 1.266229525208473206e-02 1.877835243940353394e-01 2.171523496508598328e-02 1.266229525208473206e-02 1.877835243940353394e-01
2.950000000000000000e+05 2.389746718108654022e-02 1.273707021027803421e-02 1.865928769111633301e-01 2.389746718108654022e-02 1.273707021027803421e-02 1.865928769111633301e-01
2.960000000000000000e+05 2.183428034186363220e-02 1.266867015510797501e-02 1.856306046247482300e-01 2.183428034186363220e-02 1.266867015510797501e-02 1.856306046247482300e-01
2.970000000000000000e+05 2.412036992609500885e-02 1.263013016432523727e-02 1.858551800251007080e-01 2.412036992609500885e-02 1.263013016432523727e-02 1.858551800251007080e-01
2.980000000000000000e+05 2.313940413296222687e-02 1.265771221369504929e-02 1.873206645250320435e-01 2.313940413296222687e-02 1.265771221369504929e-02 1.873206645250320435e-01
2.990000000000000000e+05 2.339417859911918640e-02 1.267433259636163712e-02 1.858472526073455811e-01 2.339417859911918640e-02 1.267433259636163712e-02 1.858472526073455811e-01
3.000000000000000000e+05 2.222977951169013977e-02 1.269592251628637314e-02 1.849879920482635498e-01 2.222977951169013977e-02 1.269592251628637314e-02 1.849879920482635498e-01
3.010000000000000000e+05 2.461108751595020294e-02 1.273201033473014832e-02 1.842753589153289795e-01 2.461108751595020294e-02 1.273201033473014832e-02 1.842753589153289795e-01
3.020000000000000000e+05 2.685547992587089539e-02 1.276612468063831329e-02 1.876299828290939331e-01 2.685547992587089539e-02 1.276612468063831329e-02 1.876299828290939331e-01
3.030000000000000000e+05 2.321143075823783875e-02 1.269424986094236374e-02 1.859032958745956421e-01 2.321143075823783875e-02 1.269424986094236374e-02 1.859032958745956421e-01
3.040000000000000000e+05 2.178330346941947937e-02 1.272200234234333038e-02 1.839788109064102173e-01 2.178330346941947937e-02 1.272200234234333038e-02 1.839788109064102173e-01
3.050000000000000000e+05 2.217021025717258453e-02 1.271635480225086212e-02 1.834854185581207275e-01 2.217021025717258453e-02 1.271635480225086212e-02 1.834854185581207275e-01
3.060000000000000000e+05 2.248903363943099976e-02 1.267652492970228195e-02 1.838621944189071655e-01 2.248903363943099976e-02 1.267652492970228195e-02 1.838621944189071655e-01
3.070000000000000000e+05 2.140358276665210724e-02 1.269858982414007187e-02 1.835396289825439453e-01 2.140358276665210724e-02 1.269858982414007187e-02 1.835396289825439453e-01
3.080000000000000000e+05 2.255688793957233429e-02 1.269102841615676880e-02 1.841966658830642700e-01 2.255688793957233429e-02 1.269102841615676880e-02 1.841966658830642700e-01
3.090000000000000000e+05 2.528296411037445068e-02 1.262459997087717056e-02 1.840307265520095825e-01 2.528296411037445068e-02 1.262459997087717056e-02 1.840307265520095825e-01
3.100000000000000000e+05 2.285747602581977844e-02 1.267622038722038269e-02 1.836284101009368896e-01 2.285747602581977844e-02 1.267622038722038269e-02 1.836284101009368896e-01
3.110000000000000000e+05 2.992750518023967743e-02 1.284605171531438828e-02 1.852497756481170654e-01 2.992750518023967743e-02 1.284605171531438828e-02 1.852497756481170654e-01
3.120000000000000000e+05 2.292937971651554108e-02 1.273958012461662292e-02 1.817252188920974731e-01 2.292937971651554108e-02 1.273958012461662292e-02 1.817252188920974731e-01
3.130000000000000000e+05 2.167670242488384247e-02 1.269197277724742889e-02 1.812095642089843750e-01 2.167670242488384247e-02 1.269197277724742889e-02 1.812095642089843750e-01
3.140000000000000000e+05 2.254631370306015015e-02 1.267834752798080444e-02 1.808010935783386230e-01 2.254631370306015015e-02 1.267834752798080444e-02 1.808010935783386230e-01
3.150000000000000000e+05 2.376939356327056885e-02 1.274942141026258469e-02 1.824635118246078491e-01 2.376939356327056885e-02 1.274942141026258469e-02 1.824635118246078491e-01
3.160000000000000000e+05 2.305878512561321259e-02 1.270200405269861221e-02 1.809292286634445190e-01 2.305878512561321259e-02 1.270200405269861221e-02 1.809292286634445190e-01
3.170000000000000000e+05 2.317944914102554321e-02 1.269998028874397278e-02 1.795660853385925293e-01 2.317944914102554321e-02 1.269998028874397278e-02 1.795660853385925293e-01
3.180000000000000000e+05 2.185149677097797394e-02 1.275315601378679276e-02 1.796205937862396240e-01 2.185149677097797394e-02 1.275315601378679276e-02 1.796205937862396240e-01
3.190000000000000000e+05 2.262791432440280914e-02 1.274668052792549133e-02 1.792654097080230713e-01 2.262791432440280914e-02 1.274668052792549133e-02 1.792654097080230713e-01
3.200000000000000000e+05 2.331335097551345825e-02 1.275467965751886368e-02 1.829792857170104980e-01 2.331335097551345825e-02 1.275467965751886368e-02 1.829792857170104980e-01
3.210000000000000000e+05 2.541496045887470245e-02 1.275218557566404343e-02 1.796403825283050537e-01 2.541496045887470245e-02 1.275218557566404343e-02 1.796403825283050537e-01
3.220000000000000000e+05 2.326234057545661926e-02 1.271098386496305466e-02 1.784425824880599976e-01 2.326234057545661926e-02 1.271098386496305466e-02 1.784425824880599976e-01
3.230000000000000000e+05 2.180200442671775818e-02 1.273424364626407623e-02 1.783417016267776489e-01 2.180200442671775818e-02 1.273424364626407623e-02 1.783417016267776489e-01
3.240000000000000000e+05 2.189441397786140442e-02 1.269781775772571564e-02 1.789052784442901611e-01 2.189441397786140442e-02 1.269781775772571564e-02 1.789052784442901611e-01
3.250000000000000000e+05 2.472258917987346649e-02 1.270174887031316757e-02 1.777341663837432861e-01 2.472258917987346649e-02 1.270174887031316757e-02 1.777341663837432861e-01
3.260000000000000000e+05 2.366516552865505219e-02 1.265528518706560135e-02 1.795617640018463135e-01 2.366516552865505219e-02 1.265528518706560135e-02 1.795617640018463135e-01
3.270000000000000000e+05 2.210407704114913940e-02 1.268643047660589218e-02 1.784371733665466309e-01 2.210407704114913940e-02 1.268643047660589218e-02 1.784371733665466309e-01
3.280000000000000000e+05 2.241906709969043732e-02 1.266011968255043030e-02 1.780233085155487061e-01 2.241906709969043732e-02 1.266011968255043030e-02 1.780233085155487061e-01
3.290000000000000000e+05 2.342158928513526917e-02 1.273773424327373505e-02 1.784508824348449707e-01 2.342158928513526917e-02 1.273773424327373505e-02 1.784508824348449707e-01
3.300000000000000000e+05 2.217202074825763702e-02 1.275853626430034637e-02 1.774766296148300171e-01 2.217202074825763702e-02 1.275853626430034637e-02 1.774766296148300171e-01
3.310000000000000000e+05 2.505251392722129822e-02 1.267237309366464615e-02 1.786190718412399292e-01 2.505251392722129822e-02 1.267237309366464615e-02 1.786190718412399292e-01
3.320000000000000000e+05 2.294908463954925537e-02 1.275401841849088669e-02 1.764359027147293091e-01 2.294908463954925537e-02 1.275401841849088669e-02 1.764359027147293091e-01
3.330000000000000000e+05 2.358014881610870361e-02 1.276305969804525375e-02 1.765711754560470581e-01 2.358014881610870361e-02 1.276305969804525375e-02 1.765711754560470581e-01
3.340000000000000000e+05 2.251691929996013641e-02 1.270748022943735123e-02 1.760088205337524414e-01 2.251691929996013641e-02 1.270748022943735123e-02 1.760088205337524414e-01
3.350000000000000000e+05 2.213940769433975220e-02 1.270016282796859741e-02 1.756739765405654907e-01 2.213940769433975220e-02 1.270016282796859741e-02 1.756739765405654907e-01
3.360000000000000000e+05 2.260136976838111877e-02 1.268125232309103012e-02 1.749178469181060791e-01 2.260136976838111877e-02 1.268125232309103012e-02 1.749178469181060791e-01
3.370000000000000000e+05 2.384457923471927643e-02 1.271666865795850754e-02 1.737439781427383423e-01 2.384457923471927643e-02 1.271666865795850754e-02 1.737439781427383423e-01
3.380000000000000000e+05 2.222012542188167572e-02 1.270544715225696564e-02 1.739262342453002930e-01 2.222012542188167572e-02 1.270544715225696564e-02 1.739262342453002930e-01
3.390000000000000000e+05 2.203768305480480194e-02 1.268293056637048721e-02 1.741963922977447510e-01 2.203768305480480194e-02 1.268293056637048721e-02 1.741963922977447510e-01
3.400000000000000000e+05 2.325079590082168579e-02 1.265294849872589111e-02 1.729155927896499634e-01 2.325079590082168579e-02 1.265294849872589111e-02 1.729155927896499634e-01
3.410000000000000000e+05 2.352716960012912750e-02 1.265618856996297836e-02 1.752133220434188843e-01 2.352716960012912750e-02 1.265618856996297836e-02 1.752133220434188843e-01
3.420000000000000000e+05 2.354069799184799194e-02 1.272743474692106247e-02 1.730675101280212402e-01 2.354069799184799194e-02 1.272743474692106247e-02 1.730675101280212402e-01
3.430000000000000000e+05 2.501810155808925629e-02 1.268691848963499069e-02 1.728800535202026367e-01 2.501810155808925629e-02 1.268691848963499069e-02 1.728800535202026367e-01
3.440000000000000000e+05 2.310881391167640686e-02 1.266396604478359222e-02 1.730377227067947388e-01 2.310881391167640686e-02 1.266396604478359222e-02 1.730377227067947388e-01
3.450000000000000000e+05 2.328966930508613586e-02 1.274536084383726120e-02 1.727745383977890015e-01 2.328966930508613586e-02 1.274536084383726120e-02 1.727745383977890015e-01
3.460000000000000000e+05 2.594785764813423157e-02 1.275924779474735260e-02 1.726751774549484253e-01 2.594785764813423157e-02 1.275924779474735260e-02 1.726751774549484253e-01
3.470000000000000000e+05 2.347102202475070953e-02 1.263556908816099167e-02 1.746685355901718140e-01 2.347102202475070953e-02 1.263556908816099167e-02 1.746685355901718140e-01
3.480000000000000000e+05 2.529590949416160583e-02 1.266412530094385147e-02 1.730990856885910034e-01 2.529590949416160583e-02 1.266412530094385147e-02 1.730990856885910034e-01
3.490000000000000000e+05 2.182040736079216003e-02 1.268353872001171112e-02 1.713855862617492676e-01 2.182040736079216003e-02 1.268353872001171112e-02 1.713855862617492676e-01
3.500000000000000000e+05 2.445068396627902985e-02 1.269478630274534225e-02 1.730719506740570068e-01 2.445068396627902985e-02 1.269478630274534225e-02 1.730719506740570068e-01
3.510000000000000000e+05 2.253407984972000122e-02 1.267605554312467575e-02 1.737181842327117920e-01 2.253407984972000122e-02 1.267605554312467575e-02 1.737181842327117920e-01
3.520000000000000000e+05 2.207848429679870605e-02 1.266191434115171432e-02 1.705167293548583984e-01 2.207848429679870605e-02 1.266191434115171432e-02 1.705167293548583984e-01
3.530000000000000000e+05 2.384669519960880280e-02 1.267555449157953262e-02 1.757156252861022949e-01 2.384669519960880280e-02 1.267555449157953262e-02 1.757156252861022949e-01
3.540000000000000000e+05 2.215502969920635223e-02 1.264519244432449341e-02 1.697004884481430054e-01 2.215502969920635223e-02 1.264519244432449341e-02 1.697004884481430054e-01
3.550000000000000000e+05 2.335985191166400909e-02 1.270305551588535309e-02 1.696111112833023071e-01 2.335985191166400909e-02 1.270305551588535309e-02 1.696111112833023071e-01
3.560000000000000000e+05 2.286768518388271332e-02 1.268071588128805161e-02 1.693866252899169922e-01 2.286768518388271332e-02 1.268071588128805161e-02 1.693866252899169922e-01
3.570000000000000000e+05 2.277269028127193451e-02 1.262689940631389618e-02 1.697230339050292969e-01 2.277269028127193451e-02 1.262689940631389618e-02 1.697230339050292969e-01
3.580000000000000000e+05 2.305052429437637329e-02 1.270197145640850067e-02 1.689198017120361328e-01 2.305052429437637329e-02 1.270197145640850067e-02 1.689198017120361328e-01
3.590000000000000000e+05 2.286848425865173340e-02 1.263168174773454666e-02 1.689312905073165894e-01 2.286848425865173340e-02 1.263168174773454666e-02 1.689312905073165894e-01
3.600000000000000000e+05 2.337680198252201080e-02 1.265985053032636642e-02 1.694171577692031860e-01 2.337680198252201080e-02 1.265985053032636642e-02 1.694171577692031860e-01
3.610000000000000000e+05 2.483053132891654968e-02 1.260963361710309982e-02 1.700162142515182495e-01 2.483053132891654968e-02 1.260963361710309982e-02 1.700162142515182495e-01
3.620000000000000000e+05 2.451386116445064545e-02 1.268198620527982712e-02 1.691967695951461792e-01 2.451386116445064545e-02 1.268198620527982712e-02 1.691967695951461792e-01
3.630000000000000000e+05 2.419978380203247070e-02 1.261244527995586395e-02 1.686307191848754883e-01 2.419978380203247070e-02 1.261244527995586395e-02 1.686307191848754883e-01
3.640000000000000000e+05 2.222035452723503113e-02 1.262982934713363647e-02 1.682211458683013916e-01 2.222035452723503113e-02 1.262982934713363647e-02 1.682211458683013916e-01
3.650000000000000000e+05 2.302742935717105865e-02 1.261532586067914963e-02 1.666896343231201172e-01 2.302742935717105865e-02 1.261532586067914963e-02 1.666896343231201172e-01
3.660000000000000000e+05 2.313393354415893555e-02 1.265216059982776642e-02 1.678369343280792236e-01 2.313393354415893555e-02 1.265216059982776642e-02 1.678369343280792236e-01
3.670000000000000000e+05 2.323604933917522430e-02 1.265285816043615341e-02 1.677055358886718750e-01 2.323604933917522430e-02 1.265285816043615341e-02 1.677055358886718750e-01
3.680000000000000000e+05 2.272112667560577393e-02 1.264516171067953110e-02 1.670874655246734619e-01 2.272112667560577393e-02 1.264516171067953110e-02 1.670874655246734619e-01
3.690000000000000000e+05 2.223232947289943695e-02 1.263205800205469131e-02 1.652252227067947388e-01 2.223232947289943695e-02 1.263205800205469131e-02 1.652252227067947388e-01
3.700000000000000000e+05 2.322221919894218445e-02 1.261819899082183838e-02 1.665594875812530518e-01 2.322221919894218445e-02 1.261819899082183838e-02 1.665594875812530518e-01
3.710000000000000000e+05 2.310280315577983856e-02 1.263050734996795654e-02 1.663517355918884277e-01 2.310280315577983856e-02 1.263050734996795654e-02 1.663517355918884277e-01
3.720000000000000000e+05 2.207935974001884460e-02 1.262233499437570572e-02 1.653493940830230713e-01 2.207935974001884460e-02 1.262233499437570572e-02 1.653493940830230713e-01
3.730000000000000000e+05 2.231980860233306885e-02 1.261856500059366226e-02 1.654349118471145630e-01 2.231980860233306885e-02 1.261856500059366226e-02 1.654349118471145630e-01
3.740000000000000000e+05 2.289662323892116547e-02 1.260377746075391769e-02 1.662702709436416626e-01 2.289662323892116547e-02 1.260377746075391769e-02 1.662702709436416626e-01
3.750000000000000000e+05 2.196200191974639893e-02 1.263238489627838135e-02 1.641990989446640015e-01 2.196200191974639893e-02 1.263238489627838135e-02 1.641990989446640015e-01
3.760000000000000000e+05 2.237848006188869476e-02 1.261282153427600861e-02 1.659051775932312012e-01 2.237848006188869476e-02 1.261282153427600861e-02 1.659051775932312012e-01
3.770000000000000000e+05 2.271202206611633301e-02 1.259377785027027130e-02 1.633095145225524902e-01 2.271202206611633301e-02 1.259377785027027130e-02 1.633095145225524902e-01
3.780000000000000000e+05 2.296499162912368774e-02 1.259370893239974976e-02 1.669042259454727173e-01 2.296499162912368774e-02 1.259370893239974976e-02 1.669042259454727173e-01
3.790000000000000000e+05 2.367685548961162567e-02 1.256393548101186752e-02 1.635400801897048950e-01 2.367685548961162567e-02 1.256393548101186752e-02 1.635400801897048950e-01
3.800000000000000000e+05 2.204237319529056549e-02 1.258847862482070923e-02 1.624000817537307739e-01 2.204237319529056549e-02 1.258847862482070923e-02 1.624000817537307739e-01
3.810000000000000000e+05 2.242216840386390686e-02 1.255604159086942673e-02 1.628598272800445557e-01 2.242216840386390686e-02 1.255604159086942673e-02 1.628598272800445557e-01
3.820000000000000000e+05 2.381610311567783356e-02 1.257000397890806198e-02 1.653328388929367065e-01 2.381610311567783356e-02 1.257000397890806198e-02 1.653328388929367065e-01
3.830000000000000000e+05 2.254186384379863739e-02 1.259035617113113403e-02 1.628091037273406982e-01 2.254186384379863739e-02 1.259035617113113403e-02 1.628091037273406982e-01
3.840000000000000000e+05 2.258575148880481720e-02 1.256601419299840927e-02 1.626411825418472290e-01 2.258575148880481720e-02 1.256601419299840927e-02 1.626411825418472290e-01
3.850000000000000000e+05 2.353846468031406403e-02 1.250776275992393494e-02 1.628230065107345581e-01 2.353846468031406403e-02 1.250776275992393494e-02 1.628230065107345581e-01
3.860000000000000000e+05 2.332922257483005524e-02 1.261647138744592667e-02 1.611469835042953491e-01 2.332922257483005524e-02 1.261647138744592667e-02 1.611469835042953491e-01
3.870000000000000000e+05 2.220574021339416504e-02 1.256014965474605560e-02 1.628006100654602051e-01 2.220574021339416504e-02 1.256014965474605560e-02 1.628006100654602051e-01
3.880000000000000000e+05 2.323389798402786255e-02 1.251305826008319855e-02 1.639265269041061401e-01 2.323389798402786255e-02 1.251305826008319855e-02 1.639265269041061401e-01
3.890000000000000000e+05 2.253358066082000732e-02 1.258031371980905533e-02 1.612377762794494629e-01 2.253358066082000732e-02 1.258031371980905533e-02 1.612377762794494629e-01
3.900000000000000000e+05 2.356561087071895599e-02 1.258170139044523239e-02 1.627439558506011963e-01 2.356561087071895599e-02 1.258170139044523239e-02 1.627439558506011963e-01
3.910000000000000000e+05 2.251109667122364044e-02 1.261751912534236908e-02 1.598439663648605347e-01 2.251109667122364044e-02 1.261751912534236908e-02 1.598439663648605347e-01
3.920000000000000000e+05 2.245613373816013336e-02 1.255587860941886902e-02 1.598876565694808960e-01 2.245613373816013336e-02 1.255587860941886902e-02 1.598876565694808960e-01
3.930000000000000000e+05 2.161526121199131012e-02 1.250916346907615662e-02 1.588086485862731934e-01 2.161526121199131012e-02 1.250916346907615662e-02 1.588086485862731934e-01
3.940000000000000000e+05 2.127344533801078796e-02 1.256848685443401337e-02 1.599082648754119873e-01 2.127344533801078796e-02 1.256848685443401337e-02 1.599082648754119873e-01
3.950000000000000000e+05 2.282067760825157166e-02 1.255531236529350281e-02 1.602338254451751709e-01 2.282067760825157166e-02 1.255531236529350281e-02 1.602338254451751709e-01
3.960000000000000000e+05 2.501070126891136169e-02 1.258716359734535217e-02 1.604660600423812866e-01 2.501070126891136169e-02 1.258716359734535217e-02 1.604660600423812866e-01
3.970000000000000000e+05 2.162016555666923523e-02 1.249036099761724472e-02 1.614374518394470215e-01 2.162016555666923523e-02 1.249036099761724472e-02 1.614374518394470215e-01
3.980000000000000000e+05 2.517986483871936798e-02 1.242447178810834885e-02 1.591542214155197144e-01 2.517986483871936798e-02 1.242447178810834885e-02 1.591542214155197144e-01
3.990000000000000000e+05 2.136525698006153107e-02 1.249312143772840500e-02 1.581425666809082031e-01 2.136525698006153107e-02 1.249312143772840500e-02 1.581425666809082031e-01
4.000000000000000000e+05 2.236096188426017761e-02 1.253835484385490417e-02 1.586558371782302856e-01 2.236096188426017761e-02 1.253835484385490417e-02 1.586558371782302856e-01
4.010000000000000000e+05 2.138536423444747925e-02 1.249240245670080185e-02 1.582349687814712524e-01 2.138536423444747925e-02 1.249240245670080185e-02 1.582349687814712524e-01
4.020000000000000000e+05 2.175716683268547058e-02 1.255628559738397598e-02 1.573196798563003540e-01 2.175716683268547058e-02 1.255628559738397598e-02 1.573196798563003540e-01
4.030000000000000000e+05 2.866812236607074738e-02 1.237433403730392456e-02 1.587492823600769043e-01 2.866812236607074738e-02 1.237433403730392456e-02 1.587492823600769043e-01
4.040000000000000000e+05 2.236904762685298920e-02 1.251480914652347565e-02 1.562643647193908691e-01 2.236904762685298920e-02 1.251480914652347565e-02 1.562643647193908691e-01
4.050000000000000000e+05 2.172181941568851471e-02 1.250473130494356155e-02 1.582156121730804443e-01 2.172181941568851471e-02 1.250473130494356155e-02 1.582156121730804443e-01
4.060000000000000000e+05 2.183168753981590271e-02 1.247616857290267944e-02 1.556476205587387085e-01 2.183168753981590271e-02 1.247616857290267944e-02 1.556476205587387085e-01
4.070000000000000000e+05 2.228981815278530121e-02 1.245344709604978561e-02 1.581913977861404419e-01 2.228981815278530121e-02 1.245344709604978561e-02 1.581913977861404419e-01
4.080000000000000000e+05 2.346947044134140015e-02 1.243183948099613190e-02 1.609082669019699097e-01 2.346947044134140015e-02 1.243183948099613190e-02 1.609082669019699097e-01
4.090000000000000000e+05 2.285626158118247986e-02 1.239261589944362640e-02 1.560835838317871094e-01 2.285626158118247986e-02 1.239261589944362640e-02 1.560835838317871094e-01
4.100000000000000000e+05 2.146505936980247498e-02 1.243485789746046066e-02 1.565268188714981079e-01 2.146505936980247498e-02 1.243485789746046066e-02 1.565268188714981079e-01
4.110000000000000000e+05 2.150041982531547546e-02 1.246163155883550644e-02 1.542679667472839355e-01 2.150041982531547546e-02 1.246163155883550644e-02 1.542679667472839355e-01
4.120000000000000000e+05 2.055539004504680634e-02 1.248504314571619034e-02 1.550312191247940063e-01 2.055539004504680634e-02 1.248504314571619034e-02 1.550312191247940063e-01
4.130000000000000000e+05 2.283623628318309784e-02 1.243733707815408707e-02 1.552608460187911987e-01 2.283623628318309784e-02 1.243733707815408707e-02 1.552608460187911987e-01
4.140000000000000000e+05 2.108918316662311554e-02 1.242246013134717941e-02 1.544673889875411987e-01 2.108918316662311554e-02 1.242246013134717941e-02 1.544673889875411987e-01
4.150000000000000000e+05 2.149160392582416534e-02 1.248697657138109207e-02 1.551389247179031372e-01 2.149160392582416534e-02 1.248697657138109207e-02 1.551389247179031372e-01
4.160000000000000000e+05 2.204746752977371216e-02 1.245510112494230270e-02 1.557585150003433228e-01 2.204746752977371216e-02 1.245510112494230270e-02 1.557585150003433228e-01
4.170000000000000000e+05 2.195801958441734314e-02 1.247510034590959549e-02 1.545862406492233276e-01 2.195801958441734314e-02 1.247510034590959549e-02 1.545862406492233276e-01
4.180000000000000000e+05 2.062861807644367218e-02 1.242059282958507538e-02 1.535187661647796631e-01 2.062861807644367218e-02 1.242059282958507538e-02 1.535187661647796631e-01
4.190000000000000000e+05 2.161733619868755341e-02 1.247035712003707886e-02 1.547799855470657349e-01 2.161733619868755341e-02 1.247035712003707886e-02 1.547799855470657349e-01
4.200000000000000000e+05 2.117619104683399200e-02 1.239952538162469864e-02 1.534380912780761719e-01 2.117619104683399200e-02 1.239952538162469864e-02 1.534380912780761719e-01
4.210000000000000000e+05 2.263768576085567474e-02 1.241488195955753326e-02 1.535477340221405029e-01 2.263768576085567474e-02 1.241488195955753326e-02 1.535477340221405029e-01
4.220000000000000000e+05 2.227463573217391968e-02 1.238760538399219513e-02 1.556889116764068604e-01 2.227463573217391968e-02 1.238760538399219513e-02 1.556889116764068604e-01
4.230000000000000000e+05 2.045454084873199463e-02 1.243743021041154861e-02 1.541408300399780273e-01 2.045454084873199463e-02 1.243743021041154861e-02 1.541408300399780273e-01
4.240000000000000000e+05 2.213243953883647919e-02 1.246895175427198410e-02 1.534233391284942627e-01 2.213243953883647919e-02 1.246895175427198410e-02 1.534233391284942627e-01
4.250000000000000000e+05 2.055736258625984192e-02 1.242902502417564392e-02 1.552062928676605225e-01 2.055736258625984192e-02 1.242902502417564392e-02 1.552062928676605225e-01
4.260000000000000000e+05 2.011081576347351074e-02 1.242059748619794846e-02 1.512702405452728271e-01 2.011081576347351074e-02 1.242059748619794846e-02 1.512702405452728271e-01
4.270000000000000000e+05 2.052429504692554474e-02 1.239770650863647461e-02 1.526774466037750244e-01 2.052429504692554474e-02 1.239770650863647461e-02 1.526774466037750244e-01
4.280000000000000000e+05 2.154769189655780792e-02 1.246169582009315491e-02 1.533762514591217041e-01 2.154769189655780792e-02 1.246169582009315491e-02 1.533762514591217041e-01
4.290000000000000000e+05 2.006491832435131073e-02 1.245035510510206223e-02 1.518177390098571777e-01 2.006491832435131073e-02 1.245035510510206223e-02 1.518177390098571777e-01
4.300000000000000000e+05 2.134303189814090729e-02 1.237731799483299255e-02 1.519486457109451294e-01 2.134303189814090729e-02 1.237731799483299255e-02 1.519486457109451294e-01
4.310000000000000000e+05 2.217296697199344635e-02 1.247373037040233612e-02 1.519521176815032959e-01 2.217296697199344635e-02 1.247373037040233612e-02 1.519521176815032959e-01
4.320000000000000000e+05 2.076342701911926270e-02 1.241923123598098755e-02 1.515370011329650879e-01 2.076342701911926270e-02 1.241923123598098755e-02 1.515370011329650879e-01
4.330000000000000000e+05 2.120653353631496429e-02 1.242916751652956009e-02 1.514489948749542236e-01 2.120653353631496429e-02 1.242916751652956009e-02 1.514489948749542236e-01
4.340000000000000000e+05 2.037321217358112335e-02 1.243200991302728653e-02 1.502296626567840576e-01 2.037321217358112335e-02 1.243200991302728653e-02 1.502296626567840576e-01
4.350000000000000000e+05 1.999874413013458252e-02 1.243972033262252808e-02 1.507787108421325684e-01 1.999874413013458252e-02 1.243972033262252808e-02 1.507787108421325684e-01
4.360000000000000000e+05 1.977866888046264648e-02 1.243014354258775711e-02 1.518544405698776245e-01 1.977866888046264648e-02 1.243014354258775711e-02 1.518544405698776245e-01
4.370000000000000000e+05 2.008632943034172058e-02 1.237570587545633316e-02 1.497296988964080811e-01 2.008632943034172058e-02 1.237570587545633316e-02 1.497296988964080811e-01
4.380000000000000000e+05 2.050828561186790466e-02 1.246149279177188873e-02 1.513203531503677368e-01 2.050828561186790466e-02 1.246149279177188873e-02 1.513203531503677368e-01
4.390000000000000000e+05 2.215551771223545074e-02 1.247056666761636734e-02 1.500628441572189331e-01 2.215551771223545074e-02 1.247056666761636734e-02 1.500628441572189331e-01
4.400000000000000000e+05 1.966377533972263336e-02 1.235610339790582657e-02 1.501191705465316772e-01 1.966377533972263336e-02 1.235610339790582657e-02 1.501191705465316772e-01
4.410000000000000000e+05 1.997172646224498749e-02 1.240638084709644318e-02 1.489902585744857788e-01 1.997172646224498749e-02 1.240638084709644318e-02 1.489902585744857788e-01
4.420000000000000000e+05 2.126673236489295959e-02 1.235381513833999634e-02 1.507396399974822998e-01 2.126673236489295959e-02 1.235381513833999634e-02 1.507396399974822998e-01
4.430000000000000000e+05 2.074461802840232849e-02 1.237019803375005722e-02 1.496135294437408447e-01 2.074461802840232849e-02 1.237019803375005722e-02 1.496135294437408447e-01
4.440000000000000000e+05 1.987260952591896057e-02 1.236538123339414597e-02 1.499393731355667114e-01 1.987260952591896057e-02 1.236538123339414597e-02 1.499393731355667114e-01
4.450000000000000000e+05 2.238110080361366272e-02 1.238315366208553314e-02 1.500388085842132568e-01 2.238110080361366272e-02 1.238315366208553314e-02 1.500388085842132568e-01
4.460000000000000000e+05 2.051265724003314972e-02 1.239488739520311356e-02 1.490562409162521362e-01 2.051265724003314972e-02 1.239488739520311356e-02 1.490562409162521362e-01
4.470000000000000000e+05 1.970948278903961182e-02 1.234057638794183731e-02 1.499221026897430420e-01 1.970948278903961182e-02 1.234057638794183731e-02 1.499221026897430420e-01
4.480000000000000000e+05 2.156778052449226379e-02 1.238303445279598236e-02 1.514011472463607788e-01 2.156778052449226379e-02 1.238303445279598236e-02 1.514011472463607788e-01
4.490000000000000000e+05 2.069024555385112762e-02 1.229410246014595032e-02 1.481422781944274902e-01 2.069024555385112762e-02 1.229410246014595032e-02 1.481422781944274902e-01
4.500000000000000000e+05 2.057392895221710205e-02 1.239325106143951416e-02 1.500817984342575073e-01 2.057392895221710205e-02 1.239325106143951416e-02 1.500817984342575073e-01
4.510000000000000000e+05 2.034782432019710541e-02 1.236293558031320572e-02 1.484988331794738770e-01 2.034782432019710541e-02 1.236293558031320572e-02 1.484988331794738770e-01
4.520000000000000000e+05 2.072363346815109253e-02 1.235730852931737900e-02 1.484912335872650146e-01 2.072363346815109253e-02 1.235730852931737900e-02 1.484912335872650146e-01
4.530000000000000000e+05 1.943864114582538605e-02 1.232807431370019913e-02 1.480892449617385864e-01 1.943864114582538605e-02 1.232807431370019913e-02 1.480892449617385864e-01
4.540000000000000000e+05 2.072346769273281097e-02 1.231253147125244141e-02 1.484076678752899170e-01 2.072346769273281097e-02 1.231253147125244141e-02 1.484076678752899170e-01
4.550000000000000000e+05 2.133181504905223846e-02 1.230061519891023636e-02 1.504736840724945068e-01 2.133181504905223846e-02 1.230061519891023636e-02 1.504736840724945068e-01
4.560000000000000000e+05 1.914566196501255035e-02 1.232276856899261475e-02 1.472393870353698730e-01 1.914566196501255035e-02 1.232276856899261475e-02 1.472393870353698730e-01
4.570000000000000000e+05 2.176488935947418213e-02 1.227816008031368256e-02 1.506003141403198242e-01 2.176488935947418213e-02 1.227816008031368256e-02 1.506003141403198242e-01
4.580000000000000000e+05 2.007985115051269531e-02 1.234135776758193970e-02 1.475808322429656982e-01 2.007985115051269531e-02 1.234135776758193970e-02 1.475808322429656982e-01
4.590000000000000000e+05 2.169630117714405060e-02 1.231270004063844681e-02 1.500083208084106445e-01 2.169630117714405060e-02 1.231270004063844681e-02 1.500083208084106445e-01
4.600000000000000000e+05 2.000726386904716492e-02 1.233435608446598053e-02 1.475122123956680298e-01 2.000726386904716492e-02 1.233435608446598053e-02 1.475122123956680298e-01
4.610000000000000000e+05 2.017453312873840332e-02 1.234219782054424286e-02 1.493531763553619385e-01 2.017453312873840332e-02 1.234219782054424286e-02 1.493531763553619385e-01
4.620000000000000000e+05 1.908546686172485352e-02 1.232710480690002441e-02 1.470724493265151978e-01 1.908546686172485352e-02 1.232710480690002441e-02 1.470724493265151978e-01
4.630000000000000000e+05 2.029749564826488495e-02 1.228166092187166214e-02 1.476290076971054077e-01 2.029749564826488495e-02 1.228166092187166214e-02 1.476290076971054077e-01
4.640000000000000000e+05 2.138722501695156097e-02 1.223409455269575119e-02 1.473928540945053101e-01 2.138722501695156097e-02 1.223409455269575119e-02 1.473928540945053101e-01
4.650000000000000000e+05 2.010950073599815369e-02 1.224924158304929733e-02 1.464755088090896606e-01 2.010950073599815369e-02 1.224924158304929733e-02 1.464755088090896606e-01
4.660000000000000000e+05 1.888222061097621918e-02 1.231793221086263657e-02 1.460930258035659790e-01 1.888222061097621918e-02 1.231793221086263657e-02 1.460930258035659790e-01
4.670000000000000000e+05 1.901517994701862335e-02 1.232836209237575531e-02 1.463429480791091919e-01 1.901517994701862335e-02 1.232836209237575531e-02 1.463429480791091919e-01
4.680000000000000000e+05 1.953120343387126923e-02 1.228312589228153229e-02 1.481653302907943726e-01 1.953120343387126923e-02 1.228312589228153229e-02 1.481653302907943726e-01
4.690000000000000000e+05 1.937247626483440399e-02 1.227268297225236893e-02 1.461397260427474976e-01 1.937247626483440399e-02 1.227268297225236893e-02 1.461397260427474976e-01
4.700000000000000000e+05 2.068885415792465210e-02 1.231159642338752747e-02 1.473459005355834961e-01 2.068885415792465210e-02 1.231159642338752747e-02 1.473459005355834961e-01
4.710000000000000000e+05 1.949575915932655334e-02 1.230132300406694412e-02 1.483751982450485229e-01 1.949575915932655334e-02 1.230132300406694412e-02 1.483751982450485229e-01
4.720000000000000000e+05 1.953448541462421417e-02 1.228927727788686752e-02 1.461903601884841919e-01 1.953448541462421417e-02 1.228927727788686752e-02 1.461903601884841919e-01
4.730000000000000000e+05 1.940741203725337982e-02 1.228765025734901428e-02 1.452700197696685791e-01 1.940741203725337982e-02 1.228765025734901428e-02 1.452700197696685791e-01
4.740000000000000000e+05 2.012740261852741241e-02 1.225390192121267319e-02 1.487490534782409668e-01 2.012740261852741241e-02 1.225390192121267319e-02 1.487490534782409668e-01
4.750000000000000000e+05 1.986775174736976624e-02 1.229231897741556168e-02 1.457231044769287109e-01 1.986775174736976624e-02 1.229231897741556168e-02 1.457231044769287109e-01
4.760000000000000000e+05 1.854458265006542206e-02 1.229638326913118362e-02 1.457946747541427612e-01 1.854458265006542206e-02 1.229638326913118362e-02 1.457946747541427612e-01
4.770000000000000000e+05 1.998432911932468414e-02 1.224699895828962326e-02 1.471620798110961914e-01 1.998432911932468414e-02 1.224699895828962326e-02 1.471620798110961914e-01
4.780000000000000000e+05 1.837713085114955902e-02 1.228568330407142639e-02 1.462538242340087891e-01 1.837713085114955902e-02 1.228568330407142639e-02 1.462538242340087891e-01
4.790000000000000000e+05 2.029477432370185852e-02 1.221615727990865707e-02 1.461896896362304688e-01 2.029477432370185852e-02 1.221615727990865707e-02 1.461896896362304688e-01
4.800000000000000000e+05 2.081827819347381592e-02 1.219571381807327271e-02 1.451908648014068604e-01 2.081827819347381592e-02 1.219571381807327271e-02 1.451908648014068604e-01
4.810000000000000000e+05 1.893405057489871979e-02 1.221268158406019211e-02 1.441593319177627563e-01 1.893405057489871979e-02 1.221268158406019211e-02 1.441593319177627563e-01
4.820000000000000000e+05 2.021029219031333923e-02 1.219236850738525391e-02 1.478975564241409302e-01 2.021029219031333923e-02 1.219236850738525391e-02 1.478975564241409302e-01
4.830000000000000000e+05 1.940007321536540985e-02 1.217480003833770752e-02 1.444898247718811035e-01 1.940007321536540985e-02 1.217480003833770752e-02 1.444898247718811035e-01
4.840000000000000000e+05 2.066105976700782776e-02 1.219813618808984756e-02 1.454138606786727905e-01 2.066105976700782776e-02 1.219813618808984756e-02 1.454138606786727905e-01
4.850000000000000000e+05 1.896028406918048859e-02 1.220884080976247787e-02 1.450181752443313599e-01 1.896028406918048859e-02 1.220884080976247787e-02 1.450181752443313599e-01
4.860000000000000000e+05 1.899142563343048096e-02 1.223035063594579697e-02 1.454054713249206543e-01 1.899142563343048096e-02 1.223035063594579697e-02 1.454054713249206543e-01
4.870000000000000000e+05 2.091607078909873962e-02 1.215507462620735168e-02 1.469945609569549561e-01 2.091607078909873962e-02 1.215507462620735168e-02 1.469945609569549561e-01
4.880000000000000000e+05 1.846453547477722168e-02 1.220157183706760406e-02 1.440473496913909912e-01 1.846453547477722168e-02 1.220157183706760406e-02 1.440473496913909912e-01
4.890000000000000000e+05 1.843884214758872986e-02 1.219141017645597458e-02 1.436586827039718628e-01 1.843884214758872986e-02 1.219141017645597458e-02 1.436586827039718628e-01
4.900000000000000000e+05 1.854500733315944672e-02 1.223909761756658554e-02 1.441159397363662720e-01 1.854500733315944672e-02 1.223909761756658554e-02 1.441159397363662720e-01
4.910000000000000000e+05 1.924742199480533600e-02 1.214673090726137161e-02 1.446008831262588501e-01 1.924742199480533600e-02 1.214673090726137161e-02 1.446008831262588501e-01
4.920000000000000000e+05 1.999497227370738983e-02 1.221959106624126434e-02 1.439092308282852173e-01 1.999497227370738983e-02 1.221959106624126434e-02 1.439092308282852173e-01
4.930000000000000000e+05 1.831640675663948059e-02 1.214821357280015945e-02 1.439088433980941772e-01 1.831640675663948059e-02 1.214821357280015945e-02 1.439088433980941772e-01
4.940000000000000000e+05 2.135375142097473145e-02 1.227202638983726501e-02 1.434176713228225708e-01 2.135375142097473145e-02 1.227202638983726501e-02 1.434176713228225708e-01
4.950000000000000000e+05 1.753786951303482056e-02 1.218382921069860458e-02 1.439447700977325439e-01 1.753786951303482056e-02 1.218382921069860458e-02 1.439447700977325439e-01
4.960000000000000000e+05 1.845193095505237579e-02 1.212032604962587357e-02 1.434468477964401245e-01 1.845193095505237579e-02 1.212032604962587357e-02 1.434468477964401245e-01
4.970000000000000000e+05 1.939533092081546783e-02 1.225697062909603119e-02 1.437115818262100220e-01 1.939533092081546783e-02 1.225697062909603119e-02 1.437115818262100220e-01
4.980000000000000000e+05 1.870712079107761383e-02 1.216624118387699127e-02 1.429643332958221436e-01 1.870712079107761383e-02 1.216624118387699127e-02 1.429643332958221436e-01
4.990000000000000000e+05 2.018944919109344482e-02 1.213042251765727997e-02 1.438582986593246460e-01 2.018944919109344482e-02 1.213042251765727997e-02 1.438582986593246460e-01
5.000000000000000000e+05 1.802826113998889923e-02 1.210923679172992706e-02 1.434354633092880249e-01 1.802826113998889923e-02 1.210923679172992706e-02 1.434354633092880249e-01
5.010000000000000000e+05 1.927058957517147064e-02 1.214370131492614746e-02 1.450857669115066528e-01 1.927058957517147064e-02 1.214370131492614746e-02 1.450857669115066528e-01
5.020000000000000000e+05 1.912347227334976196e-02 1.209520921111106873e-02 1.422599107027053833e-01 1.912347227334976196e-02 1.209520921111106873e-02 1.422599107027053833e-01
5.030000000000000000e+05 1.836679503321647644e-02 1.216709706932306290e-02 1.433521807193756104e-01 1.836679503321647644e-02 1.216709706932306290e-02 1.433521807193756104e-01
5.040000000000000000e+05 2.115405909717082977e-02 1.205123867839574814e-02 1.431863605976104736e-01 2.115405909717082977e-02 1.205123867839574814e-02 1.431863605976104736e-01
5.050000000000000000e+05 1.824040338397026062e-02 1.215103548020124435e-02 1.427381187677383423e-01 1.824040338397026062e-02 1.215103548020124435e-02 1.427381187677383423e-01
5.060000000000000000e+05 1.928526721894741058e-02 1.205265894532203674e-02 1.427761614322662354e-01 1.928526721894741058e-02 1.205265894532203674e-02 1.427761614322662354e-01
5.070000000000000000e+05 1.852335967123508453e-02 1.210810989141464233e-02 1.434311866760253906e-01 1.852335967123508453e-02 1.210810989141464233e-02 1.434311866760253906e-01
5.080000000000000000e+05 1.774836331605911255e-02 1.212617848068475723e-02 1.416399776935577393e-01 1.774836331605911255e-02 1.212617848068475723e-02 1.416399776935577393e-01
5.090000000000000000e+05 1.795263029634952545e-02 1.213638391345739365e-02 1.413583606481552124e-01 1.795263029634952545e-02 1.213638391345739365e-02 1.413583606481552124e-01
5.100000000000000000e+05 1.977770403027534485e-02 1.212325412780046463e-02 1.423801034688949585e-01 1.977770403027534485e-02 1.212325412780046463e-02 1.423801034688949585e-01
5.110000000000000000e+05 1.869075000286102295e-02 1.211849413812160492e-02 1.441665291786193848e-01 1.869075000286102295e-02 1.211849413812160492e-02 1.441665291786193848e-01
5.120000000000000000e+05 1.744382269680500031e-02 1.208304148167371750e-02 1.426267921924591064e-01 1.744382269680500031e-02 1.208304148167371750e-02 1.426267921924591064e-01
5.130000000000000000e+05 1.811619661748409271e-02 1.206838153302669525e-02 1.413114517927169800e-01 1.811619661748409271e-02 1.206838153302669525e-02 1.413114517927169800e-01
5.140000000000000000e+05 2.097863703966140747e-02 1.208363659679889679e-02 1.425675898790359497e-01 2.097863703966140747e-02 1.208363659679889679e-02 1.425675898790359497e-01
5.150000000000000000e+05 1.835291087627410889e-02 1.210126001387834549e-02 1.424418985843658447e-01 1.835291087627410889e-02 1.210126001387834549e-02 1.424418985843658447e-01
5.160000000000000000e+05 1.990119926631450653e-02 1.201802399009466171e-02 1.412707418203353882e-01 1.990119926631450653e-02 1.201802399009466171e-02 1.412707418203353882e-01
5.170000000000000000e+05 1.831850782036781311e-02 1.206955127418041229e-02 1.420247852802276611e-01 1.831850782036781311e-02 1.206955127418041229e-02 1.420247852802276611e-01
5.180000000000000000e+05 1.995395869016647339e-02 1.211124844849109650e-02 1.428700536489486694e-01 1.995395869016647339e-02 1.211124844849109650e-02 1.428700536489486694e-01
5.190000000000000000e+05 1.885247416794300079e-02 1.207964308559894562e-02 1.410505622625350952e-01 1.885247416794300079e-02 1.207964308559894562e-02 1.410505622625350952e-01
5.200000000000000000e+05 1.798132620751857758e-02 1.204251777380704880e-02 1.407406479120254517e-01 1.798132620751857758e-02 1.204251777380704880e-02 1.407406479120254517e-01
5.210000000000000000e+05 1.704058609902858734e-02 1.207482814788818359e-02 1.407077163457870483e-01 1.704058609902858734e-02 1.207482814788818359e-02 1.407077163457870483e-01
5.220000000000000000e+05 2.006943151354789734e-02 1.203494798392057419e-02 1.434863358736038208e-01 2.006943151354789734e-02 1.203494798392057419e-02 1.434863358736038208e-01
5.230000000000000000e+05 1.794848218560218811e-02 1.206116192042827606e-02 1.417825222015380859e-01 1.794848218560218811e-02 1.206116192042827606e-02 1.417825222015380859e-01
5.240000000000000000e+05 1.838160678744316101e-02 1.200950704514980316e-02 1.405398398637771606e-01 1.838160678744316101e-02 1.200950704514980316e-02 1.405398398637771606e-01
5.250000000000000000e+05 1.740110479295253754e-02 1.202130876481533051e-02 1.407755762338638306e-01 1.740110479295253754e-02 1.202130876481533051e-02 1.407755762338638306e-01
5.260000000000000000e+05 1.678778603672981262e-02 1.201456692069768906e-02 1.396723240613937378e-01 1.678778603672981262e-02 1.201456692069768906e-02 1.396723240613937378e-01
5.270000000000000000e+05 1.682759262621402740e-02 1.204732619225978851e-02 1.405571997165679932e-01 1.682759262621402740e-02 1.204732619225978851e-02 1.405571997165679932e-01
5.280000000000000000e+05 1.763890497386455536e-02 1.202897541224956512e-02 1.400625854730606079e-01 1.763890497386455536e-02 1.202897541224956512e-02 1.400625854730606079e-01
5.290000000000000000e+05 1.746108196675777435e-02 1.200014911592006683e-02 1.397815346717834473e-01 1.746108196675777435e-02 1.200014911592006683e-02 1.397815346717834473e-01
5.300000000000000000e+05 1.651440188288688660e-02 1.200031954795122147e-02 1.389186829328536987e-01 1.651440188288688660e-02 1.200031954795122147e-02 1.389186829328536987e-01
5.310000000000000000e+05 1.771587878465652466e-02 1.205022912472486496e-02 1.424584537744522095e-01 1.771587878465652466e-02 1.205022912472486496e-02 1.424584537744522095e-01
5.320000000000000000e+05 2.053736522793769836e-02 1.204539369791746140e-02 1.405835598707199097e-01 2.053736522793769836e-02 1.204539369791746140e-02 1.405835598707199097e-01
5.330000000000000000e+05 1.860676705837249756e-02 1.202043425291776657e-02 1.402535885572433472e-01 1.860676705837249756e-02 1.202043425291776657e-02 1.402535885572433472e-01
5.340000000000000000e+05 1.755955070257186890e-02 1.196657121181488037e-02 1.403478533029556274e-01 1.755955070257186890e-02 1.196657121181488037e-02 1.403478533029556274e-01
5.350000000000000000e+05 1.702185906469821930e-02 1.198572292923927307e-02 1.391823887825012207e-01 1.702185906469821930e-02 1.198572292923927307e-02 1.391823887825012207e-01
5.360000000000000000e+05 1.709239743649959564e-02 1.200088299810886383e-02 1.404340118169784546e-01 1.709239743649959564e-02 1.200088299810886383e-02 1.404340118169784546e-01
5.370000000000000000e+05 1.766398176550865173e-02 1.199594140052795410e-02 1.390677243471145630e-01 1.766398176550865173e-02 1.199594140052795410e-02 1.390677243471145630e-01
5.380000000000000000e+05 1.653023622930049896e-02 1.197583135217428207e-02 1.387693732976913452e-01 1.653023622930049896e-02 1.197583135217428207e-02 1.387693732976913452e-01
5.390000000000000000e+05 1.670383661985397339e-02 1.197867095470428467e-02 1.387537419795989990e-01 1.670383661985397339e-02 1.197867095470428467e-02 1.387537419795989990e-01
5.400000000000000000e+05 1.698380708694458008e-02 1.193145662546157837e-02 1.387096196413040161e-01 1.698380708694458008e-02 1.193145662546157837e-02 1.387096196413040161e-01
5.410000000000000000e+05 1.997460611164569855e-02 1.195262745022773743e-02 1.395697742700576782e-01 1.997460611164569855e-02 1.195262745022773743e-02 1.395697742700576782e-01
5.420000000000000000e+05 1.655218563973903656e-02 1.196341682225465775e-02 1.389547437429428101e-01 1.655218563973903656e-02 1.196341682225465775e-02 1.389547437429428101e-01
5.430000000000000000e+05 2.057982422411441803e-02 1.199117023497819901e-02 1.416313499212265015e-01 2.057982422411441803e-02 1.199117023497819901e-02 1.416313499212265015e-01
5.440000000000000000e+05 1.847893185913562775e-02 1.196122448891401291e-02 1.383942365646362305e-01 1.847893185913562775e-02 1.196122448891401291e-02 1.383942365646362305e-01
5.450000000000000000e+05 1.746945269405841827e-02 1.195271033793687820e-02 1.399031579494476318e-01 1.746945269405841827e-02 1.195271033793687820e-02 1.399031579494476318e-01
5.460000000000000000e+05 1.683426275849342346e-02 1.189423818141222000e-02 1.394829601049423218e-01 1.683426275849342346e-02 1.189423818141222000e-02 1.394829601049423218e-01
5.470000000000000000e+05 1.656382903456687927e-02 1.192422863095998764e-02 1.383202821016311646e-01 1.656382903456687927e-02 1.192422863095998764e-02 1.383202821016311646e-01
5.480000000000000000e+05 1.778984256088733673e-02 1.195152383297681808e-02 1.397256255149841309e-01 1.778984256088733673e-02 1.195152383297681808e-02 1.397256255149841309e-01
5.490000000000000000e+05 1.618019677698612213e-02 1.189290639013051987e-02 1.380490660667419434e-01 1.618019677698612213e-02 1.189290639013051987e-02 1.380490660667419434e-01
5.500000000000000000e+05 1.942421495914459229e-02 1.186372246593236923e-02 1.392059028148651123e-01 1.942421495914459229e-02 1.186372246593236923e-02 1.392059028148651123e-01
5.510000000000000000e+05 1.741752214729785919e-02 1.187960896641016006e-02 1.377542167901992798e-01 1.741752214729785919e-02 1.187960896641016006e-02 1.377542167901992798e-01
5.520000000000000000e+05 1.857374794781208038e-02 1.192222256213426590e-02 1.375438570976257324e-01 1.857374794781208038e-02 1.192222256213426590e-02 1.375438570976257324e-01
5.530000000000000000e+05 1.849814318120479584e-02 1.188102737069129944e-02 1.381486207246780396e-01 1.849814318120479584e-02 1.188102737069129944e-02 1.381486207246780396e-01
5.540000000000000000e+05 1.624979823827743530e-02 1.189048681408166885e-02 1.378200352191925049e-01 1.624979823827743530e-02 1.189048681408166885e-02 1.378200352191925049e-01
5.550000000000000000e+05 1.600345224142074585e-02 1.190887112170457840e-02 1.368677318096160889e-01 1.600345224142074585e-02 1.190887112170457840e-02 1.368677318096160889e-01
5.560000000000000000e+05 1.642602682113647461e-02 1.188690867274999619e-02 1.381396949291229248e-01 1.642602682113647461e-02 1.188690867274999619e-02 1.381396949291229248e-01
5.570000000000000000e+05 1.736480928957462311e-02 1.189230661839246750e-02 1.387536227703094482e-01 1.736480928957462311e-02 1.189230661839246750e-02 1.387536227703094482e-01
5.580000000000000000e+05 1.746347360312938690e-02 1.183391828089952469e-02 1.382241100072860718e-01 1.746347360312938690e-02 1.183391828089952469e-02 1.382241100072860718e-01
5.590000000000000000e+05 1.746174506843090057e-02 1.184363756328821182e-02 1.386587470769882202e-01 1.746174506843090057e-02 1.184363756328821182e-02 1.386587470769882202e-01
5.600000000000000000e+05 1.682718098163604736e-02 1.185490190982818604e-02 1.375641077756881714e-01 1.682718098163604736e-02 1.185490190982818604e-02 1.375641077756881714e-01
5.610000000000000000e+05 1.739346235990524292e-02 1.190958078950643539e-02 1.377168744802474976e-01 1.739346235990524292e-02 1.190958078950643539e-02 1.377168744802474976e-01
5.620000000000000000e+05 1.663910970091819763e-02 1.183674205094575882e-02 1.374617516994476318e-01 1.663910970091819763e-02 1.183674205094575882e-02 1.374617516994476318e-01
5.630000000000000000e+05 1.637266203761100769e-02 1.182714663445949554e-02 1.365385204553604126e-01 1.637266203761100769e-02 1.182714663445949554e-02 1.365385204553604126e-01
5.640000000000000000e+05 1.670170389115810394e-02 1.190431881695985794e-02 1.364451646804809570e-01 1.670170389115810394e-02 1.190431881695985794e-02 1.364451646804809570e-01
5.650000000000000000e+05 1.745815388858318329e-02 1.181985344737768173e-02 1.377860009670257568e-01 1.745815388858318329e-02 1.181985344737768173e-02 1.377860009670257568e-01
5.660000000000000000e+05 1.841017045080661774e-02 1.185018476098775864e-02 1.376867741346359253e-01 1.841017045080661774e-02 1.185018476098775864e-02 1.376867741346359253e-01
5.670000000000000000e+05 1.622962951660156250e-02 1.179349515587091446e-02 1.357550173997879028e-01 1.622962951660156250e-02 1.179349515587091446e-02 1.357550173997879028e-01
5.680000000000000000e+05 1.623163186013698578e-02 1.186549197882413864e-02 1.356574594974517822e-01 1.623163186013698578e-02 1.186549197882413864e-02 1.356574594974517822e-01
5.690000000000000000e+05 1.865391060709953308e-02 1.188659202307462692e-02 1.375861167907714844e-01 1.865391060709953308e-02 1.188659202307462692e-02 1.375861167907714844e-01
5.700000000000000000e+05 1.796548068523406982e-02 1.186278928071260452e-02 1.372071355581283569e-01 1.796548068523406982e-02 1.186278928071260452e-02 1.372071355581283569e-01
5.710000000000000000e+05 1.569483615458011627e-02 1.179260574281215668e-02 1.355963349342346191e-01 1.569483615458011627e-02 1.179260574281215668e-02 1.355963349342346191e-01
5.720000000000000000e+05 1.570839807391166687e-02 1.184835191816091537e-02 1.365130990743637085e-01 1.570839807391166687e-02 1.184835191816091537e-02 1.365130990743637085e-01
5.730000000000000000e+05 1.614038273692131042e-02 1.179187279194593430e-02 1.358449757099151611e-01 1.614038273692131042e-02 1.179187279194593430e-02 1.358449757099151611e-01
5.740000000000000000e+05 1.625848002731800079e-02 1.180307567119598389e-02 1.361010670661926270e-01 1.625848002731800079e-02 1.180307567119598389e-02 1.361010670661926270e-01
5.750000000000000000e+05 1.646042242646217346e-02 1.184605620801448822e-02 1.360320448875427246e-01 1.646042242646217346e-02 1.184605620801448822e-02 1.360320448875427246e-01
5.760000000000000000e+05 1.535115577280521393e-02 1.183345913887023926e-02 1.355102509260177612e-01 1.535115577280521393e-02 1.183345913887023926e-02 1.355102509260177612e-01
5.770000000000000000e+05 1.803895458579063416e-02 1.180550921708345413e-02 1.358203589916229248e-01 1.803895458579063416e-02 1.180550921708345413e-02 1.358203589916229248e-01
5.780000000000000000e+05 1.641578227281570435e-02 1.180858816951513290e-02 1.357498168945312500e-01 1.641578227281570435e-02 1.180858816951513290e-02 1.357498168945312500e-01
5.790000000000000000e+05 1.537458971142768860e-02 1.177507545799016953e-02 1.347658485174179077e-01 1.537458971142768860e-02 1.177507545799016953e-02 1.347658485174179077e-01
5.800000000000000000e+05 1.839257590472698212e-02 1.183544564992189407e-02 1.362310200929641724e-01 1.839257590472698212e-02 1.183544564992189407e-02 1.362310200929641724e-01
5.810000000000000000e+05 1.588945649564266205e-02 1.178838126361370087e-02 1.345696002244949341e-01 1.588945649564266205e-02 1.178838126361370087e-02 1.345696002244949341e-01
5.820000000000000000e+05 1.619445346295833588e-02 1.178336981683969498e-02 1.352724432945251465e-01 1.619445346295833588e-02 1.178336981683969498e-02 1.352724432945251465e-01
5.830000000000000000e+05 1.573342643678188324e-02 1.174851786345243454e-02 1.349095851182937622e-01 1.573342643678188324e-02 1.174851786345243454e-02 1.349095851182937622e-01
5.840000000000000000e+05 1.813421398401260376e-02 1.182323321700096130e-02 1.353175640106201172e-01 1.813421398401260376e-02 1.182323321700096130e-02 1.353175640106201172e-01
5.850000000000000000e+05 1.548312511295080185e-02 1.180311478674411774e-02 1.345785558223724365e-01 1.548312511295080185e-02 1.180311478674411774e-02 1.345785558223724365e-01
5.860000000000000000e+05 1.569405384361743927e-02 1.175386551767587662e-02 1.344118714332580566e-01 1.569405384361743927e-02 1.175386551767587662e-02 1.344118714332580566e-01
5.870000000000000000e+05 1.831809803843498230e-02 1.173883117735385895e-02 1.362119764089584351e-01 1.831809803843498230e-02 1.173883117735385895e-02 1.362119764089584351e-01
5.880000000000000000e+05 1.626150496304035187e-02 1.180445775389671326e-02 1.355187296867370605e-01 1.626150496304035187e-02 1.180445775389671326e-02 1.355187296867370605e-01
5.890000000000000000e+05 1.638460345566272736e-02 1.176532730460166931e-02 1.342605054378509521e-01 1.638460345566272736e-02 1.176532730460166931e-02 1.342605054378509521e-01
5.900000000000000000e+05 1.703393459320068359e-02 1.174326241016387939e-02 1.339432001113891602e-01 1.703393459320068359e-02 1.174326241016387939e-02 1.339432001113891602e-01
5.910000000000000000e+05 1.527975872159004211e-02 1.175570487976074219e-02 1.331553161144256592e-01 1.527975872159004211e-02 1.175570487976074219e-02 1.331553161144256592e-01
5.920000000000000000e+05 1.622981950640678406e-02 1.176316663622856140e-02 1.339180916547775269e-01 1.622981950640678406e-02 1.176316663622856140e-02 1.339180916547775269e-01
5.930000000000000000e+05 1.829860359430313110e-02 1.174037996679544449e-02 1.353094875812530518e-01 1.829860359430313110e-02 1.174037996679544449e-02 1.353094875812530518e-01
5.940000000000000000e+05 1.664323545992374420e-02 1.169802527874708176e-02 1.346238851547241211e-01 1.664323545992374420e-02 1.169802527874708176e-02 1.346238851547241211e-01
5.950000000000000000e+05 1.658008992671966553e-02 1.175040937960147858e-02 1.358688473701477051e-01 1.658008992671966553e-02 1.175040937960147858e-02 1.358688473701477051e-01
5.960000000000000000e+05 1.603318937122821808e-02 1.168594043701887131e-02 1.358583271503448486e-01 1.603318937122821808e-02 1.168594043701887131e-02 1.358583271503448486e-01
5.970000000000000000e+05 1.561332494020462036e-02 1.171885244548320770e-02 1.357468813657760620e-01 1.561332494020462036e-02 1.171885244548320770e-02 1.357468813657760620e-01
5.980000000000000000e+05 1.626829802989959717e-02 1.171037927269935608e-02 1.333235353231430054e-01 1.626829802989959717e-02 1.171037927269935608e-02 1.333235353231430054e-01
5.990000000000000000e+05 1.695751398801803589e-02 1.165436301380395889e-02 1.339935660362243652e-01 1.695751398801803589e-02 1.165436301380395889e-02 1.339935660362243652e-01
6.000000000000000000e+05 1.545855961740016937e-02 1.171081792563199997e-02 1.329542249441146851e-01 1.545855961740016937e-02 1.171081792563199997e-02 1.329542249441146851e-01
6.010000000000000000e+05 1.675539836287498474e-02 1.169763319194316864e-02 1.337636113166809082e-01 1.675539836287498474e-02 1.169763319194316864e-02 1.337636113166809082e-01
6.020000000000000000e+05 1.622650586068630219e-02 1.173279713839292526e-02 1.330606490373611450e-01 1.622650586068630219e-02 1.173279713839292526e-02 1.330606490373611450e-01
6.030000000000000000e+05 1.622128114104270935e-02 1.169128995388746262e-02 1.341649591922760010e-01 1.622128114104270935e-02 1.169128995388746262e-02 1.341649591922760010e-01
6.040000000000000000e+05 1.563047058880329132e-02 1.167606469243764877e-02 1.333446353673934937e-01 1.563047058880329132e-02 1.167606469243764877e-02 1.333446353673934937e-01
6.050000000000000000e+05 1.647025533020496368e-02 1.167663559317588806e-02 1.345786601305007935e-01 1.647025533020496368e-02 1.167663559317588806e-02 1.345786601305007935e-01
6.060000000000000000e+05 1.453406643122434616e-02 1.171142328530550003e-02 1.326933652162551880e-01 1.453406643122434616e-02 1.171142328530550003e-02 1.326933652162551880e-01
6.070000000000000000e+05 1.457253564149141312e-02 1.168350595980882645e-02 1.321460455656051636e-01 1.457253564149141312e-02 1.168350595980882645e-02 1.321460455656051636e-01
6.080000000000000000e+05 1.677920296788215637e-02 1.166711095720529556e-02 1.333290487527847290e-01 1.677920296788215637e-02 1.166711095720529556e-02 1.333290487527847290e-01
6.090000000000000000e+05 1.506956666707992554e-02 1.170298643410205841e-02 1.325753778219223022e-01 1.506956666707992554e-02 1.170298643410205841e-02 1.325753778219223022e-01
6.100000000000000000e+05 1.584650762379169464e-02 1.165027823299169540e-02 1.318804472684860229e-01 1.584650762379169464e-02 1.165027823299169540e-02 1.318804472684860229e-01
6.110000000000000000e+05 1.583693362772464752e-02 1.167723815888166428e-02 1.330494731664657593e-01 1.583693362772464752e-02 1.167723815888166428e-02 1.330494731664657593e-01
6.120000000000000000e+05 1.585075445473194122e-02 1.163084805011749268e-02 1.336106359958648682e-01 1.585075445473194122e-02 1.163084805011749268e-02 1.336106359958648682e-01
6.130000000000000000e+05 1.594034396111965179e-02 1.165274623781442642e-02 1.333182156085968018e-01 1.594034396111965179e-02 1.165274623781442642e-02 1.333182156085968018e-01
6.140000000000000000e+05 1.476616412401199341e-02 1.167047116905450821e-02 1.320742964744567871e-01 1.476616412401199341e-02 1.167047116905450821e-02 1.320742964744567871e-01
6.150000000000000000e+05 1.547496393322944641e-02 1.166440080851316452e-02 1.323186755180358887e-01 1.547496393322944641e-02 1.166440080851316452e-02 1.323186755180358887e-01
6.160000000000000000e+05 1.687026023864746094e-02 1.165138557553291321e-02 1.312395632266998291e-01 1.687026023864746094e-02 1.165138557553291321e-02 1.312395632266998291e-01
6.170000000000000000e+05 1.544681657105684280e-02 1.165665313601493835e-02 1.327556371688842773e-01 1.544681657105684280e-02 1.165665313601493835e-02 1.327556371688842773e-01
6.180000000000000000e+05 1.629777252674102783e-02 1.163533329963684082e-02 1.326789110898971558e-01 1.629777252674102783e-02 1.163533329963684082e-02 1.326789110898971558e-01
6.190000000000000000e+05 1.478641759604215622e-02 1.164135895669460297e-02 1.319931000471115112e-01 1.478641759604215622e-02 1.164135895669460297e-02 1.319931000471115112e-01
6.200000000000000000e+05 1.515241898596286774e-02 1.163193490356206894e-02 1.321477144956588745e-01 1.515241898596286774e-02 1.163193490356206894e-02 1.321477144956588745e-01
6.210000000000000000e+05 1.685491017997264862e-02 1.162701006978750229e-02 1.313081979751586914e-01 1.685491017997264862e-02 1.162701006978750229e-02 1.313081979751586914e-01
6.220000000000000000e+05 1.609517447650432587e-02 1.161300577223300934e-02 1.327396184206008911e-01 1.609517447650432587e-02 1.161300577223300934e-02 1.327396184206008911e-01
6.230000000000000000e+05 1.642262563109397888e-02 1.159147731959819794e-02 1.317943781614303589e-01 1.642262563109397888e-02 1.159147731959819794e-02 1.317943781614303589e-01
6.240000000000000000e+05 1.659872010350227356e-02 1.163285970687866211e-02 1.328695714473724365e-01 1.659872010350227356e-02 1.163285970687866211e-02 1.328695714473724365e-01
6.250000000000000000e+05 1.510540209710597992e-02 1.165050640702247620e-02 1.323066651821136475e-01 1.510540209710597992e-02 1.165050640702247620e-02 1.323066651821136475e-01
6.260000000000000000e+05 1.471145916730165482e-02 1.162442564964294434e-02 1.312982290983200073e-01 1.471145916730165482e-02 1.162442564964294434e-02 1.312982290983200073e-01
6.270000000000000000e+05 1.551104709506034851e-02 1.165221445262432098e-02 1.319393664598464966e-01 1.551104709506034851e-02 1.165221445262432098e-02 1.319393664598464966e-01
6.280000000000000000e+05 1.471895631402730942e-02 1.160942669957876205e-02 1.309917867183685303e-01 1.471895631402730942e-02 1.160942669957876205e-02 1.309917867183685303e-01
6.290000000000000000e+05 1.489071175456047058e-02 1.158238574862480164e-02 1.314137428998947144e-01 1.489071175456047058e-02 1.158238574862480164e-02 1.314137428998947144e-01
6.300000000000000000e+05 1.475614402443170547e-02 1.162604894489049911e-02 1.309487074613571167e-01 1.475614402443170547e-02 1.162604894489049911e-02 1.309487074613571167e-01
6.310000000000000000e+05 1.426187809556722641e-02 1.162679493427276611e-02 1.308197677135467529e-01 1.426187809556722641e-02 1.162679493427276611e-02 1.308197677135467529e-01
6.320000000000000000e+05 1.475711446255445480e-02 1.163224875926971436e-02 1.303757727146148682e-01 1.475711446255445480e-02 1.163224875926971436e-02 1.303757727146148682e-01
6.330000000000000000e+05 1.481801364570856094e-02 1.157423201948404312e-02 1.318482607603073120e-01 1.481801364570856094e-02 1.157423201948404312e-02 1.318482607603073120e-01
6.340000000000000000e+05 1.688449271023273468e-02 1.164772547781467438e-02 1.324754357337951660e-01 1.688449271023273468e-02 1.164772547781467438e-02 1.324754357337951660e-01
6.350000000000000000e+05 1.530896592885255814e-02 1.161411125212907791e-02 1.312342286109924316e-01 1.530896592885255814e-02 1.161411125212907791e-02 1.312342286109924316e-01
6.360000000000000000e+05 1.754381693899631500e-02 1.158650871366262436e-02 1.321536898612976074e-01 1.754381693899631500e-02 1.158650871366262436e-02 1.321536898612976074e-01
6.370000000000000000e+05 1.548518240451812744e-02 1.159725897014141083e-02 1.339396983385086060e-01 1.548518240451812744e-02 1.159725897014141083e-02 1.339396983385086060e-01
6.380000000000000000e+05 1.791952550411224365e-02 1.158245373517274857e-02 1.314246207475662231e-01 1.791952550411224365e-02 1.158245373517274857e-02 1.314246207475662231e-01
6.390000000000000000e+05 1.397327240556478500e-02 1.158501207828521729e-02 1.306633651256561279e-01 1.397327240556478500e-02 1.158501207828521729e-02 1.306633651256561279e-01
6.400000000000000000e+05 1.547119114547967911e-02 1.162222493439912796e-02 1.303336620330810547e-01 1.547119114547967911e-02 1.162222493439912796e-02 1.303336620330810547e-01
6.410000000000000000e+05 1.638572104275226593e-02 1.160669419914484024e-02 1.309537887573242188e-01 1.638572104275226593e-02 1.160669419914484024e-02 1.309537887573242188e-01
6.420000000000000000e+05 1.520793791860342026e-02 1.162503473460674286e-02 1.300932765007019043e-01 1.520793791860342026e-02 1.162503473460674286e-02 1.300932765007019043e-01
6.430000000000000000e+05 1.444718241691589355e-02 1.157013047486543655e-02 1.291252672672271729e-01 1.444718241691589355e-02 1.157013047486543655e-02 1.291252672672271729e-01
6.440000000000000000e+05 1.403495296835899353e-02 1.158388704061508179e-02 1.303264945745468140e-01 1.403495296835899353e-02 1.158388704061508179e-02 1.303264945745468140e-01
6.450000000000000000e+05 1.591893844306468964e-02 1.162372156977653503e-02 1.303235143423080444e-01 1.591893844306468964e-02 1.162372156977653503e-02 1.303235143423080444e-01
6.460000000000000000e+05 1.410244032740592957e-02 1.158928778022527695e-02 1.315558850765228271e-01 1.410244032740592957e-02 1.158928778022527695e-02 1.315558850765228271e-01
6.470000000000000000e+05 1.478791609406471252e-02 1.160562224686145782e-02 1.293862760066986084e-01 1.478791609406471252e-02 1.160562224686145782e-02 1.293862760066986084e-01
6.480000000000000000e+05 1.582684367895126343e-02 1.151824835687875748e-02 1.288510262966156006e-01 1.582684367895126343e-02 1.151824835687875748e-02 1.288510262966156006e-01
6.490000000000000000e+05 1.711820811033248901e-02 1.155533548444509506e-02 1.306666582822799683e-01 1.711820811033248901e-02 1.155533548444509506e-02 1.306666582822799683e-01
6.500000000000000000e+05 1.458721328526735306e-02 1.154265832155942917e-02 1.282653361558914185e-01 1.458721328526735306e-02 1.154265832155942917e-02 1.282653361558914185e-01
6.510000000000000000e+05 1.646881178021430969e-02 1.158579252660274506e-02 1.310309022665023804e-01 1.646881178021430969e-02 1.158579252660274506e-02 1.310309022665023804e-01
6.520000000000000000e+05 1.439788378775119781e-02 1.158915273845195770e-02 1.286955326795578003e-01 1.439788378775119781e-02 1.158915273845195770e-02 1.286955326795578003e-01
6.530000000000000000e+05 1.553124375641345978e-02 1.159365754574537277e-02 1.290937364101409912e-01 1.553124375641345978e-02 1.159365754574537277e-02 1.290937364101409912e-01
6.540000000000000000e+05 1.821125485002994537e-02 1.161063741892576218e-02 1.321381926536560059e-01 1.821125485002994537e-02 1.161063741892576218e-02 1.321381926536560059e-01
6.550000000000000000e+05 1.421041134744882584e-02 1.156146638095378876e-02 1.284960955381393433e-01 1.421041134744882584e-02 1.156146638095378876e-02 1.284960955381393433e-01
6.560000000000000000e+05 1.345676369965076447e-02 1.154645625501871109e-02 1.288845837116241455e-01 1.345676369965076447e-02 1.154645625501871109e-02 1.288845837116241455e-01
6.570000000000000000e+05 1.397266145795583725e-02 1.152228191494941711e-02 1.281165331602096558e-01 1.397266145795583725e-02 1.152228191494941711e-02 1.281165331602096558e-01
6.580000000000000000e+05 1.731985621154308319e-02 1.162701006978750229e-02 1.292552798986434937e-01 1.731985621154308319e-02 1.162701006978750229e-02 1.292552798986434937e-01
6.590000000000000000e+05 1.367117185145616531e-02 1.159647293388843536e-02 1.283217519521713257e-01 1.367117185145616531e-02 1.159647293388843536e-02 1.283217519521713257e-01
6.600000000000000000e+05 1.390000060200691223e-02 1.157257147133350372e-02 1.282038092613220215e-01 1.390000060200691223e-02 1.157257147133350372e-02 1.282038092613220215e-01
6.610000000000000000e+05 1.351842097938060760e-02 1.156610064208507538e-02 1.277767717838287354e-01 1.351842097938060760e-02 1.156610064208507538e-02 1.277767717838287354e-01
6.620000000000000000e+05 1.559852808713912964e-02 1.155995484441518784e-02 1.288846433162689209e-01 1.559852808713912964e-02 1.155995484441518784e-02 1.288846433162689209e-01
6.630000000000000000e+05 1.643873564898967743e-02 1.156165450811386108e-02 1.297227293252944946e-01 1.643873564898967743e-02 1.156165450811386108e-02 1.297227293252944946e-01
6.640000000000000000e+05 1.395488623529672623e-02 1.155913528054952621e-02 1.290610879659652710e-01 1.395488623529672623e-02 1.155913528054952621e-02 1.290610879659652710e-01
6.650000000000000000e+05 1.542332768440246582e-02 1.154798641800880432e-02 1.276641786098480225e-01 1.542332768440246582e-02 1.154798641800880432e-02 1.276641786098480225e-01
6.660000000000000000e+05 1.546514313668012619e-02 1.156014949083328247e-02 1.309377998113632202e-01 1.546514313668012619e-02 1.156014949083328247e-02 1.309377998113632202e-01
6.670000000000000000e+05 1.519696041941642761e-02 1.160124596208333969e-02 1.292807161808013916e-01 1.519696041941642761e-02 1.160124596208333969e-02 1.292807161808013916e-01
6.680000000000000000e+05 1.737613976001739502e-02 1.153308525681495667e-02 1.286008805036544800e-01 1.737613976001739502e-02 1.153308525681495667e-02 1.286008805036544800e-01
6.690000000000000000e+05 1.451192609965801239e-02 1.154519245028495789e-02 1.276884973049163818e-01 1.451192609965801239e-02 1.154519245028495789e-02 1.276884973049163818e-01
6.700000000000000000e+05 1.371331512928009033e-02 1.155960932374000549e-02 1.275977045297622681e-01 1.371331512928009033e-02 1.155960932374000549e-02 1.275977045297622681e-01
6.710000000000000000e+05 1.532184146344661713e-02 1.157187204807996750e-02 1.279528141021728516e-01 1.532184146344661713e-02 1.157187204807996750e-02 1.279528141021728516e-01
6.720000000000000000e+05 1.342097390443086624e-02 1.157071348279714584e-02 1.270164102315902710e-01 1.342097390443086624e-02 1.157071348279714584e-02 1.270164102315902710e-01
6.730000000000000000e+05 1.764449104666709900e-02 1.151223387569189072e-02 1.293151080608367920e-01 1.764449104666709900e-02 1.151223387569189072e-02 1.293151080608367920e-01
6.740000000000000000e+05 1.491699181497097015e-02 1.152937114238739014e-02 1.299296766519546509e-01 1.491699181497097015e-02 1.152937114238739014e-02 1.299296766519546509e-01
6.750000000000000000e+05 1.415641698986291885e-02 1.152044069021940231e-02 1.270676106214523315e-01 1.415641698986291885e-02 1.152044069021940231e-02 1.270676106214523315e-01
6.760000000000000000e+05 1.447938475757837296e-02 1.156614813953638077e-02 1.285784840583801270e-01 1.447938475757837296e-02 1.156614813953638077e-02 1.285784840583801270e-01
6.770000000000000000e+05 1.639288850128650665e-02 1.151614915579557419e-02 1.269683241844177246e-01 1.639288850128650665e-02 1.151614915579557419e-02 1.269683241844177246e-01
6.780000000000000000e+05 2.130836807191371918e-02 1.149637997150421143e-02 1.317142695188522339e-01 2.130836807191371918e-02 1.149637997150421143e-02 1.317142695188522339e-01
6.790000000000000000e+05 1.581472158432006836e-02 1.147309690713882446e-02 1.274180710315704346e-01 1.581472158432006836e-02 1.147309690713882446e-02 1.274180710315704346e-01
6.800000000000000000e+05 1.490225084125995636e-02 1.150696352124214172e-02 1.266240328550338745e-01 1.490225084125995636e-02 1.150696352124214172e-02 1.266240328550338745e-01
6.810000000000000000e+05 1.531135197728872299e-02 1.145344320684671402e-02 1.273813247680664062e-01 1.531135197728872299e-02 1.145344320684671402e-02 1.273813247680664062e-01
6.820000000000000000e+05 1.443492807447910309e-02 1.151800714433193207e-02 1.268165409564971924e-01 1.443492807447910309e-02 1.151800714433193207e-02 1.268165409564971924e-01
6.830000000000000000e+05 1.402678992599248886e-02 1.156710274517536163e-02 1.272455006837844849e-01 1.402678992599248886e-02 1.156710274517536163e-02 1.272455006837844849e-01
6.840000000000000000e+05 1.511114463210105896e-02 1.150985248386859894e-02 1.278032809495925903e-01 1.511114463210105896e-02 1.150985248386859894e-02 1.278032809495925903e-01
6.850000000000000000e+05 1.350499317049980164e-02 1.151212770491838455e-02 1.264512836933135986e-01 1.350499317049980164e-02 1.151212770491838455e-02 1.264512836933135986e-01
6.860000000000000000e+05 1.563885621726512909e-02 1.148069463670253754e-02 1.259900629520416260e-01 1.563885621726512909e-02 1.148069463670253754e-02 1.259900629520416260e-01
6.870000000000000000e+05 1.544970553368330002e-02 1.154910493642091751e-02 1.268751174211502075e-01 1.544970553368330002e-02 1.154910493642091751e-02 1.268751174211502075e-01
6.880000000000000000e+05 1.417773868888616562e-02 1.154371164739131927e-02 1.263554990291595459e-01 1.417773868888616562e-02 1.154371164739131927e-02 1.263554990291595459e-01
6.890000000000000000e+05 1.367591600865125656e-02 1.155384164303541183e-02 1.268377155065536499e-01 1.367591600865125656e-02 1.155384164303541183e-02 1.268377155065536499e-01
6.900000000000000000e+05 1.510168705135583878e-02 1.157665438950061798e-02 1.276318579912185669e-01 1.510168705135583878e-02 1.157665438950061798e-02 1.276318579912185669e-01
6.910000000000000000e+05 1.357676461338996887e-02 1.154734473675489426e-02 1.257963180541992188e-01 1.357676461338996887e-02 1.154734473675489426e-02 1.257963180541992188e-01
6.920000000000000000e+05 1.642313599586486816e-02 1.148253958672285080e-02 1.272957473993301392e-01 1.642313599586486816e-02 1.148253958672285080e-02 1.272957473993301392e-01
6.930000000000000000e+05 1.365315448492765427e-02 1.156249269843101501e-02 1.255453228950500488e-01 1.365315448492765427e-02 1.156249269843101501e-02 1.255453228950500488e-01
6.940000000000000000e+05 1.321090850979089737e-02 1.151847746223211288e-02 1.246491298079490662e-01 1.321090850979089737e-02 1.151847746223211288e-02 1.246491298079490662e-01
6.950000000000000000e+05 1.423480361700057983e-02 1.147522125393152237e-02 1.253519952297210693e-01 1.423480361700057983e-02 1.147522125393152237e-02 1.253519952297210693e-01
6.960000000000000000e+05 1.594876311719417572e-02 1.151538081467151642e-02 1.270439028739929199e-01 1.594876311719417572e-02 1.151538081467151642e-02 1.270439028739929199e-01
6.970000000000000000e+05 1.416584104299545288e-02 1.147727575153112411e-02 1.254391670227050781e-01 1.416584104299545288e-02 1.147727575153112411e-02 1.254391670227050781e-01
6.980000000000000000e+05 1.474332995712757111e-02 1.153179723769426346e-02 1.252806484699249268e-01 1.474332995712757111e-02 1.153179723769426346e-02 1.252806484699249268e-01
6.990000000000000000e+05 1.428150851279497147e-02 1.153167709708213806e-02 1.256457120180130005e-01 1.428150851279497147e-02 1.153167709708213806e-02 1.256457120180130005e-01
7.000000000000000000e+05 1.536792237311601639e-02 1.153788436204195023e-02 1.250814944505691528e-01 1.536792237311601639e-02 1.153788436204195023e-02 1.250814944505691528e-01
7.010000000000000000e+05 1.378637924790382385e-02 1.147860381752252579e-02 1.250071376562118530e-01 1.378637924790382385e-02 1.147860381752252579e-02 1.250071376562118530e-01
7.020000000000000000e+05 1.386900711804628372e-02 1.154368184506893158e-02 1.258097589015960693e-01 1.386900711804628372e-02 1.154368184506893158e-02 1.258097589015960693e-01
7.030000000000000000e+05 1.308685168623924255e-02 1.149221975356340408e-02 1.245866864919662476e-01 1.308685168623924255e-02 1.149221975356340408e-02 1.245866864919662476e-01
7.040000000000000000e+05 1.288374513387680054e-02 1.150212995707988739e-02 1.245685741305351257e-01 1.288374513387680054e-02 1.150212995707988739e-02 1.245685741305351257e-01
7.050000000000000000e+05 1.420696452260017395e-02 1.157410815358161926e-02 1.242350786924362183e-01 1.420696452260017395e-02 1.157410815358161926e-02 1.242350786924362183e-01
7.060000000000000000e+05 1.591830328106880188e-02 1.144757494330406189e-02 1.243224963545799255e-01 1.591830328106880188e-02 1.144757494330406189e-02 1.243224963545799255e-01
7.070000000000000000e+05 1.298606209456920624e-02 1.150773558765649796e-02 1.249205097556114197e-01 1.298606209456920624e-02 1.150773558765649796e-02 1.249205097556114197e-01
7.080000000000000000e+05 1.301594171673059464e-02 1.148520037531852722e-02 1.244749054312705994e-01 1.301594171673059464e-02 1.148520037531852722e-02 1.244749054312705994e-01
7.090000000000000000e+05 1.824486441910266876e-02 1.159047707915306091e-02 1.244547665119171143e-01 1.824486441910266876e-02 1.159047707915306091e-02 1.244547665119171143e-01
7.100000000000000000e+05 1.245957147330045700e-02 1.150495652109384537e-02 1.239457055926322937e-01 1.245957147330045700e-02 1.150495652109384537e-02 1.239457055926322937e-01
7.110000000000000000e+05 1.313644368201494217e-02 1.145616825670003891e-02 1.242753341794013977e-01 1.313644368201494217e-02 1.145616825670003891e-02 1.242753341794013977e-01
7.120000000000000000e+05 1.348671130836009979e-02 1.151199173182249069e-02 1.245952546596527100e-01 1.348671130836009979e-02 1.151199173182249069e-02 1.245952546596527100e-01
7.130000000000000000e+05 1.300237979739904404e-02 1.153200305998325348e-02 1.233798936009407043e-01 1.300237979739904404e-02 1.153200305998325348e-02 1.233798936009407043e-01
7.140000000000000000e+05 1.352470181882381439e-02 1.144637074321508408e-02 1.243970394134521484e-01 1.352470181882381439e-02 1.144637074321508408e-02 1.243970394134521484e-01
7.150000000000000000e+05 1.418204698711633682e-02 1.149703655391931534e-02 1.236993446946144104e-01 1.418204698711633682e-02 1.149703655391931534e-02 1.236993446946144104e-01
7.160000000000000000e+05 1.336849201470613480e-02 1.146596763283014297e-02 1.246772259473800659e-01 1.336849201470613480e-02 1.146596763283014297e-02 1.246772259473800659e-01
7.170000000000000000e+05 1.277708075940608978e-02 1.146801467984914780e-02 1.238598972558975220e-01 1.277708075940608978e-02 1.146801467984914780e-02 1.238598972558975220e-01
7.180000000000000000e+05 1.329833269119262695e-02 1.144344452768564224e-02 1.240006089210510254e-01 1.329833269119262695e-02 1.144344452768564224e-02 1.240006089210510254e-01
7.190000000000000000e+05 1.306144800037145615e-02 1.149568520486354828e-02 1.232575997710227966e-01 1.306144800037145615e-02 1.149568520486354828e-02 1.232575997710227966e-01
7.200000000000000000e+05 1.505022775381803513e-02 1.143113523721694946e-02 1.236098036170005798e-01 1.505022775381803513e-02 1.143113523721694946e-02 1.236098036170005798e-01
7.210000000000000000e+05 1.208266615867614746e-02 1.149718835949897766e-02 1.229806542396545410e-01 1.208266615867614746e-02 1.149718835949897766e-02 1.229806542396545410e-01
7.220000000000000000e+05 1.379607431590557098e-02 1.144830416887998581e-02 1.236108914017677307e-01 1.379607431590557098e-02 1.144830416887998581e-02 1.236108914017677307e-01
7.230000000000000000e+05 1.357711013406515121e-02 1.147145405411720276e-02 1.227001175284385681e-01 1.357711013406515121e-02 1.147145405411720276e-02 1.227001175284385681e-01
7.240000000000000000e+05 1.226677466183900833e-02 1.147537585347890854e-02 1.230115517973899841e-01 1.226677466183900833e-02 1.147537585347890854e-02 1.230115517973899841e-01
7.250000000000000000e+05 1.423133164644241333e-02 1.150016393512487411e-02 1.232427880167961121e-01 1.423133164644241333e-02 1.150016393512487411e-02 1.232427880167961121e-01
7.260000000000000000e+05 1.308172289282083511e-02 1.144876051694154739e-02 1.239545494318008423e-01 1.308172289282083511e-02 1.144876051694154739e-02 1.239545494318008423e-01
7.270000000000000000e+05 1.549352426081895828e-02 1.150408200919628143e-02 1.230832412838935852e-01 1.549352426081895828e-02 1.150408200919628143e-02 1.230832412838935852e-01
7.280000000000000000e+05 1.265165954828262329e-02 1.143911480903625488e-02 1.223555430769920349e-01 1.265165954828262329e-02 1.143911480903625488e-02 1.223555430769920349e-01
7.290000000000000000e+05 1.340762060135602951e-02 1.143016107380390167e-02 1.221425160765647888e-01 1.340762060135602951e-02 1.143016107380390167e-02 1.221425160765647888e-01
7.300000000000000000e+05 1.476209517568349838e-02 1.146726217120885849e-02 1.234942451119422913e-01 1.476209517568349838e-02 1.146726217120885849e-02 1.234942451119422913e-01
7.310000000000000000e+05 1.416919659823179245e-02 1.148409582674503326e-02 1.226466596126556396e-01 1.416919659823179245e-02 1.148409582674503326e-02 1.226466596126556396e-01
7.320000000000000000e+05 1.377203036099672318e-02 1.147921476513147354e-02 1.225818991661071777e-01 1.377203036099672318e-02 1.147921476513147354e-02 1.225818991661071777e-01
7.330000000000000000e+05 1.343273185193538666e-02 1.144552044570446014e-02 1.224354282021522522e-01 1.343273185193538666e-02 1.144552044570446014e-02 1.224354282021522522e-01
7.340000000000000000e+05 1.330376137048006058e-02 1.150862034410238266e-02 1.224731579422950745e-01 1.330376137048006058e-02 1.150862034410238266e-02 1.224731579422950745e-01
7.350000000000000000e+05 1.399527210742235184e-02 1.148466113954782486e-02 1.235765069723129272e-01 1.399527210742235184e-02 1.148466113954782486e-02 1.235765069723129272e-01
7.360000000000000000e+05 1.320281717926263809e-02 1.145806349813938141e-02 1.215673163533210754e-01 1.320281717926263809e-02 1.145806349813938141e-02 1.215673163533210754e-01
7.370000000000000000e+05 1.338747236877679825e-02 1.148181408643722534e-02 1.224116981029510498e-01 1.338747236877679825e-02 1.148181408643722534e-02 1.224116981029510498e-01
7.380000000000000000e+05 1.448784768581390381e-02 1.147575955837965012e-02 1.217615678906440735e-01 1.448784768581390381e-02 1.147575955837965012e-02 1.217615678906440735e-01
7.390000000000000000e+05 1.624393835663795471e-02 1.142897084355354309e-02 1.233583986759185791e-01 1.624393835663795471e-02 1.142897084355354309e-02 1.233583986759185791e-01
7.400000000000000000e+05 1.315545476973056793e-02 1.147738099098205566e-02 1.220239326357841492e-01 1.315545476973056793e-02 1.147738099098205566e-02 1.220239326357841492e-01
7.410000000000000000e+05 1.364220585674047470e-02 1.143660210072994232e-02 1.220981255173683167e-01 1.364220585674047470e-02 1.143660210072994232e-02 1.220981255173683167e-01
7.420000000000000000e+05 1.286526583135128021e-02 1.146507356315851212e-02 1.211432516574859619e-01 1.286526583135128021e-02 1.146507356315851212e-02 1.211432516574859619e-01
7.430000000000000000e+05 1.288102474063634872e-02 1.145648304373025894e-02 1.211485341191291809e-01 1.288102474063634872e-02 1.145648304373025894e-02 1.211485341191291809e-01
7.440000000000000000e+05 1.249837223440408707e-02 1.145022083073854446e-02 1.204713732004165649e-01 1.249837223440408707e-02 1.145022083073854446e-02 1.204713732004165649e-01
7.450000000000000000e+05 1.205742266029119492e-02 1.143233478069305420e-02 1.212833225727081299e-01 1.205742266029119492e-02 1.143233478069305420e-02 1.212833225727081299e-01
7.460000000000000000e+05 1.371476054191589355e-02 1.144700217992067337e-02 1.209979876875877380e-01 1.371476054191589355e-02 1.144700217992067337e-02 1.209979876875877380e-01
7.470000000000000000e+05 1.630222797393798828e-02 1.140497159212827682e-02 1.231984123587608337e-01 1.630222797393798828e-02 1.140497159212827682e-02 1.231984123587608337e-01
7.480000000000000000e+05 1.436831057071685791e-02 1.139944326132535934e-02 1.214018464088439941e-01 1.436831057071685791e-02 1.139944326132535934e-02 1.214018464088439941e-01
7.490000000000000000e+05 1.189408078789710999e-02 1.147233601659536362e-02 1.207146346569061279e-01 1.189408078789710999e-02 1.147233601659536362e-02 1.207146346569061279e-01
7.500000000000000000e+05 1.219646073877811432e-02 1.145342271775007248e-02 1.202481687068939209e-01 1.219646073877811432e-02 1.145342271775007248e-02 1.202481687068939209e-01
7.510000000000000000e+05 1.323471497744321823e-02 1.143896952271461487e-02 1.207491382956504822e-01 1.323471497744321823e-02 1.143896952271461487e-02 1.207491382956504822e-01
7.520000000000000000e+05 1.698418520390987396e-02 1.148235145956277847e-02 1.212142035365104675e-01 1.698418520390987396e-02 1.148235145956277847e-02 1.212142035365104675e-01
7.530000000000000000e+05 1.203567348420619965e-02 1.146760955452919006e-02 1.203920468688011169e-01 1.203567348420619965e-02 1.146760955452919006e-02 1.203920468688011169e-01
7.540000000000000000e+05 1.331018656492233276e-02 1.148123480379581451e-02 1.205698475241661072e-01 1.331018656492233276e-02 1.148123480379581451e-02 1.205698475241661072e-01
7.550000000000000000e+05 1.332300528883934021e-02 1.141985878348350525e-02 1.202840507030487061e-01 1.332300528883934021e-02 1.141985878348350525e-02 1.202840507030487061e-01
7.560000000000000000e+05 1.219724491238594055e-02 1.145481504499912262e-02 1.197700873017311096e-01 1.219724491238594055e-02 1.145481504499912262e-02 1.197700873017311096e-01
7.570000000000000000e+05 1.332961767911911011e-02 1.143337599933147430e-02 1.200693920254707336e-01 1.332961767911911011e-02 1.143337599933147430e-02 1.200693920254707336e-01
7.580000000000000000e+05 1.407471019774675369e-02 1.139752753078937531e-02 1.226658374071121216e-01 1.407471019774675369e-02 1.139752753078937531e-02 1.226658374071121216e-01
7.590000000000000000e+05 1.305145956575870514e-02 1.143938582390546799e-02 1.203492879867553711e-01 1.305145956575870514e-02 1.143938582390546799e-02 1.203492879867553711e-01
7.600000000000000000e+05 1.452361140400171280e-02 1.140497531741857529e-02 1.230485066771507263e-01 1.452361140400171280e-02 1.140497531741857529e-02 1.230485066771507263e-01
7.610000000000000000e+05 1.221663877367973328e-02 1.142581272870302200e-02 1.200141385197639465e-01 1.221663877367973328e-02 1.142581272870302200e-02 1.200141385197639465e-01
7.620000000000000000e+05 1.176862698048353195e-02 1.141858752816915512e-02 1.199849322438240051e-01 1.176862698048353195e-02 1.141858752816915512e-02 1.199849322438240051e-01
7.630000000000000000e+05 1.300613209605216980e-02 1.138676237314939499e-02 1.205640137195587158e-01 1.300613209605216980e-02 1.138676237314939499e-02 1.205640137195587158e-01
7.640000000000000000e+05 1.463872101157903671e-02 1.144414860755205154e-02 1.221201121807098389e-01 1.463872101157903671e-02 1.144414860755205154e-02 1.221201121807098389e-01
7.650000000000000000e+05 1.347796618938446045e-02 1.140676997601985931e-02 1.209594309329986572e-01 1.347796618938446045e-02 1.140676997601985931e-02 1.209594309329986572e-01
7.660000000000000000e+05 1.275117881596088409e-02 1.143330335617065430e-02 1.203623116016387939e-01 1.275117881596088409e-02 1.143330335617065430e-02 1.203623116016387939e-01
7.670000000000000000e+05 1.369338203221559525e-02 1.139693148434162140e-02 1.191789135336875916e-01 1.369338203221559525e-02 1.139693148434162140e-02 1.191789135336875916e-01
7.680000000000000000e+05 1.811371184885501862e-02 1.142746396362781525e-02 1.207407787442207336e-01 1.811371184885501862e-02 1.142746396362781525e-02 1.207407787442207336e-01
7.690000000000000000e+05 1.304391212761402130e-02 1.139333192259073257e-02 1.201847791671752930e-01 1.304391212761402130e-02 1.139333192259073257e-02 1.201847791671752930e-01
7.700000000000000000e+05 1.494976785033941269e-02 1.146378181874752045e-02 1.197707578539848328e-01 1.494976785033941269e-02 1.146378181874752045e-02 1.197707578539848328e-01
7.710000000000000000e+05 1.325048506259918213e-02 1.142086554318666458e-02 1.203820779919624329e-01 1.325048506259918213e-02 1.142086554318666458e-02 1.203820779919624329e-01
7.720000000000000000e+05 1.181798987090587616e-02 1.139154843986034393e-02 1.188368871808052063e-01 1.181798987090587616e-02 1.139154843986034393e-02 1.188368871808052063e-01
7.730000000000000000e+05 1.275992859154939651e-02 1.141342986375093460e-02 1.185540109872817993e-01 1.275992859154939651e-02 1.141342986375093460e-02 1.185540109872817993e-01
7.740000000000000000e+05 1.197512913495302200e-02 1.139466930180788040e-02 1.186369359493255615e-01 1.197512913495302200e-02 1.139466930180788040e-02 1.186369359493255615e-01
7.750000000000000000e+05 1.403484214097261429e-02 1.145427487790584564e-02 1.188841164112091064e-01 1.403484214097261429e-02 1.145427487790584564e-02 1.188841164112091064e-01
7.760000000000000000e+05 1.247887313365936279e-02 1.136240456253290176e-02 1.196980848908424377e-01 1.247887313365936279e-02 1.136240456253290176e-02 1.196980848908424377e-01
7.770000000000000000e+05 1.294855307787656784e-02 1.137710548937320709e-02 1.179149597883224487e-01 1.294855307787656784e-02 1.137710548937320709e-02 1.179149597883224487e-01
7.780000000000000000e+05 1.317542977631092072e-02 1.139071583747863770e-02 1.196095570921897888e-01 1.317542977631092072e-02 1.139071583747863770e-02 1.196095570921897888e-01
7.790000000000000000e+05 1.324696559458971024e-02 1.140400208532810211e-02 1.199142038822174072e-01 1.324696559458971024e-02 1.140400208532810211e-02 1.199142038822174072e-01
7.800000000000000000e+05 1.253239531069993973e-02 1.135485712438821793e-02 1.187893822789192200e-01 1.253239531069993973e-02 1.135485712438821793e-02 1.187893822789192200e-01
7.810000000000000000e+05 1.342191267758607864e-02 1.133767142891883850e-02 1.191528663039207458e-01 1.342191267758607864e-02 1.133767142891883850e-02 1.191528663039207458e-01
7.820000000000000000e+05 1.304577942937612534e-02 1.135491486638784409e-02 1.187560111284255981e-01 1.304577942937612534e-02 1.135491486638784409e-02 1.187560111284255981e-01
7.830000000000000000e+05 1.206084247678518295e-02 1.136466581374406815e-02 1.183442398905754089e-01 1.206084247678518295e-02 1.136466581374406815e-02 1.183442398905754089e-01
7.840000000000000000e+05 1.351961120963096619e-02 1.134326029568910599e-02 1.186983063817024231e-01 1.351961120963096619e-02 1.134326029568910599e-02 1.186983063817024231e-01
7.850000000000000000e+05 1.260353904217481613e-02 1.132969837635755539e-02 1.185996681451797485e-01 1.260353904217481613e-02 1.132969837635755539e-02 1.185996681451797485e-01
7.860000000000000000e+05 1.287133805453777313e-02 1.134847756475210190e-02 1.189859211444854736e-01 1.287133805453777313e-02 1.134847756475210190e-02 1.189859211444854736e-01
7.870000000000000000e+05 1.384265720844268799e-02 1.131068635731935501e-02 1.183196008205413818e-01 1.384265720844268799e-02 1.131068635731935501e-02 1.183196008205413818e-01
7.880000000000000000e+05 1.381759811192750931e-02 1.139440294355154037e-02 1.184853240847587585e-01 1.381759811192750931e-02 1.139440294355154037e-02 1.184853240847587585e-01
7.890000000000000000e+05 1.520178746432065964e-02 1.129787508398294449e-02 1.205228865146636963e-01 1.520178746432065964e-02 1.129787508398294449e-02 1.205228865146636963e-01
7.900000000000000000e+05 1.198312640190124512e-02 1.135875284671783447e-02 1.207122206687927246e-01 1.198312640190124512e-02 1.135875284671783447e-02 1.207122206687927246e-01
7.910000000000000000e+05 1.261071208864450455e-02 1.136776898056268692e-02 1.181900352239608765e-01 1.261071208864450455e-02 1.136776898056268692e-02 1.181900352239608765e-01
7.920000000000000000e+05 1.357335783541202545e-02 1.142701786011457443e-02 1.183124929666519165e-01 1.357335783541202545e-02 1.142701786011457443e-02 1.183124929666519165e-01
7.930000000000000000e+05 1.377938687801361084e-02 1.137825194746255875e-02 1.176859810948371887e-01 1.377938687801361084e-02 1.137825194746255875e-02 1.176859810948371887e-01
7.940000000000000000e+05 1.185930427163839340e-02 1.134300418198108673e-02 1.175387278199195862e-01 1.185930427163839340e-02 1.134300418198108673e-02 1.175387278199195862e-01
7.950000000000000000e+05 1.189352944493293762e-02 1.133760903030633926e-02 1.181218102574348450e-01 1.189352944493293762e-02 1.133760903030633926e-02 1.181218102574348450e-01
7.960000000000000000e+05 1.299539860337972641e-02 1.132673956453800201e-02 1.197268515825271606e-01 1.299539860337972641e-02 1.132673956453800201e-02 1.197268515825271606e-01
7.970000000000000000e+05 1.159775629639625549e-02 1.135486364364624023e-02 1.169182956218719482e-01 1.159775629639625549e-02 1.135486364364624023e-02 1.169182956218719482e-01
7.980000000000000000e+05 1.314342208206653595e-02 1.134463399648666382e-02 1.173625364899635315e-01 1.314342208206653595e-02 1.134463399648666382e-02 1.173625364899635315e-01
7.990000000000000000e+05 1.323121134191751480e-02 1.133063994348049164e-02 1.183244884014129639e-01 1.323121134191751480e-02 1.133063994348049164e-02 1.183244884014129639e-01
8.000000000000000000e+05 1.173804420977830887e-02 1.135653350502252579e-02 1.161349117755889893e-01 1.173804420977830887e-02 1.135653350502252579e-02 1.161349117755889893e-01
8.010000000000000000e+05 1.204157900065183640e-02 1.132075302302837372e-02 1.171467453241348267e-01 1.204157900065183640e-02 1.132075302302837372e-02 1.171467453241348267e-01
8.020000000000000000e+05 1.366208586841821671e-02 1.137829571962356567e-02 1.180558800697326660e-01 1.366208586841821671e-02 1.137829571962356567e-02 1.180558800697326660e-01
8.030000000000000000e+05 1.407174859195947647e-02 1.123710721731185913e-02 1.169839501380920410e-01 1.407174859195947647e-02 1.123710721731185913e-02 1.169839501380920410e-01
8.040000000000000000e+05 1.356932520866394043e-02 1.128753647208213806e-02 1.178130507469177246e-01 1.356932520866394043e-02 1.128753647208213806e-02 1.178130507469177246e-01
8.050000000000000000e+05 1.173836644738912582e-02 1.133100036531686783e-02 1.187975630164146423e-01 1.173836644738912582e-02 1.133100036531686783e-02 1.187975630164146423e-01
8.060000000000000000e+05 1.247966941446065903e-02 1.130884047597646713e-02 1.173956692218780518e-01 1.247966941446065903e-02 1.130884047597646713e-02 1.173956692218780518e-01
8.070000000000000000e+05 1.164821255952119827e-02 1.129998452961444855e-02 1.171355098485946655e-01 1.164821255952119827e-02 1.129998452961444855e-02 1.171355098485946655e-01
8.080000000000000000e+05 1.197897642850875854e-02 1.127194333821535110e-02 1.168365925550460815e-01 1.197897642850875854e-02 1.127194333821535110e-02 1.168365925550460815e-01
8.090000000000000000e+05 1.105492841452360153e-02 1.130966935306787491e-02 1.162252947688102722e-01 1.105492841452360153e-02 1.130966935306787491e-02 1.162252947688102722e-01
8.100000000000000000e+05 1.203623134642839432e-02 1.132171228528022766e-02 1.170346513390541077e-01 1.203623134642839432e-02 1.132171228528022766e-02 1.170346513390541077e-01
8.110000000000000000e+05 1.230941433459520340e-02 1.131139509379863739e-02 1.167197152972221375e-01 1.230941433459520340e-02 1.131139509379863739e-02 1.167197152972221375e-01
8.120000000000000000e+05 1.269323471933603287e-02 1.130753010511398315e-02 1.164791062474250793e-01 1.269323471933603287e-02 1.130753010511398315e-02 1.164791062474250793e-01
8.130000000000000000e+05 1.289967261254787445e-02 1.127696502953767776e-02 1.170419976115226746e-01 1.289967261254787445e-02 1.127696502953767776e-02 1.170419976115226746e-01
8.140000000000000000e+05 1.215624250471591949e-02 1.129378098994493484e-02 1.174692660570144653e-01 1.215624250471591949e-02 1.129378098994493484e-02 1.174692660570144653e-01
8.150000000000000000e+05 1.275014225393533707e-02 1.130526978522539139e-02 1.173211634159088135e-01 1.275014225393533707e-02 1.130526978522539139e-02 1.173211634159088135e-01
8.160000000000000000e+05 1.553546544164419174e-02 1.128811948001384735e-02 1.178639978170394897e-01 1.553546544164419174e-02 1.128811948001384735e-02 1.178639978170394897e-01
8.170000000000000000e+05 1.444800663739442825e-02 1.134334318339824677e-02 1.178803965449333191e-01 1.444800663739442825e-02 1.134334318339824677e-02 1.178803965449333191e-01
8.180000000000000000e+05 1.166240777820348740e-02 1.128842774778604507e-02 1.158740594983100891e-01 1.166240777820348740e-02 1.128842774778604507e-02 1.158740594983100891e-01
8.190000000000000000e+05 1.336203143000602722e-02 1.124003343284130096e-02 1.167223230004310608e-01 1.336203143000602722e-02 1.124003343284130096e-02 1.167223230004310608e-01
8.200000000000000000e+05 1.156972162425518036e-02 1.128152851015329361e-02 1.165801286697387695e-01 1.156972162425518036e-02 1.128152851015329361e-02 1.165801286697387695e-01
8.210000000000000000e+05 1.230745576322078705e-02 1.131303887814283371e-02 1.179945394396781921e-01 1.230745576322078705e-02 1.131303887814283371e-02 1.179945394396781921e-01
8.220000000000000000e+05 1.258284505456686020e-02 1.128242444247007370e-02 1.165059730410575867e-01 1.258284505456686020e-02 1.128242444247007370e-02 1.165059730410575867e-01
8.230000000000000000e+05 1.227885205298662186e-02 1.124651171267032623e-02 1.161024644970893860e-01 1.227885205298662186e-02 1.124651171267032623e-02 1.161024644970893860e-01
8.240000000000000000e+05 1.145511306822299957e-02 1.127961184829473495e-02 1.158044636249542236e-01 1.145511306822299957e-02 1.127961184829473495e-02 1.158044636249542236e-01
8.250000000000000000e+05 1.203278545290231705e-02 1.129925996065139771e-02 1.161186248064041138e-01 1.203278545290231705e-02 1.129925996065139771e-02 1.161186248064041138e-01
8.260000000000000000e+05 1.380701083689928055e-02 1.128894276916980743e-02 1.177807897329330444e-01 1.380701083689928055e-02 1.128894276916980743e-02 1.177807897329330444e-01
8.270000000000000000e+05 1.313097868114709854e-02 1.129506435245275497e-02 1.170652136206626892e-01 1.313097868114709854e-02 1.129506435245275497e-02 1.170652136206626892e-01
8.280000000000000000e+05 1.295335032045841217e-02 1.125133223831653595e-02 1.153976097702980042e-01 1.295335032045841217e-02 1.125133223831653595e-02 1.153976097702980042e-01
8.290000000000000000e+05 1.195602677762508392e-02 1.123056840151548386e-02 1.156154647469520569e-01 1.195602677762508392e-02 1.123056840151548386e-02 1.156154647469520569e-01
8.300000000000000000e+05 1.302331779152154922e-02 1.124338898807764053e-02 1.155399829149246216e-01 1.302331779152154922e-02 1.124338898807764053e-02 1.155399829149246216e-01
8.310000000000000000e+05 1.157720200717449188e-02 1.124624721705913544e-02 1.161566600203514099e-01 1.157720200717449188e-02 1.124624721705913544e-02 1.161566600203514099e-01
8.320000000000000000e+05 1.315827388316392899e-02 1.126166898757219315e-02 1.150394454598426819e-01 1.315827388316392899e-02 1.126166898757219315e-02 1.150394454598426819e-01
8.330000000000000000e+05 1.310656126588582993e-02 1.125913299620151520e-02 1.162368431687355042e-01 1.310656126588582993e-02 1.125913299620151520e-02 1.162368431687355042e-01
8.340000000000000000e+05 1.446720026433467865e-02 1.122221257537603378e-02 1.156085655093193054e-01 1.446720026433467865e-02 1.122221257537603378e-02 1.156085655093193054e-01
8.350000000000000000e+05 1.084746327251195908e-02 1.122791506350040436e-02 1.147022917866706848e-01 1.084746327251195908e-02 1.122791506350040436e-02 1.147022917866706848e-01
8.360000000000000000e+05 1.200337707996368408e-02 1.127583254128694534e-02 1.148500367999076843e-01 1.200337707996368408e-02 1.127583254128694534e-02 1.148500367999076843e-01
8.370000000000000000e+05 1.196569204330444336e-02 1.125373505055904388e-02 1.148982420563697815e-01 1.196569204330444336e-02 1.125373505055904388e-02 1.148982420563697815e-01
8.380000000000000000e+05 1.403680536895990372e-02 1.124084554612636566e-02 1.175069138407707214e-01 1.403680536895990372e-02 1.124084554612636566e-02 1.175069138407707214e-01
8.390000000000000000e+05 1.263674441725015640e-02 1.118595339357852936e-02 1.149977669119834900e-01 1.263674441725015640e-02 1.118595339357852936e-02 1.149977669119834900e-01
8.400000000000000000e+05 1.196384243667125702e-02 1.126437913626432419e-02 1.166088059544563293e-01 1.196384243667125702e-02 1.126437913626432419e-02 1.166088059544563293e-01
8.410000000000000000e+05 1.179957762360572815e-02 1.120549906045198441e-02 1.150495633482933044e-01 1.179957762360572815e-02 1.120549906045198441e-02 1.150495633482933044e-01
8.420000000000000000e+05 1.219623070210218430e-02 1.121165324002504349e-02 1.150853931903839111e-01 1.219623070210218430e-02 1.121165324002504349e-02 1.150853931903839111e-01
8.430000000000000000e+05 1.187499240040779114e-02 1.120075490325689316e-02 1.136004701256752014e-01 1.187499240040779114e-02 1.120075490325689316e-02 1.136004701256752014e-01
8.440000000000000000e+05 1.170295570045709610e-02 1.125934813171625137e-02 1.148241087794303894e-01 1.170295570045709610e-02 1.125934813171625137e-02 1.148241087794303894e-01
8.450000000000000000e+05 1.128399465233087540e-02 1.122988853603601456e-02 1.150984168052673340e-01 1.128399465233087540e-02 1.122988853603601456e-02 1.150984168052673340e-01
8.460000000000000000e+05 1.163934450596570969e-02 1.121701858937740326e-02 1.149226576089859009e-01 1.163934450596570969e-02 1.121701858937740326e-02 1.149226576089859009e-01
8.470000000000000000e+05 1.233906950801610947e-02 1.119946967810392380e-02 1.144498586654663086e-01 1.233906950801610947e-02 1.119946967810392380e-02 1.144498586654663086e-01
8.480000000000000000e+05 1.186081022024154663e-02 1.118804793804883957e-02 1.140603646636009216e-01 1.186081022024154663e-02 1.118804793804883957e-02 1.140603646636009216e-01
8.490000000000000000e+05 1.146185584366321564e-02 1.122179627418518066e-02 1.151674389839172363e-01 1.146185584366321564e-02 1.122179627418518066e-02 1.151674389839172363e-01
8.500000000000000000e+05 1.249525230377912521e-02 1.120686810463666916e-02 1.145810335874557495e-01 1.249525230377912521e-02 1.120686810463666916e-02 1.145810335874557495e-01
8.510000000000000000e+05 1.215094421058893204e-02 1.119279861450195312e-02 1.136899664998054504e-01 1.215094421058893204e-02 1.119279861450195312e-02 1.136899664998054504e-01
8.520000000000000000e+05 1.259063091129064560e-02 1.117783412337303162e-02 1.140396147966384888e-01 1.259063091129064560e-02 1.117783412337303162e-02 1.140396147966384888e-01
8.530000000000000000e+05 1.278071478009223938e-02 1.121399831026792526e-02 1.144294515252113342e-01 1.278071478009223938e-02 1.121399831026792526e-02 1.144294515252113342e-01
8.540000000000000000e+05 1.208997797220945358e-02 1.118567306548357010e-02 1.146744042634963989e-01 1.208997797220945358e-02 1.118567306548357010e-02 1.146744042634963989e-01
8.550000000000000000e+05 1.234731357544660568e-02 1.123075932264328003e-02 1.141441762447357178e-01 1.234731357544660568e-02 1.123075932264328003e-02 1.141441762447357178e-01
8.560000000000000000e+05 1.203676313161849976e-02 1.116280071437358856e-02 1.144240275025367737e-01 1.203676313161849976e-02 1.116280071437358856e-02 1.144240275025367737e-01
8.570000000000000000e+05 1.413237210363149643e-02 1.118216756731271744e-02 1.151214390993118286e-01 1.413237210363149643e-02 1.118216756731271744e-02 1.151214390993118286e-01
8.580000000000000000e+05 1.198778022080659866e-02 1.119053736329078674e-02 1.136284172534942627e-01 1.198778022080659866e-02 1.119053736329078674e-02 1.136284172534942627e-01
8.590000000000000000e+05 1.590045914053916931e-02 1.111057493835687637e-02 1.147051304578781128e-01 1.590045914053916931e-02 1.111057493835687637e-02 1.147051304578781128e-01
8.600000000000000000e+05 1.162755303084850311e-02 1.112935040146112442e-02 1.145122721791267395e-01 1.162755303084850311e-02 1.112935040146112442e-02 1.145122721791267395e-01
8.610000000000000000e+05 1.393147464841604233e-02 1.112709380686283112e-02 1.140296608209609985e-01 1.393147464841604233e-02 1.112709380686283112e-02 1.140296608209609985e-01
8.620000000000000000e+05 1.131321582943201065e-02 1.116573531180620193e-02 1.131396517157554626e-01 1.131321582943201065e-02 1.116573531180620193e-02 1.131396517157554626e-01
8.630000000000000000e+05 1.367325522005558014e-02 1.118005532771348953e-02 1.171609982848167419e-01 1.367325522005558014e-02 1.118005532771348953e-02 1.171609982848167419e-01
8.640000000000000000e+05 1.593941450119018555e-02 1.111049856990575790e-02 1.143971309065818787e-01 1.593941450119018555e-02 1.111049856990575790e-02 1.143971309065818787e-01
8.650000000000000000e+05 1.167434733361005783e-02 1.113644428551197052e-02 1.128769963979721069e-01 1.167434733361005783e-02 1.113644428551197052e-02 1.128769963979721069e-01
8.660000000000000000e+05 1.255493145436048508e-02 1.112414337694644928e-02 1.140486449003219604e-01 1.255493145436048508e-02 1.112414337694644928e-02 1.140486449003219604e-01
8.670000000000000000e+05 1.070807408541440964e-02 1.116039138287305832e-02 1.134132742881774902e-01 1.070807408541440964e-02 1.116039138287305832e-02 1.134132742881774902e-01
8.680000000000000000e+05 1.147532742470502853e-02 1.110704429447650909e-02 1.134398132562637329e-01 1.147532742470502853e-02 1.110704429447650909e-02 1.134398132562637329e-01
8.690000000000000000e+05 1.278544496744871140e-02 1.115004159510135651e-02 1.133178249001502991e-01 1.278544496744871140e-02 1.115004159510135651e-02 1.133178249001502991e-01
8.700000000000000000e+05 1.414214167743921280e-02 1.108476333320140839e-02 1.145545765757560730e-01 1.414214167743921280e-02 1.108476333320140839e-02 1.145545765757560730e-01
8.710000000000000000e+05 1.258482597768306732e-02 1.117114257067441940e-02 1.127458512783050537e-01 1.258482597768306732e-02 1.117114257067441940e-02 1.127458512783050537e-01
8.720000000000000000e+05 1.139150559902191162e-02 1.111977733671665192e-02 1.139335781335830688e-01 1.139150559902191162e-02 1.111977733671665192e-02 1.139335781335830688e-01
8.730000000000000000e+05 1.081079524010419846e-02 1.113556232303380966e-02 1.123136058449745178e-01 1.081079524010419846e-02 1.113556232303380966e-02 1.123136058449745178e-01
8.740000000000000000e+05 1.235377136617898941e-02 1.117220707237720490e-02 1.134855896234512329e-01 1.235377136617898941e-02 1.117220707237720490e-02 1.134855896234512329e-01
8.750000000000000000e+05 1.213506795465946198e-02 1.112282089889049530e-02 1.128517240285873413e-01 1.213506795465946198e-02 1.112282089889049530e-02 1.128517240285873413e-01
8.760000000000000000e+05 1.245683804154396057e-02 1.110521890223026276e-02 1.135664656758308411e-01 1.245683804154396057e-02 1.110521890223026276e-02 1.135664656758308411e-01
8.770000000000000000e+05 1.147281192243099213e-02 1.112476270645856857e-02 1.131067425012588501e-01 1.147281192243099213e-02 1.112476270645856857e-02 1.131067425012588501e-01
8.780000000000000000e+05 1.113520748913288116e-02 1.110024377703666687e-02 1.132777929306030273e-01 1.113520748913288116e-02 1.110024377703666687e-02 1.132777929306030273e-01
8.790000000000000000e+05 1.276447437703609467e-02 1.105665415525436401e-02 1.146351918578147888e-01 1.276447437703609467e-02 1.105665415525436401e-02 1.146351918578147888e-01
8.800000000000000000e+05 1.277623325586318970e-02 1.105004549026489258e-02 1.132723540067672729e-01 1.277623325586318970e-02 1.105004549026489258e-02 1.132723540067672729e-01
8.810000000000000000e+05 1.205949205905199051e-02 1.114937197417020798e-02 1.143247783184051514e-01 1.205949205905199051e-02 1.114937197417020798e-02 1.143247783184051514e-01
8.820000000000000000e+05 1.317074894905090332e-02 1.105563342571258545e-02 1.129852384328842163e-01 1.317074894905090332e-02 1.105563342571258545e-02 1.129852384328842163e-01
8.830000000000000000e+05 1.164967566728591919e-02 1.106143277138471603e-02 1.136156469583511353e-01 1.164967566728591919e-02 1.106143277138471603e-02 1.136156469583511353e-01
8.840000000000000000e+05 1.219804119318723679e-02 1.110750343650579453e-02 1.141528040170669556e-01 1.219804119318723679e-02 1.110750343650579453e-02 1.141528040170669556e-01
8.850000000000000000e+05 1.140889432281255722e-02 1.109505351632833481e-02 1.124773845076560974e-01 1.140889432281255722e-02 1.109505351632833481e-02 1.124773845076560974e-01
8.860000000000000000e+05 1.179273705929517746e-02 1.109906099736690521e-02 1.130238622426986694e-01 1.179273705929517746e-02 1.109906099736690521e-02 1.130238622426986694e-01
8.870000000000000000e+05 1.091081090271472931e-02 1.111018564552068710e-02 1.117781847715377808e-01 1.091081090271472931e-02 1.111018564552068710e-02 1.117781847715377808e-01
8.880000000000000000e+05 1.318860985338687897e-02 1.104079280048608780e-02 1.124247759580612183e-01 1.318860985338687897e-02 1.104079280048608780e-02 1.124247759580612183e-01
8.890000000000000000e+05 1.151659525930881500e-02 1.113169174641370773e-02 1.127626076340675354e-01 1.151659525930881500e-02 1.113169174641370773e-02 1.127626076340675354e-01
8.900000000000000000e+05 1.244346983730792999e-02 1.106887776404619217e-02 1.140763983130455017e-01 1.244346983730792999e-02 1.106887776404619217e-02 1.140763983130455017e-01
8.910000000000000000e+05 1.082798559218645096e-02 1.109085790812969208e-02 1.112009510397911072e-01 1.082798559218645096e-02 1.109085790812969208e-02 1.112009510397911072e-01
8.920000000000000000e+05 1.059891004115343094e-02 1.107533182948827744e-02 1.119862422347068787e-01 1.059891004115343094e-02 1.107533182948827744e-02 1.119862422347068787e-01
8.930000000000000000e+05 1.128498464822769165e-02 1.106551568955183029e-02 1.114546805620193481e-01 1.128498464822769165e-02 1.106551568955183029e-02 1.114546805620193481e-01
8.940000000000000000e+05 1.248698215931653976e-02 1.109876390546560287e-02 1.115120574831962585e-01 1.248698215931653976e-02 1.109876390546560287e-02 1.115120574831962585e-01
8.950000000000000000e+05 1.195626985281705856e-02 1.103253662586212158e-02 1.125383228063583374e-01 1.195626985281705856e-02 1.103253662586212158e-02 1.125383228063583374e-01
8.960000000000000000e+05 1.207441650331020355e-02 1.107288617640733719e-02 1.117495372891426086e-01 1.207441650331020355e-02 1.107288617640733719e-02 1.117495372891426086e-01
8.970000000000000000e+05 1.360256504267454147e-02 1.103833597153425217e-02 1.120745986700057983e-01 1.360256504267454147e-02 1.103833597153425217e-02 1.120745986700057983e-01
8.980000000000000000e+05 1.308413781225681305e-02 1.108032930642366409e-02 1.119975000619888306e-01 1.308413781225681305e-02 1.108032930642366409e-02 1.119975000619888306e-01
8.990000000000000000e+05 1.158454269170761108e-02 1.106911338865756989e-02 1.117281019687652588e-01 1.158454269170761108e-02 1.106911338865756989e-02 1.117281019687652588e-01
9.000000000000000000e+05 1.477753091603517532e-02 1.108881086111068726e-02 1.146221980452537537e-01 1.477753091603517532e-02 1.108881086111068726e-02 1.146221980452537537e-01
9.010000000000000000e+05 1.144280936568975449e-02 1.103511266410350800e-02 1.111399605870246887e-01 1.144280936568975449e-02 1.103511266410350800e-02 1.111399605870246887e-01
9.020000000000000000e+05 1.193306036293506622e-02 1.108103245496749878e-02 1.119453012943267822e-01 1.193306036293506622e-02 1.108103245496749878e-02 1.119453012943267822e-01
9.030000000000000000e+05 1.158061716705560684e-02 1.109238341450691223e-02 1.117810010910034180e-01 1.158061716705560684e-02 1.109238341450691223e-02 1.117810010910034180e-01
9.040000000000000000e+05 1.204430125653743744e-02 1.103903353214263916e-02 1.119764074683189392e-01 1.204430125653743744e-02 1.103903353214263916e-02 1.119764074683189392e-01
9.050000000000000000e+05 1.153776887804269791e-02 1.104900799691677094e-02 1.116543635725975037e-01 1.153776887804269791e-02 1.104900799691677094e-02 1.116543635725975037e-01
9.060000000000000000e+05 1.317795552313327789e-02 1.102668512612581253e-02 1.141535937786102295e-01 1.317795552313327789e-02 1.102668512612581253e-02 1.141535937786102295e-01
9.070000000000000000e+05 1.201522815972566605e-02 1.108342222869396210e-02 1.116586476564407349e-01 1.201522815972566605e-02 1.108342222869396210e-02 1.116586476564407349e-01
9.080000000000000000e+05 1.055995561182498932e-02 1.104772649705410004e-02 1.106643229722976685e-01 1.055995561182498932e-02 1.104772649705410004e-02 1.106643229722976685e-01
9.090000000000000000e+05 1.098161377012729645e-02 1.103908568620681763e-02 1.110002249479293823e-01 1.098161377012729645e-02 1.103908568620681763e-02 1.110002249479293823e-01
9.100000000000000000e+05 1.120389811694622040e-02 1.103654131293296814e-02 1.117693707346916199e-01 1.120389811694622040e-02 1.103654131293296814e-02 1.117693707346916199e-01
9.110000000000000000e+05 1.221112348139286041e-02 1.104843709617853165e-02 1.108577325940132141e-01 1.221112348139286041e-02 1.104843709617853165e-02 1.108577325940132141e-01
9.120000000000000000e+05 1.152997370809316635e-02 1.096580177545547485e-02 1.109364479780197144e-01 1.152997370809316635e-02 1.096580177545547485e-02 1.109364479780197144e-01
9.130000000000000000e+05 1.025124825537204742e-02 1.100565306842327118e-02 1.106753274798393250e-01 1.025124825537204742e-02 1.100565306842327118e-02 1.106753274798393250e-01
9.140000000000000000e+05 1.057385280728340149e-02 1.099208835512399673e-02 1.104874163866043091e-01 1.057385280728340149e-02 1.099208835512399673e-02 1.104874163866043091e-01
9.150000000000000000e+05 1.127730868756771088e-02 1.100860256701707840e-02 1.112602502107620239e-01 1.127730868756771088e-02 1.100860256701707840e-02 1.112602502107620239e-01
9.160000000000000000e+05 1.143129542469978333e-02 1.101896725594997406e-02 1.110737323760986328e-01 1.143129542469978333e-02 1.101896725594997406e-02 1.110737323760986328e-01
9.170000000000000000e+05 1.176278665661811829e-02 1.099296007305383682e-02 1.103307157754898071e-01 1.176278665661811829e-02 1.099296007305383682e-02 1.103307157754898071e-01
9.180000000000000000e+05 1.179687585681676865e-02 1.099121477454900742e-02 1.110357195138931274e-01 1.179687585681676865e-02 1.099121477454900742e-02 1.110357195138931274e-01
9.190000000000000000e+05 1.157263573259115219e-02 1.100070215761661530e-02 1.106836944818496704e-01 1.157263573259115219e-02 1.100070215761661530e-02 1.106836944818496704e-01
9.200000000000000000e+05 1.024253759533166885e-02 1.102346368134021759e-02 1.104071885347366333e-01 1.024253759533166885e-02 1.102346368134021759e-02 1.104071885347366333e-01
9.210000000000000000e+05 1.300597563385963440e-02 1.101547945290803909e-02 1.109013929963111877e-01 1.300597563385963440e-02 1.101547945290803909e-02 1.109013929963111877e-01
9.220000000000000000e+05 1.377290114760398865e-02 1.095828507095575333e-02 1.114842742681503296e-01 1.377290114760398865e-02 1.095828507095575333e-02 1.114842742681503296e-01
9.230000000000000000e+05 1.272032689303159714e-02 1.099854055792093277e-02 1.119804680347442627e-01 1.272032689303159714e-02 1.099854055792093277e-02 1.119804680347442627e-01
9.240000000000000000e+05 1.067302469164133072e-02 1.097708381712436676e-02 1.111108660697937012e-01 1.067302469164133072e-02 1.097708381712436676e-02 1.111108660697937012e-01
9.250000000000000000e+05 1.114838104695081711e-02 1.096301060169935226e-02 1.107414960861206055e-01 1.114838104695081711e-02 1.096301060169935226e-02 1.107414960861206055e-01
9.260000000000000000e+05 1.069352217018604279e-02 1.097797229886054993e-02 1.105165705084800720e-01 1.069352217018604279e-02 1.097797229886054993e-02 1.105165705084800720e-01
9.270000000000000000e+05 1.278822496533393860e-02 1.101379841566085815e-02 1.137035191059112549e-01 1.278822496533393860e-02 1.101379841566085815e-02 1.137035191059112549e-01
9.280000000000000000e+05 1.151648256927728653e-02 1.098945923149585724e-02 1.116785556077957153e-01 1.151648256927728653e-02 1.098945923149585724e-02 1.116785556077957153e-01
9.290000000000000000e+05 1.224411744624376297e-02 1.098845992237329483e-02 1.105068922042846680e-01 1.224411744624376297e-02 1.098845992237329483e-02 1.105068922042846680e-01
9.300000000000000000e+05 1.293603051453828812e-02 1.095641590654850006e-02 1.126994863152503967e-01 1.293603051453828812e-02 1.095641590654850006e-02 1.126994863152503967e-01
9.310000000000000000e+05 1.200719457119703293e-02 1.093120779842138290e-02 1.100541204214096069e-01 1.200719457119703293e-02 1.093120779842138290e-02 1.100541204214096069e-01
9.320000000000000000e+05 1.154080219566822052e-02 1.098485477268695831e-02 1.098409071564674377e-01 1.154080219566822052e-02 1.098485477268695831e-02 1.098409071564674377e-01
9.330000000000000000e+05 1.456683594733476639e-02 1.095600984990596771e-02 1.125280037522315979e-01 1.456683594733476639e-02 1.095600984990596771e-02 1.125280037522315979e-01
9.340000000000000000e+05 1.191433612257242203e-02 1.098426897078752518e-02 1.110313683748245239e-01 1.191433612257242203e-02 1.098426897078752518e-02 1.110313683748245239e-01
9.350000000000000000e+05 1.192942354828119278e-02 1.097421441227197647e-02 1.114559695124626160e-01 1.192942354828119278e-02 1.097421441227197647e-02 1.114559695124626160e-01
9.360000000000000000e+05 1.083379238843917847e-02 1.094871200621128082e-02 1.101385578513145447e-01 1.083379238843917847e-02 1.094871200621128082e-02 1.101385578513145447e-01
9.370000000000000000e+05 1.212481129914522171e-02 1.100560463964939117e-02 1.106127947568893433e-01 1.212481129914522171e-02 1.100560463964939117e-02 1.106127947568893433e-01
9.380000000000000000e+05 1.182564161717891693e-02 1.094201486557722092e-02 1.109272018074989319e-01 1.182564161717891693e-02 1.094201486557722092e-02 1.109272018074989319e-01
9.390000000000000000e+05 1.034544873982667923e-02 1.092698890715837479e-02 1.097427681088447571e-01 1.034544873982667923e-02 1.092698890715837479e-02 1.097427681088447571e-01
9.400000000000000000e+05 1.124535780400037766e-02 1.096475031226873398e-02 1.093991696834564209e-01 1.124535780400037766e-02 1.096475031226873398e-02 1.093991696834564209e-01
9.410000000000000000e+05 1.287903077900409698e-02 1.098165661096572876e-02 1.100883707404136658e-01 1.287903077900409698e-02 1.098165661096572876e-02 1.100883707404136658e-01
9.420000000000000000e+05 1.033465098589658737e-02 1.094072125852108002e-02 1.096800789237022400e-01 1.033465098589658737e-02 1.094072125852108002e-02 1.096800789237022400e-01
9.430000000000000000e+05 1.385742425918579102e-02 1.097848173230886459e-02 1.099868193268775940e-01 1.385742425918579102e-02 1.097848173230886459e-02 1.099868193268775940e-01
9.440000000000000000e+05 1.062315516173839569e-02 1.095794793218374252e-02 1.095477491617202759e-01 1.062315516173839569e-02 1.095794793218374252e-02 1.095477491617202759e-01
9.450000000000000000e+05 1.115996576845645905e-02 1.091952715069055557e-02 1.097668185830116272e-01 1.115996576845645905e-02 1.091952715069055557e-02 1.097668185830116272e-01
9.460000000000000000e+05 1.249441970139741898e-02 1.090687327086925507e-02 1.108050346374511719e-01 1.249441970139741898e-02 1.090687327086925507e-02 1.108050346374511719e-01
9.470000000000000000e+05 1.276077143847942352e-02 1.090807188302278519e-02 1.115827560424804688e-01 1.276077143847942352e-02 1.090807188302278519e-02 1.115827560424804688e-01
9.480000000000000000e+05 1.074346806854009628e-02 1.091486401855945587e-02 1.095774024724960327e-01 1.074346806854009628e-02 1.091486401855945587e-02 1.095774024724960327e-01
9.490000000000000000e+05 1.081177871674299240e-02 1.096964813768863678e-02 1.098814159631729126e-01 1.081177871674299240e-02 1.096964813768863678e-02 1.098814159631729126e-01
9.500000000000000000e+05 1.345699466764926910e-02 1.095575559884309769e-02 1.120499595999717712e-01 1.345699466764926910e-02 1.095575559884309769e-02 1.120499595999717712e-01
9.510000000000000000e+05 1.367534790188074112e-02 1.097102742642164230e-02 1.088431775569915771e-01 1.367534790188074112e-02 1.097102742642164230e-02 1.088431775569915771e-01
9.520000000000000000e+05 1.207020040601491928e-02 1.087133400142192841e-02 1.086851954460144043e-01 1.207020040601491928e-02 1.087133400142192841e-02 1.086851954460144043e-01
9.530000000000000000e+05 1.061295811086893082e-02 1.090595591813325882e-02 1.095221713185310364e-01 1.061295811086893082e-02 1.090595591813325882e-02 1.095221713185310364e-01
9.540000000000000000e+05 1.144036836922168732e-02 1.091924495995044708e-02 1.092611327767372131e-01 1.144036836922168732e-02 1.091924495995044708e-02 1.092611327767372131e-01
9.550000000000000000e+05 1.180595066398382187e-02 1.092334371060132980e-02 1.110156774520874023e-01 1.180595066398382187e-02 1.092334371060132980e-02 1.110156774520874023e-01
9.560000000000000000e+05 1.140560302883386612e-02 1.092177722603082657e-02 1.097011119127273560e-01 1.140560302883386612e-02 1.092177722603082657e-02 1.097011119127273560e-01
9.570000000000000000e+05 1.278192456811666489e-02 1.095101796090602875e-02 1.100233197212219238e-01 1.278192456811666489e-02 1.095101796090602875e-02 1.100233197212219238e-01
9.580000000000000000e+05 1.079025212675333023e-02 1.091624051332473755e-02 1.085677146911621094e-01 1.079025212675333023e-02 1.091624051332473755e-02 1.085677146911621094e-01
9.590000000000000000e+05 1.406502071768045425e-02 1.083754375576972961e-02 1.090358123183250427e-01 1.406502071768045425e-02 1.083754375576972961e-02 1.090358123183250427e-01
9.600000000000000000e+05 1.059506926685571671e-02 1.092249993234872818e-02 1.095624491572380066e-01 1.059506926685571671e-02 1.092249993234872818e-02 1.095624491572380066e-01
9.610000000000000000e+05 1.065305527299642563e-02 1.089592650532722473e-02 1.083451882004737854e-01 1.065305527299642563e-02 1.089592650532722473e-02 1.083451882004737854e-01
9.620000000000000000e+05 1.089626271277666092e-02 1.091328356415033340e-02 1.079866886138916016e-01 1.089626271277666092e-02 1.091328356415033340e-02 1.079866886138916016e-01
9.630000000000000000e+05 1.334806624799966812e-02 1.094431802630424500e-02 1.104334369301795959e-01 1.334806624799966812e-02 1.094431802630424500e-02 1.104334369301795959e-01
9.640000000000000000e+05 1.267433911561965942e-02 1.088476646691560745e-02 1.087388694286346436e-01 1.267433911561965942e-02 1.088476646691560745e-02 1.087388694286346436e-01
9.650000000000000000e+05 1.065854262560606003e-02 1.089187618345022202e-02 1.086754053831100464e-01 1.065854262560606003e-02 1.089187618345022202e-02 1.086754053831100464e-01
9.660000000000000000e+05 1.129444688558578491e-02 1.090898178517818451e-02 1.093043163418769836e-01 1.129444688558578491e-02 1.090898178517818451e-02 1.093043163418769836e-01
9.670000000000000000e+05 1.031471602618694305e-02 1.091800071299076080e-02 1.084238290786743164e-01 1.031471602618694305e-02 1.091800071299076080e-02 1.084238290786743164e-01
9.680000000000000000e+05 1.216418482363224030e-02 1.088524796068668365e-02 1.104970201849937439e-01 1.216418482363224030e-02 1.088524796068668365e-02 1.104970201849937439e-01
9.690000000000000000e+05 1.121763419359922409e-02 1.086392812430858612e-02 1.111745387315750122e-01 1.121763419359922409e-02 1.086392812430858612e-02 1.111745387315750122e-01
9.700000000000000000e+05 1.178788114339113235e-02 1.084712427109479904e-02 1.083305701613426208e-01 1.178788114339113235e-02 1.084712427109479904e-02 1.083305701613426208e-01
9.710000000000000000e+05 1.063458714634180069e-02 1.085595507174730301e-02 1.084959506988525391e-01 1.063458714634180069e-02 1.085595507174730301e-02 1.084959506988525391e-01
9.720000000000000000e+05 1.541231106966733932e-02 1.092263218015432358e-02 1.095320582389831543e-01 1.541231106966733932e-02 1.092263218015432358e-02 1.095320582389831543e-01
9.730000000000000000e+05 1.148308627307415009e-02 1.091568823903799057e-02 1.101066470146179199e-01 1.148308627307415009e-02 1.091568823903799057e-02 1.101066470146179199e-01
9.740000000000000000e+05 1.279577333480119705e-02 1.084639877080917358e-02 1.102810502052307129e-01 1.279577333480119705e-02 1.084639877080917358e-02 1.102810502052307129e-01
9.750000000000000000e+05 1.124374382197856903e-02 1.086452975869178772e-02 1.080828607082366943e-01 1.124374382197856903e-02 1.086452975869178772e-02 1.080828607082366943e-01
9.760000000000000000e+05 1.047979574650526047e-02 1.086119934916496277e-02 1.083839461207389832e-01 1.047979574650526047e-02 1.086119934916496277e-02 1.083839461207389832e-01
9.770000000000000000e+05 1.078024413436651230e-02 1.085229497402906418e-02 1.076291799545288086e-01 1.078024413436651230e-02 1.085229497402906418e-02 1.076291799545288086e-01
9.780000000000000000e+05 1.124323066323995590e-02 1.087940298020839691e-02 1.094632744789123535e-01 1.124323066323995590e-02 1.087940298020839691e-02 1.094632744789123535e-01
9.790000000000000000e+05 1.162831205874681473e-02 1.089058071374893188e-02 1.078325808048248291e-01 1.162831205874681473e-02 1.089058071374893188e-02 1.078325808048248291e-01
9.800000000000000000e+05 1.167769543826580048e-02 1.089631579816341400e-02 1.085014417767524719e-01 1.167769543826580048e-02 1.089631579816341400e-02 1.085014417767524719e-01
9.810000000000000000e+05 1.063493732362985611e-02 1.086008269339799881e-02 1.079087927937507629e-01 1.063493732362985611e-02 1.086008269339799881e-02 1.079087927937507629e-01
9.820000000000000000e+05 1.011357735842466354e-02 1.084970682859420776e-02 1.073975488543510437e-01 1.011357735842466354e-02 1.084970682859420776e-02 1.073975488543510437e-01
9.830000000000000000e+05 1.054539531469345093e-02 1.085441466420888901e-02 1.087965890765190125e-01 1.054539531469345093e-02 1.085441466420888901e-02 1.087965890765190125e-01
9.840000000000000000e+05 1.278110127896070480e-02 1.084783207625150681e-02 1.083629801869392395e-01 1.278110127896070480e-02 1.084783207625150681e-02 1.083629801869392395e-01
9.850000000000000000e+05 1.009984500706195831e-02 1.083934959024190903e-02 1.082976683974266052e-01 1.009984500706195831e-02 1.083934959024190903e-02 1.082976683974266052e-01
9.860000000000000000e+05 1.180546451359987259e-02 1.085950713604688644e-02 1.086950451135635376e-01 1.180546451359987259e-02 1.085950713604688644e-02 1.086950451135635376e-01
9.870000000000000000e+05 1.185572985559701920e-02 1.086441893130540848e-02 1.077855452895164490e-01 1.185572985559701920e-02 1.086441893130540848e-02 1.077855452895164490e-01
9.880000000000000000e+05 1.126437634229660034e-02 1.086709462106227875e-02 1.078367009758949280e-01 1.126437634229660034e-02 1.086709462106227875e-02 1.078367009758949280e-01
9.890000000000000000e+05 1.077253744006156921e-02 1.087899506092071533e-02 1.075184941291809082e-01 1.077253744006156921e-02 1.087899506092071533e-02 1.075184941291809082e-01
9.900000000000000000e+05 1.086018234491348267e-02 1.088591385632753372e-02 1.075081378221511841e-01 1.086018234491348267e-02 1.088591385632753372e-02 1.075081378221511841e-01
9.910000000000000000e+05 1.081622298806905746e-02 1.083040516823530197e-02 1.081620901823043823e-01 1.081622298806905746e-02 1.083040516823530197e-02 1.081620901823043823e-01
9.920000000000000000e+05 1.078781951218843460e-02 1.085033919662237167e-02 1.078921481966972351e-01 1.078781951218843460e-02 1.085033919662237167e-02 1.078921481966972351e-01
9.930000000000000000e+05 1.212744135409593582e-02 1.082200650125741959e-02 1.075548604130744934e-01 1.212744135409593582e-02 1.082200650125741959e-02 1.075548604130744934e-01
9.940000000000000000e+05 1.053039357066154480e-02 1.083169784396886826e-02 1.075329035520553589e-01 1.053039357066154480e-02 1.083169784396886826e-02 1.075329035520553589e-01
9.950000000000000000e+05 1.029682997614145279e-02 1.083978079259395599e-02 1.068519800901412964e-01 1.029682997614145279e-02 1.083978079259395599e-02 1.068519800901412964e-01
9.960000000000000000e+05 1.213284302502870560e-02 1.084091048687696457e-02 1.078048050403594971e-01 1.213284302502870560e-02 1.084091048687696457e-02 1.078048050403594971e-01
9.970000000000000000e+05 1.186800282448530197e-02 1.080947648733854294e-02 1.079567819833755493e-01 1.186800282448530197e-02 1.080947648733854294e-02 1.079567819833755493e-01
9.980000000000000000e+05 1.181769929826259613e-02 1.080694701522588730e-02 1.077461093664169312e-01 1.181769929826259613e-02 1.080694701522588730e-02 1.077461093664169312e-01
9.990000000000000000e+05 1.206514518707990646e-02 1.082466356456279755e-02 1.073543652892112732e-01 1.206514518707990646e-02 1.082466356456279755e-02 1.073543652892112732e-01
1.000000000000000000e+06 1.105769164860248566e-02 1.082840934395790100e-02 1.069520264863967896e-01 1.105769164860248566e-02 1.082840934395790100e-02 1.069520264863967896e-01
1.001000000000000000e+06 1.172036677598953247e-02 1.081368140876293182e-02 1.069904267787933350e-01 1.172036677598953247e-02 1.081368140876293182e-02 1.069904267787933350e-01
1.002000000000000000e+06 9.775093756616115570e-03 1.082203257828950882e-02 1.066573187708854675e-01 9.775093756616115570e-03 1.082203257828950882e-02 1.066573187708854675e-01
1.003000000000000000e+06 1.447544619441032410e-02 1.089170202612876892e-02 1.083222553133964539e-01 1.447544619441032410e-02 1.089170202612876892e-02 1.083222553133964539e-01
1.004000000000000000e+06 1.060565095394849777e-02 1.084793265908956528e-02 1.064989715814590454e-01 1.060565095394849777e-02 1.084793265908956528e-02 1.064989715814590454e-01
1.005000000000000000e+06 1.388807315379381180e-02 1.081434078514575958e-02 1.078621596097946167e-01 1.388807315379381180e-02 1.081434078514575958e-02 1.078621596097946167e-01
1.006000000000000000e+06 1.163207460194826126e-02 1.081918738782405853e-02 1.074798256158828735e-01 1.163207460194826126e-02 1.081918738782405853e-02 1.074798256158828735e-01
1.007000000000000000e+06 1.113857980817556381e-02 1.081397105008363724e-02 1.065606027841567993e-01 1.113857980817556381e-02 1.081397105008363724e-02 1.065606027841567993e-01
1.008000000000000000e+06 1.116405427455902100e-02 1.084798760712146759e-02 1.071598008275032043e-01 1.116405427455902100e-02 1.084798760712146759e-02 1.071598008275032043e-01
1.009000000000000000e+06 1.310191396623849869e-02 1.084169652312994003e-02 1.081807762384414673e-01 1.310191396623849869e-02 1.084169652312994003e-02 1.081807762384414673e-01
1.010000000000000000e+06 1.200440712273120880e-02 1.083837822079658508e-02 1.068132668733596802e-01 1.200440712273120880e-02 1.083837822079658508e-02 1.068132668733596802e-01
1.011000000000000000e+06 1.040541566908359528e-02 1.084180735051631927e-02 1.066211163997650146e-01 1.040541566908359528e-02 1.084180735051631927e-02 1.066211163997650146e-01
1.012000000000000000e+06 1.038939133286476135e-02 1.081606652587652206e-02 1.073175668716430664e-01 1.038939133286476135e-02 1.081606652587652206e-02 1.073175668716430664e-01
1.013000000000000000e+06 1.208804175257682800e-02 1.077623851597309113e-02 1.081417649984359741e-01 1.208804175257682800e-02 1.077623851597309113e-02 1.081417649984359741e-01
1.014000000000000000e+06 1.243220735341310501e-02 1.082951668649911880e-02 1.097975075244903564e-01 1.243220735341310501e-02 1.082951668649911880e-02 1.097975075244903564e-01
1.015000000000000000e+06 1.000207662582397461e-02 1.080525852739810944e-02 1.053043305873870850e-01 1.000207662582397461e-02 1.080525852739810944e-02 1.053043305873870850e-01
1.016000000000000000e+06 1.036503538489341736e-02 1.081847678869962692e-02 1.064746975898742676e-01 1.036503538489341736e-02 1.081847678869962692e-02 1.064746975898742676e-01
1.017000000000000000e+06 1.126140635460615158e-02 1.079198531806468964e-02 1.068086028099060059e-01 1.126140635460615158e-02 1.079198531806468964e-02 1.068086028099060059e-01
1.018000000000000000e+06 1.266154833137989044e-02 1.076666079461574554e-02 1.064754873514175415e-01 1.266154833137989044e-02 1.076666079461574554e-02 1.064754873514175415e-01
1.019000000000000000e+06 1.183467265218496323e-02 1.081429887562990189e-02 1.068460494279861450e-01 1.183467265218496323e-02 1.081429887562990189e-02 1.068460494279861450e-01
1.020000000000000000e+06 1.070924755185842514e-02 1.080926973372697830e-02 1.070653051137924194e-01 1.070924755185842514e-02 1.080926973372697830e-02 1.070653051137924194e-01
1.021000000000000000e+06 1.217987667769193649e-02 1.083608716726303101e-02 1.077082455158233643e-01 1.217987667769193649e-02 1.083608716726303101e-02 1.077082455158233643e-01
1.022000000000000000e+06 1.134739816188812256e-02 1.081169024109840393e-02 1.064900308847427368e-01 1.134739816188812256e-02 1.081169024109840393e-02 1.064900308847427368e-01
1.023000000000000000e+06 1.075426675379276276e-02 1.079293061047792435e-02 1.062983423471450806e-01 1.075426675379276276e-02 1.079293061047792435e-02 1.062983423471450806e-01
1.024000000000000000e+06 1.261073816567659378e-02 1.075669191777706146e-02 1.078442633152008057e-01 1.261073816567659378e-02 1.075669191777706146e-02 1.078442633152008057e-01
1.025000000000000000e+06 1.142815314233303070e-02 1.082882098853588104e-02 1.066012457013130188e-01 1.142815314233303070e-02 1.082882098853588104e-02 1.066012457013130188e-01
1.026000000000000000e+06 9.903047233819961548e-03 1.080595050007104874e-02 1.069234907627105713e-01 9.903047233819961548e-03 1.080595050007104874e-02 1.069234907627105713e-01
1.027000000000000000e+06 1.035189628601074219e-02 1.077676191926002502e-02 1.060879305005073547e-01 1.035189628601074219e-02 1.077676191926002502e-02 1.060879305005073547e-01
1.028000000000000000e+06 1.282750256359577179e-02 1.084466278553009033e-02 1.066725254058837891e-01 1.282750256359577179e-02 1.084466278553009033e-02 1.066725254058837891e-01
1.029000000000000000e+06 1.037141308188438416e-02 1.079069916158914566e-02 1.065015345811843872e-01 1.037141308188438416e-02 1.079069916158914566e-02 1.065015345811843872e-01
1.030000000000000000e+06 9.945313446223735809e-03 1.079554948955774307e-02 1.052503734827041626e-01 9.945313446223735809e-03 1.079554948955774307e-02 1.052503734827041626e-01
1.031000000000000000e+06 1.162982918322086334e-02 1.078826468437910080e-02 1.062020435929298401e-01 1.162982918322086334e-02 1.078826468437910080e-02 1.062020435929298401e-01
1.032000000000000000e+06 1.016602292656898499e-02 1.080122962594032288e-02 1.059515029191970825e-01 1.016602292656898499e-02 1.080122962594032288e-02 1.059515029191970825e-01
1.033000000000000000e+06 1.168850809335708618e-02 1.081712357699871063e-02 1.065139919519424438e-01 1.168850809335708618e-02 1.081712357699871063e-02 1.065139919519424438e-01
1.034000000000000000e+06 9.421991184353828430e-03 1.079850364476442337e-02 1.060184463858604431e-01 9.421991184353828430e-03 1.079850364476442337e-02 1.060184463858604431e-01
1.035000000000000000e+06 1.117659360170364380e-02 1.077248156070709229e-02 1.054170206189155579e-01 1.117659360170364380e-02 1.077248156070709229e-02 1.054170206189155579e-01
1.036000000000000000e+06 1.141493022441864014e-02 1.078229956328868866e-02 1.060582473874092102e-01 1.141493022441864014e-02 1.078229956328868866e-02 1.060582473874092102e-01
1.037000000000000000e+06 9.809020906686782837e-03 1.081670448184013367e-02 1.058347150683403015e-01 9.809020906686782837e-03 1.081670448184013367e-02 1.058347150683403015e-01
1.038000000000000000e+06 1.154088415205478668e-02 1.078064925968647003e-02 1.068672761321067810e-01 1.154088415205478668e-02 1.078064925968647003e-02 1.068672761321067810e-01
1.039000000000000000e+06 1.183593180030584335e-02 1.078551821410655975e-02 1.069612428545951843e-01 1.183593180030584335e-02 1.078551821410655975e-02 1.069612428545951843e-01
1.040000000000000000e+06 1.049698609858751297e-02 1.075003296136856079e-02 1.050975993275642395e-01 1.049698609858751297e-02 1.075003296136856079e-02 1.050975993275642395e-01
1.041000000000000000e+06 1.058421377092599869e-02 1.076719164848327637e-02 1.059116199612617493e-01 1.058421377092599869e-02 1.076719164848327637e-02 1.059116199612617493e-01
1.042000000000000000e+06 1.013985462486743927e-02 1.079952996224164963e-02 1.059498265385627747e-01 1.013985462486743927e-02 1.079952996224164963e-02 1.059498265385627747e-01
1.043000000000000000e+06 1.039554085582494736e-02 1.075963489711284637e-02 1.057443544268608093e-01 1.039554085582494736e-02 1.075963489711284637e-02 1.057443544268608093e-01
1.044000000000000000e+06 1.071950700134038925e-02 1.078326720744371414e-02 1.053303927183151245e-01 1.071950700134038925e-02 1.078326720744371414e-02 1.053303927183151245e-01
1.045000000000000000e+06 1.107553858309984207e-02 1.074683666229248047e-02 1.057501062750816345e-01 1.107553858309984207e-02 1.074683666229248047e-02 1.057501062750816345e-01
1.046000000000000000e+06 1.015080511569976807e-02 1.075104996562004089e-02 1.055386587977409363e-01 1.015080511569976807e-02 1.075104996562004089e-02 1.055386587977409363e-01
1.047000000000000000e+06 1.000288408249616623e-02 1.079777628183364868e-02 1.044938564300537109e-01 1.000288408249616623e-02 1.079777628183364868e-02 1.044938564300537109e-01
1.048000000000000000e+06 1.162869669497013092e-02 1.078030373901128769e-02 1.058043092489242554e-01 1.162869669497013092e-02 1.078030373901128769e-02 1.058043092489242554e-01
1.049000000000000000e+06 1.018297486007213593e-02 1.076938677579164505e-02 1.055903509259223938e-01 1.018297486007213593e-02 1.076938677579164505e-02 1.055903509259223938e-01
1.050000000000000000e+06 1.112080924212932587e-02 1.078142877668142319e-02 1.075103878974914551e-01 1.112080924212932587e-02 1.078142877668142319e-02 1.075103878974914551e-01
1.051000000000000000e+06 1.173892244696617126e-02 1.078953221440315247e-02 1.055315583944320679e-01 1.173892244696617126e-02 1.078953221440315247e-02 1.055315583944320679e-01
1.052000000000000000e+06 1.333501748740673065e-02 1.077029481530189514e-02 1.056747734546661377e-01 1.333501748740673065e-02 1.077029481530189514e-02 1.056747734546661377e-01
1.053000000000000000e+06 1.054568774998188019e-02 1.079917233437299728e-02 1.053855642676353455e-01 1.054568774998188019e-02 1.079917233437299728e-02 1.053855642676353455e-01
1.054000000000000000e+06 9.894914925098419189e-03 1.077596843242645264e-02 1.054181456565856934e-01 9.894914925098419189e-03 1.077596843242645264e-02 1.054181456565856934e-01
1.055000000000000000e+06 1.215606648474931717e-02 1.078214310109615326e-02 1.052729338407516479e-01 1.215606648474931717e-02 1.078214310109615326e-02 1.052729338407516479e-01
1.056000000000000000e+06 1.020559947937726974e-02 1.079003047198057175e-02 1.048275828361511230e-01 1.020559947937726974e-02 1.079003047198057175e-02 1.048275828361511230e-01
1.057000000000000000e+06 1.099482737481594086e-02 1.077470742166042328e-02 1.049988120794296265e-01 1.099482737481594086e-02 1.077470742166042328e-02 1.049988120794296265e-01
1.058000000000000000e+06 1.007718872278928757e-02 1.074871420860290527e-02 1.048294007778167725e-01 1.007718872278928757e-02 1.074871420860290527e-02 1.048294007778167725e-01
1.059000000000000000e+06 1.186534203588962555e-02 1.077437028288841248e-02 1.047856062650680542e-01 1.186534203588962555e-02 1.077437028288841248e-02 1.047856062650680542e-01
1.060000000000000000e+06 1.218361873179674149e-02 1.074818521738052368e-02 1.060162112116813660e-01 1.218361873179674149e-02 1.074818521738052368e-02 1.060162112116813660e-01
1.061000000000000000e+06 1.037094276398420334e-02 1.078084018081426620e-02 1.043864265084266663e-01 1.037094276398420334e-02 1.078084018081426620e-02 1.043864265084266663e-01
1.062000000000000000e+06 1.191508304327726364e-02 1.073910575360059738e-02 1.050480604171752930e-01 1.191508304327726364e-02 1.073910575360059738e-02 1.050480604171752930e-01
1.063000000000000000e+06 1.239569485187530518e-02 1.079525053501129150e-02 1.054009199142456055e-01 1.239569485187530518e-02 1.079525053501129150e-02 1.054009199142456055e-01
1.064000000000000000e+06 9.872841648757457733e-03 1.075071096420288086e-02 1.039593815803527832e-01 9.872841648757457733e-03 1.075071096420288086e-02 1.039593815803527832e-01
1.065000000000000000e+06 1.162234973162412643e-02 1.073964964598417282e-02 1.054058223962783813e-01 1.162234973162412643e-02 1.073964964598417282e-02 1.054058223962783813e-01
1.066000000000000000e+06 1.021882239729166031e-02 1.072323322296142578e-02 1.041085720062255859e-01 1.021882239729166031e-02 1.072323322296142578e-02 1.041085720062255859e-01
1.067000000000000000e+06 1.071412116289138794e-02 1.076601352542638779e-02 1.040138974785804749e-01 1.071412116289138794e-02 1.076601352542638779e-02 1.040138974785804749e-01
1.068000000000000000e+06 1.120386645197868347e-02 1.072902139276266098e-02 1.050285995006561279e-01 1.120386645197868347e-02 1.072902139276266098e-02 1.050285995006561279e-01
1.069000000000000000e+06 1.013930700719356537e-02 1.072762906551361084e-02 1.036333069205284119e-01 1.013930700719356537e-02 1.072762906551361084e-02 1.036333069205284119e-01
1.070000000000000000e+06 1.023132912814617157e-02 1.075707096606492996e-02 1.047821566462516785e-01 1.023132912814617157e-02 1.075707096606492996e-02 1.047821566462516785e-01
1.071000000000000000e+06 1.103372965008020401e-02 1.075888890773057938e-02 1.050069034099578857e-01 1.103372965008020401e-02 1.075888890773057938e-02 1.050069034099578857e-01
1.072000000000000000e+06 9.668769314885139465e-03 1.073503587394952774e-02 1.045660823583602905e-01 9.668769314885139465e-03 1.073503587394952774e-02 1.045660823583602905e-01
1.073000000000000000e+06 1.218121498823165894e-02 1.076808013021945953e-02 1.040743067860603333e-01 1.218121498823165894e-02 1.076808013021945953e-02 1.040743067860603333e-01
1.074000000000000000e+06 1.140170823782682419e-02 1.072707492858171463e-02 1.042995154857635498e-01 1.140170823782682419e-02 1.072707492858171463e-02 1.042995154857635498e-01
1.075000000000000000e+06 9.712437167763710022e-03 1.076416764408349991e-02 1.043898835778236389e-01 9.712437167763710022e-03 1.076416764408349991e-02 1.043898835778236389e-01
1.076000000000000000e+06 1.041612774133682251e-02 1.074365619570016861e-02 1.052070185542106628e-01 1.041612774133682251e-02 1.074365619570016861e-02 1.052070185542106628e-01
1.077000000000000000e+06 1.025360450148582458e-02 1.075291633605957031e-02 1.040372550487518311e-01 1.025360450148582458e-02 1.075291633605957031e-02 1.040372550487518311e-01
1.078000000000000000e+06 1.087186392396688461e-02 1.080292183905839920e-02 1.041139364242553711e-01 1.087186392396688461e-02 1.080292183905839920e-02 1.041139364242553711e-01
1.079000000000000000e+06 9.639057330787181854e-03 1.075345277786254883e-02 1.038685813546180725e-01 9.639057330787181854e-03 1.075345277786254883e-02 1.038685813546180725e-01
1.080000000000000000e+06 9.806331247091293335e-03 1.072698552161455154e-02 1.038781106472015381e-01 9.806331247091293335e-03 1.072698552161455154e-02 1.038781106472015381e-01
1.081000000000000000e+06 1.133779063820838928e-02 1.072124484926462173e-02 1.038890331983566284e-01 1.133779063820838928e-02 1.072124484926462173e-02 1.038890331983566284e-01
1.082000000000000000e+06 9.847505018115043640e-03 1.074626483023166656e-02 1.031590774655342102e-01 9.847505018115043640e-03 1.074626483023166656e-02 1.031590774655342102e-01
1.083000000000000000e+06 9.626045823097229004e-03 1.072210073471069336e-02 1.035591363906860352e-01 9.626045823097229004e-03 1.072210073471069336e-02 1.035591363906860352e-01
1.084000000000000000e+06 9.837945923209190369e-03 1.074419263750314713e-02 1.041701883077621460e-01 9.837945923209190369e-03 1.074419263750314713e-02 1.041701883077621460e-01
1.085000000000000000e+06 1.078318804502487183e-02 1.074086409062147141e-02 1.039064750075340271e-01 1.078318804502487183e-02 1.074086409062147141e-02 1.039064750075340271e-01
1.086000000000000000e+06 1.038832403719425201e-02 1.077193766832351685e-02 1.034564450383186340e-01 1.038832403719425201e-02 1.077193766832351685e-02 1.034564450383186340e-01
1.087000000000000000e+06 1.172815263271331787e-02 1.078639924526214600e-02 1.040054708719253540e-01 1.172815263271331787e-02 1.078639924526214600e-02 1.040054708719253540e-01
1.088000000000000000e+06 1.031857263296842575e-02 1.072029117494821548e-02 1.034721955657005310e-01 1.031857263296842575e-02 1.072029117494821548e-02 1.034721955657005310e-01
1.089000000000000000e+06 1.064587105065584183e-02 1.071588695049285889e-02 1.045056954026222229e-01 1.064587105065584183e-02 1.071588695049285889e-02 1.045056954026222229e-01
1.090000000000000000e+06 9.129983372986316681e-03 1.074369251728057861e-02 1.030944064259529114e-01 9.129983372986316681e-03 1.074369251728057861e-02 1.030944064259529114e-01
1.091000000000000000e+06 9.757671505212783813e-03 1.073876954615116119e-02 1.028268039226531982e-01 9.757671505212783813e-03 1.073876954615116119e-02 1.028268039226531982e-01
1.092000000000000000e+06 1.079065725207328796e-02 1.073430199176073074e-02 1.027209013700485229e-01 1.079065725207328796e-02 1.073430199176073074e-02 1.027209013700485229e-01
1.093000000000000000e+06 1.055875234305858612e-02 1.071866136044263840e-02 1.034291312098503113e-01 1.055875234305858612e-02 1.071866136044263840e-02 1.034291312098503113e-01
1.094000000000000000e+06 1.042191777378320694e-02 1.074705366045236588e-02 1.029296293854713440e-01 1.042191777378320694e-02 1.074705366045236588e-02 1.029296293854713440e-01
1.095000000000000000e+06 9.820638224482536316e-03 1.076602842658758163e-02 1.039080098271369934e-01 9.820638224482536316e-03 1.076602842658758163e-02 1.039080098271369934e-01
1.096000000000000000e+06 1.358554232865571976e-02 1.080850977450609207e-02 1.040747240185737610e-01 1.358554232865571976e-02 1.080850977450609207e-02 1.040747240185737610e-01
1.097000000000000000e+06 9.947485290467739105e-03 1.074639149010181427e-02 1.037284135818481445e-01 9.947485290467739105e-03 1.074639149010181427e-02 1.037284135818481445e-01
1.098000000000000000e+06 1.110341120511293411e-02 1.074284967035055161e-02 1.028854772448539734e-01 1.110341120511293411e-02 1.074284967035055161e-02 1.028854772448539734e-01
1.099000000000000000e+06 1.188713498413562775e-02 1.076958235353231430e-02 1.035412773489952087e-01 1.188713498413562775e-02 1.076958235353231430e-02 1.035412773489952087e-01
1.100000000000000000e+06 1.131888199597597122e-02 1.078382041305303574e-02 1.046784594655036926e-01 1.131888199597597122e-02 1.078382041305303574e-02 1.046784594655036926e-01
1.101000000000000000e+06 1.347867492586374283e-02 1.072710473090410233e-02 1.065241396427154541e-01 1.347867492586374283e-02 1.072710473090410233e-02 1.065241396427154541e-01
1.102000000000000000e+06 1.200190372765064240e-02 1.071798522025346756e-02 1.039395257830619812e-01 1.200190372765064240e-02 1.071798522025346756e-02 1.039395257830619812e-01
1.103000000000000000e+06 1.039551850408315659e-02 1.077863294631242752e-02 1.018890887498855591e-01 1.039551850408315659e-02 1.077863294631242752e-02 1.018890887498855591e-01
1.104000000000000000e+06 1.124681998044252396e-02 1.072477828711271286e-02 1.033649742603302002e-01 1.124681998044252396e-02 1.072477828711271286e-02 1.033649742603302002e-01
1.105000000000000000e+06 1.151494868099689484e-02 1.075351051986217499e-02 1.025237590074539185e-01 1.151494868099689484e-02 1.075351051986217499e-02 1.025237590074539185e-01
1.106000000000000000e+06 1.276529021561145782e-02 1.070755999535322189e-02 1.040311977267265320e-01 1.276529021561145782e-02 1.070755999535322189e-02 1.040311977267265320e-01
1.107000000000000000e+06 9.800586849451065063e-03 1.074199564754962921e-02 1.031619235873222351e-01 9.800586849451065063e-03 1.074199564754962921e-02 1.031619235873222351e-01
1.108000000000000000e+06 1.685710810124874115e-02 1.077049318701028824e-02 1.071662083268165588e-01 1.685710810124874115e-02 1.077049318701028824e-02 1.071662083268165588e-01
1.109000000000000000e+06 9.606041014194488525e-03 1.075143460184335709e-02 1.025058478116989136e-01 9.606041014194488525e-03 1.075143460184335709e-02 1.025058478116989136e-01
1.110000000000000000e+06 9.805085137486457825e-03 1.074059866368770599e-02 1.028027385473251343e-01 9.805085137486457825e-03 1.074059866368770599e-02 1.028027385473251343e-01
1.111000000000000000e+06 1.088059972971677780e-02 1.072897389531135559e-02 1.025855168700218201e-01 1.088059972971677780e-02 1.072897389531135559e-02 1.025855168700218201e-01
1.112000000000000000e+06 1.137632131576538086e-02 1.076566893607378006e-02 1.029763966798782349e-01 1.137632131576538086e-02 1.076566893607378006e-02 1.029763966798782349e-01
1.113000000000000000e+06 1.132826041430234909e-02 1.077585853636264801e-02 1.041924804449081421e-01 1.132826041430234909e-02 1.077585853636264801e-02 1.041924804449081421e-01
1.114000000000000000e+06 1.011307444423437119e-02 1.078565791249275208e-02 1.019829660654067993e-01 1.011307444423437119e-02 1.078565791249275208e-02 1.019829660654067993e-01
1.115000000000000000e+06 1.097434666007757187e-02 1.075833290815353394e-02 1.037879586219787598e-01 1.097434666007757187e-02 1.075833290815353394e-02 1.037879586219787598e-01
1.116000000000000000e+06 1.198038458824157715e-02 1.071755960583686829e-02 1.049404740333557129e-01 1.198038458824157715e-02 1.071755960583686829e-02 1.049404740333557129e-01
1.117000000000000000e+06 9.647482074797153473e-03 1.076204236596822739e-02 1.023132354021072388e-01 9.647482074797153473e-03 1.076204236596822739e-02 1.023132354021072388e-01
1.118000000000000000e+06 1.420697011053562164e-02 1.076441537588834763e-02 1.028469279408454895e-01 1.420697011053562164e-02 1.076441537588834763e-02 1.028469279408454895e-01
1.119000000000000000e+06 1.158509310334920883e-02 1.076868269592523575e-02 1.036138236522674561e-01 1.158509310334920883e-02 1.076868269592523575e-02 1.036138236522674561e-01
1.120000000000000000e+06 1.095761172473430634e-02 1.073307730257511139e-02 1.021967530250549316e-01 1.095761172473430634e-02 1.073307730257511139e-02 1.021967530250549316e-01
1.121000000000000000e+06 9.593185037374496460e-03 1.073015574365854263e-02 1.017584130167961121e-01 9.593185037374496460e-03 1.073015574365854263e-02 1.017584130167961121e-01
1.122000000000000000e+06 9.859981015324592590e-03 1.074173580855131149e-02 1.016088426113128662e-01 9.859981015324592590e-03 1.074173580855131149e-02 1.016088426113128662e-01
1.123000000000000000e+06 1.231323182582855225e-02 1.070166844874620438e-02 1.029729247093200684e-01 1.231323182582855225e-02 1.070166844874620438e-02 1.029729247093200684e-01
1.124000000000000000e+06 9.376268833875656128e-03 1.074764132499694824e-02 1.015983968973159790e-01 9.376268833875656128e-03 1.074764132499694824e-02 1.015983968973159790e-01
1.125000000000000000e+06 1.036514621227979660e-02 1.074163429439067841e-02 1.029957979917526245e-01 1.036514621227979660e-02 1.074163429439067841e-02 1.029957979917526245e-01
1.126000000000000000e+06 9.620420634746551514e-03 1.071245688945055008e-02 1.024973541498184204e-01 9.620420634746551514e-03 1.071245688945055008e-02 1.024973541498184204e-01
1.127000000000000000e+06 1.007779501378536224e-02 1.074892561882734299e-02 1.011097580194473267e-01 1.007779501378536224e-02 1.074892561882734299e-02 1.011097580194473267e-01
1.128000000000000000e+06 9.773292578756809235e-03 1.070311293005943298e-02 1.023700684309005737e-01 9.773292578756809235e-03 1.070311293005943298e-02 1.023700684309005737e-01
1.129000000000000000e+06 9.276369586586952209e-03 1.072210352867841721e-02 1.016289666295051575e-01 9.276369586586952209e-03 1.072210352867841721e-02 1.016289666295051575e-01
1.130000000000000000e+06 9.867357090115547180e-03 1.075544673949480057e-02 1.019046604633331299e-01 9.867357090115547180e-03 1.075544673949480057e-02 1.019046604633331299e-01
1.131000000000000000e+06 1.004206296056509018e-02 1.076893415302038193e-02 1.004465371370315552e-01 1.004206296056509018e-02 1.076893415302038193e-02 1.004465371370315552e-01
1.132000000000000000e+06 9.545824490487575531e-03 1.075297687202692032e-02 1.012093648314476013e-01 9.545824490487575531e-03 1.075297687202692032e-02 1.012093648314476013e-01
1.133000000000000000e+06 1.015232503414154053e-02 1.073702145367860794e-02 1.007972881197929382e-01 1.015232503414154053e-02 1.073702145367860794e-02 1.007972881197929382e-01
1.134000000000000000e+06 1.071868184953927994e-02 1.077548228204250336e-02 1.020667031407356262e-01 1.071868184953927994e-02 1.077548228204250336e-02 1.020667031407356262e-01
1.135000000000000000e+06 1.137064490467309952e-02 1.074305083602666855e-02 1.019607856869697571e-01 1.137064490467309952e-02 1.074305083602666855e-02 1.019607856869697571e-01
1.136000000000000000e+06 1.070732530206441879e-02 1.072629261761903763e-02 1.008778661489486694e-01 1.070732530206441879e-02 1.072629261761903763e-02 1.008778661489486694e-01
1.137000000000000000e+06 9.799287654459476471e-03 1.071378961205482483e-02 1.013646274805068970e-01 9.799287654459476471e-03 1.071378961205482483e-02 1.013646274805068970e-01
1.138000000000000000e+06 1.061759423464536667e-02 1.070432830601930618e-02 1.014716699719429016e-01 1.061759423464536667e-02 1.070432830601930618e-02 1.014716699719429016e-01
1.139000000000000000e+06 1.085654646158218384e-02 1.070601679384708405e-02 1.018546521663665771e-01 1.085654646158218384e-02 1.070601679384708405e-02 1.018546521663665771e-01
1.140000000000000000e+06 1.039290707558393478e-02 1.074824202805757523e-02 1.007269397377967834e-01 1.039290707558393478e-02 1.074824202805757523e-02 1.007269397377967834e-01
1.141000000000000000e+06 9.772099554538726807e-03 1.070961821824312210e-02 1.020432934165000916e-01 9.772099554538726807e-03 1.070961821824312210e-02 1.020432934165000916e-01
1.142000000000000000e+06 1.026894152164459229e-02 1.072803046554327011e-02 1.009711325168609619e-01 1.026894152164459229e-02 1.072803046554327011e-02 1.009711325168609619e-01
1.143000000000000000e+06 1.025441288948059082e-02 1.070999726653099060e-02 1.023732274770736694e-01 1.025441288948059082e-02 1.070999726653099060e-02 1.023732274770736694e-01
1.144000000000000000e+06 1.368342805653810501e-02 1.069360040128231049e-02 1.020829230546951294e-01 1.368342805653810501e-02 1.069360040128231049e-02 1.020829230546951294e-01
1.145000000000000000e+06 9.023865684866905212e-03 1.070560235530138016e-02 1.018254086375236511e-01 9.023865684866905212e-03 1.070560235530138016e-02 1.018254086375236511e-01
1.146000000000000000e+06 9.525788947939872742e-03 1.073830015957355499e-02 1.019839867949485779e-01 9.525788947939872742e-03 1.073830015957355499e-02 1.019839867949485779e-01
1.147000000000000000e+06 1.209309045225381851e-02 1.073550526052713394e-02 1.012010648846626282e-01 1.209309045225381851e-02 1.073550526052713394e-02 1.012010648846626282e-01
1.148000000000000000e+06 1.023206021636724472e-02 1.070103235542774200e-02 1.010361462831497192e-01 1.023206021636724472e-02 1.070103235542774200e-02 1.010361462831497192e-01
1.149000000000000000e+06 1.059776078909635544e-02 1.072617620229721069e-02 1.010523885488510132e-01 1.059776078909635544e-02 1.072617620229721069e-02 1.010523885488510132e-01
1.150000000000000000e+06 1.052144542336463928e-02 1.071610674262046814e-02 1.012423783540725708e-01 1.052144542336463928e-02 1.071610674262046814e-02 1.012423783540725708e-01
1.151000000000000000e+06 1.079392805695533752e-02 1.071878056973218918e-02 1.010524556040763855e-01 1.079392805695533752e-02 1.071878056973218918e-02 1.010524556040763855e-01
1.152000000000000000e+06 1.043142937123775482e-02 1.073595508933067322e-02 1.015979573130607605e-01 1.043142937123775482e-02 1.073595508933067322e-02 1.015979573130607605e-01
1.153000000000000000e+06 1.027657836675643921e-02 1.071163173764944077e-02 1.004119664430618286e-01 1.027657836675643921e-02 1.071163173764944077e-02 1.004119664430618286e-01
1.154000000000000000e+06 1.037194393575191498e-02 1.075082086026668549e-02 1.032260730862617493e-01 1.037194393575191498e-02 1.075082086026668549e-02 1.032260730862617493e-01
1.155000000000000000e+06 9.506802074611186981e-03 1.071030925959348679e-02 1.016203537583351135e-01 9.506802074611186981e-03 1.071030925959348679e-02 1.016203537583351135e-01
1.156000000000000000e+06 9.869433939456939697e-03 1.074570417404174805e-02 1.012106165289878845e-01 9.869433939456939697e-03 1.074570417404174805e-02 1.012106165289878845e-01
1.157000000000000000e+06 9.366476908326148987e-03 1.071120891720056534e-02 1.006000116467475891e-01 9.366476908326148987e-03 1.071120891720056534e-02 1.006000116467475891e-01
1.158000000000000000e+06 1.032372098416090012e-02 1.070053130388259888e-02 1.001684144139289856e-01 1.032372098416090012e-02 1.070053130388259888e-02 1.001684144139289856e-01
1.159000000000000000e+06 9.840464219450950623e-03 1.070249266922473907e-02 1.020092070102691650e-01 9.840464219450950623e-03 1.070249266922473907e-02 1.020092070102691650e-01
1.160000000000000000e+06 9.586965665221214294e-03 1.074901781976222992e-02 9.943929314613342285e-02 9.586965665221214294e-03 1.074901781976222992e-02 9.943929314613342285e-02
1.161000000000000000e+06 9.443526156246662140e-03 1.071406342089176178e-02 1.005249246954917908e-01 9.443526156246662140e-03 1.071406342089176178e-02 1.005249246954917908e-01
1.162000000000000000e+06 1.345691643655300140e-02 1.067940611392259598e-02 9.990144520998001099e-02 1.345691643655300140e-02 1.067940611392259598e-02 9.990144520998001099e-02
1.163000000000000000e+06 1.002120785415172577e-02 1.074145920574665070e-02 1.016015857458114624e-01 1.002120785415172577e-02 1.074145920574665070e-02 1.016015857458114624e-01
1.164000000000000000e+06 9.498072788119316101e-03 1.072018127888441086e-02 1.002891957759857178e-01 9.498072788119316101e-03 1.072018127888441086e-02 1.002891957759857178e-01
1.165000000000000000e+06 9.374279528856277466e-03 1.068786345422267914e-02 1.005610004067420959e-01 9.374279528856277466e-03 1.068786345422267914e-02 1.005610004067420959e-01
1.166000000000000000e+06 1.133554521948099136e-02 1.069451309740543365e-02 1.015378162264823914e-01 1.133554521948099136e-02 1.069451309740543365e-02 1.015378162264823914e-01
1.167000000000000000e+06 9.740038774907588959e-03 1.070527452975511551e-02 9.972124546766281128e-02 9.740038774907588959e-03 1.070527452975511551e-02 9.972124546766281128e-02
1.168000000000000000e+06 1.002999581396579742e-02 1.068920921534299850e-02 9.897381812334060669e-02 1.002999581396579742e-02 1.068920921534299850e-02 9.897381812334060669e-02
1.169000000000000000e+06 8.953794836997985840e-03 1.069315429776906967e-02 1.002106219530105591e-01 8.953794836997985840e-03 1.069315429776906967e-02 1.002106219530105591e-01
1.170000000000000000e+06 1.036185957491397858e-02 1.070959027856588364e-02 1.001554429531097412e-01 1.036185957491397858e-02 1.070959027856588364e-02 1.001554429531097412e-01
1.171000000000000000e+06 8.702284656465053558e-03 1.071316562592983246e-02 9.962239861488342285e-02 8.702284656465053558e-03 1.071316562592983246e-02 9.962239861488342285e-02
1.172000000000000000e+06 1.329715084284543991e-02 1.075519993901252747e-02 1.006797403097152710e-01 1.329715084284543991e-02 1.075519993901252747e-02 1.006797403097152710e-01
1.173000000000000000e+06 1.039891969412565231e-02 1.072422135621309280e-02 9.968795627355575562e-02 1.039891969412565231e-02 1.072422135621309280e-02 9.968795627355575562e-02
1.174000000000000000e+06 1.131642423570156097e-02 1.073475275188684464e-02 1.010308712720870972e-01 1.131642423570156097e-02 1.073475275188684464e-02 1.010308712720870972e-01
1.175000000000000000e+06 1.026005018502473831e-02 1.071940269321203232e-02 9.904474765062332153e-02 1.026005018502473831e-02 1.071940269321203232e-02 9.904474765062332153e-02
1.176000000000000000e+06 9.758560918271541595e-03 1.066624280065298080e-02 9.922232478857040405e-02 9.758560918271541595e-03 1.066624280065298080e-02 9.922232478857040405e-02
1.177000000000000000e+06 8.681717328727245331e-03 1.072247512638568878e-02 9.936013072729110718e-02 8.681717328727245331e-03 1.072247512638568878e-02 9.936013072729110718e-02
1.178000000000000000e+06 9.158935397863388062e-03 1.071541011333465576e-02 9.931170195341110229e-02 9.158935397863388062e-03 1.071541011333465576e-02 9.931170195341110229e-02
1.179000000000000000e+06 9.498944506049156189e-03 1.070860587060451508e-02 9.932309389114379883e-02 9.498944506049156189e-03 1.070860587060451508e-02 9.932309389114379883e-02
1.180000000000000000e+06 1.203957851976156235e-02 1.072971988469362259e-02 1.004388555884361267e-01 1.203957851976156235e-02 1.072971988469362259e-02 1.004388555884361267e-01
1.181000000000000000e+06 9.377423673868179321e-03 1.073893625289201736e-02 9.876208007335662842e-02 9.377423673868179321e-03 1.073893625289201736e-02 9.876208007335662842e-02
1.182000000000000000e+06 1.048590801656246185e-02 1.067300979048013687e-02 9.950380772352218628e-02 1.048590801656246185e-02 1.067300979048013687e-02 9.950380772352218628e-02
1.183000000000000000e+06 1.034978311508893967e-02 1.071064546704292297e-02 9.974094480276107788e-02 1.034978311508893967e-02 1.071064546704292297e-02 9.974094480276107788e-02
1.184000000000000000e+06 9.995659813284873962e-03 1.070033945143222809e-02 9.981787204742431641e-02 9.995659813284873962e-03 1.070033945143222809e-02 9.981787204742431641e-02
1.185000000000000000e+06 1.182740554213523865e-02 1.068830490112304688e-02 1.003685742616653442e-01 1.182740554213523865e-02 1.068830490112304688e-02 1.003685742616653442e-01
1.186000000000000000e+06 1.030103210359811783e-02 1.076961681246757507e-02 9.939416497945785522e-02 1.030103210359811783e-02 1.076961681246757507e-02 9.939416497945785522e-02
1.187000000000000000e+06 9.757023304700851440e-03 1.070080231875181198e-02 9.905698150396347046e-02 9.757023304700851440e-03 1.070080231875181198e-02 9.905698150396347046e-02
1.188000000000000000e+06 1.110819727182388306e-02 1.069758646190166473e-02 9.882381558418273926e-02 1.110819727182388306e-02 1.069758646190166473e-02 9.882381558418273926e-02
1.189000000000000000e+06 9.367188438773155212e-03 1.068292371928691864e-02 9.918032586574554443e-02 9.367188438773155212e-03 1.068292371928691864e-02 9.918032586574554443e-02
1.190000000000000000e+06 1.119360607117414474e-02 1.069733500480651855e-02 9.993623197078704834e-02 1.119360607117414474e-02 1.069733500480651855e-02 9.993623197078704834e-02
1.191000000000000000e+06 1.103888917714357376e-02 1.073978934437036514e-02 9.943950921297073364e-02 1.103888917714357376e-02 1.073978934437036514e-02 9.943950921297073364e-02
1.192000000000000000e+06 9.916750714182853699e-03 1.072276849299669266e-02 9.903909265995025635e-02 9.916750714182853699e-03 1.072276849299669266e-02 9.903909265995025635e-02
1.193000000000000000e+06 1.092566456645727158e-02 1.069062296301126480e-02 9.985718876123428345e-02 1.092566456645727158e-02 1.069062296301126480e-02 9.985718876123428345e-02
1.194000000000000000e+06 1.141506806015968323e-02 1.070664450526237488e-02 9.811782836914062500e-02 1.141506806015968323e-02 1.070664450526237488e-02 9.811782836914062500e-02
1.195000000000000000e+06 9.955110028386116028e-03 1.072121039032936096e-02 9.901422262191772461e-02 9.955110028386116028e-03 1.072121039032936096e-02 9.901422262191772461e-02
1.196000000000000000e+06 1.006153877824544907e-02 1.070107333362102509e-02 9.872340410947799683e-02 1.006153877824544907e-02 1.070107333362102509e-02 9.872340410947799683e-02
1.197000000000000000e+06 1.138535235077142715e-02 1.069513987749814987e-02 9.978914260864257812e-02 1.138535235077142715e-02 1.069513987749814987e-02 9.978914260864257812e-02
1.198000000000000000e+06 1.070884894579648972e-02 1.068649534136056900e-02 9.790687263011932373e-02 1.070884894579648972e-02 1.068649534136056900e-02 9.790687263011932373e-02
1.199000000000000000e+06 1.025669183582067490e-02 1.069832686334848404e-02 9.878716617822647095e-02 1.025669183582067490e-02 1.069832686334848404e-02 9.878716617822647095e-02
1.200000000000000000e+06 9.668440558016300201e-03 1.068725902587175369e-02 9.944017231464385986e-02 9.668440558016300201e-03 1.068725902587175369e-02 9.944017231464385986e-02
1.201000000000000000e+06 1.195422653108835220e-02 1.072233077138662338e-02 9.985460340976715088e-02 1.195422653108835220e-02 1.072233077138662338e-02 9.985460340976715088e-02
1.202000000000000000e+06 1.145407836884260178e-02 1.069280412048101425e-02 9.985525161027908325e-02 1.145407836884260178e-02 1.069280412048101425e-02 9.985525161027908325e-02
1.203000000000000000e+06 9.290960617363452911e-03 1.071047689765691757e-02 9.829360246658325195e-02 9.290960617363452911e-03 1.071047689765691757e-02 9.829360246658325195e-02
1.204000000000000000e+06 1.107969135046005249e-02 1.067632064223289490e-02 1.004286780953407288e-01 1.107969135046005249e-02 1.067632064223289490e-02 1.004286780953407288e-01
1.205000000000000000e+06 1.161684468388557434e-02 1.071541663259267807e-02 9.820494800806045532e-02 1.161684468388557434e-02 1.071541663259267807e-02 9.820494800806045532e-02
1.206000000000000000e+06 1.012122165411710739e-02 1.069883164018392563e-02 9.815734624862670898e-02 1.012122165411710739e-02 1.069883164018392563e-02 9.815734624862670898e-02
1.207000000000000000e+06 1.182009372860193253e-02 1.070398930460214615e-02 9.893560409545898438e-02 1.182009372860193253e-02 1.070398930460214615e-02 9.893560409545898438e-02
1.208000000000000000e+06 1.176373288035392761e-02 1.068559009581804276e-02 1.001733466982841492e-01 1.176373288035392761e-02 1.068559009581804276e-02 1.001733466982841492e-01
1.209000000000000000e+06 1.043771207332611084e-02 1.066572591662406921e-02 9.915827214717864990e-02 1.043771207332611084e-02 1.066572591662406921e-02 9.915827214717864990e-02
1.210000000000000000e+06 1.022159121930599213e-02 1.069234963506460190e-02 9.826320409774780273e-02 1.022159121930599213e-02 1.069234963506460190e-02 9.826320409774780273e-02
1.211000000000000000e+06 1.026883255690336227e-02 1.067394763231277466e-02 9.783156216144561768e-02 1.026883255690336227e-02 1.067394763231277466e-02 9.783156216144561768e-02
1.212000000000000000e+06 1.014134194701910019e-02 1.066531240940093994e-02 9.869423508644104004e-02 1.014134194701910019e-02 1.066531240940093994e-02 9.869423508644104004e-02
1.213000000000000000e+06 1.174246706068515778e-02 1.064997911453247070e-02 9.947673231363296509e-02 1.174246706068515778e-02 1.064997911453247070e-02 9.947673231363296509e-02
1.214000000000000000e+06 9.499390609562397003e-03 1.069966051727533340e-02 9.831239283084869385e-02 9.499390609562397003e-03 1.069966051727533340e-02 9.831239283084869385e-02
1.215000000000000000e+06 1.063846424221992493e-02 1.069794874638319016e-02 9.801071137189865112e-02 1.063846424221992493e-02 1.069794874638319016e-02 9.801071137189865112e-02
1.216000000000000000e+06 1.124459505081176758e-02 1.070661656558513641e-02 9.804570674896240234e-02 1.124459505081176758e-02 1.070661656558513641e-02 9.804570674896240234e-02
1.217000000000000000e+06 9.071733802556991577e-03 1.067097019404172897e-02 9.766173362731933594e-02 9.071733802556991577e-03 1.067097019404172897e-02 9.766173362731933594e-02
1.218000000000000000e+06 1.074582058936357498e-02 1.067386008799076080e-02 9.680314362049102783e-02 1.074582058936357498e-02 1.067386008799076080e-02 9.680314362049102783e-02
1.219000000000000000e+06 9.368535131216049194e-03 1.070987153798341751e-02 9.790202975273132324e-02 9.368535131216049194e-03 1.070987153798341751e-02 9.790202975273132324e-02
1.220000000000000000e+06 1.045284047722816467e-02 1.066382508724927902e-02 9.822754561901092529e-02 1.045284047722816467e-02 1.066382508724927902e-02 9.822754561901092529e-02
1.221000000000000000e+06 9.499425999820232391e-03 1.068909745663404465e-02 9.739752113819122314e-02 9.499425999820232391e-03 1.068909745663404465e-02 9.739752113819122314e-02
1.222000000000000000e+06 9.646899998188018799e-03 1.071279868483543396e-02 9.750492125749588013e-02 9.646899998188018799e-03 1.071279868483543396e-02 9.750492125749588013e-02
1.223000000000000000e+06 1.030273642390966415e-02 1.069896575063467026e-02 9.748822450637817383e-02 1.030273642390966415e-02 1.069896575063467026e-02 9.748822450637817383e-02
1.224000000000000000e+06 9.954461827874183655e-03 1.069573406130075455e-02 9.933068603277206421e-02 9.954461827874183655e-03 1.069573406130075455e-02 9.933068603277206421e-02
1.225000000000000000e+06 9.798984974622726440e-03 1.068058796226978302e-02 9.668249636888504028e-02 9.798984974622726440e-03 1.068058796226978302e-02 9.668249636888504028e-02
1.226000000000000000e+06 9.956085123121738434e-03 1.069603487849235535e-02 9.912018477916717529e-02 9.956085123121738434e-03 1.069603487849235535e-02 9.912018477916717529e-02
1.227000000000000000e+06 9.617974981665611267e-03 1.067540515214204788e-02 9.752271324396133423e-02 9.617974981665611267e-03 1.067540515214204788e-02 9.752271324396133423e-02
1.228000000000000000e+06 9.911324828863143921e-03 1.066154800355434418e-02 9.786876291036605835e-02 9.911324828863143921e-03 1.066154800355434418e-02 9.786876291036605835e-02
1.229000000000000000e+06 1.154409348964691162e-02 1.066947169601917267e-02 9.892318397760391235e-02 1.154409348964691162e-02 1.066947169601917267e-02 9.892318397760391235e-02
1.230000000000000000e+06 1.074075419455766678e-02 1.066555641591548920e-02 9.737214446067810059e-02 1.074075419455766678e-02 1.066555641591548920e-02 9.737214446067810059e-02
1.231000000000000000e+06 1.063690893352031708e-02 1.067348383367061615e-02 9.807646274566650391e-02 1.063690893352031708e-02 1.067348383367061615e-02 9.807646274566650391e-02
1.232000000000000000e+06 8.821249939501285553e-03 1.068333163857460022e-02 9.719961136579513550e-02 8.821249939501285553e-03 1.068333163857460022e-02 9.719961136579513550e-02
1.233000000000000000e+06 8.962204679846763611e-03 1.066282112151384354e-02 9.680580347776412964e-02 8.962204679846763611e-03 1.066282112151384354e-02 9.680580347776412964e-02
1.234000000000000000e+06 9.704985655844211578e-03 1.064325403422117233e-02 9.654413908720016479e-02 9.704985655844211578e-03 1.064325403422117233e-02 9.654413908720016479e-02
1.235000000000000000e+06 1.032948493957519531e-02 1.066231727600097656e-02 9.867716580629348755e-02 1.032948493957519531e-02 1.066231727600097656e-02 9.867716580629348755e-02
1.236000000000000000e+06 1.076893415302038193e-02 1.070069801062345505e-02 9.781168401241302490e-02 1.076893415302038193e-02 1.070069801062345505e-02 9.781168401241302490e-02
1.237000000000000000e+06 9.631994180381298065e-03 1.068927254527807236e-02 9.727243334054946899e-02 9.631994180381298065e-03 1.068927254527807236e-02 9.727243334054946899e-02
1.238000000000000000e+06 9.791384451091289520e-03 1.066725235432386398e-02 9.743089973926544189e-02 9.791384451091289520e-03 1.066725235432386398e-02 9.743089973926544189e-02
1.239000000000000000e+06 1.122033502906560898e-02 1.066607981920242310e-02 9.826800972223281860e-02 1.122033502906560898e-02 1.066607981920242310e-02 9.826800972223281860e-02
1.240000000000000000e+06 9.711993858218193054e-03 1.067325752228498459e-02 9.779630601406097412e-02 9.711993858218193054e-03 1.067325752228498459e-02 9.779630601406097412e-02
1.241000000000000000e+06 1.021355204284191132e-02 1.064276229590177536e-02 9.727061539888381958e-02 1.021355204284191132e-02 1.064276229590177536e-02 9.727061539888381958e-02
1.242000000000000000e+06 9.215406142175197601e-03 1.063757669180631638e-02 9.637524187564849854e-02 9.215406142175197601e-03 1.063757669180631638e-02 9.637524187564849854e-02
1.243000000000000000e+06 8.612976409494876862e-03 1.068716682493686676e-02 9.630347043275833130e-02 8.612976409494876862e-03 1.068716682493686676e-02 9.630347043275833130e-02
1.244000000000000000e+06 1.058232132345438004e-02 1.065292116254568100e-02 9.687069058418273926e-02 1.058232132345438004e-02 1.065292116254568100e-02 9.687069058418273926e-02
1.245000000000000000e+06 1.086718123406171799e-02 1.068076398223638535e-02 9.699048101902008057e-02 1.086718123406171799e-02 1.068076398223638535e-02 9.699048101902008057e-02
1.246000000000000000e+06 9.674608707427978516e-03 1.062392909079790115e-02 9.567869454622268677e-02 9.674608707427978516e-03 1.062392909079790115e-02 9.567869454622268677e-02
1.247000000000000000e+06 1.129292882978916168e-02 1.063962839543819427e-02 9.749563038349151611e-02 1.129292882978916168e-02 1.063962839543819427e-02 9.749563038349151611e-02
1.248000000000000000e+06 1.077208574861288071e-02 1.060794945806264877e-02 9.775300323963165283e-02 1.077208574861288071e-02 1.060794945806264877e-02 9.775300323963165283e-02
1.249000000000000000e+06 1.014424394816160202e-02 1.064140256494283676e-02 9.729405492544174194e-02 1.014424394816160202e-02 1.064140256494283676e-02 9.729405492544174194e-02
1.250000000000000000e+06 1.102415844798088074e-02 1.067134551703929901e-02 9.641445428133010864e-02 1.102415844798088074e-02 1.067134551703929901e-02 9.641445428133010864e-02
1.251000000000000000e+06 9.955688379704952240e-03 1.061357185244560242e-02 9.590242058038711548e-02 9.955688379704952240e-03 1.061357185244560242e-02 9.590242058038711548e-02
1.252000000000000000e+06 1.161812432110309601e-02 1.063515618443489075e-02 9.707305580377578735e-02 1.161812432110309601e-02 1.063515618443489075e-02 9.707305580377578735e-02
1.253000000000000000e+06 9.278469718992710114e-03 1.065068133175373077e-02 9.724813699722290039e-02 9.278469718992710114e-03 1.065068133175373077e-02 9.724813699722290039e-02
1.254000000000000000e+06 9.317194111645221710e-03 1.064489316195249557e-02 9.641224145889282227e-02 9.317194111645221710e-03 1.064489316195249557e-02 9.641224145889282227e-02
1.255000000000000000e+06 1.030786056071519852e-02 1.066000200808048248e-02 9.789989888668060303e-02 1.030786056071519852e-02 1.066000200808048248e-02 9.789989888668060303e-02
1.256000000000000000e+06 1.057860627770423889e-02 1.060953643172979355e-02 9.692091494798660278e-02 1.057860627770423889e-02 1.060953643172979355e-02 9.692091494798660278e-02
1.257000000000000000e+06 1.112365163862705231e-02 1.063957531005144119e-02 9.732022881507873535e-02 1.112365163862705231e-02 1.063957531005144119e-02 9.732022881507873535e-02
1.258000000000000000e+06 9.021697565913200378e-03 1.063089724630117416e-02 9.507288038730621338e-02 9.021697565913200378e-03 1.063089724630117416e-02 9.507288038730621338e-02
1.259000000000000000e+06 1.029404159635305405e-02 1.063262950628995895e-02 9.805363416671752930e-02 1.029404159635305405e-02 1.063262950628995895e-02 9.805363416671752930e-02
1.260000000000000000e+06 1.141831930726766586e-02 1.067724544554948807e-02 9.671227633953094482e-02 1.141831930726766586e-02 1.067724544554948807e-02 9.671227633953094482e-02
1.261000000000000000e+06 1.222916692495346069e-02 1.066041737794876099e-02 9.681408107280731201e-02 1.222916692495346069e-02 1.066041737794876099e-02 9.681408107280731201e-02
1.262000000000000000e+06 1.014401111751794815e-02 1.063162833452224731e-02 9.705381840467453003e-02 1.014401111751794815e-02 1.063162833452224731e-02 9.705381840467453003e-02
1.263000000000000000e+06 9.366620332002639771e-03 1.066441182047128677e-02 9.593265503644943237e-02 9.366620332002639771e-03 1.066441182047128677e-02 9.593265503644943237e-02
1.264000000000000000e+06 1.053475029766559601e-02 1.059074606746435165e-02 9.689886868000030518e-02 1.053475029766559601e-02 1.059074606746435165e-02 9.689886868000030518e-02
1.265000000000000000e+06 1.074101775884628296e-02 1.064530387520790100e-02 9.553600102663040161e-02 1.074101775884628296e-02 1.064530387520790100e-02 9.553600102663040161e-02
1.266000000000000000e+06 1.171921566128730774e-02 1.061464287340641022e-02 9.611411392688751221e-02 1.171921566128730774e-02 1.061464287340641022e-02 9.611411392688751221e-02
1.267000000000000000e+06 1.160189136862754822e-02 1.059802807867527008e-02 9.667068719863891602e-02 1.160189136862754822e-02 1.059802807867527008e-02 9.667068719863891602e-02
1.268000000000000000e+06 1.060845702886581421e-02 1.063608098775148392e-02 9.648777544498443604e-02 1.060845702886581421e-02 1.063608098775148392e-02 9.648777544498443604e-02
1.269000000000000000e+06 1.126022357493638992e-02 1.061654184013605118e-02 9.715555608272552490e-02 1.126022357493638992e-02 1.061654184013605118e-02 9.715555608272552490e-02
1.270000000000000000e+06 1.271051261574029922e-02 1.060393452644348145e-02 9.726449847221374512e-02 1.271051261574029922e-02 1.060393452644348145e-02 9.726449847221374512e-02
1.271000000000000000e+06 1.036239322274923325e-02 1.061673834919929504e-02 9.881220757961273193e-02 1.036239322274923325e-02 1.061673834919929504e-02 9.881220757961273193e-02
1.272000000000000000e+06 1.011455338448286057e-02 1.061792299151420593e-02 9.555302560329437256e-02 1.011455338448286057e-02 1.061792299151420593e-02 9.555302560329437256e-02
1.273000000000000000e+06 8.940216153860092163e-03 1.059828419238328934e-02 9.537534415721893311e-02 8.940216153860092163e-03 1.059828419238328934e-02 9.537534415721893311e-02
1.274000000000000000e+06 1.035418640822172165e-02 1.061970181763172150e-02 9.634499251842498779e-02 1.035418640822172165e-02 1.061970181763172150e-02 9.634499251842498779e-02
1.275000000000000000e+06 1.099509838968515396e-02 1.061832252889871597e-02 9.511268138885498047e-02 1.099509838968515396e-02 1.061832252889871597e-02 9.511268138885498047e-02
1.276000000000000000e+06 1.233407761901617050e-02 1.063623558729887009e-02 9.607798606157302856e-02 1.233407761901617050e-02 1.063623558729887009e-02 9.607798606157302856e-02
1.277000000000000000e+06 9.968014433979988098e-03 1.061342470347881317e-02 9.670943766832351685e-02 9.968014433979988098e-03 1.061342470347881317e-02 9.670943766832351685e-02
1.278000000000000000e+06 1.187307760119438171e-02 1.057946495711803436e-02 9.598513692617416382e-02 1.187307760119438171e-02 1.057946495711803436e-02 9.598513692617416382e-02
1.279000000000000000e+06 1.108975894749164581e-02 1.061161980032920837e-02 9.658732265233993530e-02 1.108975894749164581e-02 1.061161980032920837e-02 9.658732265233993530e-02
1.280000000000000000e+06 9.247419424355030060e-03 1.057543884962797165e-02 9.509053826332092285e-02 9.247419424355030060e-03 1.057543884962797165e-02 9.509053826332092285e-02
1.281000000000000000e+06 1.053314376622438431e-02 1.059771701693534851e-02 9.529749304056167603e-02 1.053314376622438431e-02 1.059771701693534851e-02 9.529749304056167603e-02
1.282000000000000000e+06 1.009378582239151001e-02 1.060066558420658112e-02 9.536217898130416870e-02 1.009378582239151001e-02 1.060066558420658112e-02 9.536217898130416870e-02
1.283000000000000000e+06 1.074692234396934509e-02 1.058425568044185638e-02 9.495154023170471191e-02 1.074692234396934509e-02 1.058425568044185638e-02 9.495154023170471191e-02
1.284000000000000000e+06 9.238949976861476898e-03 1.061450503766536713e-02 9.595646709203720093e-02 9.238949976861476898e-03 1.061450503766536713e-02 9.595646709203720093e-02
1.285000000000000000e+06 1.296748407185077667e-02 1.062508579343557358e-02 9.627649933099746704e-02 1.296748407185077667e-02 1.062508579343557358e-02 9.627649933099746704e-02
1.286000000000000000e+06 1.053540501743555069e-02 1.061206217855215073e-02 9.593578428030014038e-02 1.053540501743555069e-02 1.061206217855215073e-02 9.593578428030014038e-02
1.287000000000000000e+06 1.034844107925891876e-02 1.061840914189815521e-02 9.461746364831924438e-02 1.034844107925891876e-02 1.061840914189815521e-02 9.461746364831924438e-02
1.288000000000000000e+06 1.210052799433469772e-02 1.060783024877309799e-02 9.541132301092147827e-02 1.210052799433469772e-02 1.060783024877309799e-02 9.541132301092147827e-02
1.289000000000000000e+06 1.107770018279552460e-02 1.059579011052846909e-02 9.516061097383499146e-02 1.107770018279552460e-02 1.059579011052846909e-02 9.516061097383499146e-02
1.290000000000000000e+06 1.101086661219596863e-02 1.063141319900751114e-02 9.482416510581970215e-02 1.101086661219596863e-02 1.063141319900751114e-02 9.482416510581970215e-02
1.291000000000000000e+06 1.299177482724189758e-02 1.059778686612844467e-02 9.601939469575881958e-02 1.299177482724189758e-02 1.059778686612844467e-02 9.601939469575881958e-02
1.292000000000000000e+06 9.641099721193313599e-03 1.061323005706071854e-02 9.483965486288070679e-02 9.641099721193313599e-03 1.061323005706071854e-02 9.483965486288070679e-02
1.293000000000000000e+06 1.050022058188915253e-02 1.061226986348628998e-02 9.565940499305725098e-02 1.050022058188915253e-02 1.061226986348628998e-02 9.565940499305725098e-02
1.294000000000000000e+06 1.038773544132709503e-02 1.062990725040435791e-02 9.662698954343795776e-02 1.038773544132709503e-02 1.062990725040435791e-02 9.662698954343795776e-02
1.295000000000000000e+06 9.924411773681640625e-03 1.059052161872386932e-02 9.547333419322967529e-02 9.924411773681640625e-03 1.059052161872386932e-02 9.547333419322967529e-02
1.296000000000000000e+06 8.879240602254867554e-03 1.061683706939220428e-02 9.513540565967559814e-02 8.879240602254867554e-03 1.061683706939220428e-02 9.513540565967559814e-02
1.297000000000000000e+06 1.031937170773744583e-02 1.059636380523443222e-02 9.488605707883834839e-02 1.031937170773744583e-02 1.059636380523443222e-02 9.488605707883834839e-02
1.298000000000000000e+06 9.570269845426082611e-03 1.057867892086505890e-02 9.482265263795852661e-02 9.570269845426082611e-03 1.057867892086505890e-02 9.482265263795852661e-02
1.299000000000000000e+06 1.077747438102960587e-02 1.059316936880350113e-02 9.640753269195556641e-02 1.077747438102960587e-02 1.059316936880350113e-02 9.640753269195556641e-02
1.300000000000000000e+06 9.400409646332263947e-03 1.059490349143743515e-02 9.484636038541793823e-02 9.400409646332263947e-03 1.059490349143743515e-02 9.484636038541793823e-02
1.301000000000000000e+06 9.737174957990646362e-03 1.057537272572517395e-02 9.490272402763366699e-02 9.737174957990646362e-03 1.057537272572517395e-02 9.490272402763366699e-02
1.302000000000000000e+06 1.115655526518821716e-02 1.056210789829492569e-02 9.386573731899261475e-02 1.115655526518821716e-02 1.056210789829492569e-02 9.386573731899261475e-02
1.303000000000000000e+06 9.411410428583621979e-03 1.059065479785203934e-02 9.493169933557510376e-02 9.411410428583621979e-03 1.059065479785203934e-02 9.493169933557510376e-02
1.304000000000000000e+06 9.849953465163707733e-03 1.059013605117797852e-02 9.448540210723876953e-02 9.849953465163707733e-03 1.059013605117797852e-02 9.448540210723876953e-02
1.305000000000000000e+06 8.977822028100490570e-03 1.058193668723106384e-02 9.540065377950668335e-02 8.977822028100490570e-03 1.058193668723106384e-02 9.540065377950668335e-02
1.306000000000000000e+06 1.004985254257917404e-02 1.058123447000980377e-02 9.526174515485763550e-02 1.004985254257917404e-02 1.058123447000980377e-02 9.526174515485763550e-02
1.307000000000000000e+06 8.510566316545009613e-03 1.057691965252161026e-02 9.347257763147354126e-02 8.510566316545009613e-03 1.057691965252161026e-02 9.347257763147354126e-02
1.308000000000000000e+06 1.049566175788640976e-02 1.058277767151594162e-02 9.580127894878387451e-02 1.049566175788640976e-02 1.058277767151594162e-02 9.580127894878387451e-02
1.309000000000000000e+06 9.471490979194641113e-03 1.059900037944316864e-02 9.393272548913955688e-02 9.471490979194641113e-03 1.059900037944316864e-02 9.393272548913955688e-02
1.310000000000000000e+06 1.049341540783643723e-02 1.060237176716327667e-02 9.494515508413314819e-02 1.049341540783643723e-02 1.060237176716327667e-02 9.494515508413314819e-02
1.311000000000000000e+06 1.024529524147510529e-02 1.057852338999509811e-02 9.479111433029174805e-02 1.024529524147510529e-02 1.057852338999509811e-02 9.479111433029174805e-02
1.312000000000000000e+06 9.452247060835361481e-03 1.057598553597927094e-02 9.377607703208923340e-02 9.452247060835361481e-03 1.057598553597927094e-02 9.377607703208923340e-02
1.313000000000000000e+06 9.582127444446086884e-03 1.059951912611722946e-02 9.378636628389358521e-02 9.582127444446086884e-03 1.059951912611722946e-02 9.378636628389358521e-02
1.314000000000000000e+06 9.311587549746036530e-03 1.058442611247301102e-02 9.541723877191543579e-02 9.311587549746036530e-03 1.058442611247301102e-02 9.541723877191543579e-02
1.315000000000000000e+06 1.088546402752399445e-02 1.056302525103092194e-02 9.439730644226074219e-02 1.088546402752399445e-02 1.056302525103092194e-02 9.439730644226074219e-02
1.316000000000000000e+06 9.488672018051147461e-03 1.057374477386474609e-02 9.428198635578155518e-02 9.488672018051147461e-03 1.057374477386474609e-02 9.428198635578155518e-02
1.317000000000000000e+06 8.819938637316226959e-03 1.057764980942010880e-02 9.448096156120300293e-02 8.819938637316226959e-03 1.057764980942010880e-02 9.448096156120300293e-02
1.318000000000000000e+06 1.050357986241579056e-02 1.058379933238029480e-02 9.428808838129043579e-02 1.050357986241579056e-02 1.058379933238029480e-02 9.428808838129043579e-02
1.319000000000000000e+06 1.008063647896051407e-02 1.060431916266679764e-02 9.431971609592437744e-02 1.008063647896051407e-02 1.060431916266679764e-02 9.431971609592437744e-02
1.320000000000000000e+06 1.021013688296079636e-02 1.056423317641019821e-02 9.406402707099914551e-02 1.021013688296079636e-02 1.056423317641019821e-02 9.406402707099914551e-02
1.321000000000000000e+06 1.054338831454515457e-02 1.054723933339118958e-02 9.357360750436782837e-02 1.054338831454515457e-02 1.054723933339118958e-02 9.357360750436782837e-02
1.322000000000000000e+06 9.708769619464874268e-03 1.060182973742485046e-02 9.378855675458908081e-02 9.708769619464874268e-03 1.060182973742485046e-02 9.378855675458908081e-02
1.323000000000000000e+06 1.135923992842435837e-02 1.057065464556217194e-02 9.489293396472930908e-02 1.135923992842435837e-02 1.057065464556217194e-02 9.489293396472930908e-02
1.324000000000000000e+06 9.693259373307228088e-03 1.055753603577613831e-02 9.335682541131973267e-02 9.693259373307228088e-03 1.055753603577613831e-02 9.335682541131973267e-02
1.325000000000000000e+06 9.891852736473083496e-03 1.059076655656099319e-02 9.424304217100143433e-02 9.891852736473083496e-03 1.059076655656099319e-02 9.424304217100143433e-02
1.326000000000000000e+06 1.125348638743162155e-02 1.052618399262428284e-02 9.490107744932174683e-02 1.125348638743162155e-02 1.052618399262428284e-02 9.490107744932174683e-02
1.327000000000000000e+06 8.940667845308780670e-03 1.055593602359294891e-02 9.299070388078689575e-02 8.940667845308780670e-03 1.055593602359294891e-02 9.299070388078689575e-02
1.328000000000000000e+06 1.003290154039859772e-02 1.054533477872610092e-02 9.391911327838897705e-02 1.003290154039859772e-02 1.054533477872610092e-02 9.391911327838897705e-02
1.329000000000000000e+06 9.222265332937240601e-03 1.053662970662117004e-02 9.403235465288162231e-02 9.222265332937240601e-03 1.053662970662117004e-02 9.403235465288162231e-02
1.330000000000000000e+06 1.118206884711980820e-02 1.054283231496810913e-02 9.341951459646224976e-02 1.118206884711980820e-02 1.054283231496810913e-02 9.341951459646224976e-02
1.331000000000000000e+06 1.080659683793783188e-02 1.055583357810974121e-02 9.492558985948562622e-02 1.080659683793783188e-02 1.055583357810974121e-02 9.492558985948562622e-02
1.332000000000000000e+06 9.534490294754505157e-03 1.057663001120090485e-02 9.364819526672363281e-02 9.534490294754505157e-03 1.057663001120090485e-02 9.364819526672363281e-02
1.333000000000000000e+06 9.723917581140995026e-03 1.053679082542657852e-02 9.297060221433639526e-02 9.723917581140995026e-03 1.053679082542657852e-02 9.297060221433639526e-02
1.334000000000000000e+06 1.213049795478582382e-02 1.051295641809701920e-02 9.383355826139450073e-02 1.213049795478582382e-02 1.051295641809701920e-02 9.383355826139450073e-02
1.335000000000000000e+06 9.495590813457965851e-03 1.055736374109983444e-02 9.274270385503768921e-02 9.495590813457965851e-03 1.055736374109983444e-02 9.274270385503768921e-02
1.336000000000000000e+06 1.115013659000396729e-02 1.053997222334146500e-02 9.442748874425888062e-02 1.115013659000396729e-02 1.053997222334146500e-02 9.442748874425888062e-02
1.337000000000000000e+06 1.106517948210239410e-02 1.057296432554721832e-02 9.401284903287887573e-02 1.106517948210239410e-02 1.057296432554721832e-02 9.401284903287887573e-02
1.338000000000000000e+06 9.544168598949909210e-03 1.054601557552814484e-02 9.331613034009933472e-02 9.544168598949909210e-03 1.054601557552814484e-02 9.331613034009933472e-02
1.339000000000000000e+06 9.229643270373344421e-03 1.054841279983520508e-02 9.276486188173294067e-02 9.229643270373344421e-03 1.054841279983520508e-02 9.276486188173294067e-02
1.340000000000000000e+06 9.726115502417087555e-03 1.056977640837430954e-02 9.369808435440063477e-02 9.726115502417087555e-03 1.056977640837430954e-02 9.369808435440063477e-02
1.341000000000000000e+06 1.170701906085014343e-02 1.062968373298645020e-02 9.491936117410659790e-02 1.170701906085014343e-02 1.062968373298645020e-02 9.491936117410659790e-02
1.342000000000000000e+06 9.427526034414768219e-03 1.059006433933973312e-02 9.221329540014266968e-02 9.427526034414768219e-03 1.059006433933973312e-02 9.221329540014266968e-02
1.343000000000000000e+06 9.623937308788299561e-03 1.054656691849231720e-02 9.294249862432479858e-02 9.623937308788299561e-03 1.054656691849231720e-02 9.294249862432479858e-02
1.344000000000000000e+06 1.029420085251331329e-02 1.053984276950359344e-02 9.303009510040283203e-02 1.029420085251331329e-02 1.053984276950359344e-02 9.303009510040283203e-02
1.345000000000000000e+06 1.123348530381917953e-02 1.055539678782224655e-02 9.422623366117477417e-02 1.123348530381917953e-02 1.055539678782224655e-02 9.422623366117477417e-02
1.346000000000000000e+06 9.782341308891773224e-03 1.055119093507528305e-02 9.394513070583343506e-02 9.782341308891773224e-03 1.055119093507528305e-02 9.394513070583343506e-02
1.347000000000000000e+06 9.217956103384494781e-03 1.055688504129648209e-02 9.307035058736801147e-02 9.217956103384494781e-03 1.055688504129648209e-02 9.307035058736801147e-02
1.348000000000000000e+06 9.122823365032672882e-03 1.057127863168716431e-02 9.296493232250213623e-02 9.122823365032672882e-03 1.057127863168716431e-02 9.296493232250213623e-02
1.349000000000000000e+06 8.829771541059017181e-03 1.051912456750869751e-02 9.270865470170974731e-02 8.829771541059017181e-03 1.051912456750869751e-02 9.270865470170974731e-02
1.350000000000000000e+06 9.032979607582092285e-03 1.059206854552030563e-02 9.254787862300872803e-02 9.032979607582092285e-03 1.059206854552030563e-02 9.254787862300872803e-02
1.351000000000000000e+06 9.180116467177867889e-03 1.054025720804929733e-02 9.203984588384628296e-02 9.180116467177867889e-03 1.054025720804929733e-02 9.203984588384628296e-02
1.352000000000000000e+06 1.113655045628547668e-02 1.051518414169549942e-02 9.387622028589248657e-02 1.113655045628547668e-02 1.051518414169549942e-02 9.387622028589248657e-02
1.353000000000000000e+06 9.065360762178897858e-03 1.053213514387607574e-02 9.338922053575515747e-02 9.065360762178897858e-03 1.053213514387607574e-02 9.338922053575515747e-02
1.354000000000000000e+06 1.009567361325025558e-02 1.053386554121971130e-02 9.315725415945053101e-02 1.009567361325025558e-02 1.053386554121971130e-02 9.315725415945053101e-02
1.355000000000000000e+06 9.707076475024223328e-03 1.054046489298343658e-02 9.259643405675888062e-02 9.707076475024223328e-03 1.054046489298343658e-02 9.259643405675888062e-02
1.356000000000000000e+06 1.072626467794179916e-02 1.050214748829603195e-02 9.240895509719848633e-02 1.072626467794179916e-02 1.050214748829603195e-02 9.240895509719848633e-02
1.357000000000000000e+06 9.238875471055507660e-03 1.057904493063688278e-02 9.199286252260208130e-02 9.238875471055507660e-03 1.057904493063688278e-02 9.199286252260208130e-02
1.358000000000000000e+06 1.095621287822723389e-02 1.050755102187395096e-02 9.323857724666595459e-02 1.095621287822723389e-02 1.050755102187395096e-02 9.323857724666595459e-02
1.359000000000000000e+06 9.792205877602100372e-03 1.050590258091688156e-02 9.207157045602798462e-02 9.792205877602100372e-03 1.050590258091688156e-02 9.207157045602798462e-02
1.360000000000000000e+06 1.006947550922632217e-02 1.051686145365238190e-02 9.256114065647125244e-02 1.006947550922632217e-02 1.051686145365238190e-02 9.256114065647125244e-02
1.361000000000000000e+06 9.842802770435810089e-03 1.053293887525796890e-02 9.315872192382812500e-02 9.842802770435810089e-03 1.053293887525796890e-02 9.315872192382812500e-02
1.362000000000000000e+06 1.036590430885553360e-02 1.054139900952577591e-02 9.261065721511840820e-02 1.036590430885553360e-02 1.054139900952577591e-02 9.261065721511840820e-02
1.363000000000000000e+06 9.877306409180164337e-03 1.050293818116188049e-02 9.205909073352813721e-02 9.877306409180164337e-03 1.050293818116188049e-02 9.205909073352813721e-02
1.364000000000000000e+06 1.149262394756078720e-02 1.051297318190336227e-02 9.282989054918289185e-02 1.149262394756078720e-02 1.051297318190336227e-02 9.282989054918289185e-02
1.365000000000000000e+06 1.011165045201778412e-02 1.051893271505832672e-02 9.218535572290420532e-02 1.011165045201778412e-02 1.051893271505832672e-02 9.218535572290420532e-02
1.366000000000000000e+06 1.058913115411996841e-02 1.050023827701807022e-02 9.402731060981750488e-02 1.058913115411996841e-02 1.050023827701807022e-02 9.402731060981750488e-02
1.367000000000000000e+06 1.053179148584604263e-02 1.052457187324762344e-02 9.219349920749664307e-02 1.053179148584604263e-02 1.052457187324762344e-02 9.219349920749664307e-02
1.368000000000000000e+06 1.066423114389181137e-02 1.056435983628034592e-02 9.310832619667053223e-02 1.066423114389181137e-02 1.056435983628034592e-02 9.310832619667053223e-02
1.369000000000000000e+06 1.106878090649843216e-02 1.049316860735416412e-02 9.228849411010742188e-02 1.106878090649843216e-02 1.049316860735416412e-02 9.228849411010742188e-02
1.370000000000000000e+06 9.451452642679214478e-03 1.054975483566522598e-02 9.255808591842651367e-02 9.451452642679214478e-03 1.054975483566522598e-02 9.255808591842651367e-02
1.371000000000000000e+06 9.488210082054138184e-03 1.055640727281570435e-02 9.193710982799530029e-02 9.488210082054138184e-03 1.055640727281570435e-02 9.193710982799530029e-02
1.372000000000000000e+06 9.965019300580024719e-03 1.050372235476970673e-02 9.161587804555892944e-02 9.965019300580024719e-03 1.050372235476970673e-02 9.161587804555892944e-02
1.373000000000000000e+06 9.997263550758361816e-03 1.050762366503477097e-02 9.246666729450225830e-02 9.997263550758361816e-03 1.050762366503477097e-02 9.246666729450225830e-02
1.374000000000000000e+06 1.032102853059768677e-02 1.052715722471475601e-02 9.200637787580490112e-02 1.032102853059768677e-02 1.052715722471475601e-02 9.200637787580490112e-02
1.375000000000000000e+06 1.089532207697629929e-02 1.051749940961599350e-02 9.291225671768188477e-02 1.089532207697629929e-02 1.051749940961599350e-02 9.291225671768188477e-02
1.376000000000000000e+06 8.899595588445663452e-03 1.051478739827871323e-02 9.323962032794952393e-02 8.899595588445663452e-03 1.051478739827871323e-02 9.323962032794952393e-02
1.377000000000000000e+06 9.450252167880535126e-03 1.052757725119590759e-02 9.173701703548431396e-02 9.450252167880535126e-03 1.052757725119590759e-02 9.173701703548431396e-02
1.378000000000000000e+06 8.949086070060729980e-03 1.049094181507825851e-02 9.171536564826965332e-02 8.949086070060729980e-03 1.049094181507825851e-02 9.171536564826965332e-02
1.379000000000000000e+06 9.398207999765872955e-03 1.052857469767332077e-02 9.122668206691741943e-02 9.398207999765872955e-03 1.052857469767332077e-02 9.122668206691741943e-02
1.380000000000000000e+06 8.572861552238464355e-03 1.052221190184354782e-02 9.132506698369979858e-02 8.572861552238464355e-03 1.052221190184354782e-02 9.132506698369979858e-02
1.381000000000000000e+06 9.411384351551532745e-03 1.052542962133884430e-02 9.227930009365081787e-02 9.411384351551532745e-03 1.052542962133884430e-02 9.227930009365081787e-02
1.382000000000000000e+06 1.059325132519006729e-02 1.052341517060995102e-02 9.180003404617309570e-02 1.059325132519006729e-02 1.052341517060995102e-02 9.180003404617309570e-02
1.383000000000000000e+06 9.930851869285106659e-03 1.051690243184566498e-02 9.388381242752075195e-02 9.930851869285106659e-03 1.051690243184566498e-02 9.388381242752075195e-02
1.384000000000000000e+06 1.147860847413539886e-02 1.049259398132562637e-02 9.361704438924789429e-02 1.147860847413539886e-02 1.049259398132562637e-02 9.361704438924789429e-02
1.385000000000000000e+06 9.063271805644035339e-03 1.051342207938432693e-02 9.210600703954696655e-02 9.063271805644035339e-03 1.051342207938432693e-02 9.210600703954696655e-02
1.386000000000000000e+06 1.288011204451322556e-02 1.050784904509782791e-02 9.246867895126342773e-02 1.288011204451322556e-02 1.050784904509782791e-02 9.246867895126342773e-02
1.387000000000000000e+06 9.149553254246711731e-03 1.048641558736562729e-02 9.150182455778121948e-02 9.149553254246711731e-03 1.048641558736562729e-02 9.150182455778121948e-02
1.388000000000000000e+06 8.622564375400543213e-03 1.050320547074079514e-02 9.067075699567794800e-02 8.622564375400543213e-03 1.050320547074079514e-02 9.067075699567794800e-02
1.389000000000000000e+06 9.514123201370239258e-03 1.050114817917346954e-02 9.220533818006515503e-02 9.514123201370239258e-03 1.050114817917346954e-02 9.220533818006515503e-02
1.390000000000000000e+06 8.861048147082328796e-03 1.049924269318580627e-02 9.181690961122512817e-02 8.861048147082328796e-03 1.049924269318580627e-02 9.181690961122512817e-02
1.391000000000000000e+06 1.266543753445148468e-02 1.047227438539266586e-02 9.325610846281051636e-02 1.266543753445148468e-02 1.047227438539266586e-02 9.325610846281051636e-02
1.392000000000000000e+06 9.874182753264904022e-03 1.045984122902154922e-02 9.295147657394409180e-02 9.874182753264904022e-03 1.045984122902154922e-02 9.295147657394409180e-02
1.393000000000000000e+06 9.469260461628437042e-03 1.050751749426126480e-02 9.252993017435073853e-02 9.469260461628437042e-03 1.050751749426126480e-02 9.252993017435073853e-02
1.394000000000000000e+06 1.096496358513832092e-02 1.049503311514854431e-02 9.356133639812469482e-02 1.096496358513832092e-02 1.049503311514854431e-02 9.356133639812469482e-02
1.395000000000000000e+06 9.945870377123355865e-03 1.046781707555055618e-02 9.127887338399887085e-02 9.945870377123355865e-03 1.046781707555055618e-02 9.127887338399887085e-02
1.396000000000000000e+06 1.031809579581022263e-02 1.048326026648283005e-02 9.183246642351150513e-02 1.031809579581022263e-02 1.048326026648283005e-02 9.183246642351150513e-02
1.397000000000000000e+06 1.080540847033262253e-02 1.053861714899539948e-02 9.124874323606491089e-02 1.080540847033262253e-02 1.053861714899539948e-02 9.124874323606491089e-02
1.398000000000000000e+06 8.845986798405647278e-03 1.048678439110517502e-02 9.150435775518417358e-02 8.845986798405647278e-03 1.048678439110517502e-02 9.150435775518417358e-02
1.399000000000000000e+06 1.063142716884613037e-02 1.046757772564888000e-02 9.226141124963760376e-02 1.063142716884613037e-02 1.046757772564888000e-02 9.226141124963760376e-02
1.400000000000000000e+06 8.960286155343055725e-03 1.047801692038774490e-02 9.155762940645217896e-02 8.960286155343055725e-03 1.047801692038774490e-02 9.155762940645217896e-02
1.401000000000000000e+06 1.057612150907516479e-02 1.048282813280820847e-02 9.183681756258010864e-02 1.057612150907516479e-02 1.048282813280820847e-02 9.183681756258010864e-02
1.402000000000000000e+06 9.777790866792201996e-03 1.049491763114929199e-02 9.151933342218399048e-02 9.777790866792201996e-03 1.049491763114929199e-02 9.151933342218399048e-02
1.403000000000000000e+06 1.091920305043458939e-02 1.048915553838014603e-02 9.204033762216567993e-02 1.091920305043458939e-02 1.048915553838014603e-02 9.204033762216567993e-02
1.404000000000000000e+06 1.051284093409776688e-02 1.043939217925071716e-02 9.117635339498519897e-02 1.051284093409776688e-02 1.043939217925071716e-02 9.117635339498519897e-02
1.405000000000000000e+06 1.006699074059724808e-02 1.048864983022212982e-02 9.124868363142013550e-02 1.006699074059724808e-02 1.048864983022212982e-02 9.124868363142013550e-02
1.406000000000000000e+06 9.520821273326873779e-03 1.048253942281007767e-02 9.166830033063888550e-02 9.520821273326873779e-03 1.048253942281007767e-02 9.166830033063888550e-02
1.407000000000000000e+06 9.983249939978122711e-03 1.044588163495063782e-02 9.104955941438674927e-02 9.983249939978122711e-03 1.044588163495063782e-02 9.104955941438674927e-02
1.408000000000000000e+06 9.915667586028575897e-03 1.052180584520101547e-02 9.169585257768630981e-02 9.915667586028575897e-03 1.052180584520101547e-02 9.169585257768630981e-02
1.409000000000000000e+06 9.731222875416278839e-03 1.050857733935117722e-02 9.102174639701843262e-02 9.731222875416278839e-03 1.050857733935117722e-02 9.102174639701843262e-02
1.410000000000000000e+06 1.263916306197643280e-02 1.046765688806772232e-02 9.093160927295684814e-02 1.263916306197643280e-02 1.046765688806772232e-02 9.093160927295684814e-02
1.411000000000000000e+06 1.067324355244636536e-02 1.047078892588615417e-02 9.178626537322998047e-02 1.067324355244636536e-02 1.047078892588615417e-02 9.178626537322998047e-02
1.412000000000000000e+06 9.292359463870525360e-03 1.049540191888809204e-02 9.026699513196945190e-02 9.292359463870525360e-03 1.049540191888809204e-02 9.026699513196945190e-02
1.413000000000000000e+06 1.007595658302307129e-02 1.051741559058427811e-02 9.087684750556945801e-02 1.007595658302307129e-02 1.051741559058427811e-02 9.087684750556945801e-02
1.414000000000000000e+06 9.830147959291934967e-03 1.048227213323116302e-02 9.080412238836288452e-02 9.830147959291934967e-03 1.048227213323116302e-02 9.080412238836288452e-02
1.415000000000000000e+06 9.666986763477325439e-03 1.049539726227521896e-02 9.120616316795349121e-02 9.666986763477325439e-03 1.049539726227521896e-02 9.120616316795349121e-02
1.416000000000000000e+06 9.591572917997837067e-03 1.048983633518218994e-02 9.023550152778625488e-02 9.591572917997837067e-03 1.048983633518218994e-02 9.023550152778625488e-02
1.417000000000000000e+06 9.796996600925922394e-03 1.047537196427583694e-02 9.091980010271072388e-02 9.796996600925922394e-03 1.047537196427583694e-02 9.091980010271072388e-02
1.418000000000000000e+06 9.477377869188785553e-03 1.049390342086553574e-02 9.172406792640686035e-02 9.477377869188785553e-03 1.049390342086553574e-02 9.172406792640686035e-02
1.419000000000000000e+06 8.972403593361377716e-03 1.047765929251909256e-02 9.025360643863677979e-02 8.972403593361377716e-03 1.047765929251909256e-02 9.025360643863677979e-02
1.420000000000000000e+06 1.017993502318859100e-02 1.051167212426662445e-02 9.074752777814865112e-02 1.017993502318859100e-02 1.051167212426662445e-02 9.074752777814865112e-02
1.421000000000000000e+06 9.225506335496902466e-03 1.047382690012454987e-02 9.118814021348953247e-02 9.225506335496902466e-03 1.047382690012454987e-02 9.118814021348953247e-02
1.422000000000000000e+06 1.052650809288024902e-02 1.049345452338457108e-02 9.103877842426300049e-02 1.052650809288024902e-02 1.049345452338457108e-02 9.103877842426300049e-02
1.423000000000000000e+06 9.803154505789279938e-03 1.045993342995643616e-02 9.202753752470016479e-02 9.803154505789279938e-03 1.045993342995643616e-02 9.202753752470016479e-02
1.424000000000000000e+06 9.226347319781780243e-03 1.049959007650613785e-02 9.041829407215118408e-02 9.226347319781780243e-03 1.049959007650613785e-02 9.041829407215118408e-02
1.425000000000000000e+06 1.034676283597946167e-02 1.047247555106878281e-02 9.059279412031173706e-02 1.034676283597946167e-02 1.047247555106878281e-02 9.059279412031173706e-02
1.426000000000000000e+06 9.531442075967788696e-03 1.048674900084733963e-02 9.044545888900756836e-02 9.531442075967788696e-03 1.048674900084733963e-02 9.044545888900756836e-02
1.427000000000000000e+06 1.177927944809198380e-02 1.048049144446849823e-02 9.122877568006515503e-02 1.177927944809198380e-02 1.048049144446849823e-02 9.122877568006515503e-02
1.428000000000000000e+06 9.837904945015907288e-03 1.050184294581413269e-02 9.006230533123016357e-02 9.837904945015907288e-03 1.050184294581413269e-02 9.006230533123016357e-02
1.429000000000000000e+06 1.035972777754068375e-02 1.048311032354831696e-02 9.001515805721282959e-02 1.035972777754068375e-02 1.048311032354831696e-02 9.001515805721282959e-02
1.430000000000000000e+06 1.163938641548156738e-02 1.045166980475187302e-02 9.119869023561477661e-02 1.163938641548156738e-02 1.045166980475187302e-02 9.119869023561477661e-02
1.431000000000000000e+06 9.446977637708187103e-03 1.047907769680023193e-02 9.068249911069869995e-02 9.446977637708187103e-03 1.047907769680023193e-02 9.068249911069869995e-02
1.432000000000000000e+06 1.072169560939073563e-02 1.045537274330854416e-02 9.168110042810440063e-02 1.072169560939073563e-02 1.045537274330854416e-02 9.168110042810440063e-02
1.433000000000000000e+06 9.784862399101257324e-03 1.051068212836980820e-02 9.091041982173919678e-02 9.784862399101257324e-03 1.051068212836980820e-02 9.091041982173919678e-02
1.434000000000000000e+06 1.118730008602142334e-02 1.051111891865730286e-02 9.092693030834197998e-02 1.118730008602142334e-02 1.051111891865730286e-02 9.092693030834197998e-02
1.435000000000000000e+06 9.663188830018043518e-03 1.047751121222972870e-02 9.122999012470245361e-02 9.663188830018043518e-03 1.047751121222972870e-02 9.122999012470245361e-02
1.436000000000000000e+06 9.816489182412624359e-03 1.047331467270851135e-02 9.008649736642837524e-02 9.816489182412624359e-03 1.047331467270851135e-02 9.008649736642837524e-02
1.437000000000000000e+06 1.010092347860336304e-02 1.049422193318605423e-02 9.329833835363388062e-02 1.010092347860336304e-02 1.049422193318605423e-02 9.329833835363388062e-02
1.438000000000000000e+06 9.183612652122974396e-03 1.046343520283699036e-02 8.911582082509994507e-02 9.183612652122974396e-03 1.046343520283699036e-02 8.911582082509994507e-02
1.439000000000000000e+06 9.521829895675182343e-03 1.049719750881195068e-02 9.142430126667022705e-02 9.521829895675182343e-03 1.049719750881195068e-02 9.142430126667022705e-02
1.440000000000000000e+06 8.653932251036167145e-03 1.048544235527515411e-02 9.046117961406707764e-02 8.653932251036167145e-03 1.048544235527515411e-02 9.046117961406707764e-02
1.441000000000000000e+06 9.319557808339595795e-03 1.047067530453205109e-02 9.010504186153411865e-02 9.319557808339595795e-03 1.047067530453205109e-02 9.010504186153411865e-02
1.442000000000000000e+06 9.070638567209243774e-03 1.050243433564901352e-02 9.026558697223663330e-02 9.070638567209243774e-03 1.050243433564901352e-02 9.026558697223663330e-02
1.443000000000000000e+06 8.653357625007629395e-03 1.047663111239671707e-02 8.960121870040893555e-02 8.653357625007629395e-03 1.047663111239671707e-02 8.960121870040893555e-02
1.444000000000000000e+06 1.104734744876623154e-02 1.046693697571754456e-02 9.039515256881713867e-02 1.104734744876623154e-02 1.046693697571754456e-02 9.039515256881713867e-02
1.445000000000000000e+06 9.022743441164493561e-03 1.047324482351541519e-02 8.991643041372299194e-02 9.022743441164493561e-03 1.047324482351541519e-02 8.991643041372299194e-02
1.446000000000000000e+06 1.002304349094629288e-02 1.047606207430362701e-02 9.021770954132080078e-02 1.002304349094629288e-02 1.047606207430362701e-02 9.021770954132080078e-02
1.447000000000000000e+06 9.828515350818634033e-03 1.051732245832681656e-02 9.098328649997711182e-02 9.828515350818634033e-03 1.051732245832681656e-02 9.098328649997711182e-02
1.448000000000000000e+06 1.055599842220544815e-02 1.048713736236095428e-02 9.033484011888504028e-02 1.055599842220544815e-02 1.048713736236095428e-02 9.033484011888504028e-02
1.449000000000000000e+06 1.267732027918100357e-02 1.049299724400043488e-02 9.171146899461746216e-02 1.267732027918100357e-02 1.049299724400043488e-02 9.171146899461746216e-02
1.450000000000000000e+06 9.786156006157398224e-03 1.043090783059597015e-02 8.968461304903030396e-02 9.786156006157398224e-03 1.043090783059597015e-02 8.968461304903030396e-02
1.451000000000000000e+06 9.911945089697837830e-03 1.047385111451148987e-02 8.997429162263870239e-02 9.911945089697837830e-03 1.047385111451148987e-02 8.997429162263870239e-02
1.452000000000000000e+06 1.015062257647514343e-02 1.049065869301557541e-02 9.136174619197845459e-02 1.015062257647514343e-02 1.049065869301557541e-02 9.136174619197845459e-02
1.453000000000000000e+06 1.060870196670293808e-02 1.045512408018112183e-02 8.996792137622833252e-02 1.060870196670293808e-02 1.045512408018112183e-02 8.996792137622833252e-02
1.454000000000000000e+06 1.024794857949018478e-02 1.046244148164987564e-02 9.009009599685668945e-02 1.024794857949018478e-02 1.046244148164987564e-02 9.009009599685668945e-02
1.455000000000000000e+06 9.704227559268474579e-03 1.045139785856008530e-02 9.030506759881973267e-02 9.704227559268474579e-03 1.045139785856008530e-02 9.030506759881973267e-02
1.456000000000000000e+06 9.470881894230842590e-03 1.046875398606061935e-02 8.934051543474197388e-02 9.470881894230842590e-03 1.046875398606061935e-02 8.934051543474197388e-02
1.457000000000000000e+06 9.094834327697753906e-03 1.046074088662862778e-02 8.883499354124069214e-02 9.094834327697753906e-03 1.046074088662862778e-02 8.883499354124069214e-02
1.458000000000000000e+06 9.591621346771717072e-03 1.044973731040954590e-02 8.958142995834350586e-02 9.591621346771717072e-03 1.044973731040954590e-02 8.958142995834350586e-02
1.459000000000000000e+06 8.903958834707736969e-03 1.046032831072807312e-02 8.935121446847915649e-02 8.903958834707736969e-03 1.046032831072807312e-02 8.935121446847915649e-02
1.460000000000000000e+06 9.292624890804290771e-03 1.045716740190982819e-02 8.958964794874191284e-02 9.292624890804290771e-03 1.045716740190982819e-02 8.958964794874191284e-02
1.461000000000000000e+06 9.227441623806953430e-03 1.044805906713008881e-02 8.998202532529830933e-02 9.227441623806953430e-03 1.044805906713008881e-02 8.998202532529830933e-02
1.462000000000000000e+06 9.598211385309696198e-03 1.047027017921209335e-02 8.954380452632904053e-02 9.598211385309696198e-03 1.047027017921209335e-02 8.954380452632904053e-02
1.463000000000000000e+06 8.987646549940109253e-03 1.050277985632419586e-02 9.008208662271499634e-02 8.987646549940109253e-03 1.050277985632419586e-02 9.008208662271499634e-02
1.464000000000000000e+06 9.804612956941127777e-03 1.048891805112361908e-02 8.990547806024551392e-02 9.804612956941127777e-03 1.048891805112361908e-02 8.990547806024551392e-02
1.465000000000000000e+06 9.884585626423358917e-03 1.048851758241653442e-02 9.046829491853713989e-02 9.884585626423358917e-03 1.048851758241653442e-02 9.046829491853713989e-02
1.466000000000000000e+06 9.371971711516380310e-03 1.047150790691375732e-02 8.960338681936264038e-02 9.371971711516380310e-03 1.047150790691375732e-02 8.960338681936264038e-02
1.467000000000000000e+06 9.366744197905063629e-03 1.048501022160053253e-02 8.888979256153106689e-02 9.366744197905063629e-03 1.048501022160053253e-02 8.888979256153106689e-02
1.468000000000000000e+06 1.041694730520248413e-02 1.045141462236642838e-02 9.035381674766540527e-02 1.041694730520248413e-02 1.045141462236642838e-02 9.035381674766540527e-02
1.469000000000000000e+06 1.011830475181341171e-02 1.049763709306716919e-02 8.983980864286422729e-02 1.011830475181341171e-02 1.049763709306716919e-02 8.983980864286422729e-02
1.470000000000000000e+06 9.414466097950935364e-03 1.047630887478590012e-02 8.925453573465347290e-02 9.414466097950935364e-03 1.047630887478590012e-02 8.925453573465347290e-02
1.471000000000000000e+06 9.182233363389968872e-03 1.044660713523626328e-02 8.958113938570022583e-02 9.182233363389968872e-03 1.044660713523626328e-02 8.958113938570022583e-02
1.472000000000000000e+06 9.299142286181449890e-03 1.049679704010486603e-02 8.948186784982681274e-02 9.299142286181449890e-03 1.049679704010486603e-02 8.948186784982681274e-02
1.473000000000000000e+06 1.138521265238523483e-02 1.045016571879386902e-02 9.144933521747589111e-02 1.138521265238523483e-02 1.045016571879386902e-02 9.144933521747589111e-02
1.474000000000000000e+06 1.063709240406751633e-02 1.047821063548326492e-02 8.876331895589828491e-02 1.063709240406751633e-02 1.047821063548326492e-02 8.876331895589828491e-02
1.475000000000000000e+06 9.643370285630226135e-03 1.047400478273630142e-02 8.918344229459762573e-02 9.643370285630226135e-03 1.047400478273630142e-02 8.918344229459762573e-02
1.476000000000000000e+06 9.655469097197055817e-03 1.048398297280073166e-02 8.976264297962188721e-02 9.655469097197055817e-03 1.048398297280073166e-02 8.976264297962188721e-02
1.477000000000000000e+06 1.180151011794805527e-02 1.044479943811893463e-02 9.062925726175308228e-02 1.180151011794805527e-02 1.044479943811893463e-02 9.062925726175308228e-02
1.478000000000000000e+06 8.808634243905544281e-03 1.047032698988914490e-02 8.899594098329544067e-02 8.808634243905544281e-03 1.047032698988914490e-02 8.899594098329544067e-02
1.479000000000000000e+06 1.000555232167243958e-02 1.048712898045778275e-02 9.031872451305389404e-02 1.000555232167243958e-02 1.048712898045778275e-02 9.031872451305389404e-02
1.480000000000000000e+06 9.877058677375316620e-03 1.045974250882863998e-02 8.914239704608917236e-02 9.877058677375316620e-03 1.045974250882863998e-02 8.914239704608917236e-02
1.481000000000000000e+06 9.529775008559226990e-03 1.047066412866115570e-02 8.887437731027603149e-02 9.529775008559226990e-03 1.047066412866115570e-02 8.887437731027603149e-02
1.482000000000000000e+06 1.171726174652576447e-02 1.048108842223882675e-02 8.928156644105911255e-02 1.171726174652576447e-02 1.048108842223882675e-02 8.928156644105911255e-02
1.483000000000000000e+06 9.248763322830200195e-03 1.046879775822162628e-02 8.956881612539291382e-02 9.248763322830200195e-03 1.046879775822162628e-02 8.956881612539291382e-02
1.484000000000000000e+06 9.647608734667301178e-03 1.046671532094478607e-02 8.873412758111953735e-02 9.647608734667301178e-03 1.046671532094478607e-02 8.873412758111953735e-02
1.485000000000000000e+06 1.140924915671348572e-02 1.046962291002273560e-02 8.852009475231170654e-02 1.140924915671348572e-02 1.046962291002273560e-02 8.852009475231170654e-02
1.486000000000000000e+06 1.078535988926887512e-02 1.048990618437528610e-02 8.936665952205657959e-02 1.078535988926887512e-02 1.048990618437528610e-02 8.936665952205657959e-02
1.487000000000000000e+06 8.922791108489036560e-03 1.045714039355516434e-02 8.888522535562515259e-02 8.922791108489036560e-03 1.045714039355516434e-02 8.888522535562515259e-02
1.488000000000000000e+06 9.637136012315750122e-03 1.046034507453441620e-02 8.875598013401031494e-02 9.637136012315750122e-03 1.046034507453441620e-02 8.875598013401031494e-02
1.489000000000000000e+06 9.827326051890850067e-03 1.044555008411407471e-02 8.791451156139373779e-02 9.827326051890850067e-03 1.044555008411407471e-02 8.791451156139373779e-02
1.490000000000000000e+06 1.136678084731101990e-02 1.046222820878028870e-02 8.848034590482711792e-02 1.136678084731101990e-02 1.046222820878028870e-02 8.848034590482711792e-02
1.491000000000000000e+06 1.084107346832752228e-02 1.043558306992053986e-02 9.098929911851882935e-02 1.084107346832752228e-02 1.043558306992053986e-02 9.098929911851882935e-02
1.492000000000000000e+06 9.286527521908283234e-03 1.045343000441789627e-02 8.941151946783065796e-02 9.286527521908283234e-03 1.045343000441789627e-02 8.941151946783065796e-02
1.493000000000000000e+06 1.019003242254257202e-02 1.047295611351728439e-02 9.054005891084671021e-02 1.019003242254257202e-02 1.047295611351728439e-02 9.054005891084671021e-02
1.494000000000000000e+06 1.066163368523120880e-02 1.047061011195182800e-02 8.971569687128067017e-02 1.066163368523120880e-02 1.047061011195182800e-02 8.971569687128067017e-02
1.495000000000000000e+06 9.658175520598888397e-03 1.045852620154619217e-02 8.849538862705230713e-02 9.658175520598888397e-03 1.045852620154619217e-02 8.849538862705230713e-02
1.496000000000000000e+06 1.038643810898065567e-02 1.044447347521781921e-02 8.852530270814895630e-02 1.038643810898065567e-02 1.044447347521781921e-02 8.852530270814895630e-02
1.497000000000000000e+06 1.151625905185937881e-02 1.041023060679435730e-02 8.895767480134963989e-02 1.151625905185937881e-02 1.041023060679435730e-02 8.895767480134963989e-02
1.498000000000000000e+06 9.995681233704090118e-03 1.046215277165174484e-02 8.997444063425064087e-02 9.995681233704090118e-03 1.046215277165174484e-02 8.997444063425064087e-02
1.499000000000000000e+06 9.238354861736297607e-03 1.043183263391256332e-02 8.929779380559921265e-02 9.238354861736297607e-03 1.043183263391256332e-02 8.929779380559921265e-02
1.500000000000000000e+06 1.143906824290752411e-02 1.040196791291236877e-02 8.997267484664916992e-02 1.143906824290752411e-02 1.040196791291236877e-02 8.997267484664916992e-02
1.501000000000000000e+06 9.197615087032318115e-03 1.044450048357248306e-02 8.880317211151123047e-02 9.197615087032318115e-03 1.044450048357248306e-02 8.880317211151123047e-02
1.502000000000000000e+06 1.067349500954151154e-02 1.046722754836082458e-02 8.966958522796630859e-02 1.067349500954151154e-02 1.046722754836082458e-02 8.966958522796630859e-02
1.503000000000000000e+06 9.444106370210647583e-03 1.042451057583093643e-02 8.804421126842498779e-02 9.444106370210647583e-03 1.042451057583093643e-02 8.804421126842498779e-02
1.504000000000000000e+06 1.050691679120063782e-02 1.045626122504472733e-02 8.859481662511825562e-02 1.050691679120063782e-02 1.045626122504472733e-02 8.859481662511825562e-02
1.505000000000000000e+06 9.481433779001235962e-03 1.040993630886077881e-02 8.824210613965988159e-02 9.481433779001235962e-03 1.040993630886077881e-02 8.824210613965988159e-02
1.506000000000000000e+06 1.135646924376487732e-02 1.043642964214086533e-02 8.997737616300582886e-02 1.135646924376487732e-02 1.043642964214086533e-02 8.997737616300582886e-02
1.507000000000000000e+06 9.861628524959087372e-03 1.044145226478576660e-02 8.919519931077957153e-02 9.861628524959087372e-03 1.044145226478576660e-02 8.919519931077957153e-02
1.508000000000000000e+06 1.026275102049112320e-02 1.042498182505369186e-02 8.951948583126068115e-02 1.026275102049112320e-02 1.042498182505369186e-02 8.951948583126068115e-02
1.509000000000000000e+06 1.150796469300985336e-02 1.044281106442213058e-02 9.320696443319320679e-02 1.150796469300985336e-02 1.044281106442213058e-02 9.320696443319320679e-02
1.510000000000000000e+06 1.003135554492473602e-02 1.044045202434062958e-02 8.849728852510452271e-02 1.003135554492473602e-02 1.044045202434062958e-02 8.849728852510452271e-02
1.511000000000000000e+06 8.933963254094123840e-03 1.044827979058027267e-02 8.795800805091857910e-02 8.933963254094123840e-03 1.044827979058027267e-02 8.795800805091857910e-02
1.512000000000000000e+06 8.546308614313602448e-03 1.045528613030910492e-02 8.865726739168167114e-02 8.546308614313602448e-03 1.045528613030910492e-02 8.865726739168167114e-02
1.513000000000000000e+06 1.097303722053766251e-02 1.040680892765522003e-02 8.808676153421401978e-02 1.097303722053766251e-02 1.040680892765522003e-02 8.808676153421401978e-02
1.514000000000000000e+06 9.484621696174144745e-03 1.043476909399032593e-02 8.819822967052459717e-02 9.484621696174144745e-03 1.043476909399032593e-02 8.819822967052459717e-02
1.515000000000000000e+06 1.018293108791112900e-02 1.044242735952138901e-02 8.904121816158294678e-02 1.018293108791112900e-02 1.044242735952138901e-02 8.904121816158294678e-02
1.516000000000000000e+06 1.033880282193422318e-02 1.046372111886739731e-02 8.829111605882644653e-02 1.033880282193422318e-02 1.046372111886739731e-02 8.829111605882644653e-02
1.517000000000000000e+06 9.221269749104976654e-03 1.044014748185873032e-02 8.944298326969146729e-02 9.221269749104976654e-03 1.044014748185873032e-02 8.944298326969146729e-02
1.518000000000000000e+06 9.826172143220901489e-03 1.049360167235136032e-02 8.958149701356887817e-02 9.826172143220901489e-03 1.049360167235136032e-02 8.958149701356887817e-02
1.519000000000000000e+06 9.233613498508930206e-03 1.045675389468669891e-02 8.790192008018493652e-02 9.233613498508930206e-03 1.045675389468669891e-02 8.790192008018493652e-02
1.520000000000000000e+06 9.772439487278461456e-03 1.045538205653429031e-02 8.818939328193664551e-02 9.772439487278461456e-03 1.045538205653429031e-02 8.818939328193664551e-02
1.521000000000000000e+06 9.971152991056442261e-03 1.043963525444269180e-02 8.809375017881393433e-02 9.971152991056442261e-03 1.043963525444269180e-02 8.809375017881393433e-02
1.522000000000000000e+06 9.575145319104194641e-03 1.043628342449665070e-02 8.794102817773818970e-02 9.575145319104194641e-03 1.043628342449665070e-02 8.794102817773818970e-02
1.523000000000000000e+06 8.719997480511665344e-03 1.042294315993785858e-02 8.754879236221313477e-02 8.719997480511665344e-03 1.042294315993785858e-02 8.754879236221313477e-02
1.524000000000000000e+06 1.112091634422540665e-02 1.044038124382495880e-02 8.934497088193893433e-02 1.112091634422540665e-02 1.044038124382495880e-02 8.934497088193893433e-02
1.525000000000000000e+06 1.043660845607519150e-02 1.044423226267099380e-02 8.808656036853790283e-02 1.043660845607519150e-02 1.044423226267099380e-02 8.808656036853790283e-02
1.526000000000000000e+06 9.502550587058067322e-03 1.043273881077766418e-02 8.844041079282760620e-02 9.502550587058067322e-03 1.043273881077766418e-02 8.844041079282760620e-02
1.527000000000000000e+06 9.567191824316978455e-03 1.044025830924510956e-02 8.843953162431716919e-02 9.567191824316978455e-03 1.044025830924510956e-02 8.843953162431716919e-02
1.528000000000000000e+06 9.153654798865318298e-03 1.042880862951278687e-02 8.715697377920150757e-02 9.153654798865318298e-03 1.042880862951278687e-02 8.715697377920150757e-02
1.529000000000000000e+06 9.489910677075386047e-03 1.041714288294315338e-02 8.768016099929809570e-02 9.489910677075386047e-03 1.041714288294315338e-02 8.768016099929809570e-02
1.530000000000000000e+06 1.056801807135343552e-02 1.042856834828853607e-02 8.813697099685668945e-02 1.056801807135343552e-02 1.042856834828853607e-02 8.813697099685668945e-02
1.531000000000000000e+06 9.824968874454498291e-03 1.045471057295799255e-02 8.770719170570373535e-02 9.824968874454498291e-03 1.045471057295799255e-02 8.770719170570373535e-02
1.532000000000000000e+06 8.750837296247482300e-03 1.043884269893169403e-02 8.834769576787948608e-02 8.750837296247482300e-03 1.043884269893169403e-02 8.834769576787948608e-02
1.533000000000000000e+06 1.069740485399961472e-02 1.048176176846027374e-02 8.832768350839614868e-02 1.069740485399961472e-02 1.048176176846027374e-02 8.832768350839614868e-02
1.534000000000000000e+06 1.030941866338253021e-02 1.042220648378133774e-02 8.818548172712326050e-02 1.030941866338253021e-02 1.042220648378133774e-02 8.818548172712326050e-02
1.535000000000000000e+06 8.971242234110832214e-03 1.041122991591691971e-02 8.730987459421157837e-02 8.971242234110832214e-03 1.041122991591691971e-02 8.730987459421157837e-02
1.536000000000000000e+06 1.262513641268014908e-02 1.047677826136350632e-02 8.739702403545379639e-02 1.262513641268014908e-02 1.047677826136350632e-02 8.739702403545379639e-02
1.537000000000000000e+06 1.086594816297292709e-02 1.041764300316572189e-02 8.806381374597549438e-02 1.086594816297292709e-02 1.041764300316572189e-02 8.806381374597549438e-02
1.538000000000000000e+06 9.696668013930320740e-03 1.043632254004478455e-02 8.810205012559890747e-02 9.696668013930320740e-03 1.043632254004478455e-02 8.810205012559890747e-02
1.539000000000000000e+06 1.003084331750869751e-02 1.045075431466102600e-02 8.877675235271453857e-02 1.003084331750869751e-02 1.045075431466102600e-02 8.877675235271453857e-02
1.540000000000000000e+06 1.200025714933872223e-02 1.043285802006721497e-02 8.827567100524902344e-02 1.200025714933872223e-02 1.043285802006721497e-02 8.827567100524902344e-02
1.541000000000000000e+06 9.741832502186298370e-03 1.040797587484121323e-02 8.919082581996917725e-02 9.741832502186298370e-03 1.040797587484121323e-02 8.919082581996917725e-02
1.542000000000000000e+06 9.703977033495903015e-03 1.044408697634935379e-02 8.749187737703323364e-02 9.703977033495903015e-03 1.044408697634935379e-02 8.749187737703323364e-02
1.543000000000000000e+06 9.855424985289573669e-03 1.043789368122816086e-02 8.855170756578445435e-02 9.855424985289573669e-03 1.043789368122816086e-02 8.855170756578445435e-02
1.544000000000000000e+06 1.041792985051870346e-02 1.045750174671411514e-02 8.776721358299255371e-02 1.041792985051870346e-02 1.045750174671411514e-02 8.776721358299255371e-02
1.545000000000000000e+06 9.107925929129123688e-03 1.043403986841440201e-02 8.692888915538787842e-02 9.107925929129123688e-03 1.043403986841440201e-02 8.692888915538787842e-02
1.546000000000000000e+06 9.588814340531826019e-03 1.044150069355964661e-02 8.777283877134323120e-02 9.588814340531826019e-03 1.044150069355964661e-02 8.777283877134323120e-02
1.547000000000000000e+06 1.036871876567602158e-02 1.046563498675823212e-02 8.772205561399459839e-02 1.036871876567602158e-02 1.046563498675823212e-02 8.772205561399459839e-02
1.548000000000000000e+06 1.072023902088403702e-02 1.041457522660493851e-02 8.807116746902465820e-02 1.072023902088403702e-02 1.041457522660493851e-02 8.807116746902465820e-02
1.549000000000000000e+06 1.055549271404743195e-02 1.042888779193162918e-02 8.971638977527618408e-02 1.055549271404743195e-02 1.042888779193162918e-02 8.971638977527618408e-02
1.550000000000000000e+06 1.210403442382812500e-02 1.040627621114253998e-02 8.776907622814178467e-02 1.210403442382812500e-02 1.040627621114253998e-02 8.776907622814178467e-02
1.551000000000000000e+06 9.881574660539627075e-03 1.044448651373386383e-02 8.715032041072845459e-02 9.881574660539627075e-03 1.044448651373386383e-02 8.715032041072845459e-02
1.552000000000000000e+06 1.299775298684835434e-02 1.046714279800653458e-02 8.788937330245971680e-02 1.299775298684835434e-02 1.046714279800653458e-02 8.788937330245971680e-02
1.553000000000000000e+06 1.237718015909194946e-02 1.043175347149372101e-02 8.930397033691406250e-02 1.237718015909194946e-02 1.043175347149372101e-02 8.930397033691406250e-02
1.554000000000000000e+06 9.622194804251194000e-03 1.043831184506416321e-02 8.750474452972412109e-02 9.622194804251194000e-03 1.043831184506416321e-02 8.750474452972412109e-02
1.555000000000000000e+06 9.388350881636142731e-03 1.043254323303699493e-02 8.744737505912780762e-02 9.388350881636142731e-03 1.043254323303699493e-02 8.744737505912780762e-02
1.556000000000000000e+06 9.757466614246368408e-03 1.042544282972812653e-02 8.695853501558303833e-02 9.757466614246368408e-03 1.042544282972812653e-02 8.695853501558303833e-02
1.557000000000000000e+06 9.272340685129165649e-03 1.043026614934206009e-02 8.813761174678802490e-02 9.272340685129165649e-03 1.043026614934206009e-02 8.813761174678802490e-02
1.558000000000000000e+06 9.380970150232315063e-03 1.046060118824243546e-02 8.728907257318496704e-02 9.380970150232315063e-03 1.046060118824243546e-02 8.728907257318496704e-02
1.559000000000000000e+06 9.503456763923168182e-03 1.042293757200241089e-02 8.708053827285766602e-02 9.503456763923168182e-03 1.042293757200241089e-02 8.708053827285766602e-02
1.560000000000000000e+06 9.140831418335437775e-03 1.038547791540622711e-02 8.704371005296707153e-02 9.140831418335437775e-03 1.038547791540622711e-02 8.704371005296707153e-02
1.561000000000000000e+06 1.029219944030046463e-02 1.039736159145832062e-02 8.800685405731201172e-02 1.029219944030046463e-02 1.039736159145832062e-02 8.800685405731201172e-02
1.562000000000000000e+06 9.014469571411609650e-03 1.040861662477254868e-02 8.681778609752655029e-02 9.014469571411609650e-03 1.040861662477254868e-02 8.681778609752655029e-02
1.563000000000000000e+06 1.035181712359189987e-02 1.045763306319713593e-02 8.826657384634017944e-02 1.035181712359189987e-02 1.045763306319713593e-02 8.826657384634017944e-02
1.564000000000000000e+06 8.889668621122837067e-03 1.041942741721868515e-02 8.837921172380447388e-02 8.889668621122837067e-03 1.041942741721868515e-02 8.837921172380447388e-02
1.565000000000000000e+06 1.093483902513980865e-02 1.038458198308944702e-02 8.751526474952697754e-02 1.093483902513980865e-02 1.038458198308944702e-02 8.751526474952697754e-02
1.566000000000000000e+06 9.431401267647743225e-03 1.042034011334180832e-02 8.644569665193557739e-02 9.431401267647743225e-03 1.042034011334180832e-02 8.644569665193557739e-02
1.567000000000000000e+06 9.693638421595096588e-03 1.042381580919027328e-02 8.742978423833847046e-02 9.693638421595096588e-03 1.042381580919027328e-02 8.742978423833847046e-02
1.568000000000000000e+06 1.085615344345569611e-02 1.039217971265316010e-02 8.717106282711029053e-02 1.085615344345569611e-02 1.039217971265316010e-02 8.717106282711029053e-02
1.569000000000000000e+06 9.055912494659423828e-03 1.042224746197462082e-02 8.642353117465972900e-02 9.055912494659423828e-03 1.042224746197462082e-02 8.642353117465972900e-02
1.570000000000000000e+06 1.051852852106094360e-02 1.043999940156936646e-02 8.723220974206924438e-02 1.051852852106094360e-02 1.043999940156936646e-02 8.723220974206924438e-02
1.571000000000000000e+06 1.055001374334096909e-02 1.042148098349571228e-02 8.635596185922622681e-02 1.055001374334096909e-02 1.042148098349571228e-02 8.635596185922622681e-02
1.572000000000000000e+06 1.032309979200363159e-02 1.041452307254076004e-02 8.639461547136306763e-02 1.032309979200363159e-02 1.041452307254076004e-02 8.639461547136306763e-02
1.573000000000000000e+06 9.063925594091415405e-03 1.043518446385860443e-02 8.667586743831634521e-02 9.063925594091415405e-03 1.043518446385860443e-02 8.667586743831634521e-02
1.574000000000000000e+06 1.028957404196262360e-02 1.040923036634922028e-02 8.668038994073867798e-02 1.028957404196262360e-02 1.040923036634922028e-02 8.668038994073867798e-02
1.575000000000000000e+06 9.084980934858322144e-03 1.043851673603057861e-02 8.632254600524902344e-02 9.084980934858322144e-03 1.043851673603057861e-02 8.632254600524902344e-02
1.576000000000000000e+06 1.034303009510040283e-02 1.038244552910327911e-02 8.700761198997497559e-02 1.034303009510040283e-02 1.038244552910327911e-02 8.700761198997497559e-02
1.577000000000000000e+06 9.412357583642005920e-03 1.041690912097692490e-02 8.702636510133743286e-02 9.412357583642005920e-03 1.041690912097692490e-02 8.702636510133743286e-02
1.578000000000000000e+06 1.155581790953874588e-02 1.040813513100147247e-02 8.724248409271240234e-02 1.155581790953874588e-02 1.040813513100147247e-02 8.724248409271240234e-02
1.579000000000000000e+06 1.051564235240221024e-02 1.042968407273292542e-02 8.801357448101043701e-02 1.051564235240221024e-02 1.042968407273292542e-02 8.801357448101043701e-02
1.580000000000000000e+06 1.144863571971654892e-02 1.041492540389299393e-02 8.822941780090332031e-02 1.144863571971654892e-02 1.041492540389299393e-02 8.822941780090332031e-02
1.581000000000000000e+06 1.000993233174085617e-02 1.042447797954082489e-02 8.728930354118347168e-02 1.000993233174085617e-02 1.042447797954082489e-02 8.728930354118347168e-02
1.582000000000000000e+06 9.839633479714393616e-03 1.045405771583318710e-02 8.645700663328170776e-02 9.839633479714393616e-03 1.045405771583318710e-02 8.645700663328170776e-02
1.583000000000000000e+06 9.908351115882396698e-03 1.044221594929695129e-02 8.662178367376327515e-02 9.908351115882396698e-03 1.044221594929695129e-02 8.662178367376327515e-02
1.584000000000000000e+06 8.900103159248828888e-03 1.041630934923887253e-02 8.647555857896804810e-02 8.900103159248828888e-03 1.041630934923887253e-02 8.647555857896804810e-02
1.585000000000000000e+06 8.706433698534965515e-03 1.043159142136573792e-02 8.656939864158630371e-02 8.706433698534965515e-03 1.043159142136573792e-02 8.656939864158630371e-02
1.586000000000000000e+06 9.143782779574394226e-03 1.039611548185348511e-02 8.577388525009155273e-02 9.143782779574394226e-03 1.039611548185348511e-02 8.577388525009155273e-02
1.587000000000000000e+06 1.137878093868494034e-02 1.041244249790906906e-02 8.646298944950103760e-02 1.137878093868494034e-02 1.041244249790906906e-02 8.646298944950103760e-02
1.588000000000000000e+06 9.806069545447826385e-03 1.041035074740648270e-02 8.646032959222793579e-02 9.806069545447826385e-03 1.041035074740648270e-02 8.646032959222793579e-02
1.589000000000000000e+06 9.692870080471038818e-03 1.042712852358818054e-02 8.637164533138275146e-02 9.692870080471038818e-03 1.042712852358818054e-02 8.637164533138275146e-02
1.590000000000000000e+06 9.305447340011596680e-03 1.044271979480981827e-02 8.661382645368576050e-02 9.305447340011596680e-03 1.044271979480981827e-02 8.661382645368576050e-02
1.591000000000000000e+06 9.422575123608112335e-03 1.039112731814384460e-02 8.696822822093963623e-02 9.422575123608112335e-03 1.039112731814384460e-02 8.696822822093963623e-02
1.592000000000000000e+06 9.902381338179111481e-03 1.038110814988613129e-02 8.606526255607604980e-02 9.902381338179111481e-03 1.038110814988613129e-02 8.606526255607604980e-02
1.593000000000000000e+06 1.002822536975145340e-02 1.039875112473964691e-02 8.677015453577041626e-02 1.002822536975145340e-02 1.039875112473964691e-02 8.677015453577041626e-02
1.594000000000000000e+06 1.194354984909296036e-02 1.040434651076793671e-02 8.605882525444030762e-02 1.194354984909296036e-02 1.040434651076793671e-02 8.605882525444030762e-02
1.595000000000000000e+06 9.833839721977710724e-03 1.042355503886938095e-02 8.814892917871475220e-02 9.833839721977710724e-03 1.042355503886938095e-02 8.814892917871475220e-02
1.596000000000000000e+06 9.517884813249111176e-03 1.039877999573945999e-02 8.657635003328323364e-02 9.517884813249111176e-03 1.039877999573945999e-02 8.657635003328323364e-02
1.597000000000000000e+06 9.499384090304374695e-03 1.040696632117033005e-02 8.653831481933593750e-02 9.499384090304374695e-03 1.040696632117033005e-02 8.653831481933593750e-02
1.598000000000000000e+06 1.013614889234304428e-02 1.041681878268718719e-02 8.719085901975631714e-02 1.013614889234304428e-02 1.041681878268718719e-02 8.719085901975631714e-02
1.599000000000000000e+06 9.643446654081344604e-03 1.037419587373733521e-02 8.583641797304153442e-02 9.643446654081344604e-03 1.037419587373733521e-02 8.583641797304153442e-02
1.600000000000000000e+06 9.880447760224342346e-03 1.043764408677816391e-02 8.758853375911712646e-02 9.880447760224342346e-03 1.043764408677816391e-02 8.758853375911712646e-02
1.601000000000000000e+06 1.030242908746004105e-02 1.041450724005699158e-02 8.725312352180480957e-02 1.030242908746004105e-02 1.041450724005699158e-02 8.725312352180480957e-02
1.602000000000000000e+06 9.841106832027435303e-03 1.040724571794271469e-02 8.627159148454666138e-02 9.841106832027435303e-03 1.040724571794271469e-02 8.627159148454666138e-02
1.603000000000000000e+06 9.865582920610904694e-03 1.040272694081068039e-02 8.672938495874404907e-02 9.865582920610904694e-03 1.040272694081068039e-02 8.672938495874404907e-02
1.604000000000000000e+06 1.009105518460273743e-02 1.038994640111923218e-02 8.630672842264175415e-02 1.009105518460273743e-02 1.038994640111923218e-02 8.630672842264175415e-02
1.605000000000000000e+06 1.049796119332313538e-02 1.042220182716846466e-02 8.544550836086273193e-02 1.049796119332313538e-02 1.042220182716846466e-02 8.544550836086273193e-02
1.606000000000000000e+06 8.656739257276058197e-03 1.042999140918254852e-02 8.798232674598693848e-02 8.656739257276058197e-03 1.042999140918254852e-02 8.798232674598693848e-02
1.607000000000000000e+06 9.031969122588634491e-03 1.039869338274002075e-02 8.704790472984313965e-02 9.031969122588634491e-03 1.039869338274002075e-02 8.704790472984313965e-02
1.608000000000000000e+06 1.149393618106842041e-02 1.044181454926729202e-02 8.624877780675888062e-02 1.149393618106842041e-02 1.044181454926729202e-02 8.624877780675888062e-02
1.609000000000000000e+06 9.356081485748291016e-03 1.041691470891237259e-02 8.603384345769882202e-02 9.356081485748291016e-03 1.041691470891237259e-02 8.603384345769882202e-02
1.610000000000000000e+06 1.026293635368347168e-02 1.039831805974245071e-02 8.725792914628982544e-02 1.026293635368347168e-02 1.039831805974245071e-02 8.725792914628982544e-02
1.611000000000000000e+06 1.056339684873819351e-02 1.043409388512372971e-02 8.562525361776351929e-02 1.056339684873819351e-02 1.043409388512372971e-02 8.562525361776351929e-02
1.612000000000000000e+06 1.130050979554653168e-02 1.041468419134616852e-02 8.739805966615676880e-02 1.130050979554653168e-02 1.041468419134616852e-02 8.739805966615676880e-02
1.613000000000000000e+06 8.803085424005985260e-03 1.040005218237638474e-02 8.608612418174743652e-02 8.803085424005985260e-03 1.040005218237638474e-02 8.608612418174743652e-02
1.614000000000000000e+06 8.769438602030277252e-03 1.042419113218784332e-02 8.513005077838897705e-02 8.769438602030277252e-03 1.042419113218784332e-02 8.513005077838897705e-02
1.615000000000000000e+06 1.106513664126396179e-02 1.041517686098814011e-02 8.688368648290634155e-02 1.106513664126396179e-02 1.041517686098814011e-02 8.688368648290634155e-02
1.616000000000000000e+06 9.658242575824260712e-03 1.041471678763628006e-02 8.920727670192718506e-02 9.658242575824260712e-03 1.041471678763628006e-02 8.920727670192718506e-02
1.617000000000000000e+06 1.031018886715173721e-02 1.040543615818023682e-02 8.589046448469161987e-02 1.031018886715173721e-02 1.040543615818023682e-02 8.589046448469161987e-02
1.618000000000000000e+06 1.029325183480978012e-02 1.039714086800813675e-02 8.690325170755386353e-02 1.029325183480978012e-02 1.039714086800813675e-02 8.690325170755386353e-02
1.619000000000000000e+06 1.058854255825281143e-02 1.040057092905044556e-02 8.565919846296310425e-02 1.058854255825281143e-02 1.040057092905044556e-02 8.565919846296310425e-02
1.620000000000000000e+06 9.474397636950016022e-03 1.044304855167865753e-02 8.558768779039382935e-02 9.474397636950016022e-03 1.044304855167865753e-02 8.558768779039382935e-02
1.621000000000000000e+06 9.553550742566585541e-03 1.042692922055721283e-02 8.545643091201782227e-02 9.553550742566585541e-03 1.042692922055721283e-02 8.545643091201782227e-02
1.622000000000000000e+06 1.028300356119871140e-02 1.042841840535402298e-02 8.618672937154769897e-02 1.028300356119871140e-02 1.042841840535402298e-02 8.618672937154769897e-02
1.623000000000000000e+06 1.106298621743917465e-02 1.043307036161422729e-02 8.565123379230499268e-02 1.106298621743917465e-02 1.043307036161422729e-02 8.565123379230499268e-02
1.624000000000000000e+06 9.118557907640933990e-03 1.040559355169534683e-02 8.510783314704895020e-02 9.118557907640933990e-03 1.040559355169534683e-02 8.510783314704895020e-02
1.625000000000000000e+06 1.003681868314743042e-02 1.042046118527650833e-02 8.478756248950958252e-02 1.003681868314743042e-02 1.042046118527650833e-02 8.478756248950958252e-02
1.626000000000000000e+06 9.991040453314781189e-03 1.039100997149944305e-02 8.550429344177246094e-02 9.991040453314781189e-03 1.039100997149944305e-02 8.550429344177246094e-02
1.627000000000000000e+06 1.037862244993448257e-02 1.042719837278127670e-02 8.637017756700515747e-02 1.037862244993448257e-02 1.042719837278127670e-02 8.637017756700515747e-02
1.628000000000000000e+06 1.082121580839157104e-02 1.042446307837963104e-02 8.548334985971450806e-02 1.082121580839157104e-02 1.042446307837963104e-02 8.548334985971450806e-02
1.629000000000000000e+06 1.054889988154172897e-02 1.039940118789672852e-02 8.590590953826904297e-02 1.054889988154172897e-02 1.039940118789672852e-02 8.590590953826904297e-02
1.630000000000000000e+06 9.683114476501941681e-03 1.038753055036067963e-02 8.662986755371093750e-02 9.683114476501941681e-03 1.038753055036067963e-02 8.662986755371093750e-02
1.631000000000000000e+06 9.834608063101768494e-03 1.039761304855346680e-02 8.535022288560867310e-02 9.834608063101768494e-03 1.039761304855346680e-02 8.535022288560867310e-02
1.632000000000000000e+06 9.636056609451770782e-03 1.039973832666873932e-02 8.554603159427642822e-02 9.636056609451770782e-03 1.039973832666873932e-02 8.554603159427642822e-02
1.633000000000000000e+06 1.072786282747983932e-02 1.041591260582208633e-02 8.631598204374313354e-02 1.072786282747983932e-02 1.041591260582208633e-02 8.631598204374313354e-02
1.634000000000000000e+06 9.143109433352947235e-03 1.038227323442697525e-02 8.505985885858535767e-02 9.143109433352947235e-03 1.038227323442697525e-02 8.505985885858535767e-02
1.635000000000000000e+06 8.704462088644504547e-03 1.039575971662998199e-02 8.534166216850280762e-02 8.704462088644504547e-03 1.039575971662998199e-02 8.534166216850280762e-02
1.636000000000000000e+06 9.420474991202354431e-03 1.039102859795093536e-02 8.619274199008941650e-02 9.420474991202354431e-03 1.039102859795093536e-02 8.619274199008941650e-02
1.637000000000000000e+06 8.446306921541690826e-03 1.042180974036455154e-02 8.568050712347030640e-02 8.446306921541690826e-03 1.042180974036455154e-02 8.568050712347030640e-02
1.638000000000000000e+06 1.238913275301456451e-02 1.040727738291025162e-02 8.735103905200958252e-02 1.238913275301456451e-02 1.040727738291025162e-02 8.735103905200958252e-02
1.639000000000000000e+06 9.570141322910785675e-03 1.038892567157745361e-02 8.560612052679061890e-02 9.570141322910785675e-03 1.038892567157745361e-02 8.560612052679061890e-02
1.640000000000000000e+06 9.132850915193557739e-03 1.039549242705106735e-02 8.558735996484756470e-02 9.132850915193557739e-03 1.039549242705106735e-02 8.558735996484756470e-02
1.641000000000000000e+06 1.007004361599683762e-02 1.043199934065341949e-02 8.477500081062316895e-02 1.007004361599683762e-02 1.043199934065341949e-02 8.477500081062316895e-02
1.642000000000000000e+06 1.007702015340328217e-02 1.040521450340747833e-02 8.582886308431625366e-02 1.007702015340328217e-02 1.040521450340747833e-02 8.582886308431625366e-02
1.643000000000000000e+06 9.471416473388671875e-03 1.043117698282003403e-02 8.523381501436233521e-02 9.471416473388671875e-03 1.043117698282003403e-02 8.523381501436233521e-02
1.644000000000000000e+06 8.732818998396396637e-03 1.040004193782806396e-02 8.475922793149948120e-02 8.732818998396396637e-03 1.040004193782806396e-02 8.475922793149948120e-02
1.645000000000000000e+06 1.040789205580949783e-02 1.042388007044792175e-02 8.460167795419692993e-02 1.040789205580949783e-02 1.042388007044792175e-02 8.460167795419692993e-02
1.646000000000000000e+06 8.903045207262039185e-03 1.037831511348485947e-02 8.475787192583084106e-02 8.903045207262039185e-03 1.037831511348485947e-02 8.475787192583084106e-02
1.647000000000000000e+06 9.658794850111007690e-03 1.042381953448057175e-02 8.506671339273452759e-02 9.658794850111007690e-03 1.042381953448057175e-02 8.506671339273452759e-02
1.648000000000000000e+06 1.027274131774902344e-02 1.042797509580850601e-02 8.502316474914550781e-02 1.027274131774902344e-02 1.042797509580850601e-02 8.502316474914550781e-02
1.649000000000000000e+06 1.018706522881984711e-02 1.038214098662137985e-02 8.586854487657546997e-02 1.018706522881984711e-02 1.038214098662137985e-02 8.586854487657546997e-02
1.650000000000000000e+06 9.132588282227516174e-03 1.040192320942878723e-02 8.425921201705932617e-02 9.132588282227516174e-03 1.040192320942878723e-02 8.425921201705932617e-02
1.651000000000000000e+06 9.007086046040058136e-03 1.042339205741882324e-02 8.537391573190689087e-02 9.007086046040058136e-03 1.042339205741882324e-02 8.537391573190689087e-02
1.652000000000000000e+06 9.950970299541950226e-03 1.038720365613698959e-02 8.530674874782562256e-02 9.950970299541950226e-03 1.038720365613698959e-02 8.530674874782562256e-02
1.653000000000000000e+06 9.417673572897911072e-03 1.041568908840417862e-02 8.492714911699295044e-02 9.417673572897911072e-03 1.041568908840417862e-02 8.492714911699295044e-02
1.654000000000000000e+06 1.036326400935649872e-02 1.037035509943962097e-02 8.472397923469543457e-02 1.036326400935649872e-02 1.037035509943962097e-02 8.472397923469543457e-02
1.655000000000000000e+06 9.793520905077457428e-03 1.038487348705530167e-02 8.507319539785385132e-02 9.793520905077457428e-03 1.038487348705530167e-02 8.507319539785385132e-02
1.656000000000000000e+06 1.029575057327747345e-02 1.044598128646612167e-02 8.703066408634185791e-02 1.029575057327747345e-02 1.044598128646612167e-02 8.703066408634185791e-02
1.657000000000000000e+06 9.476086124777793884e-03 1.039530429989099503e-02 8.551196008920669556e-02 9.476086124777793884e-03 1.039530429989099503e-02 8.551196008920669556e-02
1.658000000000000000e+06 1.075432356446981430e-02 1.039934437721967697e-02 8.526796847581863403e-02 1.075432356446981430e-02 1.039934437721967697e-02 8.526796847581863403e-02
1.659000000000000000e+06 9.487490169703960419e-03 1.039949990808963776e-02 8.584563434123992920e-02 9.487490169703960419e-03 1.039949990808963776e-02 8.584563434123992920e-02
1.660000000000000000e+06 1.011656876653432846e-02 1.042663305997848511e-02 8.516682684421539307e-02 1.011656876653432846e-02 1.042663305997848511e-02 8.516682684421539307e-02
1.661000000000000000e+06 9.234364144504070282e-03 1.041227020323276520e-02 8.521439880132675171e-02 9.234364144504070282e-03 1.041227020323276520e-02 8.521439880132675171e-02
1.662000000000000000e+06 9.750216268002986908e-03 1.043718587607145309e-02 8.532350510358810425e-02 9.750216268002986908e-03 1.043718587607145309e-02 8.532350510358810425e-02
1.663000000000000000e+06 1.085311919450759888e-02 1.040997635573148727e-02 8.530683815479278564e-02 1.085311919450759888e-02 1.040997635573148727e-02 8.530683815479278564e-02
1.664000000000000000e+06 9.740321896970272064e-03 1.038572192192077637e-02 8.575276285409927368e-02 9.740321896970272064e-03 1.038572192192077637e-02 8.575276285409927368e-02
1.665000000000000000e+06 8.539678528904914856e-03 1.040410529822111130e-02 8.442809432744979858e-02 8.539678528904914856e-03 1.040410529822111130e-02 8.442809432744979858e-02
1.666000000000000000e+06 1.001765765249729156e-02 1.038459967821836472e-02 8.457300066947937012e-02 1.001765765249729156e-02 1.038459967821836472e-02 8.457300066947937012e-02
1.667000000000000000e+06 9.809560142457485199e-03 1.042167097330093384e-02 8.536841720342636108e-02 9.809560142457485199e-03 1.042167097330093384e-02 8.536841720342636108e-02
1.668000000000000000e+06 9.223881177604198456e-03 1.042282395064830780e-02 8.502889424562454224e-02 9.223881177604198456e-03 1.042282395064830780e-02 8.502889424562454224e-02
1.669000000000000000e+06 8.858282119035720825e-03 1.040522754192352295e-02 8.534487336874008179e-02 8.858282119035720825e-03 1.040522754192352295e-02 8.534487336874008179e-02
1.670000000000000000e+06 9.072971530258655548e-03 1.042230613529682159e-02 8.466042578220367432e-02 9.072971530258655548e-03 1.042230613529682159e-02 8.466042578220367432e-02
1.671000000000000000e+06 1.050922181457281113e-02 1.036548428237438202e-02 8.561543375253677368e-02 1.050922181457281113e-02 1.036548428237438202e-02 8.561543375253677368e-02
1.672000000000000000e+06 1.047873403877019882e-02 1.039308402687311172e-02 8.517725020647048950e-02 1.047873403877019882e-02 1.039308402687311172e-02 8.517725020647048950e-02
1.673000000000000000e+06 1.315236371010541916e-02 1.039996929466724396e-02 8.476595580577850342e-02 1.315236371010541916e-02 1.039996929466724396e-02 8.476595580577850342e-02
1.674000000000000000e+06 9.428858757019042969e-03 1.037747506052255630e-02 8.485411107540130615e-02 9.428858757019042969e-03 1.037747506052255630e-02 8.485411107540130615e-02
1.675000000000000000e+06 1.020588446408510208e-02 1.037777680903673172e-02 8.550170063972473145e-02 1.020588446408510208e-02 1.037777680903673172e-02 8.550170063972473145e-02
1.676000000000000000e+06 1.228087767958641052e-02 1.039811223745346069e-02 8.611998707056045532e-02 1.228087767958641052e-02 1.039811223745346069e-02 8.611998707056045532e-02
1.677000000000000000e+06 9.498642757534980774e-03 1.041511166840791702e-02 8.512184023857116699e-02 9.498642757534980774e-03 1.041511166840791702e-02 8.512184023857116699e-02
1.678000000000000000e+06 9.051085449755191803e-03 1.041497383266687393e-02 8.372709155082702637e-02 9.051085449755191803e-03 1.041497383266687393e-02 8.372709155082702637e-02
1.679000000000000000e+06 1.031906809657812119e-02 1.038313936442136765e-02 8.474135398864746094e-02 1.031906809657812119e-02 1.038313936442136765e-02 8.474135398864746094e-02
1.680000000000000000e+06 9.024200029671192169e-03 1.038440689444541931e-02 8.567131310701370239e-02 9.024200029671192169e-03 1.038440689444541931e-02 8.567131310701370239e-02
1.681000000000000000e+06 9.772134013473987579e-03 1.041139196604490280e-02 8.437116444110870361e-02 9.772134013473987579e-03 1.041139196604490280e-02 8.437116444110870361e-02
1.682000000000000000e+06 1.057209260761737823e-02 1.041129510849714279e-02 8.470760285854339600e-02 1.057209260761737823e-02 1.041129510849714279e-02 8.470760285854339600e-02
1.683000000000000000e+06 9.392265230417251587e-03 1.037624664604663849e-02 8.432184904813766479e-02 9.392265230417251587e-03 1.037624664604663849e-02 8.432184904813766479e-02
1.684000000000000000e+06 1.068416144698858261e-02 1.038435846567153931e-02 8.471086621284484863e-02 1.068416144698858261e-02 1.038435846567153931e-02 8.471086621284484863e-02
1.685000000000000000e+06 8.677940815687179565e-03 1.040380727499723434e-02 8.464347571134567261e-02 8.677940815687179565e-03 1.040380727499723434e-02 8.464347571134567261e-02
1.686000000000000000e+06 1.020471286028623581e-02 1.040471065789461136e-02 8.599942922592163086e-02 1.020471286028623581e-02 1.040471065789461136e-02 8.599942922592163086e-02
1.687000000000000000e+06 1.090081315487623215e-02 1.042238343507051468e-02 8.453772217035293579e-02 1.090081315487623215e-02 1.042238343507051468e-02 8.453772217035293579e-02
1.688000000000000000e+06 9.037055075168609619e-03 1.039177365601062775e-02 8.373955637216567993e-02 9.037055075168609619e-03 1.039177365601062775e-02 8.373955637216567993e-02
1.689000000000000000e+06 8.909140713512897491e-03 1.040522661060094833e-02 8.427848666906356812e-02 8.909140713512897491e-03 1.040522661060094833e-02 8.427848666906356812e-02
1.690000000000000000e+06 9.173911064863204956e-03 1.042043324559926987e-02 8.462694287300109863e-02 9.173911064863204956e-03 1.042043324559926987e-02 8.462694287300109863e-02
1.691000000000000000e+06 9.483389556407928467e-03 1.037573721259832382e-02 8.389759808778762817e-02 9.483389556407928467e-03 1.037573721259832382e-02 8.389759808778762817e-02
1.692000000000000000e+06 1.012667827308177948e-02 1.036795694380998611e-02 8.452836424112319946e-02 1.012667827308177948e-02 1.036795694380998611e-02 8.452836424112319946e-02
1.693000000000000000e+06 1.014288794249296188e-02 1.041656453162431717e-02 8.441399782896041870e-02 1.014288794249296188e-02 1.041656453162431717e-02 8.441399782896041870e-02
1.694000000000000000e+06 8.827366866171360016e-03 1.041799597442150116e-02 8.374352008104324341e-02 8.827366866171360016e-03 1.041799597442150116e-02 8.374352008104324341e-02
1.695000000000000000e+06 9.520325809717178345e-03 1.039838977158069611e-02 8.338130265474319458e-02 9.520325809717178345e-03 1.039838977158069611e-02 8.338130265474319458e-02
1.696000000000000000e+06 1.007849536836147308e-02 1.042217575013637543e-02 8.419242501258850098e-02 1.007849536836147308e-02 1.042217575013637543e-02 8.419242501258850098e-02
1.697000000000000000e+06 1.063398830592632294e-02 1.043280214071273804e-02 8.498628437519073486e-02 1.063398830592632294e-02 1.043280214071273804e-02 8.498628437519073486e-02
1.698000000000000000e+06 1.038213260471820831e-02 1.044830493628978729e-02 8.393714576959609985e-02 1.038213260471820831e-02 1.044830493628978729e-02 8.393714576959609985e-02
1.699000000000000000e+06 9.587797336280345917e-03 1.042794995009899139e-02 8.389087766408920288e-02 9.587797336280345917e-03 1.042794995009899139e-02 8.389087766408920288e-02
1.700000000000000000e+06 1.098399888724088669e-02 1.042511779814958572e-02 8.407121896743774414e-02 1.098399888724088669e-02 1.042511779814958572e-02 8.407121896743774414e-02
1.701000000000000000e+06 1.008508168160915375e-02 1.038897875696420670e-02 8.392455428838729858e-02 1.008508168160915375e-02 1.038897875696420670e-02 8.392455428838729858e-02
1.702000000000000000e+06 8.335657417774200439e-03 1.041605602949857712e-02 8.310604840517044067e-02 8.335657417774200439e-03 1.041605602949857712e-02 8.310604840517044067e-02
1.703000000000000000e+06 8.981871418654918671e-03 1.042355410754680634e-02 8.353880047798156738e-02 8.981871418654918671e-03 1.042355410754680634e-02 8.353880047798156738e-02
1.704000000000000000e+06 1.228325255215167999e-02 1.041096448898315430e-02 8.354710787534713745e-02 1.228325255215167999e-02 1.041096448898315430e-02 8.354710787534713745e-02
1.705000000000000000e+06 8.734473958611488342e-03 1.042975578457117081e-02 8.358584344387054443e-02 8.734473958611488342e-03 1.042975578457117081e-02 8.358584344387054443e-02
1.706000000000000000e+06 1.021380070596933365e-02 1.043950486928224564e-02 8.481993526220321655e-02 1.021380070596933365e-02 1.043950486928224564e-02 8.481993526220321655e-02
1.707000000000000000e+06 1.002858486026525497e-02 1.040419191122055054e-02 8.350671827793121338e-02 1.002858486026525497e-02 1.040419191122055054e-02 8.350671827793121338e-02
1.708000000000000000e+06 1.028603129088878632e-02 1.038886513561010361e-02 8.435790985822677612e-02 1.028603129088878632e-02 1.038886513561010361e-02 8.435790985822677612e-02
1.709000000000000000e+06 1.012416649609804153e-02 1.034800428897142410e-02 8.395774662494659424e-02 1.012416649609804153e-02 1.034800428897142410e-02 8.395774662494659424e-02
1.710000000000000000e+06 8.253197185695171356e-03 1.038520131260156631e-02 8.362108469009399414e-02 8.253197185695171356e-03 1.038520131260156631e-02 8.362108469009399414e-02
1.711000000000000000e+06 9.094817563891410828e-03 1.041480898857116699e-02 8.322241157293319702e-02 9.094817563891410828e-03 1.041480898857116699e-02 8.322241157293319702e-02
1.712000000000000000e+06 8.582895621657371521e-03 1.039576716721057892e-02 8.402597159147262573e-02 8.582895621657371521e-03 1.039576716721057892e-02 8.402597159147262573e-02
1.713000000000000000e+06 9.631287306547164917e-03 1.040731836110353470e-02 8.438386023044586182e-02 9.631287306547164917e-03 1.040731836110353470e-02 8.438386023044586182e-02
1.714000000000000000e+06 9.570557624101638794e-03 1.042984612286090851e-02 8.474437892436981201e-02 9.570557624101638794e-03 1.042984612286090851e-02 8.474437892436981201e-02
1.715000000000000000e+06 9.734104387462139130e-03 1.042070612311363220e-02 8.354388177394866943e-02 9.734104387462139130e-03 1.042070612311363220e-02 8.354388177394866943e-02
1.716000000000000000e+06 9.363074786961078644e-03 1.040410809218883514e-02 8.413453400135040283e-02 9.363074786961078644e-03 1.040410809218883514e-02 8.413453400135040283e-02
1.717000000000000000e+06 1.047745347023010254e-02 1.041110325604677200e-02 8.368839323520660400e-02 1.047745347023010254e-02 1.041110325604677200e-02 8.368839323520660400e-02
1.718000000000000000e+06 8.714861236512660980e-03 1.040102820843458176e-02 8.330397307872772217e-02 8.714861236512660980e-03 1.040102820843458176e-02 8.330397307872772217e-02
1.719000000000000000e+06 9.194092825055122375e-03 1.039619185030460358e-02 8.320213854312896729e-02 9.194092825055122375e-03 1.039619185030460358e-02 8.320213854312896729e-02
1.720000000000000000e+06 9.062048979103565216e-03 1.043328456580638885e-02 8.389985561370849609e-02 9.062048979103565216e-03 1.043328456580638885e-02 8.389985561370849609e-02
1.721000000000000000e+06 8.822007104754447937e-03 1.041606813669204712e-02 8.427387475967407227e-02 8.822007104754447937e-03 1.041606813669204712e-02 8.427387475967407227e-02
1.722000000000000000e+06 9.319846518337726593e-03 1.039528567343950272e-02 8.460387587547302246e-02 9.319846518337726593e-03 1.039528567343950272e-02 8.460387587547302246e-02
1.723000000000000000e+06 1.033558417111635208e-02 1.038169860839843750e-02 8.381994813680648804e-02 1.033558417111635208e-02 1.038169860839843750e-02 8.381994813680648804e-02
1.724000000000000000e+06 9.594428353011608124e-03 1.036365889012813568e-02 8.384282141923904419e-02 9.594428353011608124e-03 1.036365889012813568e-02 8.384282141923904419e-02
1.725000000000000000e+06 9.567167609930038452e-03 1.040581148117780685e-02 8.376040309667587280e-02 9.567167609930038452e-03 1.040581148117780685e-02 8.376040309667587280e-02
1.726000000000000000e+06 8.734187111258506775e-03 1.041009183973073959e-02 8.274338394403457642e-02 8.734187111258506775e-03 1.041009183973073959e-02 8.274338394403457642e-02
1.727000000000000000e+06 9.853949770331382751e-03 1.042862702161073685e-02 8.351597189903259277e-02 9.853949770331382751e-03 1.042862702161073685e-02 8.351597189903259277e-02
1.728000000000000000e+06 1.064883079379796982e-02 1.041445787996053696e-02 8.427610993385314941e-02 1.064883079379796982e-02 1.041445787996053696e-02 8.427610993385314941e-02
1.729000000000000000e+06 1.078211329877376556e-02 1.042947079986333847e-02 8.344640582799911499e-02 1.078211329877376556e-02 1.042947079986333847e-02 8.344640582799911499e-02
1.730000000000000000e+06 9.446331299841403961e-03 1.042375247925519943e-02 8.302024751901626587e-02 9.446331299841403961e-03 1.042375247925519943e-02 8.302024751901626587e-02
1.731000000000000000e+06 9.836752898991107941e-03 1.039700582623481750e-02 8.408994227647781372e-02 9.836752898991107941e-03 1.039700582623481750e-02 8.408994227647781372e-02
1.732000000000000000e+06 1.060487423092126846e-02 1.041177380830049515e-02 8.396190404891967773e-02 1.060487423092126846e-02 1.041177380830049515e-02 8.396190404891967773e-02
1.733000000000000000e+06 1.110860519111156464e-02 1.039970293641090393e-02 8.465370535850524902e-02 1.110860519111156464e-02 1.039970293641090393e-02 8.465370535850524902e-02
1.734000000000000000e+06 8.906175382435321808e-03 1.039986405521631241e-02 8.485306054353713989e-02 8.906175382435321808e-03 1.039986405521631241e-02 8.485306054353713989e-02
1.735000000000000000e+06 9.991371072828769684e-03 1.039723865687847137e-02 8.374197781085968018e-02 9.991371072828769684e-03 1.039723865687847137e-02 8.374197781085968018e-02
1.736000000000000000e+06 1.032187230885028839e-02 1.037895865738391876e-02 8.474528044462203979e-02 1.032187230885028839e-02 1.037895865738391876e-02 8.474528044462203979e-02
1.737000000000000000e+06 9.636782109737396240e-03 1.043096370995044708e-02 8.374103158712387085e-02 9.636782109737396240e-03 1.043096370995044708e-02 8.374103158712387085e-02
1.738000000000000000e+06 1.003072969615459442e-02 1.040520519018173218e-02 8.368451893329620361e-02 1.003072969615459442e-02 1.040520519018173218e-02 8.368451893329620361e-02
1.739000000000000000e+06 1.048572827130556107e-02 1.045334339141845703e-02 8.299805968999862671e-02 1.048572827130556107e-02 1.045334339141845703e-02 8.299805968999862671e-02
1.740000000000000000e+06 8.243535645306110382e-03 1.039577554911375046e-02 8.254500478506088257e-02 8.243535645306110382e-03 1.039577554911375046e-02 8.254500478506088257e-02
1.741000000000000000e+06 9.834496304392814636e-03 1.042036525905132294e-02 8.197197318077087402e-02 9.834496304392814636e-03 1.042036525905132294e-02 8.197197318077087402e-02
1.742000000000000000e+06 1.005036570131778717e-02 1.041342504322528839e-02 8.413346111774444580e-02 1.005036570131778717e-02 1.041342504322528839e-02 8.413346111774444580e-02
1.743000000000000000e+06 9.010930545628070831e-03 1.040652114897966385e-02 8.239263296127319336e-02 9.010930545628070831e-03 1.040652114897966385e-02 8.239263296127319336e-02
1.744000000000000000e+06 9.394560009241104126e-03 1.042559184134006500e-02 8.323042094707489014e-02 9.394560009241104126e-03 1.042559184134006500e-02 8.323042094707489014e-02
1.745000000000000000e+06 9.179283864796161652e-03 1.041819248348474503e-02 8.290178328752517700e-02 9.179283864796161652e-03 1.041819248348474503e-02 8.290178328752517700e-02
1.746000000000000000e+06 1.009721588343381882e-02 1.042162626981735229e-02 8.379523456096649170e-02 1.009721588343381882e-02 1.042162626981735229e-02 8.379523456096649170e-02
1.747000000000000000e+06 9.703088551759719849e-03 1.038227323442697525e-02 8.303520828485488892e-02 9.703088551759719849e-03 1.038227323442697525e-02 8.303520828485488892e-02
1.748000000000000000e+06 9.783634915947914124e-03 1.040244102478027344e-02 8.282259106636047363e-02 9.783634915947914124e-03 1.040244102478027344e-02 8.282259106636047363e-02
1.749000000000000000e+06 8.838329464197158813e-03 1.041639316827058792e-02 8.458823710680007935e-02 8.838329464197158813e-03 1.041639316827058792e-02 8.458823710680007935e-02
1.750000000000000000e+06 8.681121282279491425e-03 1.044516637921333313e-02 8.284149318933486938e-02 8.681121282279491425e-03 1.044516637921333313e-02 8.284149318933486938e-02
1.751000000000000000e+06 1.001776009798049927e-02 1.041210815310478210e-02 8.429639041423797607e-02 1.001776009798049927e-02 1.041210815310478210e-02 8.429639041423797607e-02
1.752000000000000000e+06 8.763225749135017395e-03 1.041442342102527618e-02 8.305206894874572754e-02 8.763225749135017395e-03 1.041442342102527618e-02 8.305206894874572754e-02
1.753000000000000000e+06 8.427473716437816620e-03 1.040088012814521790e-02 8.315339684486389160e-02 8.427473716437816620e-03 1.040088012814521790e-02 8.315339684486389160e-02
1.754000000000000000e+06 8.959373459219932556e-03 1.040129549801349640e-02 8.273535221815109253e-02 8.959373459219932556e-03 1.040129549801349640e-02 8.273535221815109253e-02
1.755000000000000000e+06 8.388175629079341888e-03 1.040904689580202103e-02 8.240997791290283203e-02 8.388175629079341888e-03 1.040904689580202103e-02 8.240997791290283203e-02
1.756000000000000000e+06 9.402494877576828003e-03 1.041873265057802200e-02 8.304011076688766479e-02 9.402494877576828003e-03 1.041873265057802200e-02 8.304011076688766479e-02
1.757000000000000000e+06 9.178202599287033081e-03 1.042398810386657715e-02 8.267236500978469849e-02 9.178202599287033081e-03 1.042398810386657715e-02 8.267236500978469849e-02
1.758000000000000000e+06 9.414541535079479218e-03 1.043439004570245743e-02 8.265098184347152710e-02 9.414541535079479218e-03 1.043439004570245743e-02 8.265098184347152710e-02
1.759000000000000000e+06 9.646309539675712585e-03 1.043189223855733871e-02 8.258086442947387695e-02 9.646309539675712585e-03 1.043189223855733871e-02 8.258086442947387695e-02
1.760000000000000000e+06 1.172990351915359497e-02 1.039988640695810318e-02 8.363105356693267822e-02 1.172990351915359497e-02 1.039988640695810318e-02 8.363105356693267822e-02
1.761000000000000000e+06 8.909299969673156738e-03 1.039461139589548111e-02 8.228019624948501587e-02 8.909299969673156738e-03 1.039461139589548111e-02 8.228019624948501587e-02
1.762000000000000000e+06 1.045278925448656082e-02 1.038859225809574127e-02 8.373747020959854126e-02 1.045278925448656082e-02 1.038859225809574127e-02 8.373747020959854126e-02
1.763000000000000000e+06 9.313439950346946716e-03 1.039261184632778168e-02 8.277094364166259766e-02 9.313439950346946716e-03 1.039261184632778168e-02 8.277094364166259766e-02
1.764000000000000000e+06 9.049979038536548615e-03 1.042371336370706558e-02 8.305016905069351196e-02 9.049979038536548615e-03 1.042371336370706558e-02 8.305016905069351196e-02
1.765000000000000000e+06 1.028806809335947037e-02 1.042387261986732483e-02 8.407681435346603394e-02 1.028806809335947037e-02 1.042387261986732483e-02 8.407681435346603394e-02
1.766000000000000000e+06 1.079693902283906937e-02 1.040797121822834015e-02 8.303264528512954712e-02 1.079693902283906937e-02 1.040797121822834015e-02 8.303264528512954712e-02
1.767000000000000000e+06 1.031181681901216507e-02 1.042459532618522644e-02 8.311160653829574585e-02 1.031181681901216507e-02 1.042459532618522644e-02 8.311160653829574585e-02
1.768000000000000000e+06 9.131705388426780701e-03 1.041302271187305450e-02 8.368104696273803711e-02 9.131705388426780701e-03 1.041302271187305450e-02 8.368104696273803711e-02
1.769000000000000000e+06 9.697097353637218475e-03 1.040708459913730621e-02 8.331459015607833862e-02 9.697097353637218475e-03 1.040708459913730621e-02 8.331459015607833862e-02
1.770000000000000000e+06 9.135351516306400299e-03 1.040545385330915451e-02 8.309192210435867310e-02 9.135351516306400299e-03 1.040545385330915451e-02 8.309192210435867310e-02
1.771000000000000000e+06 8.137236349284648895e-03 1.043497864156961441e-02 8.292944729328155518e-02 8.137236349284648895e-03 1.043497864156961441e-02 8.292944729328155518e-02
1.772000000000000000e+06 8.951555006206035614e-03 1.042835228145122528e-02 8.218933641910552979e-02 8.951555006206035614e-03 1.042835228145122528e-02 8.218933641910552979e-02
1.773000000000000000e+06 8.777356706559658051e-03 1.045181229710578918e-02 8.267641812562942505e-02 8.777356706559658051e-03 1.045181229710578918e-02 8.267641812562942505e-02
1.774000000000000000e+06 1.069660019129514694e-02 1.042734738439321518e-02 8.266336470842361450e-02 1.069660019129514694e-02 1.042734738439321518e-02 8.266336470842361450e-02
1.775000000000000000e+06 8.375534787774085999e-03 1.042653154581785202e-02 8.244409412145614624e-02 8.375534787774085999e-03 1.042653154581785202e-02 8.244409412145614624e-02
1.776000000000000000e+06 9.520452469587326050e-03 1.041955593973398209e-02 8.247538655996322632e-02 9.520452469587326050e-03 1.041955593973398209e-02 8.247538655996322632e-02
1.777000000000000000e+06 9.851843118667602539e-03 1.044003199785947800e-02 8.279794454574584961e-02 9.851843118667602539e-03 1.044003199785947800e-02 8.279794454574584961e-02
1.778000000000000000e+06 1.054281927645206451e-02 1.040453184396028519e-02 8.435314893722534180e-02 1.054281927645206451e-02 1.040453184396028519e-02 8.435314893722534180e-02
1.779000000000000000e+06 8.350882679224014282e-03 1.042800769209861755e-02 8.325756341218948364e-02 8.350882679224014282e-03 1.042800769209861755e-02 8.325756341218948364e-02
1.780000000000000000e+06 9.397972375154495239e-03 1.045517064630985260e-02 8.340143412351608276e-02 9.397972375154495239e-03 1.045517064630985260e-02 8.340143412351608276e-02
1.781000000000000000e+06 8.499284274876117706e-03 1.042135059833526611e-02 8.405835181474685669e-02 8.499284274876117706e-03 1.042135059833526611e-02 8.405835181474685669e-02
1.782000000000000000e+06 1.003880333155393600e-02 1.043911557644605637e-02 8.192398399114608765e-02 1.003880333155393600e-02 1.043911557644605637e-02 8.192398399114608765e-02
1.783000000000000000e+06 9.239489212632179260e-03 1.041719969362020493e-02 8.231958001852035522e-02 9.239489212632179260e-03 1.041719969362020493e-02 8.231958001852035522e-02
1.784000000000000000e+06 9.517581202089786530e-03 1.042401883751153946e-02 8.310562372207641602e-02 9.517581202089786530e-03 1.042401883751153946e-02 8.310562372207641602e-02
1.785000000000000000e+06 1.026441249996423721e-02 1.040391344577074051e-02 8.319713175296783447e-02 1.026441249996423721e-02 1.040391344577074051e-02 8.319713175296783447e-02
1.786000000000000000e+06 1.054987777024507523e-02 1.041517686098814011e-02 8.215527981519699097e-02 1.054987777024507523e-02 1.041517686098814011e-02 8.215527981519699097e-02
1.787000000000000000e+06 1.127219665795564651e-02 1.043830160051584244e-02 8.300860226154327393e-02 1.127219665795564651e-02 1.043830160051584244e-02 8.300860226154327393e-02
1.788000000000000000e+06 1.065940409898757935e-02 1.038048975169658661e-02 8.265010267496109009e-02 1.065940409898757935e-02 1.038048975169658661e-02 8.265010267496109009e-02
1.789000000000000000e+06 8.777185343205928802e-03 1.040147058665752411e-02 8.164612948894500732e-02 8.777185343205928802e-03 1.040147058665752411e-02 8.164612948894500732e-02
1.790000000000000000e+06 1.035320851951837540e-02 1.044747512787580490e-02 8.284436166286468506e-02 1.035320851951837540e-02 1.044747512787580490e-02 8.284436166286468506e-02
1.791000000000000000e+06 8.561021648347377777e-03 1.040539145469665527e-02 8.132654428482055664e-02 8.561021648347377777e-03 1.040539145469665527e-02 8.132654428482055664e-02
1.792000000000000000e+06 1.161959860473871231e-02 1.044125016778707504e-02 8.249944448471069336e-02 1.161959860473871231e-02 1.044125016778707504e-02 8.249944448471069336e-02
1.793000000000000000e+06 1.022382266819477081e-02 1.043710857629776001e-02 8.264105021953582764e-02 1.022382266819477081e-02 1.043710857629776001e-02 8.264105021953582764e-02
1.794000000000000000e+06 1.172970514744520187e-02 1.043749507516622543e-02 8.210825175046920776e-02 1.172970514744520187e-02 1.043749507516622543e-02 8.210825175046920776e-02
1.795000000000000000e+06 1.023316010832786560e-02 1.042887475341558456e-02 8.260200172662734985e-02 1.023316010832786560e-02 1.042887475341558456e-02 8.260200172662734985e-02
1.796000000000000000e+06 9.295959025621414185e-03 1.043059583753347397e-02 8.176407217979431152e-02 9.295959025621414185e-03 1.043059583753347397e-02 8.176407217979431152e-02
1.797000000000000000e+06 8.792772889137268066e-03 1.042774040251970291e-02 8.226123452186584473e-02 8.792772889137268066e-03 1.042774040251970291e-02 8.226123452186584473e-02
1.798000000000000000e+06 9.306547231972217560e-03 1.045630406588315964e-02 8.162745833396911621e-02 9.306547231972217560e-03 1.045630406588315964e-02 8.162745833396911621e-02
1.799000000000000000e+06 8.366548456251621246e-03 1.044778153300285339e-02 8.157982677221298218e-02 8.366548456251621246e-03 1.044778153300285339e-02 8.157982677221298218e-02
1.800000000000000000e+06 9.155294857919216156e-03 1.042914204299449921e-02 8.224497735500335693e-02 9.155294857919216156e-03 1.042914204299449921e-02 8.224497735500335693e-02
1.801000000000000000e+06 1.053788699209690094e-02 1.042808126658201218e-02 8.208028972148895264e-02 1.053788699209690094e-02 1.042808126658201218e-02 8.208028972148895264e-02
1.802000000000000000e+06 9.517946280539035797e-03 1.043629925698041916e-02 8.202134817838668823e-02 9.517946280539035797e-03 1.043629925698041916e-02 8.202134817838668823e-02
1.803000000000000000e+06 8.133316412568092346e-03 1.044556777924299240e-02 8.144825696945190430e-02 8.133316412568092346e-03 1.044556777924299240e-02 8.144825696945190430e-02
1.804000000000000000e+06 9.865661151707172394e-03 1.041671633720397949e-02 8.373177051544189453e-02 9.865661151707172394e-03 1.041671633720397949e-02 8.373177051544189453e-02
1.805000000000000000e+06 9.506117552518844604e-03 1.045333966612815857e-02 8.200870454311370850e-02 9.506117552518844604e-03 1.045333966612815857e-02 8.200870454311370850e-02
1.806000000000000000e+06 9.115618653595447540e-03 1.042686775326728821e-02 8.225313574075698853e-02 9.115618653595447540e-03 1.042686775326728821e-02 8.225313574075698853e-02
1.807000000000000000e+06 9.547196328639984131e-03 1.041354332119226456e-02 8.298978209495544434e-02 9.547196328639984131e-03 1.041354332119226456e-02 8.298978209495544434e-02
1.808000000000000000e+06 9.279335848987102509e-03 1.039820630103349686e-02 8.212467283010482788e-02 9.279335848987102509e-03 1.039820630103349686e-02 8.212467283010482788e-02
1.809000000000000000e+06 1.094229519367218018e-02 1.048297248780727386e-02 8.388860523700714111e-02 1.094229519367218018e-02 1.048297248780727386e-02 8.388860523700714111e-02
1.810000000000000000e+06 1.084725186228752136e-02 1.041796244680881500e-02 8.259281516075134277e-02 1.084725186228752136e-02 1.041796244680881500e-02 8.259281516075134277e-02
1.811000000000000000e+06 9.873834438621997833e-03 1.044962741434574127e-02 8.194841444492340088e-02 9.873834438621997833e-03 1.044962741434574127e-02 8.194841444492340088e-02
1.812000000000000000e+06 1.091691665351390839e-02 1.042181067168712616e-02 8.184118568897247314e-02 1.091691665351390839e-02 1.042181067168712616e-02 8.184118568897247314e-02
1.813000000000000000e+06 9.433362632989883423e-03 1.042547263205051422e-02 8.223567903041839600e-02 9.433362632989883423e-03 1.042547263205051422e-02 8.223567903041839600e-02
1.814000000000000000e+06 8.982664905488491058e-03 1.042237505316734314e-02 8.300381898880004883e-02 8.982664905488491058e-03 1.042237505316734314e-02 8.300381898880004883e-02
1.815000000000000000e+06 8.364624343812465668e-03 1.045896857976913452e-02 8.114789426326751709e-02 8.364624343812465668e-03 1.045896857976913452e-02 8.114789426326751709e-02
1.816000000000000000e+06 9.575650095939636230e-03 1.047379802912473679e-02 8.329865336418151855e-02 9.575650095939636230e-03 1.047379802912473679e-02 8.329865336418151855e-02
1.817000000000000000e+06 9.591427631676197052e-03 1.042393222451210022e-02 8.171413838863372803e-02 9.591427631676197052e-03 1.042393222451210022e-02 8.171413838863372803e-02
1.818000000000000000e+06 8.417737670242786407e-03 1.047261152416467667e-02 8.201375603675842285e-02 8.417737670242786407e-03 1.047261152416467667e-02 8.201375603675842285e-02
1.819000000000000000e+06 8.556509390473365784e-03 1.042347867041826248e-02 8.140142261981964111e-02 8.556509390473365784e-03 1.042347867041826248e-02 8.140142261981964111e-02
1.820000000000000000e+06 9.242326021194458008e-03 1.045373547822237015e-02 8.146691322326660156e-02 9.242326021194458008e-03 1.045373547822237015e-02 8.146691322326660156e-02
1.821000000000000000e+06 8.406658656895160675e-03 1.042289100587368011e-02 8.189373463392257690e-02 8.406658656895160675e-03 1.042289100587368011e-02 8.189373463392257690e-02
1.822000000000000000e+06 9.243740700185298920e-03 1.044026948511600494e-02 8.226414769887924194e-02 9.243740700185298920e-03 1.044026948511600494e-02 8.226414769887924194e-02
1.823000000000000000e+06 9.830320253968238831e-03 1.046059653162956238e-02 8.201568573713302612e-02 9.830320253968238831e-03 1.046059653162956238e-02 8.201568573713302612e-02
1.824000000000000000e+06 8.936547674238681793e-03 1.045185886323451996e-02 8.228538930416107178e-02 8.936547674238681793e-03 1.045185886323451996e-02 8.228538930416107178e-02
1.825000000000000000e+06 8.165790699422359467e-03 1.041295658797025681e-02 8.109962940216064453e-02 8.165790699422359467e-03 1.041295658797025681e-02 8.109962940216064453e-02
1.826000000000000000e+06 9.616378694772720337e-03 1.043999381363391876e-02 8.287258446216583252e-02 9.616378694772720337e-03 1.043999381363391876e-02 8.287258446216583252e-02
1.827000000000000000e+06 9.050737135112285614e-03 1.046200934797525406e-02 8.198029547929763794e-02 9.050737135112285614e-03 1.046200934797525406e-02 8.198029547929763794e-02
1.828000000000000000e+06 8.645758032798767090e-03 1.045793760567903519e-02 8.071224391460418701e-02 8.645758032798767090e-03 1.045793760567903519e-02 8.071224391460418701e-02
1.829000000000000000e+06 8.850399404764175415e-03 1.047973614186048508e-02 8.126614987850189209e-02 8.850399404764175415e-03 1.047973614186048508e-02 8.126614987850189209e-02
1.830000000000000000e+06 8.357582613825798035e-03 1.045585796236991882e-02 8.103513717651367188e-02 8.357582613825798035e-03 1.045585796236991882e-02 8.103513717651367188e-02
1.831000000000000000e+06 8.670438081026077271e-03 1.043669786304235458e-02 8.251688629388809204e-02 8.670438081026077271e-03 1.043669786304235458e-02 8.251688629388809204e-02
1.832000000000000000e+06 1.098709274083375931e-02 1.042551733553409576e-02 8.298940211534500122e-02 1.098709274083375931e-02 1.042551733553409576e-02 8.298940211534500122e-02
1.833000000000000000e+06 8.668048307299613953e-03 1.042568590492010117e-02 8.084687590599060059e-02 8.668048307299613953e-03 1.042568590492010117e-02 8.084687590599060059e-02
1.834000000000000000e+06 1.221109833568334579e-02 1.045586820691823959e-02 8.397852629423141479e-02 1.221109833568334579e-02 1.045586820691823959e-02 8.397852629423141479e-02
1.835000000000000000e+06 8.785976096987724304e-03 1.045189239084720612e-02 8.054149150848388672e-02 8.785976096987724304e-03 1.045189239084720612e-02 8.054149150848388672e-02
1.836000000000000000e+06 9.813977405428886414e-03 1.045627798885107040e-02 8.253163099288940430e-02 9.813977405428886414e-03 1.045627798885107040e-02 8.253163099288940430e-02
1.837000000000000000e+06 1.061440631747245789e-02 1.042297482490539551e-02 8.203378319740295410e-02 1.061440631747245789e-02 1.042297482490539551e-02 8.203378319740295410e-02
1.838000000000000000e+06 9.041773155331611633e-03 1.047140359878540039e-02 8.118809014558792114e-02 9.041773155331611633e-03 1.047140359878540039e-02 8.118809014558792114e-02
1.839000000000000000e+06 9.122406132519245148e-03 1.045872084796428680e-02 8.079642057418823242e-02 9.122406132519245148e-03 1.045872084796428680e-02 8.079642057418823242e-02
1.840000000000000000e+06 9.109381586313247681e-03 1.044176239520311356e-02 8.038346469402313232e-02 9.109381586313247681e-03 1.044176239520311356e-02 8.038346469402313232e-02
1.841000000000000000e+06 9.592073038220405579e-03 1.044837385416030884e-02 8.105413615703582764e-02 9.592073038220405579e-03 1.044837385416030884e-02 8.105413615703582764e-02
1.842000000000000000e+06 8.990981616079807281e-03 1.047726906836032867e-02 8.182216435670852661e-02 8.990981616079807281e-03 1.047726906836032867e-02 8.182216435670852661e-02
1.843000000000000000e+06 8.776406757533550262e-03 1.044835336506366730e-02 8.203002810478210449e-02 8.776406757533550262e-03 1.044835336506366730e-02 8.203002810478210449e-02
1.844000000000000000e+06 1.002485863864421844e-02 1.041323225945234299e-02 8.127850294113159180e-02 1.002485863864421844e-02 1.041323225945234299e-02 8.127850294113159180e-02
1.845000000000000000e+06 8.744976483285427094e-03 1.045229285955429077e-02 8.121921122074127197e-02 8.744976483285427094e-03 1.045229285955429077e-02 8.121921122074127197e-02
1.846000000000000000e+06 9.481462650001049042e-03 1.044666953384876251e-02 8.187008649110794067e-02 9.481462650001049042e-03 1.044666953384876251e-02 8.187008649110794067e-02
1.847000000000000000e+06 1.057846006006002426e-02 1.040095649659633636e-02 8.164961636066436768e-02 1.057846006006002426e-02 1.040095649659633636e-02 8.164961636066436768e-02
1.848000000000000000e+06 9.107382036745548248e-03 1.043165381997823715e-02 8.086344599723815918e-02 9.107382036745548248e-03 1.043165381997823715e-02 8.086344599723815918e-02
1.849000000000000000e+06 9.802559390664100647e-03 1.049957424402236938e-02 8.103583008050918579e-02 9.802559390664100647e-03 1.049957424402236938e-02 8.103583008050918579e-02
1.850000000000000000e+06 8.651616983115673065e-03 1.044874545186758041e-02 8.039638400077819824e-02 8.651616983115673065e-03 1.044874545186758041e-02 8.039638400077819824e-02
1.851000000000000000e+06 9.156409651041030884e-03 1.041655149310827255e-02 8.042169362306594849e-02 9.156409651041030884e-03 1.041655149310827255e-02 8.042169362306594849e-02
1.852000000000000000e+06 8.378207683563232422e-03 1.044111046940088272e-02 8.016148209571838379e-02 8.378207683563232422e-03 1.044111046940088272e-02 8.016148209571838379e-02
1.853000000000000000e+06 1.081887539476156235e-02 1.041098404675722122e-02 8.152912557125091553e-02 1.081887539476156235e-02 1.041098404675722122e-02 8.152912557125091553e-02
1.854000000000000000e+06 9.188181720674037933e-03 1.043935678899288177e-02 8.090239763259887695e-02 9.188181720674037933e-03 1.043935678899288177e-02 8.090239763259887695e-02
1.855000000000000000e+06 9.382908232510089874e-03 1.044008508324623108e-02 8.097363263368606567e-02 9.382908232510089874e-03 1.044008508324623108e-02 8.097363263368606567e-02
1.856000000000000000e+06 8.960910141468048096e-03 1.042954251170158386e-02 8.145488798618316650e-02 8.960910141468048096e-03 1.042954251170158386e-02 8.145488798618316650e-02
1.857000000000000000e+06 9.921770542860031128e-03 1.045981887727975845e-02 8.027258515357971191e-02 9.921770542860031128e-03 1.045981887727975845e-02 8.027258515357971191e-02
1.858000000000000000e+06 9.336659684777259827e-03 1.048454456031322479e-02 8.122225850820541382e-02 9.336659684777259827e-03 1.048454456031322479e-02 8.122225850820541382e-02
1.859000000000000000e+06 9.137912653386592865e-03 1.043761055916547775e-02 8.170946687459945679e-02 9.137912653386592865e-03 1.043761055916547775e-02 8.170946687459945679e-02
1.860000000000000000e+06 8.111072704195976257e-03 1.046812906861305237e-02 8.122838288545608521e-02 8.111072704195976257e-03 1.046812906861305237e-02 8.122838288545608521e-02
1.861000000000000000e+06 8.135183714330196381e-03 1.047361362725496292e-02 8.022472262382507324e-02 8.135183714330196381e-03 1.047361362725496292e-02 8.022472262382507324e-02
1.862000000000000000e+06 9.102792479097843170e-03 1.044851355254650116e-02 8.067543059587478638e-02 9.102792479097843170e-03 1.044851355254650116e-02 8.067543059587478638e-02
1.863000000000000000e+06 8.626066148281097412e-03 1.048231683671474457e-02 8.141860365867614746e-02 8.626066148281097412e-03 1.048231683671474457e-02 8.141860365867614746e-02
1.864000000000000000e+06 1.093766838312149048e-02 1.048993226140737534e-02 8.098513633012771606e-02 1.093766838312149048e-02 1.048993226140737534e-02 8.098513633012771606e-02
1.865000000000000000e+06 8.475161157548427582e-03 1.047123316675424576e-02 8.071184158325195312e-02 8.475161157548427582e-03 1.047123316675424576e-02 8.071184158325195312e-02
1.866000000000000000e+06 1.163369230926036835e-02 1.048308331519365311e-02 8.141358941793441772e-02 1.163369230926036835e-02 1.048308331519365311e-02 8.141358941793441772e-02
1.867000000000000000e+06 8.754696696996688843e-03 1.046693604439496994e-02 8.127406984567642212e-02 8.754696696996688843e-03 1.046693604439496994e-02 8.127406984567642212e-02
1.868000000000000000e+06 8.246904239058494568e-03 1.044959574937820435e-02 8.043172955513000488e-02 8.246904239058494568e-03 1.044959574937820435e-02 8.043172955513000488e-02
1.869000000000000000e+06 1.153015531599521637e-02 1.048737019300460815e-02 8.031263947486877441e-02 1.153015531599521637e-02 1.048737019300460815e-02 8.031263947486877441e-02
1.870000000000000000e+06 1.039961446076631546e-02 1.046512741595506668e-02 8.081126958131790161e-02 1.039961446076631546e-02 1.046512741595506668e-02 8.081126958131790161e-02
1.871000000000000000e+06 9.278749115765094757e-03 1.048994250595569611e-02 8.034829795360565186e-02 9.278749115765094757e-03 1.048994250595569611e-02 8.034829795360565186e-02
1.872000000000000000e+06 1.010076701641082764e-02 1.047774776816368103e-02 8.121682703495025635e-02 1.010076701641082764e-02 1.047774776816368103e-02 8.121682703495025635e-02
1.873000000000000000e+06 9.460431523621082306e-03 1.048083603382110596e-02 8.179880678653717041e-02 9.460431523621082306e-03 1.048083603382110596e-02 8.179880678653717041e-02
1.874000000000000000e+06 8.975791744887828827e-03 1.046738494187593460e-02 8.159466832876205444e-02 8.975791744887828827e-03 1.046738494187593460e-02 8.159466832876205444e-02
1.875000000000000000e+06 8.710915222764015198e-03 1.048095989972352982e-02 8.001413941383361816e-02 8.710915222764015198e-03 1.048095989972352982e-02 8.001413941383361816e-02
1.876000000000000000e+06 8.713115938007831573e-03 1.044936105608940125e-02 8.040503412485122681e-02 8.713115938007831573e-03 1.044936105608940125e-02 8.040503412485122681e-02
1.877000000000000000e+06 1.090184412896633148e-02 1.049105543643236160e-02 8.152505010366439819e-02 1.090184412896633148e-02 1.049105543643236160e-02 8.152505010366439819e-02
1.878000000000000000e+06 1.055013481527566910e-02 1.047063432633876801e-02 8.134436607360839844e-02 1.055013481527566910e-02 1.047063432633876801e-02 8.134436607360839844e-02
1.879000000000000000e+06 9.194958955049514771e-03 1.049504335969686508e-02 8.160132914781570435e-02 9.194958955049514771e-03 1.049504335969686508e-02 8.160132914781570435e-02
1.880000000000000000e+06 9.886908344924449921e-03 1.050150860100984573e-02 8.116590231657028198e-02 9.886908344924449921e-03 1.050150860100984573e-02 8.116590231657028198e-02
1.881000000000000000e+06 9.472657926380634308e-03 1.047495380043983459e-02 8.113186061382293701e-02 9.472657926380634308e-03 1.047495380043983459e-02 8.113186061382293701e-02
1.882000000000000000e+06 8.744213730096817017e-03 1.046574022620916367e-02 8.004749566316604614e-02 8.744213730096817017e-03 1.046574022620916367e-02 8.004749566316604614e-02
1.883000000000000000e+06 1.014249213039875031e-02 1.050833053886890411e-02 8.146169781684875488e-02 1.014249213039875031e-02 1.050833053886890411e-02 8.146169781684875488e-02
1.884000000000000000e+06 8.736837655305862427e-03 1.048648823052644730e-02 8.000395447015762329e-02 8.736837655305862427e-03 1.048648823052644730e-02 8.000395447015762329e-02
1.885000000000000000e+06 8.963845670223236084e-03 1.048816088587045670e-02 8.077597618103027344e-02 8.963845670223236084e-03 1.048816088587045670e-02 8.077597618103027344e-02
1.886000000000000000e+06 1.054073683917522430e-02 1.048684213310480118e-02 8.107674866914749146e-02 1.054073683917522430e-02 1.048684213310480118e-02 8.107674866914749146e-02
1.887000000000000000e+06 8.322478272020816803e-03 1.049565151333808899e-02 8.147642016410827637e-02 8.322478272020816803e-03 1.049565151333808899e-02 8.147642016410827637e-02
1.888000000000000000e+06 8.928525261580944061e-03 1.047921460121870041e-02 8.134349435567855835e-02 8.928525261580944061e-03 1.047921460121870041e-02 8.134349435567855835e-02
1.889000000000000000e+06 8.966318331658840179e-03 1.044697128236293793e-02 8.049758523702621460e-02 8.966318331658840179e-03 1.044697128236293793e-02 8.049758523702621460e-02
1.890000000000000000e+06 8.857781067490577698e-03 1.046467106789350510e-02 8.091881126165390015e-02 8.857781067490577698e-03 1.046467106789350510e-02 8.091881126165390015e-02
1.891000000000000000e+06 8.563136681914329529e-03 1.047924999147653580e-02 8.036182820796966553e-02 8.563136681914329529e-03 1.047924999147653580e-02 8.036182820796966553e-02
1.892000000000000000e+06 8.710769936442375183e-03 1.049039792269468307e-02 8.061533421277999878e-02 8.710769936442375183e-03 1.049039792269468307e-02 8.061533421277999878e-02
1.893000000000000000e+06 8.222589269280433655e-03 1.046309806406497955e-02 8.012179285287857056e-02 8.222589269280433655e-03 1.046309806406497955e-02 8.012179285287857056e-02
1.894000000000000000e+06 9.904742240905761719e-03 1.046940218657255173e-02 8.132814615964889526e-02 9.904742240905761719e-03 1.046940218657255173e-02 8.132814615964889526e-02
1.895000000000000000e+06 8.558115921914577484e-03 1.048547029495239258e-02 8.001029491424560547e-02 8.558115921914577484e-03 1.048547029495239258e-02 8.001029491424560547e-02
1.896000000000000000e+06 9.389549493789672852e-03 1.049313694238662720e-02 8.122562617063522339e-02 9.389549493789672852e-03 1.049313694238662720e-02 8.122562617063522339e-02
1.897000000000000000e+06 9.696613065898418427e-03 1.050283759832382202e-02 8.100666105747222900e-02 9.696613065898418427e-03 1.050283759832382202e-02 8.100666105747222900e-02
1.898000000000000000e+06 1.307188719511032104e-02 1.048565935343503952e-02 8.058713376522064209e-02 1.307188719511032104e-02 1.048565935343503952e-02 8.058713376522064209e-02
1.899000000000000000e+06 8.940027095377445221e-03 1.046523358672857285e-02 7.993651181459426880e-02 8.940027095377445221e-03 1.046523358672857285e-02 7.993651181459426880e-02
1.900000000000000000e+06 8.843567222356796265e-03 1.048079226166009903e-02 7.940964400768280029e-02 8.843567222356796265e-03 1.048079226166009903e-02 7.940964400768280029e-02
1.901000000000000000e+06 8.211974054574966431e-03 1.049263961613178253e-02 8.003260195255279541e-02 8.211974054574966431e-03 1.049263961613178253e-02 8.003260195255279541e-02
1.902000000000000000e+06 9.804450906813144684e-03 1.048598252236843109e-02 8.143581449985504150e-02 9.804450906813144684e-03 1.048598252236843109e-02 8.143581449985504150e-02
1.903000000000000000e+06 8.794266730546951294e-03 1.049919798970222473e-02 8.041834831237792969e-02 8.794266730546951294e-03 1.049919798970222473e-02 8.041834831237792969e-02
1.904000000000000000e+06 8.684540167450904846e-03 1.048668287694454193e-02 7.938552647829055786e-02 8.684540167450904846e-03 1.048668287694454193e-02 7.938552647829055786e-02
1.905000000000000000e+06 9.099170565605163574e-03 1.047926582396030426e-02 8.018584549427032471e-02 9.099170565605163574e-03 1.047926582396030426e-02 8.018584549427032471e-02
1.906000000000000000e+06 1.020759623497724533e-02 1.047693286091089249e-02 8.062764257192611694e-02 1.020759623497724533e-02 1.047693286091089249e-02 8.062764257192611694e-02
1.907000000000000000e+06 9.532540105283260345e-03 1.046768575906753540e-02 8.064139634370803833e-02 9.532540105283260345e-03 1.046768575906753540e-02 8.064139634370803833e-02
1.908000000000000000e+06 8.234067820012569427e-03 1.050558872520923615e-02 8.034865558147430420e-02 8.234067820012569427e-03 1.050558872520923615e-02 8.034865558147430420e-02
1.909000000000000000e+06 9.004279039800167084e-03 1.046521496027708054e-02 7.956232130527496338e-02 9.004279039800167084e-03 1.046521496027708054e-02 7.956232130527496338e-02
1.910000000000000000e+06 9.347020648419857025e-03 1.046051271259784698e-02 7.944648712873458862e-02 9.347020648419857025e-03 1.046051271259784698e-02 7.944648712873458862e-02
1.911000000000000000e+06 9.325015358626842499e-03 1.047149393707513809e-02 8.064620941877365112e-02 9.325015358626842499e-03 1.047149393707513809e-02 8.064620941877365112e-02
1.912000000000000000e+06 9.275381453335285187e-03 1.049580052495002747e-02 8.068209886550903320e-02 9.275381453335285187e-03 1.049580052495002747e-02 8.068209886550903320e-02
1.913000000000000000e+06 8.988000452518463135e-03 1.050106342881917953e-02 7.952769845724105835e-02 8.988000452518463135e-03 1.050106342881917953e-02 7.952769845724105835e-02
1.914000000000000000e+06 8.637286722660064697e-03 1.048099063336849213e-02 8.001110702753067017e-02 8.637286722660064697e-03 1.048099063336849213e-02 8.001110702753067017e-02
1.915000000000000000e+06 9.663595817983150482e-03 1.043527387082576752e-02 7.971793413162231445e-02 9.663595817983150482e-03 1.043527387082576752e-02 7.971793413162231445e-02
1.916000000000000000e+06 9.450183250010013580e-03 1.048249751329421997e-02 8.013541996479034424e-02 9.450183250010013580e-03 1.048249751329421997e-02 8.013541996479034424e-02
1.917000000000000000e+06 1.106732618063688278e-02 1.052171923220157623e-02 8.107257634401321411e-02 1.106732618063688278e-02 1.052171923220157623e-02 8.107257634401321411e-02
1.918000000000000000e+06 1.021887362003326416e-02 1.046779379248619080e-02 8.165995031595230103e-02 1.021887362003326416e-02 1.046779379248619080e-02 8.165995031595230103e-02
1.919000000000000000e+06 8.939254097640514374e-03 1.051364094018936157e-02 8.008275926113128662e-02 8.939254097640514374e-03 1.051364094018936157e-02 8.008275926113128662e-02
1.920000000000000000e+06 9.753144346177577972e-03 1.054139342159032822e-02 7.930525392293930054e-02 9.753144346177577972e-03 1.054139342159032822e-02 7.930525392293930054e-02
1.921000000000000000e+06 9.425670839846134186e-03 1.045914180576801300e-02 7.980076223611831665e-02 9.425670839846134186e-03 1.045914180576801300e-02 7.980076223611831665e-02
1.922000000000000000e+06 9.730015881359577179e-03 1.050621364265680313e-02 7.962934672832489014e-02 9.730015881359577179e-03 1.050621364265680313e-02 7.962934672832489014e-02
1.923000000000000000e+06 8.041568100452423096e-03 1.050894614309072495e-02 7.935395091772079468e-02 8.041568100452423096e-03 1.050894614309072495e-02 7.935395091772079468e-02
1.924000000000000000e+06 8.890954777598381042e-03 1.046885270625352859e-02 7.944757491350173950e-02 8.890954777598381042e-03 1.046885270625352859e-02 7.944757491350173950e-02
1.925000000000000000e+06 9.460549801588058472e-03 1.048463489860296249e-02 8.007071912288665771e-02 9.460549801588058472e-03 1.048463489860296249e-02 8.007071912288665771e-02
1.926000000000000000e+06 8.653534576296806335e-03 1.048392616212368011e-02 8.021454513072967529e-02 8.653534576296806335e-03 1.048392616212368011e-02 8.021454513072967529e-02
1.927000000000000000e+06 9.145434945821762085e-03 1.049778703600168228e-02 7.944792509078979492e-02 9.145434945821762085e-03 1.049778703600168228e-02 7.944792509078979492e-02
1.928000000000000000e+06 1.049234904348850250e-02 1.045365817844867706e-02 8.019766956567764282e-02 1.049234904348850250e-02 1.045365817844867706e-02 8.019766956567764282e-02
1.929000000000000000e+06 9.103650227189064026e-03 1.050610095262527466e-02 7.985646277666091919e-02 9.103650227189064026e-03 1.050610095262527466e-02 7.985646277666091919e-02
1.930000000000000000e+06 8.758623152971267700e-03 1.044584531337022781e-02 7.921915501356124878e-02 8.758623152971267700e-03 1.044584531337022781e-02 7.921915501356124878e-02
1.931000000000000000e+06 9.172501042485237122e-03 1.050525717437267303e-02 7.913297414779663086e-02 9.172501042485237122e-03 1.050525717437267303e-02 7.913297414779663086e-02
1.932000000000000000e+06 8.089035749435424805e-03 1.047723647207021713e-02 7.960008829832077026e-02 8.089035749435424805e-03 1.047723647207021713e-02 7.960008829832077026e-02
1.933000000000000000e+06 9.634211659431457520e-03 1.053192093968391418e-02 7.980525493621826172e-02 9.634211659431457520e-03 1.053192093968391418e-02 7.980525493621826172e-02
1.934000000000000000e+06 9.195066988468170166e-03 1.045832037925720215e-02 8.013892173767089844e-02 9.195066988468170166e-03 1.045832037925720215e-02 8.013892173767089844e-02
1.935000000000000000e+06 9.248973801732063293e-03 1.053572259843349457e-02 7.879458367824554443e-02 9.248973801732063293e-03 1.053572259843349457e-02 7.879458367824554443e-02
1.936000000000000000e+06 8.299272507429122925e-03 1.049372926354408264e-02 7.927091419696807861e-02 8.299272507429122925e-03 1.049372926354408264e-02 7.927091419696807861e-02
1.937000000000000000e+06 8.755642920732498169e-03 1.050019543617963791e-02 8.106413483619689941e-02 8.755642920732498169e-03 1.050019543617963791e-02 8.106413483619689941e-02
1.938000000000000000e+06 8.774390444159507751e-03 1.048998255282640457e-02 7.889593392610549927e-02 8.774390444159507751e-03 1.048998255282640457e-02 7.889593392610549927e-02
1.939000000000000000e+06 8.348339237272739410e-03 1.049052365124225616e-02 7.948093116283416748e-02 8.348339237272739410e-03 1.049052365124225616e-02 7.948093116283416748e-02
1.940000000000000000e+06 8.931661024689674377e-03 1.051663607358932495e-02 7.885073125362396240e-02 8.931661024689674377e-03 1.051663607358932495e-02 7.885073125362396240e-02
1.941000000000000000e+06 8.418552577495574951e-03 1.050398498773574829e-02 7.989396899938583374e-02 8.418552577495574951e-03 1.050398498773574829e-02 7.989396899938583374e-02
1.942000000000000000e+06 8.897319436073303223e-03 1.052541751414537430e-02 7.922962307929992676e-02 8.897319436073303223e-03 1.052541751414537430e-02 7.922962307929992676e-02
1.943000000000000000e+06 8.608402684330940247e-03 1.052617467939853668e-02 7.948487997055053711e-02 8.608402684330940247e-03 1.052617467939853668e-02 7.948487997055053711e-02
1.944000000000000000e+06 9.321771562099456787e-03 1.048836018890142441e-02 8.073350787162780762e-02 9.321771562099456787e-03 1.048836018890142441e-02 8.073350787162780762e-02
1.945000000000000000e+06 9.165145456790924072e-03 1.049785222858190536e-02 7.982063293457031250e-02 9.165145456790924072e-03 1.049785222858190536e-02 7.982063293457031250e-02
1.946000000000000000e+06 1.203046552836894989e-02 1.050146482884883881e-02 8.079993724822998047e-02 1.203046552836894989e-02 1.050146482884883881e-02 8.079993724822998047e-02
1.947000000000000000e+06 9.893087670207023621e-03 1.046876609325408936e-02 7.952845096588134766e-02 9.893087670207023621e-03 1.046876609325408936e-02 7.952845096588134766e-02
1.948000000000000000e+06 9.876682423055171967e-03 1.050201058387756348e-02 8.091941475868225098e-02 9.876682423055171967e-03 1.050201058387756348e-02 8.091941475868225098e-02
1.949000000000000000e+06 8.968876674771308899e-03 1.054660696536302567e-02 7.904870063066482544e-02 8.968876674771308899e-03 1.054660696536302567e-02 7.904870063066482544e-02
1.950000000000000000e+06 9.355532005429267883e-03 1.049204543232917786e-02 7.988299429416656494e-02 9.355532005429267883e-03 1.049204543232917786e-02 7.988299429416656494e-02
1.951000000000000000e+06 9.312418289482593536e-03 1.049571949988603592e-02 7.984519004821777344e-02 9.312418289482593536e-03 1.049571949988603592e-02 7.984519004821777344e-02
1.952000000000000000e+06 8.356090635061264038e-03 1.055360771715641022e-02 7.926218211650848389e-02 8.356090635061264038e-03 1.055360771715641022e-02 7.926218211650848389e-02
1.953000000000000000e+06 8.985377848148345947e-03 1.049967482686042786e-02 7.997161895036697388e-02 8.985377848148345947e-03 1.049967482686042786e-02 7.997161895036697388e-02
1.954000000000000000e+06 1.045250892639160156e-02 1.050161570310592651e-02 7.951964437961578369e-02 1.045250892639160156e-02 1.050161570310592651e-02 7.951964437961578369e-02
1.955000000000000000e+06 9.612632915377616882e-03 1.052413694560527802e-02 7.978248596191406250e-02 9.612632915377616882e-03 1.052413694560527802e-02 7.978248596191406250e-02
1.956000000000000000e+06 1.046116650104522705e-02 1.048581022769212723e-02 8.018866926431655884e-02 1.046116650104522705e-02 1.048581022769212723e-02 8.018866926431655884e-02
1.957000000000000000e+06 8.788064122200012207e-03 1.053251884877681732e-02 7.913667708635330200e-02 8.788064122200012207e-03 1.053251884877681732e-02 7.913667708635330200e-02
1.958000000000000000e+06 8.639841340482234955e-03 1.052169315516948700e-02 7.909127324819564819e-02 8.639841340482234955e-03 1.052169315516948700e-02 7.909127324819564819e-02
1.959000000000000000e+06 8.679598569869995117e-03 1.050012186169624329e-02 7.974972575902938843e-02 8.679598569869995117e-03 1.050012186169624329e-02 7.974972575902938843e-02
1.960000000000000000e+06 9.225352667272090912e-03 1.049195788800716400e-02 7.973192632198333740e-02 9.225352667272090912e-03 1.049195788800716400e-02 7.973192632198333740e-02
1.961000000000000000e+06 1.010097656399011612e-02 1.051201950758695602e-02 8.126690238714218140e-02 1.010097656399011612e-02 1.051201950758695602e-02 8.126690238714218140e-02
1.962000000000000000e+06 8.580240420997142792e-03 1.048069633543491364e-02 7.891131192445755005e-02 8.580240420997142792e-03 1.048069633543491364e-02 7.891131192445755005e-02
1.963000000000000000e+06 9.194607846438884735e-03 1.048972364515066147e-02 7.963821291923522949e-02 9.194607846438884735e-03 1.048972364515066147e-02 7.963821291923522949e-02
1.964000000000000000e+06 9.676082991063594818e-03 1.055131573230028152e-02 7.919172942638397217e-02 9.676082991063594818e-03 1.055131573230028152e-02 7.919172942638397217e-02
1.965000000000000000e+06 9.144661948084831238e-03 1.053115632385015488e-02 7.920056581497192383e-02 9.144661948084831238e-03 1.053115632385015488e-02 7.920056581497192383e-02
1.966000000000000000e+06 9.803845547139644623e-03 1.052183192223310471e-02 7.910587638616561890e-02 9.803845547139644623e-03 1.052183192223310471e-02 7.910587638616561890e-02
1.967000000000000000e+06 1.067599095404148102e-02 1.054075639694929123e-02 7.927017658948898315e-02 1.067599095404148102e-02 1.054075639694929123e-02 7.927017658948898315e-02
1.968000000000000000e+06 8.959043771028518677e-03 1.051853317767381668e-02 7.974953949451446533e-02 8.959043771028518677e-03 1.051853317767381668e-02 7.974953949451446533e-02
1.969000000000000000e+06 8.089513517916202545e-03 1.051804050803184509e-02 7.940021157264709473e-02 8.089513517916202545e-03 1.051804050803184509e-02 7.940021157264709473e-02
1.970000000000000000e+06 8.173555135726928711e-03 1.052039582282304764e-02 7.940332591533660889e-02 8.173555135726928711e-03 1.052039582282304764e-02 7.940332591533660889e-02
1.971000000000000000e+06 8.635034784674644470e-03 1.053029391914606094e-02 7.928062975406646729e-02 8.635034784674644470e-03 1.053029391914606094e-02 7.928062975406646729e-02
1.972000000000000000e+06 8.087143301963806152e-03 1.049749553203582764e-02 7.836308330297470093e-02 8.087143301963806152e-03 1.049749553203582764e-02 7.836308330297470093e-02
1.973000000000000000e+06 9.497284889221191406e-03 1.045611314475536346e-02 7.940135896205902100e-02 9.497284889221191406e-03 1.045611314475536346e-02 7.940135896205902100e-02
1.974000000000000000e+06 1.006193272769451141e-02 1.050227973610162735e-02 7.982855290174484253e-02 1.006193272769451141e-02 1.050227973610162735e-02 7.982855290174484253e-02
1.975000000000000000e+06 9.727903641760349274e-03 1.048834901303052902e-02 7.909625768661499023e-02 9.727903641760349274e-03 1.048834901303052902e-02 7.909625768661499023e-02
1.976000000000000000e+06 9.380245581269264221e-03 1.048098038882017136e-02 8.000243455171585083e-02 9.380245581269264221e-03 1.048098038882017136e-02 8.000243455171585083e-02
1.977000000000000000e+06 9.486004710197448730e-03 1.052204798907041550e-02 7.931338250637054443e-02 9.486004710197448730e-03 1.052204798907041550e-02 7.931338250637054443e-02
1.978000000000000000e+06 8.919571526348590851e-03 1.051050517708063126e-02 7.856221497058868408e-02 8.919571526348590851e-03 1.051050517708063126e-02 7.856221497058868408e-02
1.979000000000000000e+06 1.076286379247903824e-02 1.058196742087602615e-02 7.962954044342041016e-02 1.076286379247903824e-02 1.058196742087602615e-02 7.962954044342041016e-02
1.980000000000000000e+06 8.397232741117477417e-03 1.052375975996255875e-02 7.922719419002532959e-02 8.397232741117477417e-03 1.052375975996255875e-02 7.922719419002532959e-02
1.981000000000000000e+06 9.725269861519336700e-03 1.050275936722755432e-02 7.944190502166748047e-02 9.725269861519336700e-03 1.050275936722755432e-02 7.944190502166748047e-02
1.982000000000000000e+06 9.716005995869636536e-03 1.054434012621641159e-02 7.805866003036499023e-02 9.716005995869636536e-03 1.054434012621641159e-02 7.805866003036499023e-02
1.983000000000000000e+06 9.455415420234203339e-03 1.049811393022537231e-02 7.849882543087005615e-02 9.455415420234203339e-03 1.049811393022537231e-02 7.849882543087005615e-02
1.984000000000000000e+06 8.463706821203231812e-03 1.051077991724014282e-02 7.975528389215469360e-02 8.463706821203231812e-03 1.051077991724014282e-02 7.975528389215469360e-02
1.985000000000000000e+06 1.131566241383552551e-02 1.050519477576017380e-02 7.954286783933639526e-02 1.131566241383552551e-02 1.050519477576017380e-02 7.954286783933639526e-02
1.986000000000000000e+06 9.819863364100456238e-03 1.050180289894342422e-02 7.880893349647521973e-02 9.819863364100456238e-03 1.050180289894342422e-02 7.880893349647521973e-02
1.987000000000000000e+06 7.990407757461071014e-03 1.052225660532712936e-02 7.861602306365966797e-02 7.990407757461071014e-03 1.052225660532712936e-02 7.861602306365966797e-02
1.988000000000000000e+06 9.473184123635292053e-03 1.050720456987619400e-02 7.812654972076416016e-02 9.473184123635292053e-03 1.050720456987619400e-02 7.812654972076416016e-02
1.989000000000000000e+06 8.140394464135169983e-03 1.053865533322095871e-02 7.883322238922119141e-02 8.140394464135169983e-03 1.053865533322095871e-02 7.883322238922119141e-02
1.990000000000000000e+06 9.942787699401378632e-03 1.053879689425230026e-02 7.972903549671173096e-02 9.942787699401378632e-03 1.053879689425230026e-02 7.972903549671173096e-02
1.991000000000000000e+06 8.980490267276763916e-03 1.052165683358907700e-02 7.851420342922210693e-02 8.980490267276763916e-03 1.052165683358907700e-02 7.851420342922210693e-02
1.992000000000000000e+06 9.510122239589691162e-03 1.049728784710168839e-02 7.933632284402847290e-02 9.510122239589691162e-03 1.049728784710168839e-02 7.933632284402847290e-02
1.993000000000000000e+06 1.012360490858554840e-02 1.046245079487562180e-02 7.922562956809997559e-02 1.012360490858554840e-02 1.046245079487562180e-02 7.922562956809997559e-02
1.994000000000000000e+06 9.920893236994743347e-03 1.054287422448396683e-02 7.824382185935974121e-02 9.920893236994743347e-03 1.054287422448396683e-02 7.824382185935974121e-02
1.995000000000000000e+06 1.050476823002099991e-02 1.051791384816169739e-02 7.928860932588577271e-02 1.050476823002099991e-02 1.051791384816169739e-02 7.928860932588577271e-02
1.996000000000000000e+06 9.097336791455745697e-03 1.053207088261842728e-02 7.910020649433135986e-02 9.097336791455745697e-03 1.053207088261842728e-02 7.910020649433135986e-02
1.997000000000000000e+06 8.754826150834560394e-03 1.051678787916898727e-02 7.870282977819442749e-02 8.754826150834560394e-03 1.051678787916898727e-02 7.870282977819442749e-02
1.998000000000000000e+06 9.198386222124099731e-03 1.054746843874454498e-02 7.911010831594467163e-02 9.198386222124099731e-03 1.054746843874454498e-02 7.911010831594467163e-02
1.999000000000000000e+06 8.590386249125003815e-03 1.052284706383943558e-02 7.888031750917434692e-02 8.590386249125003815e-03 1.052284706383943558e-02 7.888031750917434692e-02
2.000000000000000000e+06 9.324166923761367798e-03 1.049656234681606293e-02 7.896261662244796753e-02 9.324166923761367798e-03 1.049656234681606293e-02 7.896261662244796753e-02
2.001000000000000000e+06 7.804809603840112686e-03 1.050470490008592606e-02 7.802648097276687622e-02 7.804809603840112686e-03 1.050470490008592606e-02 7.802648097276687622e-02
2.002000000000000000e+06 1.035999972373247147e-02 1.053167600184679031e-02 7.835716754198074341e-02 1.035999972373247147e-02 1.053167600184679031e-02 7.835716754198074341e-02
2.003000000000000000e+06 1.102916337549686432e-02 1.056249719113111496e-02 7.982902228832244873e-02 1.102916337549686432e-02 1.056249719113111496e-02 7.982902228832244873e-02
2.004000000000000000e+06 8.394775912165641785e-03 1.054148748517036438e-02 7.952188700437545776e-02 8.394775912165641785e-03 1.054148748517036438e-02 7.952188700437545776e-02
2.005000000000000000e+06 8.341570384800434113e-03 1.053570583462715149e-02 7.834984362125396729e-02 8.341570384800434113e-03 1.053570583462715149e-02 7.834984362125396729e-02
2.006000000000000000e+06 8.705460466444492340e-03 1.055903267115354538e-02 7.913345098495483398e-02 8.705460466444492340e-03 1.055903267115354538e-02 7.913345098495483398e-02
2.007000000000000000e+06 9.976776316761970520e-03 1.056136470288038254e-02 8.010507375001907349e-02 9.976776316761970520e-03 1.056136470288038254e-02 8.010507375001907349e-02
2.008000000000000000e+06 9.804688394069671631e-03 1.047982368618249893e-02 7.947731763124465942e-02 9.804688394069671631e-03 1.047982368618249893e-02 7.947731763124465942e-02
2.009000000000000000e+06 1.031962595880031586e-02 1.055126823484897614e-02 8.002317696809768677e-02 1.031962595880031586e-02 1.055126823484897614e-02 8.002317696809768677e-02
2.010000000000000000e+06 9.613558650016784668e-03 1.052174437791109085e-02 7.872758060693740845e-02 9.613558650016784668e-03 1.052174437791109085e-02 7.872758060693740845e-02
2.011000000000000000e+06 7.319040130823850632e-03 1.052345149219036102e-02 7.812390476465225220e-02 7.319040130823850632e-03 1.052345149219036102e-02 7.812390476465225220e-02
2.012000000000000000e+06 8.542567491531372070e-03 1.054703909903764725e-02 7.775920629501342773e-02 8.542567491531372070e-03 1.054703909903764725e-02 7.775920629501342773e-02
2.013000000000000000e+06 8.789055980741977692e-03 1.054059527814388275e-02 7.876276224851608276e-02 8.789055980741977692e-03 1.054059527814388275e-02 7.876276224851608276e-02
2.014000000000000000e+06 9.077683091163635254e-03 1.055791601538658142e-02 7.854817807674407959e-02 9.077683091163635254e-03 1.055791601538658142e-02 7.854817807674407959e-02
2.015000000000000000e+06 9.719988331198692322e-03 1.055980753153562546e-02 7.897246628999710083e-02 9.719988331198692322e-03 1.055980753153562546e-02 7.897246628999710083e-02
2.016000000000000000e+06 8.627677336335182190e-03 1.051496434956789017e-02 7.814699411392211914e-02 8.627677336335182190e-03 1.051496434956789017e-02 7.814699411392211914e-02
2.017000000000000000e+06 7.627793122082948685e-03 1.052159909158945084e-02 7.796271145343780518e-02 7.627793122082948685e-03 1.052159909158945084e-02 7.796271145343780518e-02
2.018000000000000000e+06 8.938222192227840424e-03 1.048231963068246841e-02 7.839259505271911621e-02 8.938222192227840424e-03 1.048231963068246841e-02 7.839259505271911621e-02
2.019000000000000000e+06 8.006555028259754181e-03 1.053977571427822113e-02 7.802437990903854370e-02 8.006555028259754181e-03 1.053977571427822113e-02 7.802437990903854370e-02
2.020000000000000000e+06 9.285580366849899292e-03 1.052475254982709885e-02 7.938826084136962891e-02 9.285580366849899292e-03 1.052475254982709885e-02 7.938826084136962891e-02
2.021000000000000000e+06 8.791955187916755676e-03 1.052741892635822296e-02 7.789253443479537964e-02 8.791955187916755676e-03 1.052741892635822296e-02 7.789253443479537964e-02
2.022000000000000000e+06 9.273382835090160370e-03 1.049554999917745590e-02 7.880933582782745361e-02 9.273382835090160370e-03 1.049554999917745590e-02 7.880933582782745361e-02
2.023000000000000000e+06 8.754580281674861908e-03 1.049967855215072632e-02 7.769133150577545166e-02 8.754580281674861908e-03 1.049967855215072632e-02 7.769133150577545166e-02
2.024000000000000000e+06 8.572326973080635071e-03 1.055157743394374847e-02 7.913981378078460693e-02 8.572326973080635071e-03 1.055157743394374847e-02 7.913981378078460693e-02
2.025000000000000000e+06 1.056455168873071671e-02 1.054249051958322525e-02 7.973083853721618652e-02 1.056455168873071671e-02 1.054249051958322525e-02 7.973083853721618652e-02
2.026000000000000000e+06 8.333498612046241760e-03 1.053000055253505707e-02 7.970641553401947021e-02 8.333498612046241760e-03 1.053000055253505707e-02 7.970641553401947021e-02
2.027000000000000000e+06 8.775160647928714752e-03 1.056135632097721100e-02 7.834570854902267456e-02 8.775160647928714752e-03 1.056135632097721100e-02 7.834570854902267456e-02
2.028000000000000000e+06 8.139311335980892181e-03 1.051268354058265686e-02 7.779149711132049561e-02 8.139311335980892181e-03 1.051268354058265686e-02 7.779149711132049561e-02
2.029000000000000000e+06 8.725485764443874359e-03 1.054157689213752747e-02 7.837433367967605591e-02 8.725485764443874359e-03 1.054157689213752747e-02 7.837433367967605591e-02
2.030000000000000000e+06 8.249593898653984070e-03 1.057247165590524673e-02 7.825987040996551514e-02 8.249593898653984070e-03 1.057247165590524673e-02 7.825987040996551514e-02
2.031000000000000000e+06 8.448187261819839478e-03 1.055577397346496582e-02 7.825038582086563110e-02 8.448187261819839478e-03 1.055577397346496582e-02 7.825038582086563110e-02
2.032000000000000000e+06 8.450364693999290466e-03 1.052558794617652893e-02 7.882977277040481567e-02 8.450364693999290466e-03 1.052558794617652893e-02 7.882977277040481567e-02
2.033000000000000000e+06 8.690618909895420074e-03 1.052470132708549500e-02 7.859420776367187500e-02 8.690618909895420074e-03 1.052470132708549500e-02 7.859420776367187500e-02
2.034000000000000000e+06 9.493258781731128693e-03 1.050733216106891632e-02 7.859831303358078003e-02 9.493258781731128693e-03 1.050733216106891632e-02 7.859831303358078003e-02
2.035000000000000000e+06 7.853414863348007202e-03 1.052483730018138885e-02 7.796367257833480835e-02 7.853414863348007202e-03 1.052483730018138885e-02 7.796367257833480835e-02
2.036000000000000000e+06 8.676411584019660950e-03 1.050546579062938690e-02 7.949214428663253784e-02 8.676411584019660950e-03 1.050546579062938690e-02 7.949214428663253784e-02
2.037000000000000000e+06 8.684541098773479462e-03 1.053507532924413681e-02 7.829295098781585693e-02 8.684541098773479462e-03 1.053507532924413681e-02 7.829295098781585693e-02
2.038000000000000000e+06 8.994003757834434509e-03 1.054280251264572144e-02 7.774934917688369751e-02 8.994003757834434509e-03 1.054280251264572144e-02 7.774934917688369751e-02
2.039000000000000000e+06 1.050791703164577484e-02 1.058234181255102158e-02 7.823402434587478638e-02 1.050791703164577484e-02 1.058234181255102158e-02 7.823402434587478638e-02
2.040000000000000000e+06 8.217192254960536957e-03 1.050869282335042953e-02 7.864683121442794800e-02 8.217192254960536957e-03 1.050869282335042953e-02 7.864683121442794800e-02
2.041000000000000000e+06 9.452963247895240784e-03 1.054371520876884460e-02 7.823426276445388794e-02 9.452963247895240784e-03 1.054371520876884460e-02 7.823426276445388794e-02
2.042000000000000000e+06 9.015584364533424377e-03 1.056588906794786453e-02 7.813122868537902832e-02 9.015584364533424377e-03 1.056588906794786453e-02 7.813122868537902832e-02
2.043000000000000000e+06 1.008634269237518311e-02 1.053525228053331375e-02 7.845186442136764526e-02 1.008634269237518311e-02 1.053525228053331375e-02 7.845186442136764526e-02
2.044000000000000000e+06 8.278324268758296967e-03 1.051376480609178543e-02 7.723022997379302979e-02 8.278324268758296967e-03 1.051376480609178543e-02 7.723022997379302979e-02
2.045000000000000000e+06 8.057097904384136200e-03 1.055452600121498108e-02 7.713430374860763550e-02 8.057097904384136200e-03 1.055452600121498108e-02 7.713430374860763550e-02
2.046000000000000000e+06 1.145116891711950302e-02 1.052572671324014664e-02 7.850297540426254272e-02 1.145116891711950302e-02 1.052572671324014664e-02 7.850297540426254272e-02
2.047000000000000000e+06 8.517570793628692627e-03 1.052703335881233215e-02 7.829778641462326050e-02 8.517570793628692627e-03 1.052703335881233215e-02 7.829778641462326050e-02
2.048000000000000000e+06 9.283714927732944489e-03 1.051839906722307205e-02 7.791154086589813232e-02 9.283714927732944489e-03 1.051839906722307205e-02 7.791154086589813232e-02
2.049000000000000000e+06 8.797591552138328552e-03 1.053766999393701553e-02 7.720711082220077515e-02 8.797591552138328552e-03 1.053766999393701553e-02 7.720711082220077515e-02
2.050000000000000000e+06 7.855471223592758179e-03 1.055168919265270233e-02 7.760576903820037842e-02 7.855471223592758179e-03 1.055168919265270233e-02 7.760576903820037842e-02
2.051000000000000000e+06 9.095455519855022430e-03 1.055319234728813171e-02 7.785749435424804688e-02 9.095455519855022430e-03 1.055319234728813171e-02 7.785749435424804688e-02
2.052000000000000000e+06 9.035962633788585663e-03 1.055293064564466476e-02 7.783956825733184814e-02 9.035962633788585663e-03 1.055293064564466476e-02 7.783956825733184814e-02
2.053000000000000000e+06 8.533553220331668854e-03 1.052758749574422836e-02 7.753174006938934326e-02 8.533553220331668854e-03 1.052758749574422836e-02 7.753174006938934326e-02
2.054000000000000000e+06 9.602959267795085907e-03 1.054452639073133469e-02 7.760761678218841553e-02 9.602959267795085907e-03 1.054452639073133469e-02 7.760761678218841553e-02
2.055000000000000000e+06 9.156306274235248566e-03 1.053835079073905945e-02 7.838165760040283203e-02 9.156306274235248566e-03 1.053835079073905945e-02 7.838165760040283203e-02
2.056000000000000000e+06 9.405850432813167572e-03 1.055393926799297333e-02 7.770244032144546509e-02 9.405850432813167572e-03 1.055393926799297333e-02 7.770244032144546509e-02
2.057000000000000000e+06 1.047722063958644867e-02 1.048713922500610352e-02 7.806232571601867676e-02 1.047722063958644867e-02 1.048713922500610352e-02 7.806232571601867676e-02
2.058000000000000000e+06 8.767569437623023987e-03 1.054553873836994171e-02 7.819651067256927490e-02 8.767569437623023987e-03 1.054553873836994171e-02 7.819651067256927490e-02
2.059000000000000000e+06 8.395990356802940369e-03 1.054368261247873306e-02 7.716508954763412476e-02 8.395990356802940369e-03 1.054368261247873306e-02 7.716508954763412476e-02
2.060000000000000000e+06 9.430320002138614655e-03 1.053596381098031998e-02 7.764837890863418579e-02 9.430320002138614655e-03 1.053596381098031998e-02 7.764837890863418579e-02
2.061000000000000000e+06 9.188812226057052612e-03 1.053643133491277695e-02 7.765654474496841431e-02 9.188812226057052612e-03 1.053643133491277695e-02 7.765654474496841431e-02
2.062000000000000000e+06 8.315118961036205292e-03 1.056600082665681839e-02 7.715959101915359497e-02 8.315118961036205292e-03 1.056600082665681839e-02 7.715959101915359497e-02
2.063000000000000000e+06 8.415556512773036957e-03 1.056728046387434006e-02 7.808034867048263550e-02 8.415556512773036957e-03 1.056728046387434006e-02 7.808034867048263550e-02
2.064000000000000000e+06 1.298080850392580032e-02 1.048357971012592316e-02 7.955115288496017456e-02 1.298080850392580032e-02 1.048357971012592316e-02 7.955115288496017456e-02
2.065000000000000000e+06 7.886712439358234406e-03 1.055804546922445297e-02 7.695976644754409790e-02 7.886712439358234406e-03 1.055804546922445297e-02 7.695976644754409790e-02
2.066000000000000000e+06 8.549560792744159698e-03 1.054031122475862503e-02 7.856031507253646851e-02 8.549560792744159698e-03 1.054031122475862503e-02 7.856031507253646851e-02
2.067000000000000000e+06 8.837206289172172546e-03 1.053907442837953568e-02 7.833685725927352905e-02 8.837206289172172546e-03 1.053907442837953568e-02 7.833685725927352905e-02
2.068000000000000000e+06 9.038095362484455109e-03 1.056788954883813858e-02 7.746213674545288086e-02 9.038095362484455109e-03 1.056788954883813858e-02 7.746213674545288086e-02
2.069000000000000000e+06 1.150955911725759506e-02 1.053610723465681076e-02 7.915274798870086670e-02 1.150955911725759506e-02 1.053610723465681076e-02 7.915274798870086670e-02
2.070000000000000000e+06 9.162447415292263031e-03 1.052661705762147903e-02 7.810845226049423218e-02 9.162447415292263031e-03 1.052661705762147903e-02 7.810845226049423218e-02
2.071000000000000000e+06 9.898582473397254944e-03 1.049767434597015381e-02 7.898018509149551392e-02 9.898582473397254944e-03 1.049767434597015381e-02 7.898018509149551392e-02
2.072000000000000000e+06 9.942632168531417847e-03 1.053533703088760376e-02 7.770016044378280640e-02 9.942632168531417847e-03 1.053533703088760376e-02 7.770016044378280640e-02
2.073000000000000000e+06 1.072726678103208542e-02 1.052723918110132217e-02 7.988081127405166626e-02 1.072726678103208542e-02 1.052723918110132217e-02 7.988081127405166626e-02
2.074000000000000000e+06 8.482934907078742981e-03 1.057720091193914413e-02 7.754957675933837891e-02 8.482934907078742981e-03 1.057720091193914413e-02 7.754957675933837891e-02
2.075000000000000000e+06 9.419487789273262024e-03 1.055247336626052856e-02 7.775986939668655396e-02 9.419487789273262024e-03 1.055247336626052856e-02 7.775986939668655396e-02
2.076000000000000000e+06 9.356019087135791779e-03 1.051713433116674423e-02 7.760494202375411987e-02 9.356019087135791779e-03 1.051713433116674423e-02 7.760494202375411987e-02
2.077000000000000000e+06 8.390499278903007507e-03 1.053929794579744339e-02 7.807568460702896118e-02 8.390499278903007507e-03 1.053929794579744339e-02 7.807568460702896118e-02
2.078000000000000000e+06 7.845638319849967957e-03 1.059048157185316086e-02 7.760858535766601562e-02 7.845638319849967957e-03 1.059048157185316086e-02 7.760858535766601562e-02
2.079000000000000000e+06 7.755503989756107330e-03 1.050964649766683578e-02 7.766734063625335693e-02 7.755503989756107330e-03 1.050964649766683578e-02 7.766734063625335693e-02
2.080000000000000000e+06 7.666083984076976776e-03 1.057572290301322937e-02 7.639028877019882202e-02 7.666083984076976776e-03 1.057572290301322937e-02 7.639028877019882202e-02
2.081000000000000000e+06 9.465203620493412018e-03 1.056159287691116333e-02 7.734072208404541016e-02 9.465203620493412018e-03 1.056159287691116333e-02 7.734072208404541016e-02
2.082000000000000000e+06 8.569674566388130188e-03 1.058582216501235962e-02 7.685234397649765015e-02 8.569674566388130188e-03 1.058582216501235962e-02 7.685234397649765015e-02
2.083000000000000000e+06 9.161829948425292969e-03 1.054702606052160263e-02 7.809974998235702515e-02 9.161829948425292969e-03 1.054702606052160263e-02 7.809974998235702515e-02
2.084000000000000000e+06 8.249998092651367188e-03 1.055179256945848465e-02 7.690269500017166138e-02 8.249998092651367188e-03 1.055179256945848465e-02 7.690269500017166138e-02
2.085000000000000000e+06 8.379348553717136383e-03 1.056860201060771942e-02 7.672005146741867065e-02 8.379348553717136383e-03 1.056860201060771942e-02 7.672005146741867065e-02
2.086000000000000000e+06 8.329316973686218262e-03 1.054617576301097870e-02 7.771214097738265991e-02 8.329316973686218262e-03 1.054617576301097870e-02 7.771214097738265991e-02
2.087000000000000000e+06 8.999938145279884338e-03 1.055340841412544250e-02 7.686755061149597168e-02 8.999938145279884338e-03 1.055340841412544250e-02 7.686755061149597168e-02
2.088000000000000000e+06 9.594188071787357330e-03 1.055327802896499634e-02 7.820308953523635864e-02 9.594188071787357330e-03 1.055327802896499634e-02 7.820308953523635864e-02
2.089000000000000000e+06 8.697299286723136902e-03 1.054066698998212814e-02 7.730776816606521606e-02 8.697299286723136902e-03 1.054066698998212814e-02 7.730776816606521606e-02
2.090000000000000000e+06 1.062675099819898605e-02 1.056485902518033981e-02 7.825564593076705933e-02 1.062675099819898605e-02 1.056485902518033981e-02 7.825564593076705933e-02
2.091000000000000000e+06 9.588517248630523682e-03 1.052855234593153000e-02 7.893258333206176758e-02 9.588517248630523682e-03 1.052855234593153000e-02 7.893258333206176758e-02
2.092000000000000000e+06 9.409532882273197174e-03 1.053911261260509491e-02 7.749288529157638550e-02 9.409532882273197174e-03 1.053911261260509491e-02 7.749288529157638550e-02
2.093000000000000000e+06 7.985324598848819733e-03 1.057113893330097198e-02 7.654609531164169312e-02 7.985324598848819733e-03 1.057113893330097198e-02 7.654609531164169312e-02
2.094000000000000000e+06 8.616995066404342651e-03 1.056029461324214935e-02 7.812779396772384644e-02 8.616995066404342651e-03 1.056029461324214935e-02 7.812779396772384644e-02
2.095000000000000000e+06 7.964680902659893036e-03 1.057307608425617218e-02 7.722333073616027832e-02 7.964680902659893036e-03 1.057307608425617218e-02 7.722333073616027832e-02
2.096000000000000000e+06 7.948129437863826752e-03 1.055945549160242081e-02 7.671020179986953735e-02 7.948129437863826752e-03 1.055945549160242081e-02 7.671020179986953735e-02
2.097000000000000000e+06 8.607071824371814728e-03 1.057872734963893890e-02 7.695903629064559937e-02 8.607071824371814728e-03 1.057872734963893890e-02 7.695903629064559937e-02
2.098000000000000000e+06 8.662309497594833374e-03 1.060022506862878799e-02 7.747811824083328247e-02 8.662309497594833374e-03 1.060022506862878799e-02 7.747811824083328247e-02
2.099000000000000000e+06 8.677358739078044891e-03 1.061093714088201523e-02 7.643534988164901733e-02 8.677358739078044891e-03 1.061093714088201523e-02 7.643534988164901733e-02
2.100000000000000000e+06 8.965791203081607819e-03 1.057537924498319626e-02 7.769886404275894165e-02 8.965791203081607819e-03 1.057537924498319626e-02 7.769886404275894165e-02
2.101000000000000000e+06 8.156517520546913147e-03 1.055351644754409790e-02 7.665472477674484253e-02 8.156517520546913147e-03 1.055351644754409790e-02 7.665472477674484253e-02
2.102000000000000000e+06 7.337846793234348297e-03 1.057127863168716431e-02 7.675391435623168945e-02 7.337846793234348297e-03 1.057127863168716431e-02 7.675391435623168945e-02
2.103000000000000000e+06 1.007384341210126877e-02 1.057051029056310654e-02 7.803374528884887695e-02 1.007384341210126877e-02 1.057051029056310654e-02 7.803374528884887695e-02
2.104000000000000000e+06 8.506382815539836884e-03 1.057380903512239456e-02 7.748863101005554199e-02 8.506382815539836884e-03 1.057380903512239456e-02 7.748863101005554199e-02
2.105000000000000000e+06 8.055293932557106018e-03 1.060438808053731918e-02 7.731492072343826294e-02 8.055293932557106018e-03 1.060438808053731918e-02 7.731492072343826294e-02
2.106000000000000000e+06 8.454282768070697784e-03 1.057437621057033539e-02 7.708836346864700317e-02 8.454282768070697784e-03 1.057437621057033539e-02 7.708836346864700317e-02
2.107000000000000000e+06 8.176403120160102844e-03 1.057222858071327209e-02 7.696629315614700317e-02 8.176403120160102844e-03 1.057222858071327209e-02 7.696629315614700317e-02
2.108000000000000000e+06 9.548033587634563446e-03 1.058976911008358002e-02 7.758274674415588379e-02 9.548033587634563446e-03 1.058976911008358002e-02 7.758274674415588379e-02
2.109000000000000000e+06 1.017216965556144714e-02 1.051336340606212616e-02 7.744912058115005493e-02 1.017216965556144714e-02 1.051336340606212616e-02 7.744912058115005493e-02
2.110000000000000000e+06 8.678548038005828857e-03 1.052585523575544357e-02 7.792340964078903198e-02 8.678548038005828857e-03 1.052585523575544357e-02 7.792340964078903198e-02
2.111000000000000000e+06 8.573899976909160614e-03 1.057881675660610199e-02 7.718663662672042847e-02 8.573899976909160614e-03 1.057881675660610199e-02 7.718663662672042847e-02
2.112000000000000000e+06 9.563503786921501160e-03 1.054007280617952347e-02 7.637485861778259277e-02 9.563503786921501160e-03 1.054007280617952347e-02 7.637485861778259277e-02
2.113000000000000000e+06 7.761087268590927124e-03 1.057109609246253967e-02 7.679887115955352783e-02 7.761087268590927124e-03 1.057109609246253967e-02 7.679887115955352783e-02
2.114000000000000000e+06 8.245672099292278290e-03 1.056226622313261032e-02 7.717530429363250732e-02 8.245672099292278290e-03 1.056226622313261032e-02 7.717530429363250732e-02
2.115000000000000000e+06 8.153873495757579803e-03 1.057827193289995193e-02 7.708912342786788940e-02 8.153873495757579803e-03 1.057827193289995193e-02 7.708912342786788940e-02
2.116000000000000000e+06 7.747039664536714554e-03 1.054861117154359818e-02 7.699427008628845215e-02 7.747039664536714554e-03 1.054861117154359818e-02 7.699427008628845215e-02
2.117000000000000000e+06 1.250853016972541809e-02 1.056039519608020782e-02 7.772207260131835938e-02 1.250853016972541809e-02 1.056039519608020782e-02 7.772207260131835938e-02
2.118000000000000000e+06 9.316106326878070831e-03 1.055127661675214767e-02 7.825457304716110229e-02 9.316106326878070831e-03 1.055127661675214767e-02 7.825457304716110229e-02
2.119000000000000000e+06 7.848792709410190582e-03 1.058344263583421707e-02 7.641404867172241211e-02 7.848792709410190582e-03 1.058344263583421707e-02 7.641404867172241211e-02
2.120000000000000000e+06 1.072242483496665955e-02 1.059590186923742294e-02 7.796262204647064209e-02 1.072242483496665955e-02 1.059590186923742294e-02 7.796262204647064209e-02
2.121000000000000000e+06 7.547474931925535202e-03 1.057580485939979553e-02 7.677417248487472534e-02 7.547474931925535202e-03 1.057580485939979553e-02 7.677417248487472534e-02
2.122000000000000000e+06 7.871276699006557465e-03 1.054888218641281128e-02 7.756461948156356812e-02 7.871276699006557465e-03 1.054888218641281128e-02 7.756461948156356812e-02
2.123000000000000000e+06 9.434216655790805817e-03 1.054994668811559677e-02 7.642357796430587769e-02 9.434216655790805817e-03 1.054994668811559677e-02 7.642357796430587769e-02
2.124000000000000000e+06 8.311255834996700287e-03 1.058621238917112350e-02 7.631700485944747925e-02 8.311255834996700287e-03 1.058621238917112350e-02 7.631700485944747925e-02
2.125000000000000000e+06 9.312043897807598114e-03 1.056797150522470474e-02 7.725230604410171509e-02 9.312043897807598114e-03 1.056797150522470474e-02 7.725230604410171509e-02
2.126000000000000000e+06 7.795379497110843658e-03 1.059247460216283798e-02 7.634770870208740234e-02 7.795379497110843658e-03 1.059247460216283798e-02 7.634770870208740234e-02
2.127000000000000000e+06 9.069801308214664459e-03 1.056019496172666550e-02 7.656092196702957153e-02 9.069801308214664459e-03 1.056019496172666550e-02 7.656092196702957153e-02
2.128000000000000000e+06 8.572672493755817413e-03 1.054339855909347534e-02 7.722762227058410645e-02 8.572672493755817413e-03 1.054339855909347534e-02 7.722762227058410645e-02
2.129000000000000000e+06 8.018050342798233032e-03 1.057988591492176056e-02 7.767018675804138184e-02 8.018050342798233032e-03 1.057988591492176056e-02 7.767018675804138184e-02
2.130000000000000000e+06 9.526396170258522034e-03 1.053200755268335342e-02 7.739163190126419067e-02 9.526396170258522034e-03 1.053200755268335342e-02 7.739163190126419067e-02
2.131000000000000000e+06 8.495330810546875000e-03 1.054911687970161438e-02 7.694958895444869995e-02 8.495330810546875000e-03 1.054911687970161438e-02 7.694958895444869995e-02
2.132000000000000000e+06 8.133449591696262360e-03 1.057587936520576477e-02 7.640326768159866333e-02 8.133449591696262360e-03 1.057587936520576477e-02 7.640326768159866333e-02
2.133000000000000000e+06 8.738324977457523346e-03 1.054786704480648041e-02 7.727485150098800659e-02 8.738324977457523346e-03 1.054786704480648041e-02 7.727485150098800659e-02
2.134000000000000000e+06 8.645133115351200104e-03 1.055458188056945801e-02 7.619116455316543579e-02 8.645133115351200104e-03 1.055458188056945801e-02 7.619116455316543579e-02
2.135000000000000000e+06 8.596551604568958282e-03 1.051698345690965652e-02 7.628898322582244873e-02 8.596551604568958282e-03 1.051698345690965652e-02 7.628898322582244873e-02
2.136000000000000000e+06 1.098835375159978867e-02 1.056027505546808243e-02 7.788377255201339722e-02 1.098835375159978867e-02 1.056027505546808243e-02 7.788377255201339722e-02
2.137000000000000000e+06 8.480099961161613464e-03 1.056487020105123520e-02 7.645503431558609009e-02 8.480099961161613464e-03 1.056487020105123520e-02 7.645503431558609009e-02
2.138000000000000000e+06 8.676103316247463226e-03 1.059173047542572021e-02 7.636974751949310303e-02 8.676103316247463226e-03 1.059173047542572021e-02 7.636974751949310303e-02
2.139000000000000000e+06 9.133982472121715546e-03 1.057361718267202377e-02 7.689961791038513184e-02 9.133982472121715546e-03 1.057361718267202377e-02 7.689961791038513184e-02
2.140000000000000000e+06 9.045759215950965881e-03 1.057245768606662750e-02 7.617935538291931152e-02 9.045759215950965881e-03 1.057245768606662750e-02 7.617935538291931152e-02
2.141000000000000000e+06 8.802580647170543671e-03 1.059290487319231033e-02 7.702811807394027710e-02 8.802580647170543671e-03 1.059290487319231033e-02 7.702811807394027710e-02
2.142000000000000000e+06 7.956069894134998322e-03 1.058188546448945999e-02 7.662556320428848267e-02 7.956069894134998322e-03 1.058188546448945999e-02 7.662556320428848267e-02
2.143000000000000000e+06 7.822914980351924896e-03 1.057748217135667801e-02 7.649692147970199585e-02 7.822914980351924896e-03 1.057748217135667801e-02 7.649692147970199585e-02
2.144000000000000000e+06 7.811867166310548782e-03 1.059431955218315125e-02 7.661232352256774902e-02 7.811867166310548782e-03 1.059431955218315125e-02 7.661232352256774902e-02
2.145000000000000000e+06 1.020076591521501541e-02 1.060550101101398468e-02 7.715909928083419800e-02 1.020076591521501541e-02 1.060550101101398468e-02 7.715909928083419800e-02
2.146000000000000000e+06 9.328403510153293610e-03 1.053956989198923111e-02 7.673715800046920776e-02 9.328403510153293610e-03 1.053956989198923111e-02 7.673715800046920776e-02
2.147000000000000000e+06 7.946837693452835083e-03 1.059500034898519516e-02 7.681839168071746826e-02 7.946837693452835083e-03 1.059500034898519516e-02 7.681839168071746826e-02
2.148000000000000000e+06 8.364551700651645660e-03 1.057492755353450775e-02 7.793799787759780884e-02 8.364551700651645660e-03 1.057492755353450775e-02 7.793799787759780884e-02
2.149000000000000000e+06 8.867021650075912476e-03 1.059802807867527008e-02 7.657517492771148682e-02 8.867021650075912476e-03 1.059802807867527008e-02 7.657517492771148682e-02
2.150000000000000000e+06 8.595840074121952057e-03 1.058970578014850616e-02 7.644046843051910400e-02 8.595840074121952057e-03 1.058970578014850616e-02 7.644046843051910400e-02
2.151000000000000000e+06 1.008983235806226730e-02 1.063286513090133667e-02 7.589775323867797852e-02 1.008983235806226730e-02 1.063286513090133667e-02 7.589775323867797852e-02
2.152000000000000000e+06 8.964961394667625427e-03 1.061938237398862839e-02 7.634444534778594971e-02 8.964961394667625427e-03 1.061938237398862839e-02 7.634444534778594971e-02
2.153000000000000000e+06 8.448114618659019470e-03 1.057691592723131180e-02 7.598435878753662109e-02 8.448114618659019470e-03 1.057691592723131180e-02 7.598435878753662109e-02
2.154000000000000000e+06 7.799719460308551788e-03 1.058032829314470291e-02 7.706005126237869263e-02 7.799719460308551788e-03 1.058032829314470291e-02 7.706005126237869263e-02
2.155000000000000000e+06 9.710147976875305176e-03 1.060458924621343613e-02 7.812250405550003052e-02 9.710147976875305176e-03 1.060458924621343613e-02 7.812250405550003052e-02
2.156000000000000000e+06 1.079752761870622635e-02 1.059486903250217438e-02 7.777480036020278931e-02 1.079752761870622635e-02 1.059486903250217438e-02 7.777480036020278931e-02
2.157000000000000000e+06 8.451247587800025940e-03 1.057159435003995895e-02 7.627958804368972778e-02 8.451247587800025940e-03 1.057159435003995895e-02 7.627958804368972778e-02
2.158000000000000000e+06 9.781479835510253906e-03 1.053573284298181534e-02 7.642173767089843750e-02 9.781479835510253906e-03 1.053573284298181534e-02 7.642173767089843750e-02
2.159000000000000000e+06 7.365660276263952255e-03 1.054508984088897705e-02 7.599880546331405640e-02 7.365660276263952255e-03 1.054508984088897705e-02 7.599880546331405640e-02
2.160000000000000000e+06 8.222845382988452911e-03 1.060261111706495285e-02 7.687789201736450195e-02 8.222845382988452911e-03 1.060261111706495285e-02 7.687789201736450195e-02
2.161000000000000000e+06 8.962778374552726746e-03 1.057217642664909363e-02 7.587227225303649902e-02 8.962778374552726746e-03 1.057217642664909363e-02 7.587227225303649902e-02
2.162000000000000000e+06 7.592056877911090851e-03 1.054488215595483780e-02 7.646047323942184448e-02 7.592056877911090851e-03 1.054488215595483780e-02 7.646047323942184448e-02
2.163000000000000000e+06 8.910897187888622284e-03 1.056865975260734558e-02 7.662520557641983032e-02 8.910897187888622284e-03 1.056865975260734558e-02 7.662520557641983032e-02
2.164000000000000000e+06 8.144197054207324982e-03 1.055301725864410400e-02 7.802587002515792847e-02 8.144197054207324982e-03 1.055301725864410400e-02 7.802587002515792847e-02
2.165000000000000000e+06 7.557386066764593124e-03 1.056838687509298325e-02 7.659034430980682373e-02 7.557386066764593124e-03 1.056838687509298325e-02 7.659034430980682373e-02
2.166000000000000000e+06 8.855477906763553619e-03 1.054245978593826294e-02 7.553342729806900024e-02 8.855477906763553619e-03 1.054245978593826294e-02 7.553342729806900024e-02
2.167000000000000000e+06 7.887932471930980682e-03 1.054819487035274506e-02 7.592601329088211060e-02 7.887932471930980682e-03 1.054819487035274506e-02 7.592601329088211060e-02
2.168000000000000000e+06 8.314684964716434479e-03 1.053597405552864075e-02 7.568079978227615356e-02 8.314684964716434479e-03 1.053597405552864075e-02 7.568079978227615356e-02
2.169000000000000000e+06 8.924993686378002167e-03 1.055037137120962143e-02 7.649743556976318359e-02 8.924993686378002167e-03 1.055037137120962143e-02 7.649743556976318359e-02
2.170000000000000000e+06 8.858494460582733154e-03 1.061378140002489090e-02 7.562420517206192017e-02 8.858494460582733154e-03 1.061378140002489090e-02 7.562420517206192017e-02
2.171000000000000000e+06 7.862555794417858124e-03 1.055035647004842758e-02 7.649961858987808228e-02 7.862555794417858124e-03 1.055035647004842758e-02 7.649961858987808228e-02
2.172000000000000000e+06 8.367576636373996735e-03 1.061617769300937653e-02 7.575184106826782227e-02 8.367576636373996735e-03 1.061617769300937653e-02 7.575184106826782227e-02
2.173000000000000000e+06 8.813739754259586334e-03 1.056513935327529907e-02 7.775485515594482422e-02 8.813739754259586334e-03 1.056513935327529907e-02 7.775485515594482422e-02
2.174000000000000000e+06 1.012784894555807114e-02 1.057266630232334137e-02 7.765891402959823608e-02 1.012784894555807114e-02 1.057266630232334137e-02 7.765891402959823608e-02
2.175000000000000000e+06 8.843609131872653961e-03 1.058296766132116318e-02 7.632120698690414429e-02 8.843609131872653961e-03 1.058296766132116318e-02 7.632120698690414429e-02
2.176000000000000000e+06 7.937691174447536469e-03 1.059245225042104721e-02 7.614678889513015747e-02 7.937691174447536469e-03 1.059245225042104721e-02 7.614678889513015747e-02
2.177000000000000000e+06 7.229099050164222717e-03 1.058431155979633331e-02 7.463452219963073730e-02 7.229099050164222717e-03 1.058431155979633331e-02 7.463452219963073730e-02
2.178000000000000000e+06 7.949476130306720734e-03 1.059189438819885254e-02 7.574041187763214111e-02 7.949476130306720734e-03 1.059189438819885254e-02 7.574041187763214111e-02
2.179000000000000000e+06 8.065424859523773193e-03 1.057313196361064911e-02 7.655453681945800781e-02 8.065424859523773193e-03 1.057313196361064911e-02 7.655453681945800781e-02
2.180000000000000000e+06 8.687173947691917419e-03 1.055425684899091721e-02 7.640921324491500854e-02 8.687173947691917419e-03 1.055425684899091721e-02 7.640921324491500854e-02
2.181000000000000000e+06 8.687068708240985870e-03 1.059350464493036270e-02 7.573507726192474365e-02 8.687068708240985870e-03 1.059350464493036270e-02 7.573507726192474365e-02
2.182000000000000000e+06 8.968809619545936584e-03 1.059828605502843857e-02 7.666721194982528687e-02 8.968809619545936584e-03 1.059828605502843857e-02 7.666721194982528687e-02
2.183000000000000000e+06 1.043000165373086929e-02 1.061148662120103836e-02 7.581189274787902832e-02 1.043000165373086929e-02 1.061148662120103836e-02 7.581189274787902832e-02
2.184000000000000000e+06 8.640968240797519684e-03 1.055950764566659927e-02 7.547844201326370239e-02 8.640968240797519684e-03 1.055950764566659927e-02 7.547844201326370239e-02
2.185000000000000000e+06 8.771260268986225128e-03 1.054199505597352982e-02 7.650552690029144287e-02 8.771260268986225128e-03 1.054199505597352982e-02 7.650552690029144287e-02
2.186000000000000000e+06 8.300438523292541504e-03 1.057775411754846573e-02 7.570334523916244507e-02 8.300438523292541504e-03 1.057775411754846573e-02 7.570334523916244507e-02
2.187000000000000000e+06 7.933162152767181396e-03 1.059033628553152084e-02 7.549820095300674438e-02 7.933162152767181396e-03 1.059033628553152084e-02 7.549820095300674438e-02
2.188000000000000000e+06 8.315543644130229950e-03 1.057588402181863785e-02 7.544951140880584717e-02 8.315543644130229950e-03 1.057588402181863785e-02 7.544951140880584717e-02
2.189000000000000000e+06 7.702952716499567032e-03 1.056133769452571869e-02 7.511761039495468140e-02 7.702952716499567032e-03 1.056133769452571869e-02 7.511761039495468140e-02
2.190000000000000000e+06 9.161354042589664459e-03 1.060522627085447311e-02 7.580581307411193848e-02 9.161354042589664459e-03 1.060522627085447311e-02 7.580581307411193848e-02
2.191000000000000000e+06 8.212002925574779510e-03 1.056973915547132492e-02 7.699539512395858765e-02 8.212002925574779510e-03 1.056973915547132492e-02 7.699539512395858765e-02
2.192000000000000000e+06 8.820747025310993195e-03 1.056143175810575485e-02 7.618444412946701050e-02 8.820747025310993195e-03 1.056143175810575485e-02 7.618444412946701050e-02
2.193000000000000000e+06 6.908051203936338425e-03 1.060544513165950775e-02 7.546856999397277832e-02 6.908051203936338425e-03 1.060544513165950775e-02 7.546856999397277832e-02
2.194000000000000000e+06 9.469157084822654724e-03 1.061787828803062439e-02 7.719264179468154907e-02 9.469157084822654724e-03 1.061787828803062439e-02 7.719264179468154907e-02
2.195000000000000000e+06 8.056607097387313843e-03 1.061307080090045929e-02 7.513250410556793213e-02 8.056607097387313843e-03 1.061307080090045929e-02 7.513250410556793213e-02
2.196000000000000000e+06 8.216409943997859955e-03 1.056321524083614349e-02 7.542584091424942017e-02 8.216409943997859955e-03 1.056321524083614349e-02 7.542584091424942017e-02
2.197000000000000000e+06 1.070035528391599655e-02 1.057474501430988312e-02 7.576067000627517700e-02 1.070035528391599655e-02 1.057474501430988312e-02 7.576067000627517700e-02
2.198000000000000000e+06 1.116273179650306702e-02 1.061608921736478806e-02 7.602520287036895752e-02 1.116273179650306702e-02 1.061608921736478806e-02 7.602520287036895752e-02
2.199000000000000000e+06 8.196942508220672607e-03 1.056961808353662491e-02 7.579877972602844238e-02 8.196942508220672607e-03 1.056961808353662491e-02 7.579877972602844238e-02
2.200000000000000000e+06 7.595338393002748489e-03 1.063746586441993713e-02 7.542613893747329712e-02 7.595338393002748489e-03 1.063746586441993713e-02 7.542613893747329712e-02
2.201000000000000000e+06 7.532488089054822922e-03 1.058018952608108521e-02 7.584028691053390503e-02 7.532488089054822922e-03 1.058018952608108521e-02 7.584028691053390503e-02
2.202000000000000000e+06 9.454905055463314056e-03 1.065034884959459305e-02 7.677394151687622070e-02 9.454905055463314056e-03 1.065034884959459305e-02 7.677394151687622070e-02
2.203000000000000000e+06 9.844328276813030243e-03 1.059379242360591888e-02 7.595101743936538696e-02 9.844328276813030243e-03 1.059379242360591888e-02 7.595101743936538696e-02
2.204000000000000000e+06 8.463773876428604126e-03 1.057628076523542404e-02 7.570336759090423584e-02 8.463773876428604126e-03 1.057628076523542404e-02 7.570336759090423584e-02
2.205000000000000000e+06 7.536052260547876358e-03 1.058685407042503357e-02 7.532748579978942871e-02 7.536052260547876358e-03 1.058685407042503357e-02 7.532748579978942871e-02
2.206000000000000000e+06 7.365105673670768738e-03 1.061128731817007065e-02 7.518918812274932861e-02 7.365105673670768738e-03 1.061128731817007065e-02 7.518918812274932861e-02
2.207000000000000000e+06 9.186158888041973114e-03 1.059165969491004944e-02 7.490791380405426025e-02 9.186158888041973114e-03 1.059165969491004944e-02 7.490791380405426025e-02
2.208000000000000000e+06 7.776001002639532089e-03 1.061342097818851471e-02 7.561297714710235596e-02 7.776001002639532089e-03 1.061342097818851471e-02 7.561297714710235596e-02
2.209000000000000000e+06 7.437969092279672623e-03 1.061350759118795395e-02 7.559747993946075439e-02 7.437969092279672623e-03 1.061350759118795395e-02 7.559747993946075439e-02
2.210000000000000000e+06 9.494945406913757324e-03 1.061841659247875214e-02 7.559067755937576294e-02 9.494945406913757324e-03 1.061841659247875214e-02 7.559067755937576294e-02
2.211000000000000000e+06 8.547389879822731018e-03 1.061680912971496582e-02 7.553519308567047119e-02 8.547389879822731018e-03 1.061680912971496582e-02 7.553519308567047119e-02
2.212000000000000000e+06 9.050142951309680939e-03 1.057397853583097458e-02 7.589591294527053833e-02 9.050142951309680939e-03 1.057397853583097458e-02 7.589591294527053833e-02
2.213000000000000000e+06 8.901823312044143677e-03 1.058839820325374603e-02 7.579223066568374634e-02 8.901823312044143677e-03 1.058839820325374603e-02 7.579223066568374634e-02
2.214000000000000000e+06 7.820503786206245422e-03 1.060120388865470886e-02 7.593300193548202515e-02 7.820503786206245422e-03 1.060120388865470886e-02 7.593300193548202515e-02
2.215000000000000000e+06 8.071316406130790710e-03 1.058609411120414734e-02 7.566311955451965332e-02 8.071316406130790710e-03 1.058609411120414734e-02 7.566311955451965332e-02
2.216000000000000000e+06 7.638242561370134354e-03 1.055943779647350311e-02 7.518501579761505127e-02 7.638242561370134354e-03 1.055943779647350311e-02 7.518501579761505127e-02
2.217000000000000000e+06 8.270748890936374664e-03 1.061454322189092636e-02 7.491136342287063599e-02 8.270748890936374664e-03 1.061454322189092636e-02 7.491136342287063599e-02
2.218000000000000000e+06 8.017122745513916016e-03 1.063439622521400452e-02 7.510157674551010132e-02 8.017122745513916016e-03 1.063439622521400452e-02 7.510157674551010132e-02
2.219000000000000000e+06 7.989527657628059387e-03 1.055934932082891464e-02 7.621110975742340088e-02 7.989527657628059387e-03 1.055934932082891464e-02 7.621110975742340088e-02
2.220000000000000000e+06 7.644972298294305801e-03 1.060264091938734055e-02 7.643239200115203857e-02 7.644972298294305801e-03 1.060264091938734055e-02 7.643239200115203857e-02
2.221000000000000000e+06 9.475111030042171478e-03 1.060016825795173645e-02 7.757606357336044312e-02 9.475111030042171478e-03 1.060016825795173645e-02 7.757606357336044312e-02
2.222000000000000000e+06 8.806398138403892517e-03 1.058187894523143768e-02 7.544682919979095459e-02 8.806398138403892517e-03 1.058187894523143768e-02 7.544682919979095459e-02
2.223000000000000000e+06 7.564601954072713852e-03 1.059643551707267761e-02 7.476212084293365479e-02 7.564601954072713852e-03 1.059643551707267761e-02 7.476212084293365479e-02
2.224000000000000000e+06 8.003877475857734680e-03 1.058902963995933533e-02 7.619444280862808228e-02 8.003877475857734680e-03 1.058902963995933533e-02 7.619444280862808228e-02
2.225000000000000000e+06 6.977037061005830765e-03 1.059878431260585785e-02 7.503049075603485107e-02 6.977037061005830765e-03 1.059878431260585785e-02 7.503049075603485107e-02
2.226000000000000000e+06 8.890816941857337952e-03 1.057737413793802261e-02 7.574359327554702759e-02 8.890816941857337952e-03 1.057737413793802261e-02 7.574359327554702759e-02
2.227000000000000000e+06 8.169934153556823730e-03 1.058055460453033447e-02 7.549472898244857788e-02 8.169934153556823730e-03 1.058055460453033447e-02 7.549472898244857788e-02
2.228000000000000000e+06 8.015473373234272003e-03 1.060952618718147278e-02 7.471401244401931763e-02 8.015473373234272003e-03 1.060952618718147278e-02 7.471401244401931763e-02
2.229000000000000000e+06 6.950055714696645737e-03 1.056546438485383987e-02 7.458095997571945190e-02 6.950055714696645737e-03 1.056546438485383987e-02 7.458095997571945190e-02
2.230000000000000000e+06 8.377133868634700775e-03 1.061636302620172501e-02 7.563059031963348389e-02 8.377133868634700775e-03 1.061636302620172501e-02 7.563059031963348389e-02
2.231000000000000000e+06 8.929491043090820312e-03 1.055822148919105530e-02 7.506796717643737793e-02 8.929491043090820312e-03 1.055822148919105530e-02 7.506796717643737793e-02
2.232000000000000000e+06 8.231502957642078400e-03 1.060351263731718063e-02 7.519304007291793823e-02 8.231502957642078400e-03 1.060351263731718063e-02 7.519304007291793823e-02
2.233000000000000000e+06 7.434408180415630341e-03 1.058950088918209076e-02 7.600134611129760742e-02 7.434408180415630341e-03 1.058950088918209076e-02 7.600134611129760742e-02
2.234000000000000000e+06 8.146641775965690613e-03 1.062920223921537399e-02 7.429520040750503540e-02 8.146641775965690613e-03 1.062920223921537399e-02 7.429520040750503540e-02
2.235000000000000000e+06 7.024019956588745117e-03 1.058779004961252213e-02 7.460112124681472778e-02 7.024019956588745117e-03 1.058779004961252213e-02 7.460112124681472778e-02
2.236000000000000000e+06 8.082670159637928009e-03 1.059233583509922028e-02 7.522229105234146118e-02 8.082670159637928009e-03 1.059233583509922028e-02 7.522229105234146118e-02
2.237000000000000000e+06 7.685655727982521057e-03 1.060744561254978180e-02 7.477957755327224731e-02 7.685655727982521057e-03 1.060744561254978180e-02 7.477957755327224731e-02
2.238000000000000000e+06 7.888246327638626099e-03 1.060843467712402344e-02 7.507976144552230835e-02 7.888246327638626099e-03 1.060843467712402344e-02 7.507976144552230835e-02
2.239000000000000000e+06 8.577170781791210175e-03 1.060028094798326492e-02 7.430655509233474731e-02 8.577170781791210175e-03 1.060028094798326492e-02 7.430655509233474731e-02
2.240000000000000000e+06 8.315537124872207642e-03 1.060447655618190765e-02 7.479724287986755371e-02 8.315537124872207642e-03 1.060447655618190765e-02 7.479724287986755371e-02
2.241000000000000000e+06 9.555842727422714233e-03 1.059790607541799545e-02 7.547726482152938843e-02 9.555842727422714233e-03 1.059790607541799545e-02 7.547726482152938843e-02
2.242000000000000000e+06 9.268503636121749878e-03 1.059130299836397171e-02 7.525864988565444946e-02 9.268503636121749878e-03 1.059130299836397171e-02 7.525864988565444946e-02
2.243000000000000000e+06 9.900433011353015900e-03 1.061222516000270844e-02 7.509493082761764526e-02 9.900433011353015900e-03 1.061222516000270844e-02 7.509493082761764526e-02
2.244000000000000000e+06 8.099829778075218201e-03 1.060629077255725861e-02 7.422112673521041870e-02 8.099829778075218201e-03 1.060629077255725861e-02 7.422112673521041870e-02
2.245000000000000000e+06 9.149575605988502502e-03 1.059457287192344666e-02 7.597679644823074341e-02 9.149575605988502502e-03 1.059457287192344666e-02 7.597679644823074341e-02
2.246000000000000000e+06 7.689740043133497238e-03 1.060064509510993958e-02 7.508087158203125000e-02 7.689740043133497238e-03 1.060064509510993958e-02 7.508087158203125000e-02
2.247000000000000000e+06 1.106273382902145386e-02 1.059253234416246414e-02 7.536434382200241089e-02 1.106273382902145386e-02 1.059253234416246414e-02 7.536434382200241089e-02
2.248000000000000000e+06 8.320627734065055847e-03 1.061243284493684769e-02 7.564727216958999634e-02 8.320627734065055847e-03 1.061243284493684769e-02 7.564727216958999634e-02
2.249000000000000000e+06 8.334726095199584961e-03 1.055159140378236771e-02 7.508566230535507202e-02 8.334726095199584961e-03 1.055159140378236771e-02 7.508566230535507202e-02
2.250000000000000000e+06 8.551237173378467560e-03 1.058949157595634460e-02 7.537805289030075073e-02 8.551237173378467560e-03 1.058949157595634460e-02 7.537805289030075073e-02
2.251000000000000000e+06 8.553592488169670105e-03 1.056244783103466034e-02 7.597772777080535889e-02 8.553592488169670105e-03 1.056244783103466034e-02 7.597772777080535889e-02
2.252000000000000000e+06 9.368154220283031464e-03 1.057033147662878036e-02 7.680360227823257446e-02 9.368154220283031464e-03 1.057033147662878036e-02 7.680360227823257446e-02
2.253000000000000000e+06 7.641868200153112411e-03 1.056067645549774170e-02 7.474092394113540649e-02 7.641868200153112411e-03 1.056067645549774170e-02 7.474092394113540649e-02
2.254000000000000000e+06 8.836806751787662506e-03 1.062016189098358154e-02 7.563980668783187866e-02 8.836806751787662506e-03 1.062016189098358154e-02 7.563980668783187866e-02
2.255000000000000000e+06 8.148255757987499237e-03 1.053712051361799240e-02 7.491701096296310425e-02 8.148255757987499237e-03 1.053712051361799240e-02 7.491701096296310425e-02
2.256000000000000000e+06 7.964548654854297638e-03 1.056078542023897171e-02 7.563327997922897339e-02 7.964548654854297638e-03 1.056078542023897171e-02 7.563327997922897339e-02
2.257000000000000000e+06 8.386713452637195587e-03 1.057849545031785965e-02 7.504634559154510498e-02 8.386713452637195587e-03 1.057849545031785965e-02 7.504634559154510498e-02
2.258000000000000000e+06 9.262282401323318481e-03 1.063588168472051620e-02 7.493563741445541382e-02 9.262282401323318481e-03 1.063588168472051620e-02 7.493563741445541382e-02
2.259000000000000000e+06 8.823519572615623474e-03 1.061638258397579193e-02 7.464998960494995117e-02 8.823519572615623474e-03 1.061638258397579193e-02 7.464998960494995117e-02
2.260000000000000000e+06 7.383244112133979797e-03 1.058526057749986649e-02 7.418639957904815674e-02 7.383244112133979797e-03 1.058526057749986649e-02 7.418639957904815674e-02
2.261000000000000000e+06 7.587102707475423813e-03 1.059430930763483047e-02 7.461328059434890747e-02 7.587102707475423813e-03 1.059430930763483047e-02 7.461328059434890747e-02
2.262000000000000000e+06 9.483972564339637756e-03 1.059851888567209244e-02 7.564096897840499878e-02 9.483972564339637756e-03 1.059851888567209244e-02 7.564096897840499878e-02
2.263000000000000000e+06 8.998733013868331909e-03 1.055869553238153458e-02 7.420735061168670654e-02 8.998733013868331909e-03 1.055869553238153458e-02 7.420735061168670654e-02
2.264000000000000000e+06 7.498221937566995621e-03 1.056917663663625717e-02 7.483123242855072021e-02 7.498221937566995621e-03 1.056917663663625717e-02 7.483123242855072021e-02
2.265000000000000000e+06 8.876775391399860382e-03 1.056336704641580582e-02 7.577699422836303711e-02 8.876775391399860382e-03 1.056336704641580582e-02 7.577699422836303711e-02
2.266000000000000000e+06 7.671514526009559631e-03 1.058606058359146118e-02 7.425680756568908691e-02 7.671514526009559631e-03 1.058606058359146118e-02 7.425680756568908691e-02
2.267000000000000000e+06 8.456916548311710358e-03 1.054520625621080399e-02 7.451182603836059570e-02 8.456916548311710358e-03 1.054520625621080399e-02 7.451182603836059570e-02
2.268000000000000000e+06 9.056769311428070068e-03 1.067416090518236160e-02 7.616063207387924194e-02 9.056769311428070068e-03 1.067416090518236160e-02 7.616063207387924194e-02
2.269000000000000000e+06 8.240215480327606201e-03 1.058418024331331253e-02 7.574287801980972290e-02 8.240215480327606201e-03 1.058418024331331253e-02 7.574287801980972290e-02
2.270000000000000000e+06 9.060820564627647400e-03 1.053674332797527313e-02 7.455031573772430420e-02 9.060820564627647400e-03 1.053674332797527313e-02 7.455031573772430420e-02
2.271000000000000000e+06 7.659567054361104965e-03 1.057863142341375351e-02 7.465526461601257324e-02 7.659567054361104965e-03 1.057863142341375351e-02 7.465526461601257324e-02
2.272000000000000000e+06 9.724876843392848969e-03 1.057018432766199112e-02 7.599642872810363770e-02 9.724876843392848969e-03 1.057018432766199112e-02 7.599642872810363770e-02
2.273000000000000000e+06 8.702405728399753571e-03 1.056824624538421631e-02 7.480647414922714233e-02 8.702405728399753571e-03 1.056824624538421631e-02 7.480647414922714233e-02
2.274000000000000000e+06 9.038180112838745117e-03 1.061650831252336502e-02 7.555036246776580811e-02 9.038180112838745117e-03 1.061650831252336502e-02 7.555036246776580811e-02
2.275000000000000000e+06 8.517772890627384186e-03 1.056171674281358719e-02 7.441009581089019775e-02 8.517772890627384186e-03 1.056171674281358719e-02 7.441009581089019775e-02
2.276000000000000000e+06 8.663335815072059631e-03 1.056211069226264954e-02 7.443398237228393555e-02 8.663335815072059631e-03 1.056211069226264954e-02 7.443398237228393555e-02
2.277000000000000000e+06 7.364219985902309418e-03 1.057603303343057632e-02 7.462657243013381958e-02 7.364219985902309418e-03 1.057603303343057632e-02 7.462657243013381958e-02
2.278000000000000000e+06 8.160836063325405121e-03 1.058994233608245850e-02 7.434126734733581543e-02 8.160836063325405121e-03 1.058994233608245850e-02 7.434126734733581543e-02
2.279000000000000000e+06 7.237609010189771652e-03 1.057924795895814896e-02 7.396274805068969727e-02 7.237609010189771652e-03 1.057924795895814896e-02 7.396274805068969727e-02
2.280000000000000000e+06 8.234391920268535614e-03 1.059441082179546356e-02 7.441160082817077637e-02 8.234391920268535614e-03 1.059441082179546356e-02 7.441160082817077637e-02
2.281000000000000000e+06 7.848010398447513580e-03 1.059372536838054657e-02 7.430800795555114746e-02 7.848010398447513580e-03 1.059372536838054657e-02 7.430800795555114746e-02
2.282000000000000000e+06 8.731756359338760376e-03 1.063192822039127350e-02 7.461734861135482788e-02 8.731756359338760376e-03 1.063192822039127350e-02 7.461734861135482788e-02
2.283000000000000000e+06 8.756192401051521301e-03 1.057697646319866180e-02 7.397487014532089233e-02 8.756192401051521301e-03 1.057697646319866180e-02 7.397487014532089233e-02
2.284000000000000000e+06 8.577719330787658691e-03 1.059372071176767349e-02 7.486540824174880981e-02 8.577719330787658691e-03 1.059372071176767349e-02 7.486540824174880981e-02
2.285000000000000000e+06 7.599479984492063522e-03 1.057817228138446808e-02 7.424036413431167603e-02 7.599479984492063522e-03 1.057817228138446808e-02 7.424036413431167603e-02
2.286000000000000000e+06 7.583345752209424973e-03 1.058688014745712280e-02 7.363577932119369507e-02 7.583345752209424973e-03 1.058688014745712280e-02 7.363577932119369507e-02
2.287000000000000000e+06 7.551930844783782959e-03 1.062927767634391785e-02 7.422835379838943481e-02 7.551930844783782959e-03 1.062927767634391785e-02 7.422835379838943481e-02
2.288000000000000000e+06 8.783460594713687897e-03 1.061341352760791779e-02 7.519198954105377197e-02 8.783460594713687897e-03 1.061341352760791779e-02 7.519198954105377197e-02
2.289000000000000000e+06 8.127983659505844116e-03 1.058190502226352692e-02 7.474830001592636108e-02 8.127983659505844116e-03 1.058190502226352692e-02 7.474830001592636108e-02
2.290000000000000000e+06 8.336710743606090546e-03 1.061104610562324524e-02 7.519262284040451050e-02 8.336710743606090546e-03 1.061104610562324524e-02 7.519262284040451050e-02
2.291000000000000000e+06 7.684668991714715958e-03 1.062183734029531479e-02 7.423471659421920776e-02 7.684668991714715958e-03 1.062183734029531479e-02 7.423471659421920776e-02
2.292000000000000000e+06 8.259895257651805878e-03 1.062371116131544113e-02 7.435686141252517700e-02 8.259895257651805878e-03 1.062371116131544113e-02 7.435686141252517700e-02
2.293000000000000000e+06 7.541952654719352722e-03 1.062439661473035812e-02 7.407004386186599731e-02 7.541952654719352722e-03 1.062439661473035812e-02 7.407004386186599731e-02
2.294000000000000000e+06 8.428999222815036774e-03 1.058567687869071960e-02 7.401229441165924072e-02 8.428999222815036774e-03 1.058567687869071960e-02 7.401229441165924072e-02
2.295000000000000000e+06 8.722351863980293274e-03 1.059005968272686005e-02 7.406903058290481567e-02 8.722351863980293274e-03 1.059005968272686005e-02 7.406903058290481567e-02
2.296000000000000000e+06 7.289812434464693069e-03 1.059610117226839066e-02 7.391402125358581543e-02 7.289812434464693069e-03 1.059610117226839066e-02 7.391402125358581543e-02
2.297000000000000000e+06 7.310609333217144012e-03 1.058773230761289597e-02 7.360808551311492920e-02 7.310609333217144012e-03 1.058773230761289597e-02 7.360808551311492920e-02
2.298000000000000000e+06 8.350159041583538055e-03 1.060468144714832306e-02 7.507828623056411743e-02 8.350159041583538055e-03 1.060468144714832306e-02 7.507828623056411743e-02
2.299000000000000000e+06 7.412920240312814713e-03 1.060934085398912430e-02 7.349313050508499146e-02 7.412920240312814713e-03 1.060934085398912430e-02 7.349313050508499146e-02
2.300000000000000000e+06 9.669116698205471039e-03 1.059080380946397781e-02 7.388434559106826782e-02 9.669116698205471039e-03 1.059080380946397781e-02 7.388434559106826782e-02
2.301000000000000000e+06 8.133663795888423920e-03 1.058039534837007523e-02 7.390100508928298950e-02 8.133663795888423920e-03 1.058039534837007523e-02 7.390100508928298950e-02
2.302000000000000000e+06 7.071983534842729568e-03 1.056740339845418930e-02 7.412953674793243408e-02 7.071983534842729568e-03 1.056740339845418930e-02 7.412953674793243408e-02
2.303000000000000000e+06 8.663044311106204987e-03 1.055377069860696793e-02 7.386270165443420410e-02 8.663044311106204987e-03 1.055377069860696793e-02 7.386270165443420410e-02
2.304000000000000000e+06 9.144384413957595825e-03 1.058573555201292038e-02 7.457286119461059570e-02 9.144384413957595825e-03 1.058573555201292038e-02 7.457286119461059570e-02
2.305000000000000000e+06 7.286599371582269669e-03 1.059103384613990784e-02 7.455167919397354126e-02 7.286599371582269669e-03 1.059103384613990784e-02 7.455167919397354126e-02
2.306000000000000000e+06 7.366579957306385040e-03 1.062565110623836517e-02 7.414609193801879883e-02 7.366579957306385040e-03 1.062565110623836517e-02 7.414609193801879883e-02
2.307000000000000000e+06 8.286762051284313202e-03 1.058162562549114227e-02 7.502045482397079468e-02 8.286762051284313202e-03 1.058162562549114227e-02 7.502045482397079468e-02
2.308000000000000000e+06 7.329593412578105927e-03 1.059731654822826385e-02 7.445205748081207275e-02 7.329593412578105927e-03 1.059731654822826385e-02 7.445205748081207275e-02
2.309000000000000000e+06 8.731558918952941895e-03 1.060159038752317429e-02 7.320843636989593506e-02 8.731558918952941895e-03 1.060159038752317429e-02 7.320843636989593506e-02
2.310000000000000000e+06 9.227208793163299561e-03 1.057212892919778824e-02 7.471036911010742188e-02 9.227208793163299561e-03 1.057212892919778824e-02 7.471036911010742188e-02
2.311000000000000000e+06 7.972301915287971497e-03 1.058347895741462708e-02 7.358694076538085938e-02 7.972301915287971497e-03 1.058347895741462708e-02 7.358694076538085938e-02
2.312000000000000000e+06 7.847174070775508881e-03 1.055153831839561462e-02 7.327312976121902466e-02 7.847174070775508881e-03 1.055153831839561462e-02 7.327312976121902466e-02
2.313000000000000000e+06 9.811665862798690796e-03 1.061852741986513138e-02 7.385714352130889893e-02 9.811665862798690796e-03 1.061852741986513138e-02 7.385714352130889893e-02
2.314000000000000000e+06 7.409954909235239029e-03 1.056570559740066528e-02 7.339234650135040283e-02 7.409954909235239029e-03 1.056570559740066528e-02 7.339234650135040283e-02
2.315000000000000000e+06 7.955969311296939850e-03 1.059329416602849960e-02 7.485609501600265503e-02 7.955969311296939850e-03 1.059329416602849960e-02 7.485609501600265503e-02
2.316000000000000000e+06 8.702418766915798187e-03 1.055434904992580414e-02 7.402522861957550049e-02 8.702418766915798187e-03 1.055434904992580414e-02 7.402522861957550049e-02
2.317000000000000000e+06 9.291969239711761475e-03 1.062633283436298370e-02 7.457870244979858398e-02 9.291969239711761475e-03 1.062633283436298370e-02 7.457870244979858398e-02
2.318000000000000000e+06 7.320116274058818817e-03 1.057336386293172836e-02 7.451219856739044189e-02 7.320116274058818817e-03 1.057336386293172836e-02 7.451219856739044189e-02
2.319000000000000000e+06 8.471779525279998779e-03 1.059025619179010391e-02 7.422322034835815430e-02 8.471779525279998779e-03 1.059025619179010391e-02 7.422322034835815430e-02
2.320000000000000000e+06 7.657181471586227417e-03 1.059348974376916885e-02 7.355730980634689331e-02 7.657181471586227417e-03 1.059348974376916885e-02 7.355730980634689331e-02
2.321000000000000000e+06 7.821297273039817810e-03 1.056735403835773468e-02 7.315496355295181274e-02 7.821297273039817810e-03 1.056735403835773468e-02 7.315496355295181274e-02
2.322000000000000000e+06 8.796145208179950714e-03 1.058064866811037064e-02 7.374592870473861694e-02 8.796145208179950714e-03 1.058064866811037064e-02 7.374592870473861694e-02
2.323000000000000000e+06 7.974953390657901764e-03 1.061760541051626205e-02 7.341853529214859009e-02 7.974953390657901764e-03 1.061760541051626205e-02 7.341853529214859009e-02
2.324000000000000000e+06 8.222359232604503632e-03 1.061276160180568695e-02 7.321155071258544922e-02 8.222359232604503632e-03 1.061276160180568695e-02 7.321155071258544922e-02
2.325000000000000000e+06 7.209849078208208084e-03 1.058435812592506409e-02 7.316374778747558594e-02 7.209849078208208084e-03 1.058435812592506409e-02 7.316374778747558594e-02
2.326000000000000000e+06 7.995490916073322296e-03 1.058964803814888000e-02 7.419025897979736328e-02 7.995490916073322296e-03 1.058964803814888000e-02 7.419025897979736328e-02
2.327000000000000000e+06 9.126332588493824005e-03 1.053247507661581039e-02 7.441352307796478271e-02 9.126332588493824005e-03 1.053247507661581039e-02 7.441352307796478271e-02
2.328000000000000000e+06 8.707472123205661774e-03 1.061677653342485428e-02 7.436738908290863037e-02 8.707472123205661774e-03 1.061677653342485428e-02 7.436738908290863037e-02
2.329000000000000000e+06 8.146975189447402954e-03 1.060783304274082184e-02 7.425389438867568970e-02 8.146975189447402954e-03 1.060783304274082184e-02 7.425389438867568970e-02
2.330000000000000000e+06 8.013986982405185699e-03 1.058033481240272522e-02 7.364990562200546265e-02 8.013986982405185699e-03 1.058033481240272522e-02 7.364990562200546265e-02
2.331000000000000000e+06 9.575053118169307709e-03 1.064248103648424149e-02 7.348675280809402466e-02 9.575053118169307709e-03 1.064248103648424149e-02 7.348675280809402466e-02
2.332000000000000000e+06 7.619733456522226334e-03 1.055894792079925537e-02 7.288539409637451172e-02 7.619733456522226334e-03 1.055894792079925537e-02 7.288539409637451172e-02
2.333000000000000000e+06 7.936911657452583313e-03 1.059405598789453506e-02 7.342852652072906494e-02 7.936911657452583313e-03 1.059405598789453506e-02 7.342852652072906494e-02
2.334000000000000000e+06 8.179206401109695435e-03 1.062956079840660095e-02 7.368992269039154053e-02 8.179206401109695435e-03 1.062956079840660095e-02 7.368992269039154053e-02
2.335000000000000000e+06 9.199466556310653687e-03 1.058135181665420532e-02 7.461331784725189209e-02 9.199466556310653687e-03 1.058135181665420532e-02 7.461331784725189209e-02
2.336000000000000000e+06 8.376494981348514557e-03 1.056811492890119553e-02 7.404639571905136108e-02 8.376494981348514557e-03 1.056811492890119553e-02 7.404639571905136108e-02
2.337000000000000000e+06 7.927901111543178558e-03 1.057296060025691986e-02 7.430850714445114136e-02 7.927901111543178558e-03 1.057296060025691986e-02 7.430850714445114136e-02
2.338000000000000000e+06 8.008534088730812073e-03 1.055759470909833908e-02 7.372625172138214111e-02 8.008534088730812073e-03 1.055759470909833908e-02 7.372625172138214111e-02
2.339000000000000000e+06 7.346737664192914963e-03 1.062018703669309616e-02 7.449022680521011353e-02 7.346737664192914963e-03 1.062018703669309616e-02 7.449022680521011353e-02
2.340000000000000000e+06 7.431566249579191208e-03 1.058986410498619080e-02 7.353464514017105103e-02 7.431566249579191208e-03 1.058986410498619080e-02 7.353464514017105103e-02
2.341000000000000000e+06 8.224693126976490021e-03 1.056257449090480804e-02 7.330665737390518188e-02 8.224693126976490021e-03 1.056257449090480804e-02 7.330665737390518188e-02
2.342000000000000000e+06 7.535316050052642822e-03 1.057769730687141418e-02 7.325171679258346558e-02 7.535316050052642822e-03 1.057769730687141418e-02 7.325171679258346558e-02
2.343000000000000000e+06 8.583771064877510071e-03 1.060490775853395462e-02 7.322990149259567261e-02 8.583771064877510071e-03 1.060490775853395462e-02 7.322990149259567261e-02
2.344000000000000000e+06 8.973075076937675476e-03 1.063105091452598572e-02 7.317424565553665161e-02 8.973075076937675476e-03 1.063105091452598572e-02 7.317424565553665161e-02
2.345000000000000000e+06 7.528548594564199448e-03 1.060548610985279083e-02 7.312429696321487427e-02 7.528548594564199448e-03 1.060548610985279083e-02 7.312429696321487427e-02
2.346000000000000000e+06 8.676586672663688660e-03 1.060435548424720764e-02 7.296019047498703003e-02 8.676586672663688660e-03 1.060435548424720764e-02 7.296019047498703003e-02
2.347000000000000000e+06 8.166735991835594177e-03 1.060703769326210022e-02 7.427357882261276245e-02 8.166735991835594177e-03 1.060703769326210022e-02 7.427357882261276245e-02
2.348000000000000000e+06 8.144238963723182678e-03 1.058984827250242233e-02 7.275702059268951416e-02 8.144238963723182678e-03 1.058984827250242233e-02 7.275702059268951416e-02
2.349000000000000000e+06 8.001073263585567474e-03 1.061504241079092026e-02 7.346040010452270508e-02 8.001073263585567474e-03 1.061504241079092026e-02 7.346040010452270508e-02
2.350000000000000000e+06 7.941341027617454529e-03 1.061818003654479980e-02 7.304807007312774658e-02 7.941341027617454529e-03 1.061818003654479980e-02 7.304807007312774658e-02
2.351000000000000000e+06 8.389473892748355865e-03 1.059609930962324142e-02 7.330819964408874512e-02 8.389473892748355865e-03 1.059609930962324142e-02 7.330819964408874512e-02
2.352000000000000000e+06 7.641921285539865494e-03 1.056897267699241638e-02 7.320584356784820557e-02 7.641921285539865494e-03 1.056897267699241638e-02 7.320584356784820557e-02
2.353000000000000000e+06 8.673779666423797607e-03 1.055220607668161392e-02 7.337529957294464111e-02 8.673779666423797607e-03 1.055220607668161392e-02 7.337529957294464111e-02
2.354000000000000000e+06 8.088690228760242462e-03 1.055108569562435150e-02 7.417748868465423584e-02 8.088690228760242462e-03 1.055108569562435150e-02 7.417748868465423584e-02
2.355000000000000000e+06 7.063935510814189911e-03 1.059932261705398560e-02 7.265631109476089478e-02 7.063935510814189911e-03 1.059932261705398560e-02 7.265631109476089478e-02
2.356000000000000000e+06 7.450128439813852310e-03 1.056805066764354706e-02 7.202975451946258545e-02 7.450128439813852310e-03 1.056805066764354706e-02 7.202975451946258545e-02
2.357000000000000000e+06 7.755067199468612671e-03 1.057485677301883698e-02 7.294616103172302246e-02 7.755067199468612671e-03 1.057485677301883698e-02 7.294616103172302246e-02
2.358000000000000000e+06 7.798419799655675888e-03 1.058256439864635468e-02 7.342650741338729858e-02 7.798419799655675888e-03 1.058256439864635468e-02 7.342650741338729858e-02
2.359000000000000000e+06 8.334462530910968781e-03 1.060784328728914261e-02 7.307314127683639526e-02 8.334462530910968781e-03 1.060784328728914261e-02 7.307314127683639526e-02
2.360000000000000000e+06 7.108473218977451324e-03 1.060223486274480820e-02 7.236259430646896362e-02 7.108473218977451324e-03 1.060223486274480820e-02 7.236259430646896362e-02
2.361000000000000000e+06 7.514451630413532257e-03 1.059425994753837585e-02 7.287330925464630127e-02 7.514451630413532257e-03 1.059425994753837585e-02 7.287330925464630127e-02
2.362000000000000000e+06 9.214441291987895966e-03 1.060506422072649002e-02 7.337343692779541016e-02 9.214441291987895966e-03 1.060506422072649002e-02 7.337343692779541016e-02
2.363000000000000000e+06 9.201811626553535461e-03 1.057037524878978729e-02 7.294566929340362549e-02 9.201811626553535461e-03 1.057037524878978729e-02 7.294566929340362549e-02
2.364000000000000000e+06 9.790549986064434052e-03 1.061572879552841187e-02 7.282427698373794556e-02 9.790549986064434052e-03 1.061572879552841187e-02 7.282427698373794556e-02
2.365000000000000000e+06 8.532909676432609558e-03 1.058199815452098846e-02 7.210912555456161499e-02 8.532909676432609558e-03 1.058199815452098846e-02 7.210912555456161499e-02
2.366000000000000000e+06 8.799104019999504089e-03 1.062282174825668335e-02 7.304195314645767212e-02 8.799104019999504089e-03 1.062282174825668335e-02 7.304195314645767212e-02
2.367000000000000000e+06 7.754129823297262192e-03 1.058846991509199142e-02 7.360837608575820923e-02 7.754129823297262192e-03 1.058846991509199142e-02 7.360837608575820923e-02
2.368000000000000000e+06 8.462332189083099365e-03 1.064108591526746750e-02 7.375992834568023682e-02 8.462332189083099365e-03 1.064108591526746750e-02 7.375992834568023682e-02
2.369000000000000000e+06 7.721770554780960083e-03 1.056277938187122345e-02 7.280075550079345703e-02 7.721770554780960083e-03 1.056277938187122345e-02 7.280075550079345703e-02
2.370000000000000000e+06 8.435846306383609772e-03 1.061649527400732040e-02 7.264326512813568115e-02 8.435846306383609772e-03 1.061649527400732040e-02 7.264326512813568115e-02
2.371000000000000000e+06 7.387829013168811798e-03 1.057889685034751892e-02 7.348505407571792603e-02 7.387829013168811798e-03 1.057889685034751892e-02 7.348505407571792603e-02
2.372000000000000000e+06 8.812882937490940094e-03 1.054709870368242264e-02 7.408078759908676147e-02 8.812882937490940094e-03 1.054709870368242264e-02 7.408078759908676147e-02
2.373000000000000000e+06 8.292371407151222229e-03 1.056372653692960739e-02 7.370779663324356079e-02 8.292371407151222229e-03 1.056372653692960739e-02 7.370779663324356079e-02
2.374000000000000000e+06 1.004042290151119232e-02 1.058942265808582306e-02 7.386240363121032715e-02 1.004042290151119232e-02 1.058942265808582306e-02 7.386240363121032715e-02
2.375000000000000000e+06 7.357104215770959854e-03 1.057398319244384766e-02 7.273214310407638550e-02 7.357104215770959854e-03 1.057398319244384766e-02 7.273214310407638550e-02
2.376000000000000000e+06 7.771324366331100464e-03 1.056997478008270264e-02 7.251071184873580933e-02 7.771324366331100464e-03 1.056997478008270264e-02 7.251071184873580933e-02
2.377000000000000000e+06 7.312715519219636917e-03 1.056264620274305344e-02 7.250399887561798096e-02 7.312715519219636917e-03 1.056264620274305344e-02 7.250399887561798096e-02
2.378000000000000000e+06 7.469208445399999619e-03 1.058955211192369461e-02 7.265544682741165161e-02 7.469208445399999619e-03 1.058955211192369461e-02 7.265544682741165161e-02
2.379000000000000000e+06 8.421495556831359863e-03 1.062505226582288742e-02 7.288004457950592041e-02 8.421495556831359863e-03 1.062505226582288742e-02 7.288004457950592041e-02
2.380000000000000000e+06 7.852236740291118622e-03 1.059556938707828522e-02 7.235973328351974487e-02 7.852236740291118622e-03 1.059556938707828522e-02 7.235973328351974487e-02
2.381000000000000000e+06 7.992285303771495819e-03 1.054520625621080399e-02 7.224257290363311768e-02 7.992285303771495819e-03 1.054520625621080399e-02 7.224257290363311768e-02
2.382000000000000000e+06 8.533653803169727325e-03 1.060553546994924545e-02 7.271379977464675903e-02 8.533653803169727325e-03 1.060553546994924545e-02 7.271379977464675903e-02
2.383000000000000000e+06 8.696882054209709167e-03 1.061689108610153198e-02 7.303594052791595459e-02 8.696882054209709167e-03 1.061689108610153198e-02 7.303594052791595459e-02
2.384000000000000000e+06 8.311944082379341125e-03 1.057804469019174576e-02 7.284410297870635986e-02 8.311944082379341125e-03 1.057804469019174576e-02 7.284410297870635986e-02
2.385000000000000000e+06 8.319357410073280334e-03 1.061247289180755615e-02 7.264652848243713379e-02 8.319357410073280334e-03 1.061247289180755615e-02 7.264652848243713379e-02
2.386000000000000000e+06 8.058484643697738647e-03 1.057956367731094360e-02 7.196109741926193237e-02 8.058484643697738647e-03 1.057956367731094360e-02 7.196109741926193237e-02
2.387000000000000000e+06 7.536654360592365265e-03 1.057957950979471207e-02 7.263369113206863403e-02 7.536654360592365265e-03 1.057957950979471207e-02 7.263369113206863403e-02
2.388000000000000000e+06 8.614931255578994751e-03 1.055191364139318466e-02 7.304818928241729736e-02 8.614931255578994751e-03 1.055191364139318466e-02 7.304818928241729736e-02
2.389000000000000000e+06 8.400303311645984650e-03 1.061790529638528824e-02 7.189370691776275635e-02 8.400303311645984650e-03 1.061790529638528824e-02 7.189370691776275635e-02
2.390000000000000000e+06 8.567545562982559204e-03 1.063690334558486938e-02 7.211724668741226196e-02 8.567545562982559204e-03 1.063690334558486938e-02 7.211724668741226196e-02
2.391000000000000000e+06 8.746374398469924927e-03 1.055300608277320862e-02 7.323765009641647339e-02 8.746374398469924927e-03 1.055300608277320862e-02 7.323765009641647339e-02
2.392000000000000000e+06 7.825019769370555878e-03 1.060995459556579590e-02 7.275965809822082520e-02 7.825019769370555878e-03 1.060995459556579590e-02 7.275965809822082520e-02
2.393000000000000000e+06 7.188319694250822067e-03 1.056561153382062912e-02 7.265116274356842041e-02 7.188319694250822067e-03 1.056561153382062912e-02 7.265116274356842041e-02
2.394000000000000000e+06 7.219227496534585953e-03 1.059382036328315735e-02 7.208040356636047363e-02 7.219227496534585953e-03 1.059382036328315735e-02 7.208040356636047363e-02
2.395000000000000000e+06 7.530680857598781586e-03 1.058975979685783386e-02 7.232724130153656006e-02 7.530680857598781586e-03 1.058975979685783386e-02 7.232724130153656006e-02
2.396000000000000000e+06 8.642226457595825195e-03 1.058923732489347458e-02 7.319834828376770020e-02 8.642226457595825195e-03 1.058923732489347458e-02 7.319834828376770020e-02
2.397000000000000000e+06 7.510731928050518036e-03 1.056235469877719879e-02 7.329913228750228882e-02 7.510731928050518036e-03 1.056235469877719879e-02 7.329913228750228882e-02
2.398000000000000000e+06 7.604181300848722458e-03 1.061136554926633835e-02 7.270479947328567505e-02 7.604181300848722458e-03 1.061136554926633835e-02 7.270479947328567505e-02
2.399000000000000000e+06 8.257049135863780975e-03 1.060639787465333939e-02 7.325566560029983521e-02 8.257049135863780975e-03 1.060639787465333939e-02 7.325566560029983521e-02
2.400000000000000000e+06 7.798855658620595932e-03 1.059467811137437820e-02 7.243034988641738892e-02 7.798855658620595932e-03 1.059467811137437820e-02 7.243034988641738892e-02
2.401000000000000000e+06 8.065724745392799377e-03 1.061935722827911377e-02 7.220844179391860962e-02 8.065724745392799377e-03 1.061935722827911377e-02 7.220844179391860962e-02
2.402000000000000000e+06 7.197003811597824097e-03 1.060101296752691269e-02 7.191541045904159546e-02 7.197003811597824097e-03 1.060101296752691269e-02 7.191541045904159546e-02
2.403000000000000000e+06 7.967261597514152527e-03 1.058651134371757507e-02 7.269291579723358154e-02 7.967261597514152527e-03 1.058651134371757507e-02 7.269291579723358154e-02
2.404000000000000000e+06 7.023778744041919708e-03 1.057816017419099808e-02 7.242897152900695801e-02 7.023778744041919708e-03 1.057816017419099808e-02 7.242897152900695801e-02
2.405000000000000000e+06 7.268157787621021271e-03 1.057439111173152924e-02 7.236441969871520996e-02 7.268157787621021271e-03 1.057439111173152924e-02 7.236441969871520996e-02
2.406000000000000000e+06 8.564148098230361938e-03 1.053922623395919800e-02 7.249834388494491577e-02 8.564148098230361938e-03 1.053922623395919800e-02 7.249834388494491577e-02
2.407000000000000000e+06 8.690282702445983887e-03 1.062109600752592087e-02 7.182972878217697144e-02 8.690282702445983887e-03 1.062109600752592087e-02 7.182972878217697144e-02
2.408000000000000000e+06 8.950388059020042419e-03 1.054557133466005325e-02 7.178924977779388428e-02 8.950388059020042419e-03 1.054557133466005325e-02 7.178924977779388428e-02
2.409000000000000000e+06 7.146061398088932037e-03 1.055877283215522766e-02 7.185857743024826050e-02 7.146061398088932037e-03 1.055877283215522766e-02 7.185857743024826050e-02
2.410000000000000000e+06 8.037254214286804199e-03 1.060105394572019577e-02 7.261921465396881104e-02 8.037254214286804199e-03 1.060105394572019577e-02 7.261921465396881104e-02
2.411000000000000000e+06 7.299477700144052505e-03 1.056997384876012802e-02 7.252332568168640137e-02 7.299477700144052505e-03 1.056997384876012802e-02 7.252332568168640137e-02
2.412000000000000000e+06 7.813449017703533173e-03 1.063427887856960297e-02 7.144773006439208984e-02 7.813449017703533173e-03 1.063427887856960297e-02 7.144773006439208984e-02
2.413000000000000000e+06 7.937260903418064117e-03 1.060636527836322784e-02 7.269461452960968018e-02 7.937260903418064117e-03 1.060636527836322784e-02 7.269461452960968018e-02
2.414000000000000000e+06 8.252279832959175110e-03 1.061481889337301254e-02 7.216313481330871582e-02 8.252279832959175110e-03 1.061481889337301254e-02 7.216313481330871582e-02
2.415000000000000000e+06 7.195479702204465866e-03 1.059826184064149857e-02 7.215560972690582275e-02 7.195479702204465866e-03 1.059826184064149857e-02 7.215560972690582275e-02
2.416000000000000000e+06 9.272502735257148743e-03 1.061893720179796219e-02 7.334962487220764160e-02 9.272502735257148743e-03 1.061893720179796219e-02 7.334962487220764160e-02
2.417000000000000000e+06 7.785391528159379959e-03 1.059569325298070908e-02 7.252106070518493652e-02 7.785391528159379959e-03 1.059569325298070908e-02 7.252106070518493652e-02
2.418000000000000000e+06 8.011636324226856232e-03 1.059484016150236130e-02 7.209545373916625977e-02 8.011636324226856232e-03 1.059484016150236130e-02 7.209545373916625977e-02
2.419000000000000000e+06 8.259734138846397400e-03 1.057615038007497787e-02 7.239844650030136108e-02 8.259734138846397400e-03 1.057615038007497787e-02 7.239844650030136108e-02
2.420000000000000000e+06 8.289053104817867279e-03 1.059859525412321091e-02 7.194231450557708740e-02 8.289053104817867279e-03 1.059859525412321091e-02 7.194231450557708740e-02
2.421000000000000000e+06 7.637620903551578522e-03 1.060916576534509659e-02 7.196453213691711426e-02 7.637620903551578522e-03 1.060916576534509659e-02 7.196453213691711426e-02
2.422000000000000000e+06 8.505501784384250641e-03 1.061549689620733261e-02 7.234402745962142944e-02 8.505501784384250641e-03 1.061549689620733261e-02 7.234402745962142944e-02
2.423000000000000000e+06 8.165781386196613312e-03 1.059547998011112213e-02 7.210919260978698730e-02 8.165781386196613312e-03 1.059547998011112213e-02 7.210919260978698730e-02
2.424000000000000000e+06 8.478933013975620270e-03 1.054106652736663818e-02 7.156749069690704346e-02 8.478933013975620270e-03 1.054106652736663818e-02 7.156749069690704346e-02
2.425000000000000000e+06 8.516661822795867920e-03 1.057637855410575867e-02 7.241559773683547974e-02 8.516661822795867920e-03 1.057637855410575867e-02 7.241559773683547974e-02
2.426000000000000000e+06 8.613157086074352264e-03 1.058107148855924606e-02 7.227511703968048096e-02 8.613157086074352264e-03 1.058107148855924606e-02 7.227511703968048096e-02
2.427000000000000000e+06 7.884512655436992645e-03 1.059539429843425751e-02 7.287262380123138428e-02 7.884512655436992645e-03 1.059539429843425751e-02 7.287262380123138428e-02
2.428000000000000000e+06 7.541620638221502304e-03 1.059940829873085022e-02 7.153854519128799438e-02 7.541620638221502304e-03 1.059940829873085022e-02 7.153854519128799438e-02
2.429000000000000000e+06 8.894572965800762177e-03 1.058783847838640213e-02 7.241334766149520874e-02 8.894572965800762177e-03 1.058783847838640213e-02 7.241334766149520874e-02
2.430000000000000000e+06 8.457233197987079620e-03 1.058700587600469589e-02 7.216782867908477783e-02 8.457233197987079620e-03 1.058700587600469589e-02 7.216782867908477783e-02
2.431000000000000000e+06 8.078541606664657593e-03 1.060029957443475723e-02 7.266595959663391113e-02 8.078541606664657593e-03 1.060029957443475723e-02 7.266595959663391113e-02
2.432000000000000000e+06 7.967978715896606445e-03 1.059173885732889175e-02 7.294777035713195801e-02 7.967978715896606445e-03 1.059173885732889175e-02 7.294777035713195801e-02
2.433000000000000000e+06 8.964062668383121490e-03 1.060995645821094513e-02 7.198992371559143066e-02 8.964062668383121490e-03 1.060995645821094513e-02 7.198992371559143066e-02
2.434000000000000000e+06 7.287258747965097427e-03 1.060074381530284882e-02 7.173866033554077148e-02 7.287258747965097427e-03 1.060074381530284882e-02 7.173866033554077148e-02
2.435000000000000000e+06 7.903337478637695312e-03 1.056451071053743362e-02 7.185418158769607544e-02 7.903337478637695312e-03 1.056451071053743362e-02 7.185418158769607544e-02
2.436000000000000000e+06 7.971307262778282166e-03 1.056829746812582016e-02 7.189854979515075684e-02 7.971307262778282166e-03 1.056829746812582016e-02 7.189854979515075684e-02
2.437000000000000000e+06 8.481781929731369019e-03 1.061121746897697449e-02 7.219524681568145752e-02 8.481781929731369019e-03 1.061121746897697449e-02 7.219524681568145752e-02
2.438000000000000000e+06 8.228117600083351135e-03 1.059575378894805908e-02 7.187473773956298828e-02 8.228117600083351135e-03 1.059575378894805908e-02 7.187473773956298828e-02
2.439000000000000000e+06 7.569215260446071625e-03 1.060089748352766037e-02 7.187975943088531494e-02 7.569215260446071625e-03 1.060089748352766037e-02 7.187975943088531494e-02
2.440000000000000000e+06 7.753560319542884827e-03 1.059425435960292816e-02 7.222512364387512207e-02 7.753560319542884827e-03 1.059425435960292816e-02 7.222512364387512207e-02
2.441000000000000000e+06 9.875222109258174896e-03 1.049782987684011459e-02 7.280132919549942017e-02 9.875222109258174896e-03 1.049782987684011459e-02 7.280132919549942017e-02
2.442000000000000000e+06 8.064697496592998505e-03 1.058222167193889618e-02 7.182989269495010376e-02 8.064697496592998505e-03 1.058222167193889618e-02 7.182989269495010376e-02
2.443000000000000000e+06 7.080608513206243515e-03 1.058779284358024597e-02 7.209291309118270874e-02 7.080608513206243515e-03 1.058779284358024597e-02 7.209291309118270874e-02
2.444000000000000000e+06 8.833969943225383759e-03 1.061397325247526169e-02 7.252915203571319580e-02 8.833969943225383759e-03 1.061397325247526169e-02 7.252915203571319580e-02
2.445000000000000000e+06 8.631843142211437225e-03 1.060976460576057434e-02 7.229086756706237793e-02 8.631843142211437225e-03 1.060976460576057434e-02 7.229086756706237793e-02
2.446000000000000000e+06 8.164633996784687042e-03 1.061955187469720840e-02 7.211168110370635986e-02 8.164633996784687042e-03 1.061955187469720840e-02 7.211168110370635986e-02
2.447000000000000000e+06 7.838409394025802612e-03 1.055848877876996994e-02 7.159240543842315674e-02 7.838409394025802612e-03 1.055848877876996994e-02 7.159240543842315674e-02
2.448000000000000000e+06 7.934231311082839966e-03 1.058235019445419312e-02 7.262732833623886108e-02 7.934231311082839966e-03 1.058235019445419312e-02 7.262732833623886108e-02
2.449000000000000000e+06 7.326429244130849838e-03 1.059714332222938538e-02 7.151982188224792480e-02 7.326429244130849838e-03 1.059714332222938538e-02 7.151982188224792480e-02
2.450000000000000000e+06 7.647706661373376846e-03 1.055805478245019913e-02 7.147681713104248047e-02 7.647706661373376846e-03 1.055805478245019913e-02 7.147681713104248047e-02
2.451000000000000000e+06 8.801151067018508911e-03 1.056175772100687027e-02 7.224420458078384399e-02 8.801151067018508911e-03 1.056175772100687027e-02 7.224420458078384399e-02
2.452000000000000000e+06 7.922562770545482635e-03 1.057837903499603271e-02 7.124681770801544189e-02 7.922562770545482635e-03 1.057837903499603271e-02 7.124681770801544189e-02
2.453000000000000000e+06 7.028717081993818283e-03 1.055970508605241776e-02 7.147963345050811768e-02 7.028717081993818283e-03 1.055970508605241776e-02 7.147963345050811768e-02
2.454000000000000000e+06 8.677266538143157959e-03 1.057748217135667801e-02 7.221846282482147217e-02 8.677266538143157959e-03 1.057748217135667801e-02 7.221846282482147217e-02
2.455000000000000000e+06 8.649606257677078247e-03 1.055255252867937088e-02 7.265573740005493164e-02 8.649606257677078247e-03 1.055255252867937088e-02 7.265573740005493164e-02
2.456000000000000000e+06 7.216961588710546494e-03 1.056677754968404770e-02 7.110077887773513794e-02 7.216961588710546494e-03 1.056677754968404770e-02 7.110077887773513794e-02
2.457000000000000000e+06 7.426472846418619156e-03 1.058882754296064377e-02 7.223488390445709229e-02 7.426472846418619156e-03 1.058882754296064377e-02 7.223488390445709229e-02
2.458000000000000000e+06 7.626403588801622391e-03 1.055536419153213501e-02 7.139384746551513672e-02 7.626403588801622391e-03 1.055536419153213501e-02 7.139384746551513672e-02
2.459000000000000000e+06 7.392507046461105347e-03 1.059736590832471848e-02 7.170021533966064453e-02 7.392507046461105347e-03 1.059736590832471848e-02 7.170021533966064453e-02
2.460000000000000000e+06 6.917069666087627411e-03 1.057412661612033844e-02 7.177438586950302124e-02 6.917069666087627411e-03 1.057412661612033844e-02 7.177438586950302124e-02
2.461000000000000000e+06 6.933555938303470612e-03 1.053228136152029037e-02 7.120447605848312378e-02 6.933555938303470612e-03 1.053228136152029037e-02 7.120447605848312378e-02
2.462000000000000000e+06 7.950503379106521606e-03 1.059083733707666397e-02 7.091727107763290405e-02 7.950503379106521606e-03 1.059083733707666397e-02 7.091727107763290405e-02
2.463000000000000000e+06 8.558122441172599792e-03 1.052434369921684265e-02 7.164578139781951904e-02 8.558122441172599792e-03 1.052434369921684265e-02 7.164578139781951904e-02
2.464000000000000000e+06 7.396017201244831085e-03 1.054511498659849167e-02 7.084280252456665039e-02 7.396017201244831085e-03 1.054511498659849167e-02 7.084280252456665039e-02
2.465000000000000000e+06 9.426115080714225769e-03 1.050495076924562454e-02 7.205295562744140625e-02 9.426115080714225769e-03 1.050495076924562454e-02 7.205295562744140625e-02
2.466000000000000000e+06 7.764301728457212448e-03 1.055506337434053421e-02 7.165444642305374146e-02 7.764301728457212448e-03 1.055506337434053421e-02 7.165444642305374146e-02
2.467000000000000000e+06 8.049421012401580811e-03 1.057843118906021118e-02 7.236144691705703735e-02 8.049421012401580811e-03 1.057843118906021118e-02 7.236144691705703735e-02
2.468000000000000000e+06 7.972974330186843872e-03 1.063168607652187347e-02 7.204215228557586670e-02 7.972974330186843872e-03 1.063168607652187347e-02 7.204215228557586670e-02
2.469000000000000000e+06 8.825671859085559845e-03 1.055998727679252625e-02 7.156009972095489502e-02 8.825671859085559845e-03 1.055998727679252625e-02 7.156009972095489502e-02
2.470000000000000000e+06 7.574083749204874039e-03 1.060249004513025284e-02 7.132413238286972046e-02 7.574083749204874039e-03 1.060249004513025284e-02 7.132413238286972046e-02
2.471000000000000000e+06 7.609173655509948730e-03 1.061140466481447220e-02 7.142173498868942261e-02 7.609173655509948730e-03 1.061140466481447220e-02 7.142173498868942261e-02
2.472000000000000000e+06 8.652706630527973175e-03 1.056328136473894119e-02 7.145459204912185669e-02 8.652706630527973175e-03 1.056328136473894119e-02 7.145459204912185669e-02
2.473000000000000000e+06 7.338545750826597214e-03 1.053897105157375336e-02 7.220259308815002441e-02 7.338545750826597214e-03 1.053897105157375336e-02 7.220259308815002441e-02
2.474000000000000000e+06 8.313006721436977386e-03 1.055592671036720276e-02 7.122080773115158081e-02 8.313006721436977386e-03 1.055592671036720276e-02 7.122080773115158081e-02
2.475000000000000000e+06 8.132415823638439178e-03 1.060735899955034256e-02 7.142221927642822266e-02 8.132415823638439178e-03 1.060735899955034256e-02 7.142221927642822266e-02
2.476000000000000000e+06 7.858718745410442352e-03 1.058288384228944778e-02 7.128073275089263916e-02 7.858718745410442352e-03 1.058288384228944778e-02 7.128073275089263916e-02
2.477000000000000000e+06 8.067226968705654144e-03 1.057372521609067917e-02 7.046603411436080933e-02 8.067226968705654144e-03 1.057372521609067917e-02 7.046603411436080933e-02
2.478000000000000000e+06 8.223776705563068390e-03 1.054976508021354675e-02 7.132726907730102539e-02 8.223776705563068390e-03 1.054976508021354675e-02 7.132726907730102539e-02
2.479000000000000000e+06 7.357745897024869919e-03 1.058257929980754852e-02 7.117531448602676392e-02 7.357745897024869919e-03 1.058257929980754852e-02 7.117531448602676392e-02
2.480000000000000000e+06 7.644909899681806564e-03 1.057641115039587021e-02 7.103161513805389404e-02 7.644909899681806564e-03 1.057641115039587021e-02 7.103161513805389404e-02
2.481000000000000000e+06 7.264979649335145950e-03 1.056023407727479935e-02 7.075329124927520752e-02 7.264979649335145950e-03 1.056023407727479935e-02 7.075329124927520752e-02
2.482000000000000000e+06 6.860379129648208618e-03 1.056298706680536270e-02 7.062036544084548950e-02 6.860379129648208618e-03 1.056298706680536270e-02 7.062036544084548950e-02
2.483000000000000000e+06 7.875148206949234009e-03 1.056593284010887146e-02 7.159351557493209839e-02 7.875148206949234009e-03 1.056593284010887146e-02 7.159351557493209839e-02
2.484000000000000000e+06 7.316828239709138870e-03 1.054303813725709915e-02 7.012449949979782104e-02 7.316828239709138870e-03 1.054303813725709915e-02 7.012449949979782104e-02
2.485000000000000000e+06 7.474889978766441345e-03 1.061650551855564117e-02 7.068175822496414185e-02 7.474889978766441345e-03 1.061650551855564117e-02 7.068175822496414185e-02
2.486000000000000000e+06 7.124059833586215973e-03 1.060656830668449402e-02 7.127190381288528442e-02 7.124059833586215973e-03 1.060656830668449402e-02 7.127190381288528442e-02
2.487000000000000000e+06 6.855201907455921173e-03 1.059426460415124893e-02 7.055562734603881836e-02 6.855201907455921173e-03 1.059426460415124893e-02 7.055562734603881836e-02
2.488000000000000000e+06 6.819244474172592163e-03 1.056217402219772339e-02 7.020379602909088135e-02 6.819244474172592163e-03 1.056217402219772339e-02 7.020379602909088135e-02
2.489000000000000000e+06 8.505286648869514465e-03 1.061443332582712173e-02 7.167526334524154663e-02 8.505286648869514465e-03 1.061443332582712173e-02 7.167526334524154663e-02
2.490000000000000000e+06 7.069059647619724274e-03 1.053430605679750443e-02 7.103493809700012207e-02 7.069059647619724274e-03 1.053430605679750443e-02 7.103493809700012207e-02
2.491000000000000000e+06 8.909772150218486786e-03 1.052018906921148300e-02 7.062203437089920044e-02 8.909772150218486786e-03 1.052018906921148300e-02 7.062203437089920044e-02
2.492000000000000000e+06 7.698056288063526154e-03 1.054356526583433151e-02 7.042470574378967285e-02 7.698056288063526154e-03 1.054356526583433151e-02 7.042470574378967285e-02
2.493000000000000000e+06 7.364089135080575943e-03 1.059766951948404312e-02 7.165966928005218506e-02 7.364089135080575943e-03 1.059766951948404312e-02 7.165966928005218506e-02
2.494000000000000000e+06 6.956872995942831039e-03 1.055706199258565903e-02 7.066827267408370972e-02 6.956872995942831039e-03 1.055706199258565903e-02 7.066827267408370972e-02
2.495000000000000000e+06 7.550409995019435883e-03 1.058793999254703522e-02 7.092051953077316284e-02 7.550409995019435883e-03 1.058793999254703522e-02 7.092051953077316284e-02
2.496000000000000000e+06 7.950467057526111603e-03 1.059271488338708878e-02 7.060272991657257080e-02 7.950467057526111603e-03 1.059271488338708878e-02 7.060272991657257080e-02
2.497000000000000000e+06 7.813827134668827057e-03 1.055574789643287659e-02 7.147648185491561890e-02 7.813827134668827057e-03 1.055574789643287659e-02 7.147648185491561890e-02
2.498000000000000000e+06 7.972139865159988403e-03 1.055274717509746552e-02 7.149726152420043945e-02 7.972139865159988403e-03 1.055274717509746552e-02 7.149726152420043945e-02
2.499000000000000000e+06 7.397311273962259293e-03 1.060793641954660416e-02 7.003088295459747314e-02 7.397311273962259293e-03 1.060793641954660416e-02 7.003088295459747314e-02
2.500000000000000000e+06 7.792945951223373413e-03 1.059055980294942856e-02 7.018122822046279907e-02 7.792945951223373413e-03 1.059055980294942856e-02 7.018122822046279907e-02
2.501000000000000000e+06 9.812454693019390106e-03 1.060602534562349319e-02 7.160903513431549072e-02 9.812454693019390106e-03 1.060602534562349319e-02 7.160903513431549072e-02
2.502000000000000000e+06 7.372431922703981400e-03 1.056151464581489563e-02 7.048154622316360474e-02 7.372431922703981400e-03 1.056151464581489563e-02 7.048154622316360474e-02
2.503000000000000000e+06 7.243469357490539551e-03 1.059362012892961502e-02 6.987799704074859619e-02 7.243469357490539551e-03 1.059362012892961502e-02 6.987799704074859619e-02
2.504000000000000000e+06 8.452693000435829163e-03 1.054577622562646866e-02 7.228092849254608154e-02 8.452693000435829163e-03 1.054577622562646866e-02 7.228092849254608154e-02
2.505000000000000000e+06 8.762099780142307281e-03 1.054648682475090027e-02 7.203064113855361938e-02 8.762099780142307281e-03 1.054648682475090027e-02 7.203064113855361938e-02
2.506000000000000000e+06 7.049836684018373489e-03 1.058366429060697556e-02 7.083438336849212646e-02 7.049836684018373489e-03 1.058366429060697556e-02 7.083438336849212646e-02
2.507000000000000000e+06 1.261104270815849304e-02 1.063426677137613297e-02 7.087445259094238281e-02 1.261104270815849304e-02 1.063426677137613297e-02 7.087445259094238281e-02
2.508000000000000000e+06 9.032030589878559113e-03 1.057138014584779739e-02 7.127320766448974609e-02 9.032030589878559113e-03 1.057138014584779739e-02 7.127320766448974609e-02
2.509000000000000000e+06 8.251336403191089630e-03 1.055578980594873428e-02 7.082705944776535034e-02 8.251336403191089630e-03 1.055578980594873428e-02 7.082705944776535034e-02
2.510000000000000000e+06 9.428104385733604431e-03 1.062054187059402466e-02 7.059636712074279785e-02 9.428104385733604431e-03 1.062054187059402466e-02 7.059636712074279785e-02
2.511000000000000000e+06 7.132496219128370285e-03 1.060476806014776230e-02 7.057353854179382324e-02 7.132496219128370285e-03 1.060476806014776230e-02 7.057353854179382324e-02
2.512000000000000000e+06 9.411279112100601196e-03 1.060825120657682419e-02 7.094953954219818115e-02 9.411279112100601196e-03 1.060825120657682419e-02 7.094953954219818115e-02
2.513000000000000000e+06 7.817923091351985931e-03 1.057675760239362717e-02 7.067443430423736572e-02 7.817923091351985931e-03 1.057675760239362717e-02 7.067443430423736572e-02
2.514000000000000000e+06 7.073356769979000092e-03 1.052683219313621521e-02 7.005187124013900757e-02 7.073356769979000092e-03 1.052683219313621521e-02 7.005187124013900757e-02
2.515000000000000000e+06 6.901608314365148544e-03 1.060485374182462692e-02 7.015368342399597168e-02 6.901608314365148544e-03 1.060485374182462692e-02 7.015368342399597168e-02
2.516000000000000000e+06 7.632241118699312210e-03 1.056664343923330307e-02 7.002044469118118286e-02 7.632241118699312210e-03 1.056664343923330307e-02 7.002044469118118286e-02
2.517000000000000000e+06 7.074095774441957474e-03 1.059379428625106812e-02 7.030820101499557495e-02 7.074095774441957474e-03 1.059379428625106812e-02 7.030820101499557495e-02
2.518000000000000000e+06 7.503068540245294571e-03 1.057798229157924652e-02 7.003651559352874756e-02 7.503068540245294571e-03 1.057798229157924652e-02 7.003651559352874756e-02
2.519000000000000000e+06 8.213580586016178131e-03 1.056292839348316193e-02 7.045277953147888184e-02 8.213580586016178131e-03 1.056292839348316193e-02 7.045277953147888184e-02
2.520000000000000000e+06 7.855807431042194366e-03 1.059362851083278656e-02 7.092998176813125610e-02 7.855807431042194366e-03 1.059362851083278656e-02 7.092998176813125610e-02
2.521000000000000000e+06 8.797149173915386200e-03 1.062090136110782623e-02 7.051938772201538086e-02 8.797149173915386200e-03 1.062090136110782623e-02 7.051938772201538086e-02
2.522000000000000000e+06 8.507490158081054688e-03 1.057433988898992538e-02 7.164550572633743286e-02 8.507490158081054688e-03 1.057433988898992538e-02 7.164550572633743286e-02
2.523000000000000000e+06 7.364645600318908691e-03 1.056987605988979340e-02 7.094027847051620483e-02 7.364645600318908691e-03 1.056987605988979340e-02 7.094027847051620483e-02
2.524000000000000000e+06 9.247669950127601624e-03 1.049046218395233154e-02 7.197430729866027832e-02 9.247669950127601624e-03 1.049046218395233154e-02 7.197430729866027832e-02
2.525000000000000000e+06 7.588170934468507767e-03 1.051640696823596954e-02 7.013659924268722534e-02 7.588170934468507767e-03 1.051640696823596954e-02 7.013659924268722534e-02
2.526000000000000000e+06 7.674679625779390335e-03 1.055853534489870071e-02 7.127232104539871216e-02 7.674679625779390335e-03 1.055853534489870071e-02 7.127232104539871216e-02
2.527000000000000000e+06 7.602808531373739243e-03 1.055445615202188492e-02 7.036579400300979614e-02 7.602808531373739243e-03 1.055445615202188492e-02 7.036579400300979614e-02
2.528000000000000000e+06 7.843852043151855469e-03 1.057844888418912888e-02 7.064230740070343018e-02 7.843852043151855469e-03 1.057844888418912888e-02 7.064230740070343018e-02
2.529000000000000000e+06 7.461207918822765350e-03 1.056599244475364685e-02 7.057409733533859253e-02 7.461207918822765350e-03 1.056599244475364685e-02 7.057409733533859253e-02
2.530000000000000000e+06 8.362168446183204651e-03 1.052702218294143677e-02 7.160525023937225342e-02 8.362168446183204651e-03 1.052702218294143677e-02 7.160525023937225342e-02
2.531000000000000000e+06 8.261281065642833710e-03 1.059569325298070908e-02 7.086364179849624634e-02 8.261281065642833710e-03 1.059569325298070908e-02 7.086364179849624634e-02
2.532000000000000000e+06 7.506475318223237991e-03 1.053943671286106110e-02 6.991446018218994141e-02 7.506475318223237991e-03 1.053943671286106110e-02 6.991446018218994141e-02
2.533000000000000000e+06 7.075803354382514954e-03 1.054530125111341476e-02 7.031650841236114502e-02 7.075803354382514954e-03 1.054530125111341476e-02 7.031650841236114502e-02
2.534000000000000000e+06 7.244110107421875000e-03 1.053557917475700378e-02 6.975965201854705811e-02 7.244110107421875000e-03 1.053557917475700378e-02 6.975965201854705811e-02
2.535000000000000000e+06 8.344864472746849060e-03 1.051832363009452820e-02 7.022979855537414551e-02 8.344864472746849060e-03 1.051832363009452820e-02 7.022979855537414551e-02
2.536000000000000000e+06 9.475928731262683868e-03 1.053345855325460434e-02 7.072287797927856445e-02 9.475928731262683868e-03 1.053345855325460434e-02 7.072287797927856445e-02
2.537000000000000000e+06 9.072083979845046997e-03 1.051751431077718735e-02 7.152080535888671875e-02 9.072083979845046997e-03 1.051751431077718735e-02 7.152080535888671875e-02
2.538000000000000000e+06 8.979276753962039948e-03 1.055350620299577713e-02 7.164503633975982666e-02 8.979276753962039948e-03 1.055350620299577713e-02 7.164503633975982666e-02
2.539000000000000000e+06 8.322600275278091431e-03 1.056081708520650864e-02 6.964042037725448608e-02 8.322600275278091431e-03 1.056081708520650864e-02 6.964042037725448608e-02
2.540000000000000000e+06 7.888658903539180756e-03 1.050580386072397232e-02 6.971231848001480103e-02 7.888658903539180756e-03 1.050580386072397232e-02 6.971231848001480103e-02
2.541000000000000000e+06 7.804165594279766083e-03 1.054394058883190155e-02 7.109688967466354370e-02 7.804165594279766083e-03 1.054394058883190155e-02 7.109688967466354370e-02
2.542000000000000000e+06 7.543839048594236374e-03 1.055173575878143311e-02 6.987484544515609741e-02 7.543839048594236374e-03 1.055173575878143311e-02 6.987484544515609741e-02
2.543000000000000000e+06 8.112509734928607941e-03 1.050783600658178329e-02 7.031935453414916992e-02 8.112509734928607941e-03 1.050783600658178329e-02 7.031935453414916992e-02
2.544000000000000000e+06 8.075532503426074982e-03 1.051700115203857422e-02 6.962727755308151245e-02 8.075532503426074982e-03 1.051700115203857422e-02 6.962727755308151245e-02
2.545000000000000000e+06 7.961629889905452728e-03 1.059094816446304321e-02 6.999631226062774658e-02 7.961629889905452728e-03 1.059094816446304321e-02 6.999631226062774658e-02
2.546000000000000000e+06 8.530241437256336212e-03 1.057296991348266602e-02 7.133113592863082886e-02 8.530241437256336212e-03 1.057296991348266602e-02 7.133113592863082886e-02
2.547000000000000000e+06 7.899175398051738739e-03 1.051608845591545105e-02 7.057005167007446289e-02 7.899175398051738739e-03 1.051608845591545105e-02 7.057005167007446289e-02
2.548000000000000000e+06 7.586585357785224915e-03 1.059744507074356079e-02 7.014017552137374878e-02 7.586585357785224915e-03 1.059744507074356079e-02 7.014017552137374878e-02
2.549000000000000000e+06 7.832408882677555084e-03 1.057778671383857727e-02 7.045656442642211914e-02 7.832408882677555084e-03 1.057778671383857727e-02 7.045656442642211914e-02
2.550000000000000000e+06 7.207015063613653183e-03 1.055868249386548996e-02 7.037138938903808594e-02 7.207015063613653183e-03 1.055868249386548996e-02 7.037138938903808594e-02
2.551000000000000000e+06 9.003493003547191620e-03 1.054578647017478943e-02 7.139887660741806030e-02 9.003493003547191620e-03 1.054578647017478943e-02 7.139887660741806030e-02
2.552000000000000000e+06 7.690418045967817307e-03 1.051264256238937378e-02 7.012430578470230103e-02 7.690418045967817307e-03 1.051264256238937378e-02 7.012430578470230103e-02
2.553000000000000000e+06 8.322553709149360657e-03 1.056276541203260422e-02 7.013184577226638794e-02 8.322553709149360657e-03 1.056276541203260422e-02 7.013184577226638794e-02
2.554000000000000000e+06 7.631966844201087952e-03 1.056149881333112717e-02 7.066501677036285400e-02 7.631966844201087952e-03 1.056149881333112717e-02 7.066501677036285400e-02
2.555000000000000000e+06 7.833328098058700562e-03 1.055496744811534882e-02 7.049172371625900269e-02 7.833328098058700562e-03 1.055496744811534882e-02 7.049172371625900269e-02
2.556000000000000000e+06 7.639070041477680206e-03 1.053360011428594589e-02 7.064002007246017456e-02 7.639070041477680206e-03 1.053360011428594589e-02 7.064002007246017456e-02
2.557000000000000000e+06 8.259161375463008881e-03 1.050776895135641098e-02 7.022069394588470459e-02 8.259161375463008881e-03 1.050776895135641098e-02 7.022069394588470459e-02
2.558000000000000000e+06 7.013859227299690247e-03 1.054023485630750656e-02 6.968095153570175171e-02 7.013859227299690247e-03 1.054023485630750656e-02 6.968095153570175171e-02
2.559000000000000000e+06 8.018381893634796143e-03 1.053022127598524094e-02 7.042766362428665161e-02 8.018381893634796143e-03 1.053022127598524094e-02 7.042766362428665161e-02
2.560000000000000000e+06 8.878511376678943634e-03 1.052372250705957413e-02 7.057728618383407593e-02 8.878511376678943634e-03 1.052372250705957413e-02 7.057728618383407593e-02
2.561000000000000000e+06 8.243859745562076569e-03 1.053359545767307281e-02 6.962416321039199829e-02 8.243859745562076569e-03 1.053359545767307281e-02 6.962416321039199829e-02
2.562000000000000000e+06 7.844197563827037811e-03 1.054087188094854355e-02 7.033006101846694946e-02 7.844197563827037811e-03 1.054087188094854355e-02 7.033006101846694946e-02
2.563000000000000000e+06 8.924026973545551300e-03 1.054243557155132294e-02 7.038630545139312744e-02 8.924026973545551300e-03 1.054243557155132294e-02 7.038630545139312744e-02
2.564000000000000000e+06 6.979894824326038361e-03 1.050286833196878433e-02 7.028385251760482788e-02 6.979894824326038361e-03 1.050286833196878433e-02 7.028385251760482788e-02
2.565000000000000000e+06 7.657867390662431717e-03 1.051999907940626144e-02 7.037971168756484985e-02 7.657867390662431717e-03 1.051999907940626144e-02 7.037971168756484985e-02
2.566000000000000000e+06 1.139986980706453323e-02 1.057751197367906570e-02 7.121212780475616455e-02 1.139986980706453323e-02 1.057751197367906570e-02 7.121212780475616455e-02
2.567000000000000000e+06 7.426200434565544128e-03 1.051803585141897202e-02 7.041855901479721069e-02 7.426200434565544128e-03 1.051803585141897202e-02 7.041855901479721069e-02
2.568000000000000000e+06 8.384819142520427704e-03 1.050464622676372528e-02 6.962805241346359253e-02 8.384819142520427704e-03 1.050464622676372528e-02 6.962805241346359253e-02
2.569000000000000000e+06 7.324891630560159683e-03 1.053104363381862640e-02 6.981936842203140259e-02 7.324891630560159683e-03 1.053104363381862640e-02 6.981936842203140259e-02
2.570000000000000000e+06 7.578761316835880280e-03 1.049413438886404037e-02 6.971440464258193970e-02 7.578761316835880280e-03 1.049413438886404037e-02 6.971440464258193970e-02
2.571000000000000000e+06 7.840758189558982849e-03 1.050583459436893463e-02 6.921140849590301514e-02 7.840758189558982849e-03 1.050583459436893463e-02 6.921140849590301514e-02
2.572000000000000000e+06 6.487553939223289490e-03 1.056390441954135895e-02 6.906609982252120972e-02 6.487553939223289490e-03 1.056390441954135895e-02 6.906609982252120972e-02
2.573000000000000000e+06 7.443123031407594681e-03 1.053623482584953308e-02 7.053239643573760986e-02 7.443123031407594681e-03 1.053623482584953308e-02 7.053239643573760986e-02
2.574000000000000000e+06 7.360528223216533661e-03 1.052614580839872360e-02 7.014284282922744751e-02 7.360528223216533661e-03 1.052614580839872360e-02 7.014284282922744751e-02
2.575000000000000000e+06 7.251088507473468781e-03 1.050888095051050186e-02 6.944683194160461426e-02 7.251088507473468781e-03 1.050888095051050186e-02 6.944683194160461426e-02
2.576000000000000000e+06 7.884966209530830383e-03 1.056322176009416580e-02 6.922163814306259155e-02 7.884966209530830383e-03 1.056322176009416580e-02 6.922163814306259155e-02
2.577000000000000000e+06 8.699837140738964081e-03 1.050702109932899475e-02 7.008042186498641968e-02 8.699837140738964081e-03 1.050702109932899475e-02 7.008042186498641968e-02
2.578000000000000000e+06 7.788225542753934860e-03 1.051355339586734772e-02 7.040375471115112305e-02 7.788225542753934860e-03 1.051355339586734772e-02 7.040375471115112305e-02
2.579000000000000000e+06 8.107178844511508942e-03 1.051152218133211136e-02 7.021444290876388550e-02 8.107178844511508942e-03 1.051152218133211136e-02 7.021444290876388550e-02
2.580000000000000000e+06 7.449065335094928741e-03 1.051551755517721176e-02 7.020584493875503540e-02 7.449065335094928741e-03 1.051551755517721176e-02 7.020584493875503540e-02
2.581000000000000000e+06 7.056963164359331131e-03 1.053893752396106720e-02 7.064139842987060547e-02 7.056963164359331131e-03 1.053893752396106720e-02 7.064139842987060547e-02
2.582000000000000000e+06 7.353805471211671829e-03 1.050764787942171097e-02 7.042441517114639282e-02 7.353805471211671829e-03 1.050764787942171097e-02 7.042441517114639282e-02
2.583000000000000000e+06 7.771885488182306290e-03 1.053719781339168549e-02 7.009448111057281494e-02 7.771885488182306290e-03 1.053719781339168549e-02 7.009448111057281494e-02
2.584000000000000000e+06 8.136353455483913422e-03 1.049860939383506775e-02 7.011348009109497070e-02 8.136353455483913422e-03 1.049860939383506775e-02 7.011348009109497070e-02
2.585000000000000000e+06 8.125147782266139984e-03 1.053212024271488190e-02 7.042803615331649780e-02 8.125147782266139984e-03 1.053212024271488190e-02 7.042803615331649780e-02
2.586000000000000000e+06 8.779786527156829834e-03 1.049733441323041916e-02 6.934110075235366821e-02 8.779786527156829834e-03 1.049733441323041916e-02 6.934110075235366821e-02
2.587000000000000000e+06 7.581275422126054764e-03 1.053109858185052872e-02 6.949964165687561035e-02 7.581275422126054764e-03 1.053109858185052872e-02 6.949964165687561035e-02
2.588000000000000000e+06 7.868735119700431824e-03 1.051650103181600571e-02 7.043807208538055420e-02 7.868735119700431824e-03 1.051650103181600571e-02 7.043807208538055420e-02
2.589000000000000000e+06 8.191224187612533569e-03 1.053373515605926514e-02 7.032259553670883179e-02 8.191224187612533569e-03 1.053373515605926514e-02 7.032259553670883179e-02
2.590000000000000000e+06 7.662615738809108734e-03 1.053428277373313904e-02 6.909745186567306519e-02 7.662615738809108734e-03 1.053428277373313904e-02 6.909745186567306519e-02
2.591000000000000000e+06 7.483007386326789856e-03 1.053174585103988647e-02 7.014619559049606323e-02 7.483007386326789856e-03 1.053174585103988647e-02 7.014619559049606323e-02
2.592000000000000000e+06 7.169466931372880936e-03 1.050507277250289917e-02 6.919714808464050293e-02 7.169466931372880936e-03 1.050507277250289917e-02 6.919714808464050293e-02
2.593000000000000000e+06 7.585677318274974823e-03 1.050013396888971329e-02 7.064676284790039062e-02 7.585677318274974823e-03 1.050013396888971329e-02 7.064676284790039062e-02
2.594000000000000000e+06 7.863262668251991272e-03 1.054138131439685822e-02 6.984014064073562622e-02 7.863262668251991272e-03 1.054138131439685822e-02 6.984014064073562622e-02
2.595000000000000000e+06 7.309355307370424271e-03 1.055856607854366302e-02 6.933712959289550781e-02 7.309355307370424271e-03 1.055856607854366302e-02 6.933712959289550781e-02
2.596000000000000000e+06 8.837517350912094116e-03 1.046504825353622437e-02 6.982893496751785278e-02 8.837517350912094116e-03 1.046504825353622437e-02 6.982893496751785278e-02
2.597000000000000000e+06 7.966837845742702484e-03 1.052540913224220276e-02 6.898544728755950928e-02 7.966837845742702484e-03 1.052540913224220276e-02 6.898544728755950928e-02
2.598000000000000000e+06 7.203124929219484329e-03 1.051719393581151962e-02 7.027664035558700562e-02 7.203124929219484329e-03 1.051719393581151962e-02 7.027664035558700562e-02
2.599000000000000000e+06 7.390532642602920532e-03 1.046908367425203323e-02 6.898497790098190308e-02 7.390532642602920532e-03 1.046908367425203323e-02 6.898497790098190308e-02
2.600000000000000000e+06 7.668231148272752762e-03 1.047858409583568573e-02 6.926646828651428223e-02 7.668231148272752762e-03 1.047858409583568573e-02 6.926646828651428223e-02
2.601000000000000000e+06 7.650101557374000549e-03 1.052733231335878372e-02 6.975215673446655273e-02 7.650101557374000549e-03 1.052733231335878372e-02 6.975215673446655273e-02
2.602000000000000000e+06 7.436460349708795547e-03 1.051854994148015976e-02 6.893182545900344849e-02 7.436460349708795547e-03 1.051854994148015976e-02 6.893182545900344849e-02
2.603000000000000000e+06 8.130590431392192841e-03 1.047926302999258041e-02 6.995883584022521973e-02 8.130590431392192841e-03 1.047926302999258041e-02 6.995883584022521973e-02
2.604000000000000000e+06 7.955357432365417480e-03 1.049767062067985535e-02 6.932513415813446045e-02 7.955357432365417480e-03 1.049767062067985535e-02 6.932513415813446045e-02
2.605000000000000000e+06 7.275867741554975510e-03 1.051137130707502365e-02 6.895593553781509399e-02 7.275867741554975510e-03 1.051137130707502365e-02 6.895593553781509399e-02
2.606000000000000000e+06 7.033316418528556824e-03 1.051932293921709061e-02 6.913551688194274902e-02 7.033316418528556824e-03 1.051932293921709061e-02 6.913551688194274902e-02
2.607000000000000000e+06 7.637740112841129303e-03 1.049831230193376541e-02 6.952533870935440063e-02 7.637740112841129303e-03 1.049831230193376541e-02 6.952533870935440063e-02
2.608000000000000000e+06 8.382354862987995148e-03 1.051324326545000076e-02 6.989398598670959473e-02 8.382354862987995148e-03 1.051324326545000076e-02 6.989398598670959473e-02
2.609000000000000000e+06 6.839260924607515335e-03 1.050183642655611038e-02 6.902977824211120605e-02 6.839260924607515335e-03 1.050183642655611038e-02 6.902977824211120605e-02
2.610000000000000000e+06 8.246043696999549866e-03 1.051919907331466675e-02 6.952290236949920654e-02 8.246043696999549866e-03 1.051919907331466675e-02 6.952290236949920654e-02
2.611000000000000000e+06 7.806281559169292450e-03 1.054941397160291672e-02 6.940557807683944702e-02 7.806281559169292450e-03 1.054941397160291672e-02 6.940557807683944702e-02
2.612000000000000000e+06 7.363024633377790451e-03 1.048842910677194595e-02 7.016066461801528931e-02 7.363024633377790451e-03 1.048842910677194595e-02 7.016066461801528931e-02
2.613000000000000000e+06 8.002330549061298370e-03 1.048361044377088547e-02 6.859790533781051636e-02 8.002330549061298370e-03 1.048361044377088547e-02 6.859790533781051636e-02
2.614000000000000000e+06 7.190476637333631516e-03 1.051071286201477051e-02 6.928431987762451172e-02 7.190476637333631516e-03 1.051071286201477051e-02 6.928431987762451172e-02
2.615000000000000000e+06 6.244038697332143784e-03 1.053758058696985245e-02 6.858667731285095215e-02 6.244038697332143784e-03 1.053758058696985245e-02 6.858667731285095215e-02
2.616000000000000000e+06 7.701834663748741150e-03 1.050972379744052887e-02 6.938324123620986938e-02 7.701834663748741150e-03 1.050972379744052887e-02 6.938324123620986938e-02
2.617000000000000000e+06 7.984748110175132751e-03 1.048703677952289581e-02 6.937032192945480347e-02 7.984748110175132751e-03 1.048703677952289581e-02 6.937032192945480347e-02
2.618000000000000000e+06 7.800151128321886063e-03 1.045248284935951233e-02 6.858545541763305664e-02 7.800151128321886063e-03 1.045248284935951233e-02 6.858545541763305664e-02
2.619000000000000000e+06 6.797237321734428406e-03 1.046971604228019714e-02 6.922802329063415527e-02 6.797237321734428406e-03 1.046971604228019714e-02 6.922802329063415527e-02
2.620000000000000000e+06 7.619464769959449768e-03 1.047639921307563782e-02 6.962104886770248413e-02 7.619464769959449768e-03 1.047639921307563782e-02 6.962104886770248413e-02
2.621000000000000000e+06 7.961479946970939636e-03 1.050703320652246475e-02 6.916619837284088135e-02 7.961479946970939636e-03 1.050703320652246475e-02 6.916619837284088135e-02
2.622000000000000000e+06 8.081931620836257935e-03 1.049132272601127625e-02 6.917182356119155884e-02 8.081931620836257935e-03 1.049132272601127625e-02 6.917182356119155884e-02
2.623000000000000000e+06 7.889400236308574677e-03 1.048021297901868820e-02 6.953953951597213745e-02 7.889400236308574677e-03 1.048021297901868820e-02 6.953953951597213745e-02
2.624000000000000000e+06 1.009256299585103989e-02 1.049534697085618973e-02 6.946042925119400024e-02 1.009256299585103989e-02 1.049534697085618973e-02 6.946042925119400024e-02
2.625000000000000000e+06 6.618616171181201935e-03 1.047438196837902069e-02 6.846655905246734619e-02 6.618616171181201935e-03 1.047438196837902069e-02 6.846655905246734619e-02
2.626000000000000000e+06 7.653731387108564377e-03 1.053278055042028427e-02 6.798880547285079956e-02 7.653731387108564377e-03 1.053278055042028427e-02 6.798880547285079956e-02
2.627000000000000000e+06 7.499562576413154602e-03 1.047584973275661469e-02 6.830430030822753906e-02 7.499562576413154602e-03 1.047584973275661469e-02 6.830430030822753906e-02
2.628000000000000000e+06 9.220283478498458862e-03 1.048127934336662292e-02 6.934160739183425903e-02 9.220283478498458862e-03 1.048127934336662292e-02 6.934160739183425903e-02
2.629000000000000000e+06 7.337457500398159027e-03 1.049182564020156860e-02 6.867153942584991455e-02 7.337457500398159027e-03 1.049182564020156860e-02 6.867153942584991455e-02
2.630000000000000000e+06 8.124828338623046875e-03 1.053461246192455292e-02 6.862835586071014404e-02 8.124828338623046875e-03 1.053461246192455292e-02 6.862835586071014404e-02
2.631000000000000000e+06 7.236906327307224274e-03 1.052433531731367111e-02 6.902006268501281738e-02 7.236906327307224274e-03 1.052433531731367111e-02 6.902006268501281738e-02
2.632000000000000000e+06 7.497888524085283279e-03 1.049022376537322998e-02 6.925842911005020142e-02 7.497888524085283279e-03 1.049022376537322998e-02 6.925842911005020142e-02
2.633000000000000000e+06 8.293051272630691528e-03 1.044913753867149353e-02 6.921432167291641235e-02 8.293051272630691528e-03 1.044913753867149353e-02 6.921432167291641235e-02
2.634000000000000000e+06 8.440522477030754089e-03 1.045510359108448029e-02 7.057915627956390381e-02 8.440522477030754089e-03 1.045510359108448029e-02 7.057915627956390381e-02
2.635000000000000000e+06 7.187932264059782028e-03 1.049176044762134552e-02 6.917484849691390991e-02 7.187932264059782028e-03 1.049176044762134552e-02 6.917484849691390991e-02
2.636000000000000000e+06 8.429255336523056030e-03 1.049033924937248230e-02 6.881159543991088867e-02 8.429255336523056030e-03 1.049033924937248230e-02 6.881159543991088867e-02
2.637000000000000000e+06 7.442334666848182678e-03 1.048995275050401688e-02 6.896305084228515625e-02 7.442334666848182678e-03 1.048995275050401688e-02 6.896305084228515625e-02
2.638000000000000000e+06 7.006683386862277985e-03 1.046511158347129822e-02 6.857550889253616333e-02 7.006683386862277985e-03 1.046511158347129822e-02 6.857550889253616333e-02
2.639000000000000000e+06 8.496711030602455139e-03 1.047686114907264709e-02 6.907857954502105713e-02 8.496711030602455139e-03 1.047686114907264709e-02 6.907857954502105713e-02
2.640000000000000000e+06 7.067969068884849548e-03 1.047706045210361481e-02 6.894717365503311157e-02 7.067969068884849548e-03 1.047706045210361481e-02 6.894717365503311157e-02
2.641000000000000000e+06 7.124438416212797165e-03 1.047783531248569489e-02 6.897760927677154541e-02 7.124438416212797165e-03 1.047783531248569489e-02 6.897760927677154541e-02
2.642000000000000000e+06 7.374156266450881958e-03 1.049255672842264175e-02 6.852446496486663818e-02 7.374156266450881958e-03 1.049255672842264175e-02 6.852446496486663818e-02
2.643000000000000000e+06 7.985605858266353607e-03 1.049976143985986710e-02 6.969723850488662720e-02 7.985605858266353607e-03 1.049976143985986710e-02 6.969723850488662720e-02
2.644000000000000000e+06 8.146540261805057526e-03 1.052932441234588623e-02 6.950499862432479858e-02 8.146540261805057526e-03 1.052932441234588623e-02 6.950499862432479858e-02
2.645000000000000000e+06 7.729736156761646271e-03 1.052332576364278793e-02 6.890755891799926758e-02 7.729736156761646271e-03 1.052332576364278793e-02 6.890755891799926758e-02
2.646000000000000000e+06 7.889442145824432373e-03 1.046058349311351776e-02 6.902965158224105835e-02 7.889442145824432373e-03 1.046058349311351776e-02 6.902965158224105835e-02
2.647000000000000000e+06 6.657166872173547745e-03 1.049247756600379944e-02 6.825204938650131226e-02 6.657166872173547745e-03 1.049247756600379944e-02 6.825204938650131226e-02
2.648000000000000000e+06 7.920200005173683167e-03 1.051182951778173447e-02 6.863957643508911133e-02 7.920200005173683167e-03 1.051182951778173447e-02 6.863957643508911133e-02
2.649000000000000000e+06 7.941428571939468384e-03 1.050632074475288391e-02 6.858348101377487183e-02 7.941428571939468384e-03 1.050632074475288391e-02 6.858348101377487183e-02
2.650000000000000000e+06 7.470562122762203217e-03 1.049004402011632919e-02 6.879103928804397583e-02 7.470562122762203217e-03 1.049004402011632919e-02 6.879103928804397583e-02
2.651000000000000000e+06 6.850189995020627975e-03 1.046613883227109909e-02 6.790024042129516602e-02 6.850189995020627975e-03 1.046613883227109909e-02 6.790024042129516602e-02
2.652000000000000000e+06 6.753074005246162415e-03 1.048829313367605209e-02 6.818274408578872681e-02 6.753074005246162415e-03 1.048829313367605209e-02 6.818274408578872681e-02
2.653000000000000000e+06 7.250158116221427917e-03 1.048048678785562515e-02 6.899460405111312866e-02 7.250158116221427917e-03 1.048048678785562515e-02 6.899460405111312866e-02
2.654000000000000000e+06 8.790719322860240936e-03 1.044946163892745972e-02 6.944905221462249756e-02 8.790719322860240936e-03 1.044946163892745972e-02 6.944905221462249756e-02
2.655000000000000000e+06 8.256940171122550964e-03 1.049121376127004623e-02 6.840384751558303833e-02 8.256940171122550964e-03 1.049121376127004623e-02 6.840384751558303833e-02
2.656000000000000000e+06 7.132939063012599945e-03 1.050892565399408340e-02 6.816406548023223877e-02 7.132939063012599945e-03 1.050892565399408340e-02 6.816406548023223877e-02
2.657000000000000000e+06 8.204633370041847229e-03 1.049738004803657532e-02 6.911540031433105469e-02 8.204633370041847229e-03 1.049738004803657532e-02 6.911540031433105469e-02
2.658000000000000000e+06 8.641372434794902802e-03 1.049980055540800095e-02 6.956132501363754272e-02 8.641372434794902802e-03 1.049980055540800095e-02 6.956132501363754272e-02
2.659000000000000000e+06 7.223221473395824432e-03 1.045576296746730804e-02 6.892444938421249390e-02 7.223221473395824432e-03 1.045576296746730804e-02 6.892444938421249390e-02
2.660000000000000000e+06 7.741468027234077454e-03 1.048140414059162140e-02 6.808557361364364624e-02 7.741468027234077454e-03 1.048140414059162140e-02 6.808557361364364624e-02
2.661000000000000000e+06 7.756263483315706253e-03 1.044406276196241379e-02 6.866240501403808594e-02 7.756263483315706253e-03 1.044406276196241379e-02 6.866240501403808594e-02
2.662000000000000000e+06 8.034056052565574646e-03 1.043063588440418243e-02 6.846984475851058960e-02 8.034056052565574646e-03 1.043063588440418243e-02 6.846984475851058960e-02
2.663000000000000000e+06 7.295266259461641312e-03 1.047800015658140182e-02 6.903978437185287476e-02 7.295266259461641312e-03 1.047800015658140182e-02 6.903978437185287476e-02
2.664000000000000000e+06 8.533505722880363464e-03 1.043382100760936737e-02 6.839206069707870483e-02 8.533505722880363464e-03 1.043382100760936737e-02 6.839206069707870483e-02
2.665000000000000000e+06 7.763546891510486603e-03 1.044549047946929932e-02 6.866978853940963745e-02 7.763546891510486603e-03 1.044549047946929932e-02 6.866978853940963745e-02
2.666000000000000000e+06 7.581918034702539444e-03 1.045757904648780823e-02 6.822914630174636841e-02 7.581918034702539444e-03 1.045757904648780823e-02 6.822914630174636841e-02
2.667000000000000000e+06 7.722912821918725967e-03 1.042830944061279297e-02 6.834560632705688477e-02 7.722912821918725967e-03 1.042830944061279297e-02 6.834560632705688477e-02
2.668000000000000000e+06 7.339413743466138840e-03 1.046636234968900681e-02 6.802461296319961548e-02 7.339413743466138840e-03 1.046636234968900681e-02 6.802461296319961548e-02
2.669000000000000000e+06 7.522657047957181931e-03 1.047053746879100800e-02 6.787065416574478149e-02 7.522657047957181931e-03 1.047053746879100800e-02 6.787065416574478149e-02
2.670000000000000000e+06 7.325195241719484329e-03 1.045310497283935547e-02 6.828225404024124146e-02 7.325195241719484329e-03 1.045310497283935547e-02 6.828225404024124146e-02
2.671000000000000000e+06 7.088498212397098541e-03 1.047206297516822815e-02 6.846139580011367798e-02 7.088498212397098541e-03 1.047206297516822815e-02 6.846139580011367798e-02
2.672000000000000000e+06 6.768577732145786285e-03 1.044348347932100296e-02 6.776925921440124512e-02 6.768577732145786285e-03 1.044348347932100296e-02 6.776925921440124512e-02
2.673000000000000000e+06 7.212262134999036789e-03 1.046487875282764435e-02 6.853520125150680542e-02 7.212262134999036789e-03 1.046487875282764435e-02 6.853520125150680542e-02
2.674000000000000000e+06 6.708028260618448257e-03 1.044237334281206131e-02 6.797861307859420776e-02 6.708028260618448257e-03 1.044237334281206131e-02 6.797861307859420776e-02
2.675000000000000000e+06 7.225110661238431931e-03 1.048270985484123230e-02 6.828457862138748169e-02 7.225110661238431931e-03 1.048270985484123230e-02 6.828457862138748169e-02
2.676000000000000000e+06 7.914588786661624908e-03 1.045545376837253571e-02 6.775197386741638184e-02 7.914588786661624908e-03 1.045545376837253571e-02 6.775197386741638184e-02
2.677000000000000000e+06 8.961358107626438141e-03 1.043400261551141739e-02 6.841082125902175903e-02 8.961358107626438141e-03 1.043400261551141739e-02 6.841082125902175903e-02
2.678000000000000000e+06 7.171566132456064224e-03 1.045554969459772110e-02 6.811790168285369873e-02 7.171566132456064224e-03 1.045554969459772110e-02 6.811790168285369873e-02
2.679000000000000000e+06 7.335630245506763458e-03 1.042422838509082794e-02 6.868976354598999023e-02 7.335630245506763458e-03 1.042422838509082794e-02 6.868976354598999023e-02
2.680000000000000000e+06 7.790443021804094315e-03 1.044127345085144043e-02 6.821102648973464966e-02 7.790443021804094315e-03 1.044127345085144043e-02 6.821102648973464966e-02
2.681000000000000000e+06 7.182199973613023758e-03 1.047775428742170334e-02 6.797528266906738281e-02 7.182199973613023758e-03 1.047775428742170334e-02 6.797528266906738281e-02
2.682000000000000000e+06 8.321935310959815979e-03 1.049666479229927063e-02 6.806506216526031494e-02 8.321935310959815979e-03 1.049666479229927063e-02 6.806506216526031494e-02
2.683000000000000000e+06 7.344526704400777817e-03 1.043051946908235550e-02 6.767826527357101440e-02 7.344526704400777817e-03 1.043051946908235550e-02 6.767826527357101440e-02
2.684000000000000000e+06 7.586848456412553787e-03 1.045769266784191132e-02 6.807685643434524536e-02 7.586848456412553787e-03 1.045769266784191132e-02 6.807685643434524536e-02
2.685000000000000000e+06 7.317898795008659363e-03 1.042028609663248062e-02 6.792474538087844849e-02 7.317898795008659363e-03 1.042028609663248062e-02 6.792474538087844849e-02
2.686000000000000000e+06 7.767904084175825119e-03 1.040421519428491592e-02 6.796836853027343750e-02 7.767904084175825119e-03 1.040421519428491592e-02 6.796836853027343750e-02
2.687000000000000000e+06 7.102041039615869522e-03 1.042667590081691742e-02 6.826946884393692017e-02 7.102041039615869522e-03 1.042667590081691742e-02 6.826946884393692017e-02
2.688000000000000000e+06 8.254034444689750671e-03 1.044191140681505203e-02 6.862600892782211304e-02 8.254034444689750671e-03 1.044191140681505203e-02 6.862600892782211304e-02
2.689000000000000000e+06 7.616618648171424866e-03 1.046802382916212082e-02 6.793537735939025879e-02 7.616618648171424866e-03 1.046802382916212082e-02 6.793537735939025879e-02
2.690000000000000000e+06 7.342885248363018036e-03 1.045110449194908142e-02 6.797065585851669312e-02 7.342885248363018036e-03 1.045110449194908142e-02 6.797065585851669312e-02
2.691000000000000000e+06 7.288916967809200287e-03 1.045842375606298447e-02 6.848356127738952637e-02 7.288916967809200287e-03 1.045842375606298447e-02 6.848356127738952637e-02
2.692000000000000000e+06 8.572068996727466583e-03 1.046197395771741867e-02 6.970801949501037598e-02 8.572068996727466583e-03 1.046197395771741867e-02 6.970801949501037598e-02
2.693000000000000000e+06 7.431096863001585007e-03 1.049107592552900314e-02 6.804845482110977173e-02 7.431096863001585007e-03 1.049107592552900314e-02 6.804845482110977173e-02
2.694000000000000000e+06 7.801229599863290787e-03 1.046075392514467239e-02 6.789512932300567627e-02 7.801229599863290787e-03 1.046075392514467239e-02 6.789512932300567627e-02
2.695000000000000000e+06 7.801740430295467377e-03 1.043687760829925537e-02 6.812631338834762573e-02 7.801740430295467377e-03 1.043687760829925537e-02 6.812631338834762573e-02
2.696000000000000000e+06 8.008434437215328217e-03 1.040207035839557648e-02 6.842608749866485596e-02 8.008434437215328217e-03 1.040207035839557648e-02 6.842608749866485596e-02
2.697000000000000000e+06 7.787561044096946716e-03 1.049336697906255722e-02 6.794276088476181030e-02 7.787561044096946716e-03 1.049336697906255722e-02 6.794276088476181030e-02
2.698000000000000000e+06 7.804904133081436157e-03 1.043799519538879395e-02 6.801612675189971924e-02 7.804904133081436157e-03 1.043799519538879395e-02 6.801612675189971924e-02
2.699000000000000000e+06 7.196823135018348694e-03 1.044280827045440674e-02 6.732923537492752075e-02 7.196823135018348694e-03 1.044280827045440674e-02 6.732923537492752075e-02
2.700000000000000000e+06 7.894437760114669800e-03 1.042419392615556717e-02 6.856718659400939941e-02 7.894437760114669800e-03 1.042419392615556717e-02 6.856718659400939941e-02
2.701000000000000000e+06 7.656098809093236923e-03 1.040572114288806915e-02 6.712143123149871826e-02 7.656098809093236923e-03 1.040572114288806915e-02 6.712143123149871826e-02
2.702000000000000000e+06 7.795556914061307907e-03 1.041267439723014832e-02 6.790448725223541260e-02 7.795556914061307907e-03 1.041267439723014832e-02 6.790448725223541260e-02
2.703000000000000000e+06 7.965525612235069275e-03 1.042147260159254074e-02 6.906767934560775757e-02 7.965525612235069275e-03 1.042147260159254074e-02 6.906767934560775757e-02
2.704000000000000000e+06 8.092349395155906677e-03 1.046076044440269470e-02 6.833473592996597290e-02 8.092349395155906677e-03 1.046076044440269470e-02 6.833473592996597290e-02
2.705000000000000000e+06 7.723397109657526016e-03 1.039183791726827621e-02 6.745472550392150879e-02 7.723397109657526016e-03 1.039183791726827621e-02 6.745472550392150879e-02
2.706000000000000000e+06 7.166939787566661835e-03 1.043103635311126709e-02 6.768494844436645508e-02 7.166939787566661835e-03 1.043103635311126709e-02 6.768494844436645508e-02
2.707000000000000000e+06 6.809111684560775757e-03 1.042228005826473236e-02 6.722020357847213745e-02 6.809111684560775757e-03 1.042228005826473236e-02 6.722020357847213745e-02
2.708000000000000000e+06 7.993711158633232117e-03 1.038771867752075195e-02 6.794435530900955200e-02 7.993711158633232117e-03 1.038771867752075195e-02 6.794435530900955200e-02
2.709000000000000000e+06 7.547188084572553635e-03 1.041160058230161667e-02 6.757173687219619751e-02 7.547188084572553635e-03 1.041160058230161667e-02 6.757173687219619751e-02
2.710000000000000000e+06 7.914474233984947205e-03 1.045394130051136017e-02 6.862377375364303589e-02 7.914474233984947205e-03 1.045394130051136017e-02 6.862377375364303589e-02
2.711000000000000000e+06 8.344686590135097504e-03 1.042741630226373672e-02 6.908398121595382690e-02 8.344686590135097504e-03 1.042741630226373672e-02 6.908398121595382690e-02
2.712000000000000000e+06 7.872147485613822937e-03 1.039952319115400314e-02 6.752587109804153442e-02 7.872147485613822937e-03 1.039952319115400314e-02 6.752587109804153442e-02
2.713000000000000000e+06 7.868249900639057159e-03 1.039918698370456696e-02 6.818085163831710815e-02 7.868249900639057159e-03 1.039918698370456696e-02 6.818085163831710815e-02
2.714000000000000000e+06 7.004315964877605438e-03 1.039964798837900162e-02 6.732477247714996338e-02 7.004315964877605438e-03 1.039964798837900162e-02 6.732477247714996338e-02
2.715000000000000000e+06 6.923757493495941162e-03 1.042794343084096909e-02 6.782170385122299194e-02 6.923757493495941162e-03 1.042794343084096909e-02 6.782170385122299194e-02
2.716000000000000000e+06 7.398190442472696304e-03 1.043046824634075165e-02 6.792647391557693481e-02 7.398190442472696304e-03 1.043046824634075165e-02 6.792647391557693481e-02
2.717000000000000000e+06 7.881406694650650024e-03 1.040707342326641083e-02 6.847359240055084229e-02 7.881406694650650024e-03 1.040707342326641083e-02 6.847359240055084229e-02
2.718000000000000000e+06 6.922919768840074539e-03 1.043951138854026794e-02 6.719727814197540283e-02 6.922919768840074539e-03 1.043951138854026794e-02 6.719727814197540283e-02
2.719000000000000000e+06 7.634661626070737839e-03 1.043655816465616226e-02 6.954827904701232910e-02 7.634661626070737839e-03 1.043655816465616226e-02 6.954827904701232910e-02
2.720000000000000000e+06 7.993897423148155212e-03 1.043608877807855606e-02 6.823792308568954468e-02 7.993897423148155212e-03 1.043608877807855606e-02 6.823792308568954468e-02
2.721000000000000000e+06 7.384512107819318771e-03 1.043851301074028015e-02 6.813425570726394653e-02 7.384512107819318771e-03 1.043851301074028015e-02 6.813425570726394653e-02
2.722000000000000000e+06 7.758264895528554916e-03 1.040700264275074005e-02 6.735238432884216309e-02 7.758264895528554916e-03 1.040700264275074005e-02 6.735238432884216309e-02
2.723000000000000000e+06 8.446810767054557800e-03 1.042522024363279343e-02 6.850039958953857422e-02 8.446810767054557800e-03 1.042522024363279343e-02 6.850039958953857422e-02
2.724000000000000000e+06 7.221553940325975418e-03 1.043654140084981918e-02 6.747198849916458130e-02 7.221553940325975418e-03 1.043654140084981918e-02 6.747198849916458130e-02
2.725000000000000000e+06 7.107332348823547363e-03 1.042280532419681549e-02 6.729360669851303101e-02 7.107332348823547363e-03 1.042280532419681549e-02 6.729360669851303101e-02
2.726000000000000000e+06 8.003282360732555389e-03 1.040429994463920593e-02 6.745316833257675171e-02 8.003282360732555389e-03 1.040429994463920593e-02 6.745316833257675171e-02
2.727000000000000000e+06 6.774294655770063400e-03 1.042044162750244141e-02 6.783877313137054443e-02 6.774294655770063400e-03 1.042044162750244141e-02 6.783877313137054443e-02
2.728000000000000000e+06 7.228112779557704926e-03 1.040614861994981766e-02 6.748887896537780762e-02 7.228112779557704926e-03 1.040614861994981766e-02 6.748887896537780762e-02
2.729000000000000000e+06 7.620264776051044464e-03 1.044472865760326385e-02 6.761334091424942017e-02 7.620264776051044464e-03 1.044472865760326385e-02 6.761334091424942017e-02
2.730000000000000000e+06 8.015984669327735901e-03 1.041699387133121490e-02 6.795556098222732544e-02 8.015984669327735901e-03 1.041699387133121490e-02 6.795556098222732544e-02
2.731000000000000000e+06 7.674751337617635727e-03 1.038699690252542496e-02 6.798502802848815918e-02 7.674751337617635727e-03 1.038699690252542496e-02 6.798502802848815918e-02
2.732000000000000000e+06 7.886801846325397491e-03 1.042101997882127762e-02 6.764398515224456787e-02 7.886801846325397491e-03 1.042101997882127762e-02 6.764398515224456787e-02
2.733000000000000000e+06 7.092122919857501984e-03 1.038856152445077896e-02 6.789702922105789185e-02 7.092122919857501984e-03 1.038856152445077896e-02 6.789702922105789185e-02
2.734000000000000000e+06 7.580505218356847763e-03 1.039495877921581268e-02 6.768865138292312622e-02 7.580505218356847763e-03 1.039495877921581268e-02 6.768865138292312622e-02
2.735000000000000000e+06 7.416185457259416580e-03 1.037186197936534882e-02 6.764104217290878296e-02 7.416185457259416580e-03 1.037186197936534882e-02 6.764104217290878296e-02
2.736000000000000000e+06 8.222746662795543671e-03 1.040286663919687271e-02 6.911125034093856812e-02 8.222746662795543671e-03 1.040286663919687271e-02 6.911125034093856812e-02
2.737000000000000000e+06 9.466269053518772125e-03 1.034169830381870270e-02 6.761361658573150635e-02 9.466269053518772125e-03 1.034169830381870270e-02 6.761361658573150635e-02
2.738000000000000000e+06 7.957330904901027679e-03 1.040873304009437561e-02 6.903751939535140991e-02 7.957330904901027679e-03 1.040873304009437561e-02 6.903751939535140991e-02
2.739000000000000000e+06 7.582534104585647583e-03 1.038459222763776779e-02 6.707849353551864624e-02 7.582534104585647583e-03 1.038459222763776779e-02 6.707849353551864624e-02
2.740000000000000000e+06 7.828041911125183105e-03 1.040809694677591324e-02 6.667448580265045166e-02 7.828041911125183105e-03 1.040809694677591324e-02 6.667448580265045166e-02
2.741000000000000000e+06 8.354362100362777710e-03 1.039585284888744354e-02 6.718559563159942627e-02 8.354362100362777710e-03 1.039585284888744354e-02 6.718559563159942627e-02
2.742000000000000000e+06 7.490423973649740219e-03 1.038658525794744492e-02 6.801416724920272827e-02 7.490423973649740219e-03 1.038658525794744492e-02 6.801416724920272827e-02
2.743000000000000000e+06 6.855182349681854248e-03 1.037303265184164047e-02 6.677191704511642456e-02 6.855182349681854248e-03 1.037303265184164047e-02 6.677191704511642456e-02
2.744000000000000000e+06 8.244431577622890472e-03 1.034965179860591888e-02 6.777563691139221191e-02 8.244431577622890472e-03 1.034965179860591888e-02 6.777563691139221191e-02
2.745000000000000000e+06 8.184447884559631348e-03 1.038595382124185562e-02 6.691113114356994629e-02 8.184447884559631348e-03 1.038595382124185562e-02 6.691113114356994629e-02
2.746000000000000000e+06 6.906273309141397476e-03 1.034721173346042633e-02 6.742370873689651489e-02 6.906273309141397476e-03 1.034721173346042633e-02 6.742370873689651489e-02
2.747000000000000000e+06 7.121412083506584167e-03 1.037744991481304169e-02 6.696422398090362549e-02 7.121412083506584167e-03 1.037744991481304169e-02 6.696422398090362549e-02
2.748000000000000000e+06 6.892014760524034500e-03 1.036846078932285309e-02 6.757654249668121338e-02 6.892014760524034500e-03 1.036846078932285309e-02 6.757654249668121338e-02
2.749000000000000000e+06 7.526251021772623062e-03 1.034740358591079712e-02 6.759925931692123413e-02 7.526251021772623062e-03 1.034740358591079712e-02 6.759925931692123413e-02
2.750000000000000000e+06 8.051623590290546417e-03 1.035067252814769745e-02 6.824761629104614258e-02 8.051623590290546417e-03 1.035067252814769745e-02 6.824761629104614258e-02
2.751000000000000000e+06 7.138424087315797806e-03 1.039276458323001862e-02 6.757526844739913940e-02 7.138424087315797806e-03 1.039276458323001862e-02 6.757526844739913940e-02
2.752000000000000000e+06 7.009014952927827835e-03 1.037719566375017166e-02 6.771352142095565796e-02 7.009014952927827835e-03 1.037719566375017166e-02 6.771352142095565796e-02
2.753000000000000000e+06 6.611107382923364639e-03 1.038489490747451782e-02 6.752513349056243896e-02 6.611107382923364639e-03 1.038489490747451782e-02 6.752513349056243896e-02
2.754000000000000000e+06 8.327155373990535736e-03 1.033992320299148560e-02 6.816197931766510010e-02 8.327155373990535736e-03 1.033992320299148560e-02 6.816197931766510010e-02
2.755000000000000000e+06 6.578222382813692093e-03 1.038399990648031235e-02 6.683819741010665894e-02 6.578222382813692093e-03 1.038399990648031235e-02 6.683819741010665894e-02
2.756000000000000000e+06 8.327637799084186554e-03 1.041693147271871567e-02 6.670930981636047363e-02 8.327637799084186554e-03 1.041693147271871567e-02 6.670930981636047363e-02
2.757000000000000000e+06 7.157567888498306274e-03 1.038190349936485291e-02 6.850843876600265503e-02 7.157567888498306274e-03 1.038190349936485291e-02 6.850843876600265503e-02
2.758000000000000000e+06 7.739144377410411835e-03 1.035357732325792313e-02 6.769777089357376099e-02 7.739144377410411835e-03 1.035357732325792313e-02 6.769777089357376099e-02
2.759000000000000000e+06 8.358352817595005035e-03 1.035761181265115738e-02 6.759427487850189209e-02 8.358352817595005035e-03 1.035761181265115738e-02 6.759427487850189209e-02
2.760000000000000000e+06 7.635085377842187881e-03 1.034065335988998413e-02 6.726256757974624634e-02 7.635085377842187881e-03 1.034065335988998413e-02 6.726256757974624634e-02
2.761000000000000000e+06 7.904204539954662323e-03 1.040472555905580521e-02 6.648974120616912842e-02 7.904204539954662323e-03 1.040472555905580521e-02 6.648974120616912842e-02
2.762000000000000000e+06 7.976351305842399597e-03 1.032330561429262161e-02 6.777109205722808838e-02 7.976351305842399597e-03 1.032330561429262161e-02 6.777109205722808838e-02
2.763000000000000000e+06 8.261868730187416077e-03 1.034817378968000412e-02 6.874835491180419922e-02 8.261868730187416077e-03 1.034817378968000412e-02 6.874835491180419922e-02
2.764000000000000000e+06 7.240554783493280411e-03 1.034277956932783127e-02 6.695731729269027710e-02 7.240554783493280411e-03 1.034277956932783127e-02 6.695731729269027710e-02
2.765000000000000000e+06 7.236678153276443481e-03 1.033175829797983170e-02 6.698823720216751099e-02 7.236678153276443481e-03 1.033175829797983170e-02 6.698823720216751099e-02
2.766000000000000000e+06 6.553682032972574234e-03 1.037099491804838181e-02 6.630712002515792847e-02 6.553682032972574234e-03 1.037099491804838181e-02 6.630712002515792847e-02
2.767000000000000000e+06 7.764935959130525589e-03 1.034061703830957413e-02 6.686334311962127686e-02 7.764935959130525589e-03 1.034061703830957413e-02 6.686334311962127686e-02
2.768000000000000000e+06 6.698124576359987259e-03 1.031320728361606598e-02 6.700035184621810913e-02 6.698124576359987259e-03 1.031320728361606598e-02 6.700035184621810913e-02
2.769000000000000000e+06 7.665709592401981354e-03 1.034704968333244324e-02 6.773217767477035522e-02 7.665709592401981354e-03 1.034704968333244324e-02 6.773217767477035522e-02
2.770000000000000000e+06 7.390051614493131638e-03 1.035478152334690094e-02 6.670785695314407349e-02 7.390051614493131638e-03 1.035478152334690094e-02 6.670785695314407349e-02
2.771000000000000000e+06 6.661573890596628189e-03 1.033575180917978287e-02 6.687174737453460693e-02 6.661573890596628189e-03 1.033575180917978287e-02 6.687174737453460693e-02
2.772000000000000000e+06 8.159670047461986542e-03 1.036343071609735489e-02 6.642623245716094971e-02 8.159670047461986542e-03 1.036343071609735489e-02 6.642623245716094971e-02
2.773000000000000000e+06 7.671228144317865372e-03 1.036149077117443085e-02 6.690828502178192139e-02 7.671228144317865372e-03 1.036149077117443085e-02 6.690828502178192139e-02
2.774000000000000000e+06 7.213787175714969635e-03 1.031861640512943268e-02 6.668784469366073608e-02 7.213787175714969635e-03 1.031861640512943268e-02 6.668784469366073608e-02
2.775000000000000000e+06 7.167519535869359970e-03 1.032480876892805099e-02 6.769452244043350220e-02 7.167519535869359970e-03 1.032480876892805099e-02 6.769452244043350220e-02
2.776000000000000000e+06 8.673547767102718353e-03 1.034251321107149124e-02 6.783872097730636597e-02 8.673547767102718353e-03 1.034251321107149124e-02 6.783872097730636597e-02
2.777000000000000000e+06 6.638555321842432022e-03 1.033153291791677475e-02 6.633280217647552490e-02 6.638555321842432022e-03 1.033153291791677475e-02 6.633280217647552490e-02
2.778000000000000000e+06 7.799558807164430618e-03 1.030429266393184662e-02 6.642817705869674683e-02 7.799558807164430618e-03 1.030429266393184662e-02 6.642817705869674683e-02
2.779000000000000000e+06 7.697306107729673386e-03 1.028800476342439651e-02 6.716694682836532593e-02 7.697306107729673386e-03 1.028800476342439651e-02 6.716694682836532593e-02
2.780000000000000000e+06 7.140834350138902664e-03 1.036477368324995041e-02 6.727396696805953979e-02 7.140834350138902664e-03 1.036477368324995041e-02 6.727396696805953979e-02
2.781000000000000000e+06 6.928312592208385468e-03 1.034700684249401093e-02 6.619312614202499390e-02 6.928312592208385468e-03 1.034700684249401093e-02 6.619312614202499390e-02
2.782000000000000000e+06 7.324986159801483154e-03 1.031795050948858261e-02 6.688454002141952515e-02 7.324986159801483154e-03 1.031795050948858261e-02 6.688454002141952515e-02
2.783000000000000000e+06 7.135091815143823624e-03 1.033651083707809448e-02 6.656257063150405884e-02 7.135091815143823624e-03 1.033651083707809448e-02 6.656257063150405884e-02
2.784000000000000000e+06 8.214003406465053558e-03 1.028738450258970261e-02 6.714095920324325562e-02 8.214003406465053558e-03 1.028738450258970261e-02 6.714095920324325562e-02
2.785000000000000000e+06 7.120572030544281006e-03 1.032354775816202164e-02 6.748332828283309937e-02 7.120572030544281006e-03 1.032354775816202164e-02 6.748332828283309937e-02
2.786000000000000000e+06 7.706814445555210114e-03 1.033071056008338928e-02 6.620373576879501343e-02 7.706814445555210114e-03 1.033071056008338928e-02 6.620373576879501343e-02
2.787000000000000000e+06 7.261551450937986374e-03 1.031943596899509430e-02 6.696598231792449951e-02 7.261551450937986374e-03 1.031943596899509430e-02 6.696598231792449951e-02
2.788000000000000000e+06 6.756255868822336197e-03 1.031257677823305130e-02 6.681809574365615845e-02 6.756255868822336197e-03 1.031257677823305130e-02 6.681809574365615845e-02
2.789000000000000000e+06 7.043174933642148972e-03 1.033202279359102249e-02 6.798703968524932861e-02 7.043174933642148972e-03 1.033202279359102249e-02 6.798703968524932861e-02
2.790000000000000000e+06 8.268602192401885986e-03 1.031839009374380112e-02 6.755367666482925415e-02 8.268602192401885986e-03 1.031839009374380112e-02 6.755367666482925415e-02
2.791000000000000000e+06 7.418424822390079498e-03 1.031626202166080475e-02 6.684862077236175537e-02 7.418424822390079498e-03 1.031626202166080475e-02 6.684862077236175537e-02
2.792000000000000000e+06 7.026702631264925003e-03 1.032160408794879913e-02 6.661864370107650757e-02 7.026702631264925003e-03 1.032160408794879913e-02 6.661864370107650757e-02
2.793000000000000000e+06 7.333131972700357437e-03 1.032181829214096069e-02 6.731396168470382690e-02 7.333131972700357437e-03 1.032181829214096069e-02 6.731396168470382690e-02
2.794000000000000000e+06 7.738905958831310272e-03 1.029057800769805908e-02 6.673996895551681519e-02 7.738905958831310272e-03 1.029057800769805908e-02 6.673996895551681519e-02
2.795000000000000000e+06 8.171248249709606171e-03 1.027200091630220413e-02 6.741881370544433594e-02 8.171248249709606171e-03 1.027200091630220413e-02 6.741881370544433594e-02
2.796000000000000000e+06 6.843879353255033493e-03 1.031277421861886978e-02 6.640441715717315674e-02 6.843879353255033493e-03 1.031277421861886978e-02 6.640441715717315674e-02
2.797000000000000000e+06 7.804709021002054214e-03 1.030786056071519852e-02 6.675649434328079224e-02 7.804709021002054214e-03 1.030786056071519852e-02 6.675649434328079224e-02
2.798000000000000000e+06 7.243112195283174515e-03 1.031926739960908890e-02 6.661453843116760254e-02 7.243112195283174515e-03 1.031926739960908890e-02 6.661453843116760254e-02
2.799000000000000000e+06 7.130433339625597000e-03 1.029338035732507706e-02 6.663633882999420166e-02 7.130433339625597000e-03 1.029338035732507706e-02 6.663633882999420166e-02
2.800000000000000000e+06 7.220276631414890289e-03 1.028761081397533417e-02 6.661980599164962769e-02 7.220276631414890289e-03 1.028761081397533417e-02 6.661980599164962769e-02
2.801000000000000000e+06 7.472760975360870361e-03 1.029447559267282486e-02 6.685631722211837769e-02 7.472760975360870361e-03 1.029447559267282486e-02 6.685631722211837769e-02
2.802000000000000000e+06 7.236499339342117310e-03 1.030037831515073776e-02 6.654596328735351562e-02 7.236499339342117310e-03 1.030037831515073776e-02 6.654596328735351562e-02
2.803000000000000000e+06 7.612968795001506805e-03 1.028929371386766434e-02 6.848452985286712646e-02 7.612968795001506805e-03 1.028929371386766434e-02 6.848452985286712646e-02
2.804000000000000000e+06 8.217803202569484711e-03 1.031247340142726898e-02 6.694563478231430054e-02 8.217803202569484711e-03 1.031247340142726898e-02 6.694563478231430054e-02
2.805000000000000000e+06 7.403783965855836868e-03 1.031263917684555054e-02 6.657490879297256470e-02 7.403783965855836868e-03 1.031263917684555054e-02 6.657490879297256470e-02
2.806000000000000000e+06 6.379385013133287430e-03 1.025570370256900787e-02 6.586252897977828979e-02 6.379385013133287430e-03 1.025570370256900787e-02 6.586252897977828979e-02
2.807000000000000000e+06 7.587411906570196152e-03 1.024574413895606995e-02 6.611250340938568115e-02 7.587411906570196152e-03 1.024574413895606995e-02 6.611250340938568115e-02
2.808000000000000000e+06 6.679273210465908051e-03 1.028000563383102417e-02 6.650777906179428101e-02 6.679273210465908051e-03 1.028000563383102417e-02 6.650777906179428101e-02
2.809000000000000000e+06 6.870814133435487747e-03 1.026102248579263687e-02 6.639663130044937134e-02 6.870814133435487747e-03 1.026102248579263687e-02 6.639663130044937134e-02
2.810000000000000000e+06 7.570019457489252090e-03 1.031045708805322647e-02 6.595992296934127808e-02 7.570019457489252090e-03 1.031045708805322647e-02 6.595992296934127808e-02
2.811000000000000000e+06 7.934105582535266876e-03 1.030645333230495453e-02 6.691581755876541138e-02 7.934105582535266876e-03 1.030645333230495453e-02 6.691581755876541138e-02
2.812000000000000000e+06 8.613315410912036896e-03 1.034021843224763870e-02 6.599656492471694946e-02 8.613315410912036896e-03 1.034021843224763870e-02 6.599656492471694946e-02
2.813000000000000000e+06 7.019205484539270401e-03 1.031052321195602417e-02 6.636614352464675903e-02 7.019205484539270401e-03 1.031052321195602417e-02 6.636614352464675903e-02
2.814000000000000000e+06 6.837645079940557480e-03 1.029377244412899017e-02 6.566870957612991333e-02 6.837645079940557480e-03 1.029377244412899017e-02 6.566870957612991333e-02
2.815000000000000000e+06 6.990876514464616776e-03 1.027308963239192963e-02 6.613493710756301880e-02 6.990876514464616776e-03 1.027308963239192963e-02 6.613493710756301880e-02
2.816000000000000000e+06 7.621123455464839935e-03 1.028887089341878891e-02 6.635204702615737915e-02 7.621123455464839935e-03 1.028887089341878891e-02 6.635204702615737915e-02
2.817000000000000000e+06 8.397979661822319031e-03 1.029116194695234299e-02 6.742147356271743774e-02 8.397979661822319031e-03 1.029116194695234299e-02 6.742147356271743774e-02
2.818000000000000000e+06 7.250569760799407959e-03 1.028441358357667923e-02 6.694712489843368530e-02 7.250569760799407959e-03 1.028441358357667923e-02 6.694712489843368530e-02
2.819000000000000000e+06 8.118435740470886230e-03 1.025821454823017120e-02 6.619856506586074829e-02 8.118435740470886230e-03 1.025821454823017120e-02 6.619856506586074829e-02
2.820000000000000000e+06 6.644663400948047638e-03 1.027652714401483536e-02 6.590420752763748169e-02 6.644663400948047638e-03 1.027652714401483536e-02 6.590420752763748169e-02
2.821000000000000000e+06 7.037562783807516098e-03 1.029526349157094955e-02 6.669448316097259521e-02 7.037562783807516098e-03 1.029526349157094955e-02 6.669448316097259521e-02
2.822000000000000000e+06 7.084947079420089722e-03 1.027095504105091095e-02 6.682822853326797485e-02 7.084947079420089722e-03 1.027095504105091095e-02 6.682822853326797485e-02
2.823000000000000000e+06 7.199016865342855453e-03 1.028976310044527054e-02 6.584510207176208496e-02 7.199016865342855453e-03 1.028976310044527054e-02 6.584510207176208496e-02
2.824000000000000000e+06 7.712346967309713364e-03 1.029437035322189331e-02 6.604564189910888672e-02 7.712346967309713364e-03 1.029437035322189331e-02 6.604564189910888672e-02
2.825000000000000000e+06 8.072122000157833099e-03 1.024484075605869293e-02 6.622969359159469604e-02 8.072122000157833099e-03 1.024484075605869293e-02 6.622969359159469604e-02
2.826000000000000000e+06 7.138394750654697418e-03 1.026063412427902222e-02 6.630361080169677734e-02 7.138394750654697418e-03 1.026063412427902222e-02 6.630361080169677734e-02
2.827000000000000000e+06 7.498404942452907562e-03 1.031041890382766724e-02 6.604813039302825928e-02 7.498404942452907562e-03 1.031041890382766724e-02 6.604813039302825928e-02
2.828000000000000000e+06 7.002858445048332214e-03 1.026776060461997986e-02 6.632941216230392456e-02 7.002858445048332214e-03 1.026776060461997986e-02 6.632941216230392456e-02
2.829000000000000000e+06 7.552128285169601440e-03 1.024401281028985977e-02 6.625039130449295044e-02 7.552128285169601440e-03 1.024401281028985977e-02 6.625039130449295044e-02
2.830000000000000000e+06 8.068253286182880402e-03 1.025229413062334061e-02 6.658765673637390137e-02 8.068253286182880402e-03 1.025229413062334061e-02 6.658765673637390137e-02
2.831000000000000000e+06 7.352870423346757889e-03 1.027587894350290298e-02 6.614497303962707520e-02 7.352870423346757889e-03 1.027587894350290298e-02 6.614497303962707520e-02
2.832000000000000000e+06 7.042448502033948898e-03 1.028263289481401443e-02 6.575242429971694946e-02 7.042448502033948898e-03 1.028263289481401443e-02 6.575242429971694946e-02
2.833000000000000000e+06 6.377761252224445343e-03 1.027481164783239365e-02 6.601639837026596069e-02 6.377761252224445343e-03 1.027481164783239365e-02 6.601639837026596069e-02
2.834000000000000000e+06 6.796224042773246765e-03 1.029728073626756668e-02 6.565631181001663208e-02 6.796224042773246765e-03 1.029728073626756668e-02 6.565631181001663208e-02
2.835000000000000000e+06 6.917820312082767487e-03 1.023093611001968384e-02 6.587618589401245117e-02 6.917820312082767487e-03 1.023093611001968384e-02 6.587618589401245117e-02
2.836000000000000000e+06 7.587363943457603455e-03 1.021808013319969177e-02 6.660977751016616821e-02 7.587363943457603455e-03 1.021808013319969177e-02 6.660977751016616821e-02
2.837000000000000000e+06 7.272795308381319046e-03 1.023097988218069077e-02 6.613910198211669922e-02 7.272795308381319046e-03 1.023097988218069077e-02 6.613910198211669922e-02
2.838000000000000000e+06 6.764454301446676254e-03 1.025041658431291580e-02 6.536387652158737183e-02 6.764454301446676254e-03 1.025041658431291580e-02 6.536387652158737183e-02
2.839000000000000000e+06 7.542250677943229675e-03 1.023815106600522995e-02 6.555005908012390137e-02 7.542250677943229675e-03 1.023815106600522995e-02 6.555005908012390137e-02
2.840000000000000000e+06 8.744040504097938538e-03 1.028995495289564133e-02 6.643352657556533813e-02 8.744040504097938538e-03 1.028995495289564133e-02 6.643352657556533813e-02
2.841000000000000000e+06 6.909291725605726242e-03 1.024114806205034256e-02 6.566248089075088501e-02 6.909291725605726242e-03 1.024114806205034256e-02 6.566248089075088501e-02
2.842000000000000000e+06 7.701872382313013077e-03 1.021875534206628799e-02 6.686590611934661865e-02 7.701872382313013077e-03 1.021875534206628799e-02 6.686590611934661865e-02
2.843000000000000000e+06 6.751764100044965744e-03 1.027098298072814941e-02 6.644622981548309326e-02 6.751764100044965744e-03 1.027098298072814941e-02 6.644622981548309326e-02
2.844000000000000000e+06 7.316454779356718063e-03 1.028837356716394424e-02 6.570500135421752930e-02 7.316454779356718063e-03 1.028837356716394424e-02 6.570500135421752930e-02
2.845000000000000000e+06 7.276859600096940994e-03 1.025465037673711777e-02 6.560812890529632568e-02 7.276859600096940994e-03 1.025465037673711777e-02 6.560812890529632568e-02
2.846000000000000000e+06 6.674414966255426407e-03 1.024736370891332626e-02 6.535606086254119873e-02 6.674414966255426407e-03 1.024736370891332626e-02 6.535606086254119873e-02
2.847000000000000000e+06 6.898889318108558655e-03 1.023748703300952911e-02 6.613552570343017578e-02 6.898889318108558655e-03 1.023748703300952911e-02 6.613552570343017578e-02
2.848000000000000000e+06 7.423826493322849274e-03 1.021256763488054276e-02 6.535477936267852783e-02 7.423826493322849274e-03 1.021256763488054276e-02 6.535477936267852783e-02
2.849000000000000000e+06 7.318054325878620148e-03 1.025033090263605118e-02 6.590054184198379517e-02 7.318054325878620148e-03 1.025033090263605118e-02 6.590054184198379517e-02
2.850000000000000000e+06 7.191022392362356186e-03 1.026985514909029007e-02 6.588531285524368286e-02 7.191022392362356186e-03 1.026985514909029007e-02 6.588531285524368286e-02
2.851000000000000000e+06 7.698405068367719650e-03 1.022851280868053436e-02 6.742186844348907471e-02 7.698405068367719650e-03 1.022851280868053436e-02 6.742186844348907471e-02
2.852000000000000000e+06 7.247426081448793411e-03 1.023652125149965286e-02 6.538306921720504761e-02 7.247426081448793411e-03 1.023652125149965286e-02 6.538306921720504761e-02
2.853000000000000000e+06 6.840298417955636978e-03 1.023338921368122101e-02 6.622438132762908936e-02 6.840298417955636978e-03 1.023338921368122101e-02 6.622438132762908936e-02
2.854000000000000000e+06 8.067122660577297211e-03 1.027558464556932449e-02 6.614552438259124756e-02 8.067122660577297211e-03 1.027558464556932449e-02 6.614552438259124756e-02
2.855000000000000000e+06 6.926497444510459900e-03 1.022616308182477951e-02 6.570160388946533203e-02 6.926497444510459900e-03 1.022616308182477951e-02 6.570160388946533203e-02
2.856000000000000000e+06 7.209828123450279236e-03 1.019355375319719315e-02 6.592063605785369873e-02 7.209828123450279236e-03 1.019355375319719315e-02 6.592063605785369873e-02
2.857000000000000000e+06 7.360988762229681015e-03 1.021408755332231522e-02 6.648358702659606934e-02 7.360988762229681015e-03 1.021408755332231522e-02 6.648358702659606934e-02
2.858000000000000000e+06 7.000738289207220078e-03 1.024403423070907593e-02 6.547389179468154907e-02 7.000738289207220078e-03 1.024403423070907593e-02 6.547389179468154907e-02
2.859000000000000000e+06 6.436148658394813538e-03 1.020110026001930237e-02 6.518341600894927979e-02 6.436148658394813538e-03 1.020110026001930237e-02 6.518341600894927979e-02
2.860000000000000000e+06 7.672104518860578537e-03 1.021774671971797943e-02 6.622548401355743408e-02 7.672104518860578537e-03 1.021774671971797943e-02 6.622548401355743408e-02
2.861000000000000000e+06 6.880028173327445984e-03 1.022694632411003113e-02 6.606497615575790405e-02 6.880028173327445984e-03 1.022694632411003113e-02 6.606497615575790405e-02
2.862000000000000000e+06 7.507860194891691208e-03 1.020487770438194275e-02 6.626071780920028687e-02 7.507860194891691208e-03 1.020487770438194275e-02 6.626071780920028687e-02
2.863000000000000000e+06 7.249993272125720978e-03 1.023960206657648087e-02 6.618091464042663574e-02 7.249993272125720978e-03 1.023960206657648087e-02 6.618091464042663574e-02
2.864000000000000000e+06 7.866946049034595490e-03 1.023440435528755188e-02 6.575665622949600220e-02 7.866946049034595490e-03 1.023440435528755188e-02 6.575665622949600220e-02
2.865000000000000000e+06 6.734829861670732498e-03 1.022607088088989258e-02 6.510739028453826904e-02 6.734829861670732498e-03 1.022607088088989258e-02 6.510739028453826904e-02
2.866000000000000000e+06 6.854992825537919998e-03 1.021489314734935760e-02 6.495367735624313354e-02 6.854992825537919998e-03 1.021489314734935760e-02 6.495367735624313354e-02
2.867000000000000000e+06 6.821778602898120880e-03 1.018258370459079742e-02 6.506271660327911377e-02 6.821778602898120880e-03 1.018258370459079742e-02 6.506271660327911377e-02
2.868000000000000000e+06 8.073004893958568573e-03 1.024422794580459595e-02 6.530579179525375366e-02 8.073004893958568573e-03 1.024422794580459595e-02 6.530579179525375366e-02
2.869000000000000000e+06 6.711633410304784775e-03 1.020434685051441193e-02 6.581734865903854370e-02 6.711633410304784775e-03 1.020434685051441193e-02 6.581734865903854370e-02
2.870000000000000000e+06 6.184200290590524673e-03 1.020329818129539490e-02 6.546464562416076660e-02 6.184200290590524673e-03 1.020329818129539490e-02 6.546464562416076660e-02
2.871000000000000000e+06 6.969475187361240387e-03 1.018967386335134506e-02 6.655351817607879639e-02 6.969475187361240387e-03 1.018967386335134506e-02 6.655351817607879639e-02
2.872000000000000000e+06 6.707884836941957474e-03 1.019811257719993591e-02 6.507294625043869019e-02 6.707884836941957474e-03 1.019811257719993591e-02 6.507294625043869019e-02
2.873000000000000000e+06 7.144811563193798065e-03 1.020805817097425461e-02 6.520771235227584839e-02 7.144811563193798065e-03 1.020805817097425461e-02 6.520771235227584839e-02
2.874000000000000000e+06 7.427362259477376938e-03 1.018006633967161179e-02 6.575124710798263550e-02 7.427362259477376938e-03 1.018006633967161179e-02 6.575124710798263550e-02
2.875000000000000000e+06 8.093205280601978302e-03 1.017766259610652924e-02 6.556160748004913330e-02 8.093205280601978302e-03 1.017766259610652924e-02 6.556160748004913330e-02
2.876000000000000000e+06 6.749243009835481644e-03 1.018094457685947418e-02 6.563009321689605713e-02 6.749243009835481644e-03 1.018094457685947418e-02 6.563009321689605713e-02
2.877000000000000000e+06 7.170636672526597977e-03 1.017075777053833008e-02 6.527041643857955933e-02 7.170636672526597977e-03 1.017075777053833008e-02 6.527041643857955933e-02
2.878000000000000000e+06 6.596901919692754745e-03 1.019512675702571869e-02 6.515514105558395386e-02 6.596901919692754745e-03 1.019512675702571869e-02 6.515514105558395386e-02
2.879000000000000000e+06 8.072915486991405487e-03 1.020995900034904480e-02 6.494602560997009277e-02 8.072915486991405487e-03 1.020995900034904480e-02 6.494602560997009277e-02
2.880000000000000000e+06 6.219459697604179382e-03 1.017251703888177872e-02 6.496915221214294434e-02 6.219459697604179382e-03 1.017251703888177872e-02 6.496915221214294434e-02
2.881000000000000000e+06 7.293698377907276154e-03 1.016616914421319962e-02 6.539239734411239624e-02 7.293698377907276154e-03 1.016616914421319962e-02 6.539239734411239624e-02
2.882000000000000000e+06 6.538145244121551514e-03 1.015052199363708496e-02 6.536272168159484863e-02 6.538145244121551514e-03 1.015052199363708496e-02 6.536272168159484863e-02
2.883000000000000000e+06 6.929669994860887527e-03 1.017378270626068115e-02 6.581860035657882690e-02 6.929669994860887527e-03 1.017378270626068115e-02 6.581860035657882690e-02
2.884000000000000000e+06 7.208788767457008362e-03 1.015997491776943207e-02 6.501141190528869629e-02 7.208788767457008362e-03 1.015997491776943207e-02 6.501141190528869629e-02
2.885000000000000000e+06 8.101760409772396088e-03 1.022613979876041412e-02 6.469601392745971680e-02 8.101760409772396088e-03 1.022613979876041412e-02 6.469601392745971680e-02
2.886000000000000000e+06 8.489048108458518982e-03 1.017860416322946548e-02 6.566543132066726685e-02 8.489048108458518982e-03 1.017860416322946548e-02 6.566543132066726685e-02
2.887000000000000000e+06 7.518897764384746552e-03 1.016371697187423706e-02 6.517336517572402954e-02 7.518897764384746552e-03 1.016371697187423706e-02 6.517336517572402954e-02
2.888000000000000000e+06 7.214706856757402420e-03 1.015053875744342804e-02 6.560509651899337769e-02 7.214706856757402420e-03 1.015053875744342804e-02 6.560509651899337769e-02
2.889000000000000000e+06 6.608221214264631271e-03 1.017644256353378296e-02 6.496720016002655029e-02 6.608221214264631271e-03 1.017644256353378296e-02 6.496720016002655029e-02
2.890000000000000000e+06 7.102916948497295380e-03 1.016767695546150208e-02 6.521835178136825562e-02 7.102916948497295380e-03 1.016767695546150208e-02 6.521835178136825562e-02
2.891000000000000000e+06 7.784926332533359528e-03 1.012969575822353363e-02 6.580829620361328125e-02 7.784926332533359528e-03 1.012969575822353363e-02 6.580829620361328125e-02
2.892000000000000000e+06 6.160134449601173401e-03 1.017800439149141312e-02 6.454186141490936279e-02 6.160134449601173401e-03 1.017800439149141312e-02 6.454186141490936279e-02
2.893000000000000000e+06 7.836880162358283997e-03 1.013810466974973679e-02 6.527324765920639038e-02 7.836880162358283997e-03 1.013810466974973679e-02 6.527324765920639038e-02
2.894000000000000000e+06 6.683252286165952682e-03 1.014481205493211746e-02 6.480434536933898926e-02 6.683252286165952682e-03 1.014481205493211746e-02 6.480434536933898926e-02
2.895000000000000000e+06 7.478918880224227905e-03 1.017983444035053253e-02 6.510338187217712402e-02 7.478918880224227905e-03 1.017983444035053253e-02 6.510338187217712402e-02
2.896000000000000000e+06 8.743262849748134613e-03 1.013189554214477539e-02 6.569462269544601440e-02 8.743262849748134613e-03 1.013189554214477539e-02 6.569462269544601440e-02
2.897000000000000000e+06 7.181420922279357910e-03 1.014165021479129791e-02 6.551541388034820557e-02 7.181420922279357910e-03 1.014165021479129791e-02 6.551541388034820557e-02
2.898000000000000000e+06 6.711354479193687439e-03 1.017735246568918228e-02 6.454081833362579346e-02 6.711354479193687439e-03 1.017735246568918228e-02 6.454081833362579346e-02
2.899000000000000000e+06 6.327029783278703690e-03 1.011624466627836227e-02 6.475421041250228882e-02 6.327029783278703690e-03 1.011624466627836227e-02 6.475421041250228882e-02
2.900000000000000000e+06 7.243261206895112991e-03 1.017060410231351852e-02 6.506086885929107666e-02 7.243261206895112991e-03 1.017060410231351852e-02 6.506086885929107666e-02
2.901000000000000000e+06 6.462210323661565781e-03 1.017680391669273376e-02 6.552767753601074219e-02 6.462210323661565781e-03 1.017680391669273376e-02 6.552767753601074219e-02
2.902000000000000000e+06 7.279286626726388931e-03 1.014739088714122772e-02 6.551568210124969482e-02 7.279286626726388931e-03 1.014739088714122772e-02 6.551568210124969482e-02
2.903000000000000000e+06 7.374827750027179718e-03 1.013236492872238159e-02 6.417756527662277222e-02 7.374827750027179718e-03 1.013236492872238159e-02 6.417756527662277222e-02
2.904000000000000000e+06 5.840252619236707687e-03 1.015931740403175354e-02 6.442414224147796631e-02 5.840252619236707687e-03 1.015931740403175354e-02 6.442414224147796631e-02
2.905000000000000000e+06 7.052164524793624878e-03 1.016604527831077576e-02 6.465430557727813721e-02 7.052164524793624878e-03 1.016604527831077576e-02 6.465430557727813721e-02
2.906000000000000000e+06 6.832413375377655029e-03 1.016305945813655853e-02 6.522985547780990601e-02 6.832413375377655029e-03 1.016305945813655853e-02 6.522985547780990601e-02
2.907000000000000000e+06 6.738187279552221298e-03 1.013073604553937912e-02 6.481019407510757446e-02 6.738187279552221298e-03 1.013073604553937912e-02 6.481019407510757446e-02
2.908000000000000000e+06 6.834857631474733353e-03 1.014197524636983871e-02 6.478163599967956543e-02 6.834857631474733353e-03 1.014197524636983871e-02 6.478163599967956543e-02
2.909000000000000000e+06 7.146591786295175552e-03 1.015376299619674683e-02 6.478665024042129517e-02 7.146591786295175552e-03 1.015376299619674683e-02 6.478665024042129517e-02
2.910000000000000000e+06 7.223283872008323669e-03 1.012950018048286438e-02 6.538861989974975586e-02 7.223283872008323669e-03 1.012950018048286438e-02 6.538861989974975586e-02
2.911000000000000000e+06 6.606420502066612244e-03 1.016375515609979630e-02 6.514932960271835327e-02 6.606420502066612244e-03 1.016375515609979630e-02 6.514932960271835327e-02
2.912000000000000000e+06 6.688300520181655884e-03 1.013490185141563416e-02 6.513598561286926270e-02 6.688300520181655884e-03 1.013490185141563416e-02 6.513598561286926270e-02
2.913000000000000000e+06 6.830474827438592911e-03 1.011893898248672485e-02 6.473617255687713623e-02 6.830474827438592911e-03 1.011893898248672485e-02 6.473617255687713623e-02
2.914000000000000000e+06 7.387978490442037582e-03 1.009371038526296616e-02 6.521132588386535645e-02 7.387978490442037582e-03 1.009371038526296616e-02 6.521132588386535645e-02
2.915000000000000000e+06 6.950410082936286926e-03 1.012102328240871429e-02 6.450988352298736572e-02 6.950410082936286926e-03 1.012102328240871429e-02 6.450988352298736572e-02
2.916000000000000000e+06 7.366229780018329620e-03 1.009125076234340668e-02 6.536139547824859619e-02 7.366229780018329620e-03 1.009125076234340668e-02 6.536139547824859619e-02
2.917000000000000000e+06 6.472982931882143021e-03 1.009841263294219971e-02 6.544000655412673950e-02 6.472982931882143021e-03 1.009841263294219971e-02 6.544000655412673950e-02
2.918000000000000000e+06 9.094358421862125397e-03 1.012847479432821274e-02 6.507948786020278931e-02 9.094358421862125397e-03 1.012847479432821274e-02 6.507948786020278931e-02
2.919000000000000000e+06 6.579993758350610733e-03 1.009521447122097015e-02 6.559878587722778320e-02 6.579993758350610733e-03 1.009521447122097015e-02 6.559878587722778320e-02
2.920000000000000000e+06 6.698023527860641479e-03 1.012277975678443909e-02 6.476892530918121338e-02 6.698023527860641479e-03 1.012277975678443909e-02 6.476892530918121338e-02
2.921000000000000000e+06 8.129101246595382690e-03 1.014980860054492950e-02 6.464955210685729980e-02 8.129101246595382690e-03 1.014980860054492950e-02 6.464955210685729980e-02
2.922000000000000000e+06 7.472311146557331085e-03 1.009904686361551285e-02 6.531207263469696045e-02 7.472311146557331085e-03 1.009904686361551285e-02 6.531207263469696045e-02
2.923000000000000000e+06 6.323368754237890244e-03 1.014580018818378448e-02 6.501788645982742310e-02 6.323368754237890244e-03 1.014580018818378448e-02 6.501788645982742310e-02
2.924000000000000000e+06 6.782630458474159241e-03 1.010834053158760071e-02 6.506910175085067749e-02 6.782630458474159241e-03 1.010834053158760071e-02 6.506910175085067749e-02
2.925000000000000000e+06 6.594703067094087601e-03 1.009948831051588058e-02 6.421563774347305298e-02 6.594703067094087601e-03 1.009948831051588058e-02 6.421563774347305298e-02
2.926000000000000000e+06 8.080516010522842407e-03 1.013234257698059082e-02 6.450361758470535278e-02 8.080516010522842407e-03 1.013234257698059082e-02 6.450361758470535278e-02
2.927000000000000000e+06 6.788729690015316010e-03 1.005698740482330322e-02 6.506509333848953247e-02 6.788729690015316010e-03 1.005698740482330322e-02 6.506509333848953247e-02
2.928000000000000000e+06 8.973334915935993195e-03 1.013106107711791992e-02 6.540767848491668701e-02 8.973334915935993195e-03 1.013106107711791992e-02 6.540767848491668701e-02
2.929000000000000000e+06 8.009878918528556824e-03 1.010650955140590668e-02 6.400263309478759766e-02 8.009878918528556824e-03 1.010650955140590668e-02 6.400263309478759766e-02
2.930000000000000000e+06 7.034577894955873489e-03 1.008131448179483414e-02 6.473629921674728394e-02 7.034577894955873489e-03 1.008131448179483414e-02 6.473629921674728394e-02
2.931000000000000000e+06 6.613908335566520691e-03 1.009411271661520004e-02 6.409412622451782227e-02 6.613908335566520691e-03 1.009411271661520004e-02 6.409412622451782227e-02
2.932000000000000000e+06 8.430784568190574646e-03 1.007184106856584549e-02 6.511896103620529175e-02 8.430784568190574646e-03 1.007184106856584549e-02 6.511896103620529175e-02
2.933000000000000000e+06 7.117370609194040298e-03 1.008896157145500183e-02 6.420801579952239990e-02 7.117370609194040298e-03 1.008896157145500183e-02 6.420801579952239990e-02
2.934000000000000000e+06 7.276466116309165955e-03 1.011146139353513718e-02 6.437869369983673096e-02 7.276466116309165955e-03 1.011146139353513718e-02 6.437869369983673096e-02
2.935000000000000000e+06 6.922840606421232224e-03 1.010596007108688354e-02 6.473831087350845337e-02 6.922840606421232224e-03 1.010596007108688354e-02 6.473831087350845337e-02
2.936000000000000000e+06 8.367484435439109802e-03 1.008380297571420670e-02 6.453663110733032227e-02 8.367484435439109802e-03 1.008380297571420670e-02 6.453663110733032227e-02
2.937000000000000000e+06 7.632499095052480698e-03 1.006024703383445740e-02 6.483799964189529419e-02 7.632499095052480698e-03 1.006024703383445740e-02 6.483799964189529419e-02
2.938000000000000000e+06 7.097298745065927505e-03 1.007384806871414185e-02 6.444184482097625732e-02 7.097298745065927505e-03 1.007384806871414185e-02 6.444184482097625732e-02
2.939000000000000000e+06 7.500495295971632004e-03 1.012492179870605469e-02 6.487065553665161133e-02 7.500495295971632004e-03 1.012492179870605469e-02 6.487065553665161133e-02
2.940000000000000000e+06 7.024687714874744415e-03 1.008540391921997070e-02 6.390603631734848022e-02 7.024687714874744415e-03 1.008540391921997070e-02 6.390603631734848022e-02
2.941000000000000000e+06 6.815636530518531799e-03 1.009138673543930054e-02 6.396096199750900269e-02 6.815636530518531799e-03 1.009138673543930054e-02 6.396096199750900269e-02
2.942000000000000000e+06 7.090155500918626785e-03 1.007881481200456619e-02 6.391318887472152710e-02 7.090155500918626785e-03 1.007881481200456619e-02 6.391318887472152710e-02
2.943000000000000000e+06 6.916917860507965088e-03 1.008591335266828537e-02 6.347765773534774780e-02 6.916917860507965088e-03 1.008591335266828537e-02 6.347765773534774780e-02
2.944000000000000000e+06 8.076274767518043518e-03 1.011016126722097397e-02 6.485164910554885864e-02 8.076274767518043518e-03 1.011016126722097397e-02 6.485164910554885864e-02
2.945000000000000000e+06 7.681913208216428757e-03 1.009024120867252350e-02 6.465942412614822388e-02 7.681913208216428757e-03 1.009024120867252350e-02 6.465942412614822388e-02
2.946000000000000000e+06 7.356581743806600571e-03 1.006840169429779053e-02 6.406571716070175171e-02 7.356581743806600571e-03 1.006840169429779053e-02 6.406571716070175171e-02
2.947000000000000000e+06 6.797178648412227631e-03 1.006997283548116684e-02 6.431432813405990601e-02 6.797178648412227631e-03 1.006997283548116684e-02 6.431432813405990601e-02
2.948000000000000000e+06 7.372605148702859879e-03 1.006315648555755615e-02 6.392535567283630371e-02 7.372605148702859879e-03 1.006315648555755615e-02 6.392535567283630371e-02
2.949000000000000000e+06 6.090802606195211411e-03 1.007246226072311401e-02 6.412450224161148071e-02 6.090802606195211411e-03 1.007246226072311401e-02 6.412450224161148071e-02
2.950000000000000000e+06 7.364196702837944031e-03 1.005342788994312286e-02 6.367418915033340454e-02 7.364196702837944031e-03 1.005342788994312286e-02 6.367418915033340454e-02
2.951000000000000000e+06 8.003418333828449249e-03 1.009474508464336395e-02 6.383381783962249756e-02 8.003418333828449249e-03 1.009474508464336395e-02 6.383381783962249756e-02
2.952000000000000000e+06 6.119630299508571625e-03 1.004689466208219528e-02 6.317035108804702759e-02 6.119630299508571625e-03 1.004689466208219528e-02 6.317035108804702759e-02
2.953000000000000000e+06 6.349266972392797470e-03 1.007315237075090408e-02 6.373520195484161377e-02 6.349266972392797470e-03 1.007315237075090408e-02 6.373520195484161377e-02
2.954000000000000000e+06 7.116743363440036774e-03 1.006864570081233978e-02 6.403799355030059814e-02 7.116743363440036774e-03 1.006864570081233978e-02 6.403799355030059814e-02
2.955000000000000000e+06 7.099898532032966614e-03 1.006048545241355896e-02 6.361382454633712769e-02 7.099898532032966614e-03 1.006048545241355896e-02 6.361382454633712769e-02
2.956000000000000000e+06 7.109133526682853699e-03 1.004996150732040405e-02 6.382214277982711792e-02 7.109133526682853699e-03 1.004996150732040405e-02 6.382214277982711792e-02
2.957000000000000000e+06 6.382805295288562775e-03 1.005121134221553802e-02 6.449801474809646606e-02 6.382805295288562775e-03 1.005121134221553802e-02 6.449801474809646606e-02
2.958000000000000000e+06 6.947012618184089661e-03 1.006789691746234894e-02 6.392386555671691895e-02 6.947012618184089661e-03 1.006789691746234894e-02 6.392386555671691895e-02
2.959000000000000000e+06 6.510683335363864899e-03 1.004591677337884903e-02 6.374571472406387329e-02 6.510683335363864899e-03 1.004591677337884903e-02 6.374571472406387329e-02
2.960000000000000000e+06 6.812376435846090317e-03 1.006277557462453842e-02 6.420961767435073853e-02 6.812376435846090317e-03 1.006277557462453842e-02 6.420961767435073853e-02
2.961000000000000000e+06 8.411917835474014282e-03 1.001742668449878693e-02 6.387396901845932007e-02 8.411917835474014282e-03 1.001742668449878693e-02 6.387396901845932007e-02
2.962000000000000000e+06 6.247221492230892181e-03 1.005711872130632401e-02 6.399831920862197876e-02 6.247221492230892181e-03 1.005711872130632401e-02 6.399831920862197876e-02
2.963000000000000000e+06 7.247329689562320709e-03 1.004198659211397171e-02 6.383100152015686035e-02 7.247329689562320709e-03 1.004198659211397171e-02 6.383100152015686035e-02
2.964000000000000000e+06 6.361528765410184860e-03 1.001795008778572083e-02 6.405249238014221191e-02 6.361528765410184860e-03 1.001795008778572083e-02 6.405249238014221191e-02
2.965000000000000000e+06 6.897751707583665848e-03 1.008161529898643494e-02 6.357645243406295776e-02 6.897751707583665848e-03 1.008161529898643494e-02 6.357645243406295776e-02
2.966000000000000000e+06 6.950562354177236557e-03 1.004232652485370636e-02 6.362289190292358398e-02 6.950562354177236557e-03 1.004232652485370636e-02 6.362289190292358398e-02
2.967000000000000000e+06 6.406371947377920151e-03 1.006496790796518326e-02 6.365659087896347046e-02 6.406371947377920151e-03 1.006496790796518326e-02 6.365659087896347046e-02
2.968000000000000000e+06 7.196528837084770203e-03 1.004820782691240311e-02 6.427922844886779785e-02 7.196528837084770203e-03 1.004820782691240311e-02 6.427922844886779785e-02
2.969000000000000000e+06 7.489230949431657791e-03 1.005056127905845642e-02 6.392116099596023560e-02 7.489230949431657791e-03 1.005056127905845642e-02 6.392116099596023560e-02
2.970000000000000000e+06 6.703986786305904388e-03 1.001958735287189484e-02 6.366909295320510864e-02 6.703986786305904388e-03 1.001958735287189484e-02 6.366909295320510864e-02
2.971000000000000000e+06 7.634057663381099701e-03 1.002703141421079636e-02 6.368220597505569458e-02 7.634057663381099701e-03 1.002703141421079636e-02 6.368220597505569458e-02
2.972000000000000000e+06 6.742325611412525177e-03 1.002816669642925262e-02 6.408027559518814087e-02 6.742325611412525177e-03 1.002816669642925262e-02 6.408027559518814087e-02
2.973000000000000000e+06 7.155612111091613770e-03 1.004717405885457993e-02 6.306447088718414307e-02 7.155612111091613770e-03 1.004717405885457993e-02 6.306447088718414307e-02
2.974000000000000000e+06 6.934320088475942612e-03 1.004906743764877319e-02 6.430213898420333862e-02 6.934320088475942612e-03 1.004906743764877319e-02 6.430213898420333862e-02
2.975000000000000000e+06 7.503138855099678040e-03 1.006136089563369751e-02 6.400479376316070557e-02 7.503138855099678040e-03 1.006136089563369751e-02 6.400479376316070557e-02
2.976000000000000000e+06 6.699645891785621643e-03 1.003470551222562790e-02 6.335868686437606812e-02 6.699645891785621643e-03 1.003470551222562790e-02 6.335868686437606812e-02
2.977000000000000000e+06 6.901232060045003891e-03 1.003878936171531677e-02 6.334997713565826416e-02 6.901232060045003891e-03 1.003878936171531677e-02 6.334997713565826416e-02
2.978000000000000000e+06 6.445209030061960220e-03 1.003502216190099716e-02 6.323729455471038818e-02 6.445209030061960220e-03 1.003502216190099716e-02 6.323729455471038818e-02
2.979000000000000000e+06 6.778881885111331940e-03 1.001478824764490128e-02 6.313293427228927612e-02 6.778881885111331940e-03 1.001478824764490128e-02 6.313293427228927612e-02
2.980000000000000000e+06 6.799953058362007141e-03 9.992379695177078247e-03 6.357118487358093262e-02 6.799953058362007141e-03 9.992379695177078247e-03 6.357118487358093262e-02
2.981000000000000000e+06 6.425892934203147888e-03 1.000666432082653046e-02 6.292050331830978394e-02 6.425892934203147888e-03 1.000666432082653046e-02 6.292050331830978394e-02
2.982000000000000000e+06 6.183193530887365341e-03 1.001916825771331787e-02 6.292513757944107056e-02 6.183193530887365341e-03 1.001916825771331787e-02 6.292513757944107056e-02
2.983000000000000000e+06 6.912834476679563522e-03 9.994882158935070038e-03 6.359909474849700928e-02 6.912834476679563522e-03 9.994882158935070038e-03 6.359909474849700928e-02
2.984000000000000000e+06 8.131962269544601440e-03 9.988189674913883209e-03 6.372977793216705322e-02 8.131962269544601440e-03 9.988189674913883209e-03 6.372977793216705322e-02
2.985000000000000000e+06 7.579802535474300385e-03 9.993467479944229126e-03 6.428861618041992188e-02 7.579802535474300385e-03 9.993467479944229126e-03 6.428861618041992188e-02
2.986000000000000000e+06 9.638817049562931061e-03 1.000092830508947372e-02 6.357634812593460083e-02 9.638817049562931061e-03 1.000092830508947372e-02 6.357634812593460083e-02
2.987000000000000000e+06 6.792028434574604034e-03 1.004173047840595245e-02 6.319218873977661133e-02 6.792028434574604034e-03 1.004173047840595245e-02 6.319218873977661133e-02
2.988000000000000000e+06 7.959431968629360199e-03 1.004337705671787262e-02 6.378342211246490479e-02 7.959431968629360199e-03 1.004337705671787262e-02 6.378342211246490479e-02
2.989000000000000000e+06 6.399259902536869049e-03 1.005647610872983932e-02 6.326784193515777588e-02 6.399259902536869049e-03 1.005647610872983932e-02 6.326784193515777588e-02
2.990000000000000000e+06 7.018477655947208405e-03 1.001997292041778564e-02 6.443549692630767822e-02 7.018477655947208405e-03 1.001997292041778564e-02 6.443549692630767822e-02
2.991000000000000000e+06 6.888639647513628006e-03 1.001998316496610641e-02 6.325069814920425415e-02 6.888639647513628006e-03 1.001998316496610641e-02 6.325069814920425415e-02
2.992000000000000000e+06 7.037738338112831116e-03 1.002447307109832764e-02 6.314364820718765259e-02 7.037738338112831116e-03 1.002447307109832764e-02 6.314364820718765259e-02
2.993000000000000000e+06 6.372662261128425598e-03 1.003127638250589371e-02 6.383363157510757446e-02 6.372662261128425598e-03 1.003127638250589371e-02 6.383363157510757446e-02
2.994000000000000000e+06 6.923348642885684967e-03 1.003846060484647751e-02 6.373366713523864746e-02 6.923348642885684967e-03 1.003846060484647751e-02 6.373366713523864746e-02
2.995000000000000000e+06 7.232629694044589996e-03 1.000928878784179688e-02 6.403320282697677612e-02 7.232629694044589996e-03 1.000928878784179688e-02 6.403320282697677612e-02
2.996000000000000000e+06 6.621169392019510269e-03 1.004301570355892181e-02 6.318643689155578613e-02 6.621169392019510269e-03 1.004301570355892181e-02 6.318643689155578613e-02
2.997000000000000000e+06 6.272404920309782028e-03 1.001443061977624893e-02 6.378077715635299683e-02 6.272404920309782028e-03 1.001443061977624893e-02 6.378077715635299683e-02
2.998000000000000000e+06 7.510290015488862991e-03 9.997697547078132629e-03 6.331610679626464844e-02 7.510290015488862991e-03 9.997697547078132629e-03 6.331610679626464844e-02
2.999000000000000000e+06 6.471560336649417877e-03 1.002438925206661224e-02 6.368067860603332520e-02 6.471560336649417877e-03 1.002438925206661224e-02 6.368067860603332520e-02
3.000000000000000000e+06 6.792542990297079086e-03 1.001444365829229355e-02 6.391260772943496704e-02 6.792542990297079086e-03 1.001444365829229355e-02 6.391260772943496704e-02
3.001000000000000000e+06 5.787062924355268478e-03 1.001648791134357452e-02 6.244477629661560059e-02 5.787062924355268478e-03 1.001648791134357452e-02 6.244477629661560059e-02
3.002000000000000000e+06 7.123382296413183212e-03 9.983249939978122711e-03 6.283615529537200928e-02 7.123382296413183212e-03 9.983249939978122711e-03 6.283615529537200928e-02
3.003000000000000000e+06 6.238807924091815948e-03 9.987439960241317749e-03 6.313911080360412598e-02 6.238807924091815948e-03 9.987439960241317749e-03 6.313911080360412598e-02
3.004000000000000000e+06 6.717320065945386887e-03 1.002093963325023651e-02 6.295542418956756592e-02 6.717320065945386887e-03 1.002093963325023651e-02 6.295542418956756592e-02
3.005000000000000000e+06 7.283389568328857422e-03 9.985205717384815216e-03 6.297881156206130981e-02 7.283389568328857422e-03 9.985205717384815216e-03 6.297881156206130981e-02
3.006000000000000000e+06 6.597734522074460983e-03 1.002196501940488815e-02 6.287109106779098511e-02 6.597734522074460983e-03 1.002196501940488815e-02 6.287109106779098511e-02
3.007000000000000000e+06 6.338513921946287155e-03 9.989912621676921844e-03 6.293359398841857910e-02 6.338513921946287155e-03 9.989912621676921844e-03 6.293359398841857910e-02
3.008000000000000000e+06 6.758203264325857162e-03 1.001194864511489868e-02 6.338132172822952271e-02 6.758203264325857162e-03 1.001194864511489868e-02 6.338132172822952271e-02
3.009000000000000000e+06 6.844104733318090439e-03 1.001980248838663101e-02 6.345616281032562256e-02 6.844104733318090439e-03 1.001980248838663101e-02 6.345616281032562256e-02
3.010000000000000000e+06 7.308864034712314606e-03 1.000662613660097122e-02 6.309619545936584473e-02 7.308864034712314606e-03 1.000662613660097122e-02 6.309619545936584473e-02
3.011000000000000000e+06 7.242760155349969864e-03 1.000436674803495407e-02 6.392373144626617432e-02 7.242760155349969864e-03 1.000436674803495407e-02 6.392373144626617432e-02
3.012000000000000000e+06 6.316859740763902664e-03 9.999765083193778992e-03 6.371681392192840576e-02 6.316859740763902664e-03 9.999765083193778992e-03 6.371681392192840576e-02
3.013000000000000000e+06 6.618463899940252304e-03 9.988475590944290161e-03 6.292223930358886719e-02 6.618463899940252304e-03 9.988475590944290161e-03 6.292223930358886719e-02
3.014000000000000000e+06 6.554617546498775482e-03 9.980641305446624756e-03 6.364450603723526001e-02 6.554617546498775482e-03 9.980641305446624756e-03 6.364450603723526001e-02
3.015000000000000000e+06 7.404939271509647369e-03 1.004650536924600601e-02 6.299216300249099731e-02 7.404939271509647369e-03 1.004650536924600601e-02 6.299216300249099731e-02
3.016000000000000000e+06 5.951330997049808502e-03 9.999768808484077454e-03 6.261155009269714355e-02 5.951330997049808502e-03 9.999768808484077454e-03 6.261155009269714355e-02
3.017000000000000000e+06 6.279898341745138168e-03 1.000082865357398987e-02 6.233374029397964478e-02 6.279898341745138168e-03 1.000082865357398987e-02 6.233374029397964478e-02
3.018000000000000000e+06 7.114097941666841507e-03 1.001736335456371307e-02 6.289265304803848267e-02 7.114097941666841507e-03 1.001736335456371307e-02 6.289265304803848267e-02
3.019000000000000000e+06 6.821183022111654282e-03 1.003816537559032440e-02 6.252232193946838379e-02 6.821183022111654282e-03 1.003816537559032440e-02 6.252232193946838379e-02
3.020000000000000000e+06 8.373754099011421204e-03 1.005194522440433502e-02 6.235795468091964722e-02 8.373754099011421204e-03 1.005194522440433502e-02 6.235795468091964722e-02
3.021000000000000000e+06 7.839465513825416565e-03 9.979662485420703888e-03 6.306834518909454346e-02 7.839465513825416565e-03 9.979662485420703888e-03 6.306834518909454346e-02
3.022000000000000000e+06 6.400946993380784988e-03 1.002124883234500885e-02 6.211829558014869690e-02 6.400946993380784988e-03 1.002124883234500885e-02 6.211829558014869690e-02
3.023000000000000000e+06 7.567968219518661499e-03 1.001015678048133850e-02 6.258746236562728882e-02 7.567968219518661499e-03 1.001015678048133850e-02 6.258746236562728882e-02
3.024000000000000000e+06 7.088011130690574646e-03 9.970819577574729919e-03 6.297314912080764771e-02 7.088011130690574646e-03 9.970819577574729919e-03 6.297314912080764771e-02
3.025000000000000000e+06 5.475567653775215149e-03 9.980773553252220154e-03 6.241087615489959717e-02 5.475567653775215149e-03 9.980773553252220154e-03 6.241087615489959717e-02
3.026000000000000000e+06 5.853801965713500977e-03 1.002277806401252747e-02 6.204025074839591980e-02 5.853801965713500977e-03 1.002277806401252747e-02 6.204025074839591980e-02
3.027000000000000000e+06 6.791708525270223618e-03 9.981180541217327118e-03 6.312632560729980469e-02 6.791708525270223618e-03 9.981180541217327118e-03 6.312632560729980469e-02
3.028000000000000000e+06 7.162654306739568710e-03 9.989540092647075653e-03 6.276020407676696777e-02 7.162654306739568710e-03 9.989540092647075653e-03 6.276020407676696777e-02
3.029000000000000000e+06 6.895009428262710571e-03 1.001387555152177811e-02 6.358589977025985718e-02 6.895009428262710571e-03 1.001387555152177811e-02 6.358589977025985718e-02
3.030000000000000000e+06 6.223389878869056702e-03 9.971642866730690002e-03 6.286763399839401245e-02 6.223389878869056702e-03 9.971642866730690002e-03 6.286763399839401245e-02
3.031000000000000000e+06 6.557390559464693069e-03 9.989222511649131775e-03 6.284128874540328979e-02 6.557390559464693069e-03 9.989222511649131775e-03 6.284128874540328979e-02
3.032000000000000000e+06 7.358755916357040405e-03 9.962023235857486725e-03 6.340825557708740234e-02 7.358755916357040405e-03 9.962023235857486725e-03 6.340825557708740234e-02
3.033000000000000000e+06 6.415453739464282990e-03 9.970733895897865295e-03 6.338208913803100586e-02 6.415453739464282990e-03 9.970733895897865295e-03 6.338208913803100586e-02
3.034000000000000000e+06 7.240362931042909622e-03 9.952030144631862640e-03 6.306009739637374878e-02 7.240362931042909622e-03 9.952030144631862640e-03 6.306009739637374878e-02
3.035000000000000000e+06 7.185924798250198364e-03 9.980931878089904785e-03 6.251481175422668457e-02 7.185924798250198364e-03 9.980931878089904785e-03 6.251481175422668457e-02
3.036000000000000000e+06 6.310819182544946671e-03 9.955734014511108398e-03 6.284742802381515503e-02 6.310819182544946671e-03 9.955734014511108398e-03 6.284742802381515503e-02
3.037000000000000000e+06 7.196543272584676743e-03 1.001442037522792816e-02 6.395551562309265137e-02 7.196543272584676743e-03 1.001442037522792816e-02 6.395551562309265137e-02
3.038000000000000000e+06 6.248978897929191589e-03 9.990544989705085754e-03 6.252023577690124512e-02 6.248978897929191589e-03 9.990544989705085754e-03 6.252023577690124512e-02
3.039000000000000000e+06 7.702209521085023880e-03 9.931216016411781311e-03 6.254277378320693970e-02 7.702209521085023880e-03 9.931216016411781311e-03 6.254277378320693970e-02
3.040000000000000000e+06 6.780658382922410965e-03 9.989649057388305664e-03 6.215133517980575562e-02 6.780658382922410965e-03 9.989649057388305664e-03 6.215133517980575562e-02
3.041000000000000000e+06 6.365492939949035645e-03 9.975119493901729584e-03 6.289902329444885254e-02 6.365492939949035645e-03 9.975119493901729584e-03 6.289902329444885254e-02
3.042000000000000000e+06 6.868544034659862518e-03 1.001775544136762619e-02 6.175504624843597412e-02 6.868544034659862518e-03 1.001775544136762619e-02 6.175504624843597412e-02
3.043000000000000000e+06 6.556471809744834900e-03 9.967762976884841919e-03 6.222991645336151123e-02 6.556471809744834900e-03 9.967762976884841919e-03 6.222991645336151123e-02
3.044000000000000000e+06 6.995622068643569946e-03 9.968139231204986572e-03 6.272270530462265015e-02 6.995622068643569946e-03 9.968139231204986572e-03 6.272270530462265015e-02
3.045000000000000000e+06 6.811189930886030197e-03 9.965133853256702423e-03 6.288135796785354614e-02 6.811189930886030197e-03 9.965133853256702423e-03 6.288135796785354614e-02
3.046000000000000000e+06 6.080229766666889191e-03 9.986741468310356140e-03 6.204693391919136047e-02 6.080229766666889191e-03 9.986741468310356140e-03 6.204693391919136047e-02
3.047000000000000000e+06 8.181885816156864166e-03 9.956644847989082336e-03 6.244811415672302246e-02 8.181885816156864166e-03 9.956644847989082336e-03 6.244811415672302246e-02
3.048000000000000000e+06 7.038953248411417007e-03 9.927545674145221710e-03 6.246146559715270996e-02 7.038953248411417007e-03 9.927545674145221710e-03 6.246146559715270996e-02
3.049000000000000000e+06 7.463580928742885590e-03 9.975514374673366547e-03 6.403589248657226562e-02 7.463580928742885590e-03 9.975514374673366547e-03 6.403589248657226562e-02
3.050000000000000000e+06 6.553558167070150375e-03 9.980653412640094757e-03 6.211416795849800110e-02 6.553558167070150375e-03 9.980653412640094757e-03 6.211416795849800110e-02
3.051000000000000000e+06 7.411422673612833023e-03 9.948728606104850769e-03 6.203238666057586670e-02 7.411422673612833023e-03 9.948728606104850769e-03 6.203238666057586670e-02
3.052000000000000000e+06 6.894060876220464706e-03 9.956086985766887665e-03 6.187913939356803894e-02 6.894060876220464706e-03 9.956086985766887665e-03 6.187913939356803894e-02
3.053000000000000000e+06 6.900687236338853836e-03 9.991185739636421204e-03 6.259284913539886475e-02 6.900687236338853836e-03 9.991185739636421204e-03 6.259284913539886475e-02
3.054000000000000000e+06 7.132206577807664871e-03 9.979771450161933899e-03 6.200873851776123047e-02 7.132206577807664871e-03 9.979771450161933899e-03 6.200873851776123047e-02
3.055000000000000000e+06 6.462354212999343872e-03 9.973320178687572479e-03 6.250722706317901611e-02 6.462354212999343872e-03 9.973320178687572479e-03 6.250722706317901611e-02
3.056000000000000000e+06 6.944425869733095169e-03 9.946065023541450500e-03 6.197118014097213745e-02 6.944425869733095169e-03 9.946065023541450500e-03 6.197118014097213745e-02
3.057000000000000000e+06 6.231616716831922531e-03 9.999475441873073578e-03 6.202929094433784485e-02 6.231616716831922531e-03 9.999475441873073578e-03 6.202929094433784485e-02
3.058000000000000000e+06 6.538304500281810760e-03 9.967504069209098816e-03 6.304009258747100830e-02 6.538304500281810760e-03 9.967504069209098816e-03 6.304009258747100830e-02
3.059000000000000000e+06 7.104281336069107056e-03 1.000253763049840927e-02 6.222300603985786438e-02 7.104281336069107056e-03 1.000253763049840927e-02 6.222300603985786438e-02
3.060000000000000000e+06 7.022834382951259613e-03 9.972224943339824677e-03 6.286838650703430176e-02 7.022834382951259613e-03 9.972224943339824677e-03 6.286838650703430176e-02
3.061000000000000000e+06 6.572784390300512314e-03 1.000288594514131546e-02 6.208356842398643494e-02 6.572784390300512314e-03 1.000288594514131546e-02 6.208356842398643494e-02
3.062000000000000000e+06 6.544020026922225952e-03 9.944926947355270386e-03 6.223018839955329895e-02 6.544020026922225952e-03 9.944926947355270386e-03 6.223018839955329895e-02
3.063000000000000000e+06 6.710616871714591980e-03 9.974625892937183380e-03 6.179249659180641174e-02 6.710616871714591980e-03 9.974625892937183380e-03 6.179249659180641174e-02
3.064000000000000000e+06 7.593909744173288345e-03 9.928102605044841766e-03 6.176717579364776611e-02 7.593909744173288345e-03 9.928102605044841766e-03 6.176717579364776611e-02
3.065000000000000000e+06 6.368713453412055969e-03 1.002309005707502365e-02 6.142665445804595947e-02 6.368713453412055969e-03 1.002309005707502365e-02 6.142665445804595947e-02
3.066000000000000000e+06 6.729770451784133911e-03 1.000144425779581070e-02 6.218878552317619324e-02 6.729770451784133911e-03 1.000144425779581070e-02 6.218878552317619324e-02
3.067000000000000000e+06 7.787499576807022095e-03 9.932405315339565277e-03 6.277258694171905518e-02 7.787499576807022095e-03 9.932405315339565277e-03 6.277258694171905518e-02
3.068000000000000000e+06 7.334382273256778717e-03 9.963299147784709930e-03 6.177384778857231140e-02 7.334382273256778717e-03 9.963299147784709930e-03 6.177384778857231140e-02
3.069000000000000000e+06 6.157283205538988113e-03 9.963699616491794586e-03 6.129172816872596741e-02 6.157283205538988113e-03 9.963699616491794586e-03 6.129172816872596741e-02
3.070000000000000000e+06 6.732574198395013809e-03 9.933577850461006165e-03 6.228211522102355957e-02 6.732574198395013809e-03 9.933577850461006165e-03 6.228211522102355957e-02
3.071000000000000000e+06 5.994008388370275497e-03 9.957992471754550934e-03 6.191023439168930054e-02 5.994008388370275497e-03 9.957992471754550934e-03 6.191023439168930054e-02
3.072000000000000000e+06 5.846905056387186050e-03 9.954217821359634399e-03 6.216919794678688049e-02 5.846905056387186050e-03 9.954217821359634399e-03 6.216919794678688049e-02
3.073000000000000000e+06 8.251430466771125793e-03 9.949853643774986267e-03 6.251874566078186035e-02 8.251430466771125793e-03 9.949853643774986267e-03 6.251874566078186035e-02
3.074000000000000000e+06 7.264516316354274750e-03 9.907901287078857422e-03 6.207771226763725281e-02 7.264516316354274750e-03 9.907901287078857422e-03 6.207771226763725281e-02
3.075000000000000000e+06 7.291199173778295517e-03 9.972691535949707031e-03 6.252685189247131348e-02 7.291199173778295517e-03 9.972691535949707031e-03 6.252685189247131348e-02
3.076000000000000000e+06 7.196166086941957474e-03 9.989162907004356384e-03 6.143254414200782776e-02 7.196166086941957474e-03 9.989162907004356384e-03 6.143254414200782776e-02
3.077000000000000000e+06 7.355799898505210876e-03 9.979696944355964661e-03 6.240586936473846436e-02 7.355799898505210876e-03 9.979696944355964661e-03 6.240586936473846436e-02
3.078000000000000000e+06 6.127525586634874344e-03 9.931804612278938293e-03 6.191373616456985474e-02 6.127525586634874344e-03 9.931804612278938293e-03 6.191373616456985474e-02
3.079000000000000000e+06 6.753592286258935928e-03 9.972862899303436279e-03 6.186741590499877930e-02 6.753592286258935928e-03 9.972862899303436279e-03 6.186741590499877930e-02
3.080000000000000000e+06 6.410169880837202072e-03 9.944140911102294922e-03 6.339297443628311157e-02 6.410169880837202072e-03 9.944140911102294922e-03 6.339297443628311157e-02
3.081000000000000000e+06 6.207447033375501633e-03 9.940115734934806824e-03 6.165112555027008057e-02 6.207447033375501633e-03 9.940115734934806824e-03 6.165112555027008057e-02
3.082000000000000000e+06 6.675221025943756104e-03 9.932084009051322937e-03 6.201006472110748291e-02 6.675221025943756104e-03 9.932084009051322937e-03 6.201006472110748291e-02
3.083000000000000000e+06 6.551408208906650543e-03 9.925708174705505371e-03 6.119434908032417297e-02 6.551408208906650543e-03 9.925708174705505371e-03 6.119434908032417297e-02
3.084000000000000000e+06 6.495668087154626846e-03 9.934782050549983978e-03 6.170683354139328003e-02 6.495668087154626846e-03 9.934782050549983978e-03 6.170683354139328003e-02
3.085000000000000000e+06 6.686083041131496429e-03 9.922935627400875092e-03 6.171240285038948059e-02 6.686083041131496429e-03 9.922935627400875092e-03 6.171240285038948059e-02
3.086000000000000000e+06 7.113152649253606796e-03 9.883752092719078064e-03 6.103566288948059082e-02 7.113152649253606796e-03 9.883752092719078064e-03 6.103566288948059082e-02
3.087000000000000000e+06 7.829651236534118652e-03 9.955000132322311401e-03 6.163809448480606079e-02 7.829651236534118652e-03 9.955000132322311401e-03 6.163809448480606079e-02
3.088000000000000000e+06 8.051760494709014893e-03 9.955815039575099945e-03 6.158740818500518799e-02 8.051760494709014893e-03 9.955815039575099945e-03 6.158740818500518799e-02
3.089000000000000000e+06 6.462900899350643158e-03 9.986939840018749237e-03 6.096750125288963318e-02 6.462900899350643158e-03 9.986939840018749237e-03 6.096750125288963318e-02
3.090000000000000000e+06 6.696912460029125214e-03 9.948185645043849945e-03 6.215724721550941467e-02 6.696912460029125214e-03 9.948185645043849945e-03 6.215724721550941467e-02
3.091000000000000000e+06 6.306356284767389297e-03 9.981305338442325592e-03 6.181903183460235596e-02 6.306356284767389297e-03 9.981305338442325592e-03 6.181903183460235596e-02
3.092000000000000000e+06 8.233735337853431702e-03 9.952854365110397339e-03 6.174673885107040405e-02 8.233735337853431702e-03 9.952854365110397339e-03 6.174673885107040405e-02
3.093000000000000000e+06 8.289729245007038116e-03 9.957431815564632416e-03 6.270505487918853760e-02 8.289729245007038116e-03 9.957431815564632416e-03 6.270505487918853760e-02
3.094000000000000000e+06 7.912408560514450073e-03 9.943180717527866364e-03 6.264630705118179321e-02 7.912408560514450073e-03 9.943180717527866364e-03 6.264630705118179321e-02
3.095000000000000000e+06 7.969533093273639679e-03 9.975664317607879639e-03 6.300992518663406372e-02 7.969533093273639679e-03 9.975664317607879639e-03 6.300992518663406372e-02
3.096000000000000000e+06 7.640278898179531097e-03 9.966127574443817139e-03 6.119177117943763733e-02 7.640278898179531097e-03 9.966127574443817139e-03 6.119177117943763733e-02
3.097000000000000000e+06 7.361250463873147964e-03 9.927758015692234039e-03 6.111881881952285767e-02 7.361250463873147964e-03 9.927758015692234039e-03 6.111881881952285767e-02
3.098000000000000000e+06 7.303853984922170639e-03 9.945780038833618164e-03 6.132368743419647217e-02 7.303853984922170639e-03 9.945780038833618164e-03 6.132368743419647217e-02
3.099000000000000000e+06 7.125173695385456085e-03 9.945301339030265808e-03 6.179524958133697510e-02 7.125173695385456085e-03 9.945301339030265808e-03 6.179524958133697510e-02
3.100000000000000000e+06 6.339085754007101059e-03 9.933336637914180756e-03 6.143455207347869873e-02 6.339085754007101059e-03 9.933336637914180756e-03 6.143455207347869873e-02
3.101000000000000000e+06 8.415128104388713837e-03 9.996140375733375549e-03 6.128790974617004395e-02 8.415128104388713837e-03 9.996140375733375549e-03 6.128790974617004395e-02
3.102000000000000000e+06 7.140281144529581070e-03 9.929250925779342651e-03 6.076668947935104370e-02 7.140281144529581070e-03 9.929250925779342651e-03 6.076668947935104370e-02
3.103000000000000000e+06 7.701849099248647690e-03 9.952003136277198792e-03 6.175289675593376160e-02 7.701849099248647690e-03 9.952003136277198792e-03 6.175289675593376160e-02
3.104000000000000000e+06 7.701155263930559158e-03 9.928713552653789520e-03 6.162024289369583130e-02 7.701155263930559158e-03 9.928713552653789520e-03 6.162024289369583130e-02
3.105000000000000000e+06 6.536114029586315155e-03 9.940632618963718414e-03 6.196440756320953369e-02 6.536114029586315155e-03 9.940632618963718414e-03 6.196440756320953369e-02
3.106000000000000000e+06 6.412928923964500427e-03 9.899114258587360382e-03 6.144842505455017090e-02 6.412928923964500427e-03 9.899114258587360382e-03 6.144842505455017090e-02
3.107000000000000000e+06 6.656015757471323013e-03 9.919493459165096283e-03 6.113684922456741333e-02 6.656015757471323013e-03 9.919493459165096283e-03 6.113684922456741333e-02
3.108000000000000000e+06 6.381668616086244583e-03 9.945197030901908875e-03 6.077120825648307800e-02 6.381668616086244583e-03 9.945197030901908875e-03 6.077120825648307800e-02
3.109000000000000000e+06 7.136727217584848404e-03 9.888101369142532349e-03 6.090843304991722107e-02 7.136727217584848404e-03 9.888101369142532349e-03 6.090843304991722107e-02
3.110000000000000000e+06 6.868976168334484100e-03 9.945121593773365021e-03 6.079075485467910767e-02 6.868976168334484100e-03 9.945121593773365021e-03 6.079075485467910767e-02
3.111000000000000000e+06 6.395751144737005234e-03 9.944112971425056458e-03 6.104505062103271484e-02 6.395751144737005234e-03 9.944112971425056458e-03 6.104505062103271484e-02
3.112000000000000000e+06 6.435437593609094620e-03 9.885570965707302094e-03 6.126739829778671265e-02 6.435437593609094620e-03 9.885570965707302094e-03 6.126739829778671265e-02
3.113000000000000000e+06 5.829803179949522018e-03 9.942562319338321686e-03 6.099295616149902344e-02 5.829803179949522018e-03 9.942562319338321686e-03 6.099295616149902344e-02
3.114000000000000000e+06 6.452281959354877472e-03 9.986220858991146088e-03 6.113728135824203491e-02 6.452281959354877472e-03 9.986220858991146088e-03 6.113728135824203491e-02
3.115000000000000000e+06 6.882489193230867386e-03 9.882247075438499451e-03 6.077694892883300781e-02 6.882489193230867386e-03 9.882247075438499451e-03 6.077694892883300781e-02
3.116000000000000000e+06 6.129207555204629898e-03 9.927455335855484009e-03 6.055453047156333923e-02 6.129207555204629898e-03 9.927455335855484009e-03 6.055453047156333923e-02
3.117000000000000000e+06 7.373095490038394928e-03 9.936020709574222565e-03 6.053634732961654663e-02 7.373095490038394928e-03 9.936020709574222565e-03 6.053634732961654663e-02
3.118000000000000000e+06 6.664447020739316940e-03 9.954902343451976776e-03 6.099842861294746399e-02 6.664447020739316940e-03 9.954902343451976776e-03 6.099842861294746399e-02
3.119000000000000000e+06 7.580217439681291580e-03 9.927113540470600128e-03 6.207489222288131714e-02 7.580217439681291580e-03 9.927113540470600128e-03 6.207489222288131714e-02
3.120000000000000000e+06 6.324253510683774948e-03 9.941178373992443085e-03 6.146084517240524292e-02 6.324253510683774948e-03 9.941178373992443085e-03 6.146084517240524292e-02
3.121000000000000000e+06 6.729237735271453857e-03 9.924024343490600586e-03 6.185146793723106384e-02 6.729237735271453857e-03 9.924024343490600586e-03 6.185146793723106384e-02
3.122000000000000000e+06 7.030740380287170410e-03 9.950476698577404022e-03 6.090074405074119568e-02 7.030740380287170410e-03 9.950476698577404022e-03 6.090074405074119568e-02
3.123000000000000000e+06 6.267267279326915741e-03 9.917652234435081482e-03 6.066284328699111938e-02 6.267267279326915741e-03 9.917652234435081482e-03 6.066284328699111938e-02
3.124000000000000000e+06 5.989883095026016235e-03 9.948956780135631561e-03 6.084036827087402344e-02 5.989883095026016235e-03 9.948956780135631561e-03 6.084036827087402344e-02
3.125000000000000000e+06 6.745356135070323944e-03 9.936863556504249573e-03 6.080314144492149353e-02 6.745356135070323944e-03 9.936863556504249573e-03 6.080314144492149353e-02
3.126000000000000000e+06 6.376471836119890213e-03 9.908478707075119019e-03 6.132795661687850952e-02 6.376471836119890213e-03 9.908478707075119019e-03 6.132795661687850952e-02
3.127000000000000000e+06 7.325442507863044739e-03 9.908204898238182068e-03 6.068991497159004211e-02 7.325442507863044739e-03 9.908204898238182068e-03 6.068991497159004211e-02
3.128000000000000000e+06 5.992294289171695709e-03 9.952977299690246582e-03 6.032023206353187561e-02 5.992294289171695709e-03 9.952977299690246582e-03 6.032023206353187561e-02
3.129000000000000000e+06 6.351565476506948471e-03 9.950655512511730194e-03 6.074387952685356140e-02 6.351565476506948471e-03 9.950655512511730194e-03 6.074387952685356140e-02
3.130000000000000000e+06 6.873795296996831894e-03 9.893314912915229797e-03 6.068475916981697083e-02 6.873795296996831894e-03 9.893314912915229797e-03 6.068475916981697083e-02
3.131000000000000000e+06 6.598509382456541061e-03 9.985093958675861359e-03 6.073259189724922180e-02 6.598509382456541061e-03 9.985093958675861359e-03 6.073259189724922180e-02
3.132000000000000000e+06 6.670948583632707596e-03 9.888968430459499359e-03 6.118187308311462402e-02 6.670948583632707596e-03 9.888968430459499359e-03 6.118187308311462402e-02
3.133000000000000000e+06 6.241966038942337036e-03 9.934282861649990082e-03 6.094771623611450195e-02 6.241966038942337036e-03 9.934282861649990082e-03 6.094771623611450195e-02
3.134000000000000000e+06 6.322211585938930511e-03 9.928085841238498688e-03 6.036409735679626465e-02 6.322211585938930511e-03 9.928085841238498688e-03 6.036409735679626465e-02
3.135000000000000000e+06 5.988972727209329605e-03 9.912174195051193237e-03 6.045287474989891052e-02 5.988972727209329605e-03 9.912174195051193237e-03 6.045287474989891052e-02
3.136000000000000000e+06 7.836327888071537018e-03 9.970254264771938324e-03 6.056215986609458923e-02 7.836327888071537018e-03 9.970254264771938324e-03 6.056215986609458923e-02
3.137000000000000000e+06 7.175949867814779282e-03 9.956401772797107697e-03 6.049501150846481323e-02 7.175949867814779282e-03 9.956401772797107697e-03 6.049501150846481323e-02
3.138000000000000000e+06 6.961489561945199966e-03 9.948032908141613007e-03 6.047616526484489441e-02 6.961489561945199966e-03 9.948032908141613007e-03 6.047616526484489441e-02
3.139000000000000000e+06 7.368964608758687973e-03 9.974046610295772552e-03 6.128157302737236023e-02 7.368964608758687973e-03 9.974046610295772552e-03 6.128157302737236023e-02
3.140000000000000000e+06 6.574541330337524414e-03 9.896832518279552460e-03 6.013457849621772766e-02 6.574541330337524414e-03 9.896832518279552460e-03 6.013457849621772766e-02
3.141000000000000000e+06 7.088855374604463577e-03 9.895137511193752289e-03 6.095760688185691833e-02 7.088855374604463577e-03 9.895137511193752289e-03 6.095760688185691833e-02
3.142000000000000000e+06 7.559286896139383316e-03 9.961587376892566681e-03 6.135288253426551819e-02 7.559286896139383316e-03 9.961587376892566681e-03 6.135288253426551819e-02
3.143000000000000000e+06 6.340422667562961578e-03 9.925176389515399933e-03 6.119463965296745300e-02 6.340422667562961578e-03 9.925176389515399933e-03 6.119463965296745300e-02
3.144000000000000000e+06 7.347956765443086624e-03 9.854519739747047424e-03 6.097901612520217896e-02 7.347956765443086624e-03 9.854519739747047424e-03 6.097901612520217896e-02
3.145000000000000000e+06 6.844683550298213959e-03 9.912049397826194763e-03 6.107497587800025940e-02 6.844683550298213959e-03 9.912049397826194763e-03 6.107497587800025940e-02
3.146000000000000000e+06 7.690201513469219208e-03 9.891479276120662689e-03 6.170988082885742188e-02 7.690201513469219208e-03 9.891479276120662689e-03 6.170988082885742188e-02
3.147000000000000000e+06 6.098432932049036026e-03 9.932661429047584534e-03 6.048462167382240295e-02 6.098432932049036026e-03 9.932661429047584534e-03 6.048462167382240295e-02
3.148000000000000000e+06 6.654477212578058243e-03 9.890744462609291077e-03 6.043799221515655518e-02 6.654477212578058243e-03 9.890744462609291077e-03 6.043799221515655518e-02
3.149000000000000000e+06 6.384623702615499496e-03 9.900381788611412048e-03 6.009675562381744385e-02 6.384623702615499496e-03 9.900381788611412048e-03 6.009675562381744385e-02
3.150000000000000000e+06 7.108267396688461304e-03 9.904987178742885590e-03 5.992417037487030029e-02 7.108267396688461304e-03 9.904987178742885590e-03 5.992417037487030029e-02
3.151000000000000000e+06 7.091881241649389267e-03 9.948180988430976868e-03 6.030089035630226135e-02 7.091881241649389267e-03 9.948180988430976868e-03 6.030089035630226135e-02
3.152000000000000000e+06 6.539619062095880508e-03 9.913362562656402588e-03 6.046394258737564087e-02 6.539619062095880508e-03 9.913362562656402588e-03 6.046394258737564087e-02
3.153000000000000000e+06 8.684239350259304047e-03 9.911130182445049286e-03 6.171926483511924744e-02 8.684239350259304047e-03 9.911130182445049286e-03 6.171926483511924744e-02
3.154000000000000000e+06 7.916416972875595093e-03 9.961536154150962830e-03 6.029452383518218994e-02 7.916416972875595093e-03 9.961536154150962830e-03 6.029452383518218994e-02
3.155000000000000000e+06 6.968225818127393723e-03 9.920383803546428680e-03 6.067805364727973938e-02 6.968225818127393723e-03 9.920383803546428680e-03 6.067805364727973938e-02
3.156000000000000000e+06 6.834309082478284836e-03 9.905035607516765594e-03 6.044168770313262939e-02 6.834309082478284836e-03 9.905035607516765594e-03 6.044168770313262939e-02
3.157000000000000000e+06 7.028708234429359436e-03 9.942142292857170105e-03 6.022813171148300171e-02 7.028708234429359436e-03 9.942142292857170105e-03 6.022813171148300171e-02
3.158000000000000000e+06 8.108001202344894409e-03 9.921163320541381836e-03 6.037636846303939819e-02 8.108001202344894409e-03 9.921163320541381836e-03 6.037636846303939819e-02
3.159000000000000000e+06 6.307297386229038239e-03 9.905267506837844849e-03 6.001326441764831543e-02 6.307297386229038239e-03 9.905267506837844849e-03 6.001326441764831543e-02
3.160000000000000000e+06 6.056100595742464066e-03 9.935907088220119476e-03 5.946344509720802307e-02 6.056100595742464066e-03 9.935907088220119476e-03 5.946344509720802307e-02
3.161000000000000000e+06 8.080428466200828552e-03 9.942842647433280945e-03 6.093828752636909485e-02 8.080428466200828552e-03 9.942842647433280945e-03 6.093828752636909485e-02
3.162000000000000000e+06 6.797069683670997620e-03 9.913790039718151093e-03 6.046793982386589050e-02 6.797069683670997620e-03 9.913790039718151093e-03 6.046793982386589050e-02
3.163000000000000000e+06 6.624405737966299057e-03 9.859761223196983337e-03 5.989393219351768494e-02 6.624405737966299057e-03 9.859761223196983337e-03 5.989393219351768494e-02
3.164000000000000000e+06 6.576884072273969650e-03 9.893746115267276764e-03 6.027253717184066772e-02 6.576884072273969650e-03 9.893746115267276764e-03 6.027253717184066772e-02
3.165000000000000000e+06 6.974320858716964722e-03 9.859385900199413300e-03 6.095854938030242920e-02 6.974320858716964722e-03 9.859385900199413300e-03 6.095854938030242920e-02
3.166000000000000000e+06 7.608642335981130600e-03 9.906876832246780396e-03 6.036870926618576050e-02 7.608642335981130600e-03 9.906876832246780396e-03 6.036870926618576050e-02
3.167000000000000000e+06 6.397346965968608856e-03 9.878804907202720642e-03 6.082858145236968994e-02 6.397346965968608856e-03 9.878804907202720642e-03 6.082858145236968994e-02
3.168000000000000000e+06 5.948400124907493591e-03 9.881748817861080170e-03 5.959263071417808533e-02 5.948400124907493591e-03 9.881748817861080170e-03 5.959263071417808533e-02
3.169000000000000000e+06 6.862739101052284241e-03 9.857960976660251617e-03 6.036915630102157593e-02 6.862739101052284241e-03 9.857960976660251617e-03 6.036915630102157593e-02
3.170000000000000000e+06 6.459082942456007004e-03 9.877961128950119019e-03 6.039974838495254517e-02 6.459082942456007004e-03 9.877961128950119019e-03 6.039974838495254517e-02
3.171000000000000000e+06 7.083702366799116135e-03 9.942135773599147797e-03 5.967093631625175476e-02 7.083702366799116135e-03 9.942135773599147797e-03 5.967093631625175476e-02
3.172000000000000000e+06 5.638059228658676147e-03 9.914306923747062683e-03 5.966498702764511108e-02 5.638059228658676147e-03 9.914306923747062683e-03 5.966498702764511108e-02
3.173000000000000000e+06 6.996321957558393478e-03 9.911439381539821625e-03 6.077407673001289368e-02 6.996321957558393478e-03 9.911439381539821625e-03 6.077407673001289368e-02
3.174000000000000000e+06 6.793523672968149185e-03 9.883641265332698822e-03 5.970241501927375793e-02 6.793523672968149185e-03 9.883641265332698822e-03 5.970241501927375793e-02
3.175000000000000000e+06 6.874707993119955063e-03 9.907152503728866577e-03 6.029883399605751038e-02 6.874707993119955063e-03 9.907152503728866577e-03 6.029883399605751038e-02
3.176000000000000000e+06 6.822783034294843674e-03 9.876222349703311920e-03 5.983179435133934021e-02 6.822783034294843674e-03 9.876222349703311920e-03 5.983179435133934021e-02
3.177000000000000000e+06 6.071910262107849121e-03 9.918673895299434662e-03 5.996479839086532593e-02 6.071910262107849121e-03 9.918673895299434662e-03 5.996479839086532593e-02
3.178000000000000000e+06 6.367865949869155884e-03 9.871740825474262238e-03 6.002206355333328247e-02 6.367865949869155884e-03 9.871740825474262238e-03 6.002206355333328247e-02
3.179000000000000000e+06 5.727377254515886307e-03 9.883691556751728058e-03 5.933851376175880432e-02 5.727377254515886307e-03 9.883691556751728058e-03 5.933851376175880432e-02
3.180000000000000000e+06 6.676738150417804718e-03 9.890493936836719513e-03 5.964270606637001038e-02 6.676738150417804718e-03 9.890493936836719513e-03 5.964270606637001038e-02
3.181000000000000000e+06 7.089080754667520523e-03 9.866910055279731750e-03 6.058938056230545044e-02 7.089080754667520523e-03 9.866910055279731750e-03 6.058938056230545044e-02
3.182000000000000000e+06 6.463278550654649734e-03 9.861919097602367401e-03 6.038720160722732544e-02 6.463278550654649734e-03 9.861919097602367401e-03 6.038720160722732544e-02
3.183000000000000000e+06 6.181128323078155518e-03 9.908706881105899811e-03 5.963231250643730164e-02 6.181128323078155518e-03 9.908706881105899811e-03 5.963231250643730164e-02
3.184000000000000000e+06 6.599873770028352737e-03 9.898551739752292633e-03 6.044233590364456177e-02 6.599873770028352737e-03 9.898551739752292633e-03 6.044233590364456177e-02
3.185000000000000000e+06 6.524602882564067841e-03 9.899611584842205048e-03 6.043205037713050842e-02 6.524602882564067841e-03 9.899611584842205048e-03 6.043205037713050842e-02
3.186000000000000000e+06 6.129916291683912277e-03 9.854561649262905121e-03 5.956307426095008850e-02 6.129916291683912277e-03 9.854561649262905121e-03 5.956307426095008850e-02
3.187000000000000000e+06 6.310795433819293976e-03 9.920537471771240234e-03 6.012407317757606506e-02 6.310795433819293976e-03 9.920537471771240234e-03 6.012407317757606506e-02
3.188000000000000000e+06 6.921583786606788635e-03 9.880139492452144623e-03 5.956438928842544556e-02 6.921583786606788635e-03 9.880139492452144623e-03 5.956438928842544556e-02
3.189000000000000000e+06 6.117854267358779907e-03 9.872402995824813843e-03 6.032660603523254395e-02 6.117854267358779907e-03 9.872402995824813843e-03 6.032660603523254395e-02
3.190000000000000000e+06 6.821305025368928909e-03 9.905116632580757141e-03 6.072298809885978699e-02 6.821305025368928909e-03 9.905116632580757141e-03 6.072298809885978699e-02
3.191000000000000000e+06 6.600597407668828964e-03 9.860752150416374207e-03 6.066853553056716919e-02 6.600597407668828964e-03 9.860752150416374207e-03 6.066853553056716919e-02
3.192000000000000000e+06 7.049755193293094635e-03 9.865357540547847748e-03 5.971629172563552856e-02 7.049755193293094635e-03 9.865357540547847748e-03 5.971629172563552856e-02
3.193000000000000000e+06 6.630355026572942734e-03 9.862804785370826721e-03 5.995715782046318054e-02 6.630355026572942734e-03 9.862804785370826721e-03 5.995715782046318054e-02
3.194000000000000000e+06 6.865520030260086060e-03 9.861432015895843506e-03 6.002548709511756897e-02 6.865520030260086060e-03 9.861432015895843506e-03 6.002548709511756897e-02
3.195000000000000000e+06 6.515630055218935013e-03 9.870529174804687500e-03 6.001104414463043213e-02 6.515630055218935013e-03 9.870529174804687500e-03 6.001104414463043213e-02
3.196000000000000000e+06 6.470299791544675827e-03 9.876284748315811157e-03 5.978685244917869568e-02 6.470299791544675827e-03 9.876284748315811157e-03 5.978685244917869568e-02
3.197000000000000000e+06 6.741748657077550888e-03 9.854828938841819763e-03 5.975780636072158813e-02 6.741748657077550888e-03 9.854828938841819763e-03 5.975780636072158813e-02
3.198000000000000000e+06 6.983721163123846054e-03 9.861901402473449707e-03 6.071237847208976746e-02 6.983721163123846054e-03 9.861901402473449707e-03 6.071237847208976746e-02
3.199000000000000000e+06 7.129721343517303467e-03 9.823516942560672760e-03 6.047682091593742371e-02 7.129721343517303467e-03 9.823516942560672760e-03 6.047682091593742371e-02
3.200000000000000000e+06 7.508561015129089355e-03 9.861360304057598114e-03 5.957817658782005310e-02 7.508561015129089355e-03 9.861360304057598114e-03 5.957817658782005310e-02
3.201000000000000000e+06 7.145561277866363525e-03 9.892624802887439728e-03 5.973503738641738892e-02 7.145561277866363525e-03 9.892624802887439728e-03 5.973503738641738892e-02
3.202000000000000000e+06 5.977429449558258057e-03 9.858790785074234009e-03 5.982123687863349915e-02 5.977429449558258057e-03 9.858790785074234009e-03 5.982123687863349915e-02
3.203000000000000000e+06 5.970805417746305466e-03 9.852260351181030273e-03 5.908055976033210754e-02 5.970805417746305466e-03 9.852260351181030273e-03 5.908055976033210754e-02
3.204000000000000000e+06 7.404339499771595001e-03 9.843417443335056305e-03 5.971651524305343628e-02 7.404339499771595001e-03 9.843417443335056305e-03 5.971651524305343628e-02
3.205000000000000000e+06 8.507807739078998566e-03 9.851814247667789459e-03 6.018915399909019470e-02 8.507807739078998566e-03 9.851814247667789459e-03 6.018915399909019470e-02
3.206000000000000000e+06 6.955902092158794403e-03 9.845374152064323425e-03 5.929804220795631409e-02 6.955902092158794403e-03 9.845374152064323425e-03 5.929804220795631409e-02
3.207000000000000000e+06 6.968715228140354156e-03 9.825955145061016083e-03 5.996612086892127991e-02 6.968715228140354156e-03 9.825955145061016083e-03 5.996612086892127991e-02
3.208000000000000000e+06 7.082690950483083725e-03 9.826022200286388397e-03 5.961870029568672180e-02 7.082690950483083725e-03 9.826022200286388397e-03 5.961870029568672180e-02
3.209000000000000000e+06 6.027493160218000412e-03 9.870851412415504456e-03 6.007145345211029053e-02 6.027493160218000412e-03 9.870851412415504456e-03 6.007145345211029053e-02
3.210000000000000000e+06 6.856276653707027435e-03 9.843770414590835571e-03 5.984494462609291077e-02 6.856276653707027435e-03 9.843770414590835571e-03 5.984494462609291077e-02
3.211000000000000000e+06 7.381183560937643051e-03 9.897424839437007904e-03 6.058477610349655151e-02 7.381183560937643051e-03 9.897424839437007904e-03 6.058477610349655151e-02
3.212000000000000000e+06 8.991446346044540405e-03 9.897362440824508667e-03 6.082996726036071777e-02 8.991446346044540405e-03 9.897362440824508667e-03 6.082996726036071777e-02
3.213000000000000000e+06 6.286078132688999176e-03 9.866951964795589447e-03 6.000156328082084656e-02 6.286078132688999176e-03 9.866951964795589447e-03 6.000156328082084656e-02
3.214000000000000000e+06 8.124980144202709198e-03 9.867528453469276428e-03 6.024032458662986755e-02 8.124980144202709198e-03 9.867528453469276428e-03 6.024032458662986755e-02
3.215000000000000000e+06 6.570340134203433990e-03 9.871938265860080719e-03 5.958171561360359192e-02 6.570340134203433990e-03 9.871938265860080719e-03 5.958171561360359192e-02
3.216000000000000000e+06 7.253503426909446716e-03 9.811211377382278442e-03 5.980719625949859619e-02 7.253503426909446716e-03 9.811211377382278442e-03 5.980719625949859619e-02
3.217000000000000000e+06 6.040474399924278259e-03 9.867592714726924896e-03 5.966947227716445923e-02 6.040474399924278259e-03 9.867592714726924896e-03 5.966947227716445923e-02
3.218000000000000000e+06 6.977643817663192749e-03 9.875803254544734955e-03 5.953689664602279663e-02 6.977643817663192749e-03 9.875803254544734955e-03 5.953689664602279663e-02
3.219000000000000000e+06 6.028405856341123581e-03 9.891053661704063416e-03 5.965479463338851929e-02 6.028405856341123581e-03 9.891053661704063416e-03 5.965479463338851929e-02
3.220000000000000000e+06 6.192874163389205933e-03 9.855288080871105194e-03 5.918747186660766602e-02 6.192874163389205933e-03 9.855288080871105194e-03 5.918747186660766602e-02
3.221000000000000000e+06 6.584952119737863541e-03 9.886937215924263000e-03 5.933808907866477966e-02 6.584952119737863541e-03 9.886937215924263000e-03 5.933808907866477966e-02
3.222000000000000000e+06 6.252689752727746964e-03 9.825583547353744507e-03 5.990286171436309814e-02 6.252689752727746964e-03 9.825583547353744507e-03 5.990286171436309814e-02
3.223000000000000000e+06 6.274552084505558014e-03 9.870369918644428253e-03 5.903049558401107788e-02 6.274552084505558014e-03 9.870369918644428253e-03 5.903049558401107788e-02
3.224000000000000000e+06 6.444180384278297424e-03 9.858119301497936249e-03 5.884736403822898865e-02 6.444180384278297424e-03 9.858119301497936249e-03 5.884736403822898865e-02
3.225000000000000000e+06 6.980846635997295380e-03 9.883657097816467285e-03 5.936177819967269897e-02 6.980846635997295380e-03 9.883657097816467285e-03 5.936177819967269897e-02
3.226000000000000000e+06 7.044482976198196411e-03 9.842693805694580078e-03 5.904491245746612549e-02 7.044482976198196411e-03 9.842693805694580078e-03 5.904491245746612549e-02
3.227000000000000000e+06 6.048879120498895645e-03 9.867026470601558685e-03 5.881286785006523132e-02 6.048879120498895645e-03 9.867026470601558685e-03 5.881286785006523132e-02
3.228000000000000000e+06 6.118450313806533813e-03 9.909766726195812225e-03 5.888040736317634583e-02 6.118450313806533813e-03 9.909766726195812225e-03 5.888040736317634583e-02
3.229000000000000000e+06 7.815952412784099579e-03 9.833786636590957642e-03 5.873884260654449463e-02 7.815952412784099579e-03 9.833786636590957642e-03 5.873884260654449463e-02
3.230000000000000000e+06 6.232924759387969971e-03 9.873230941593647003e-03 5.946248397231101990e-02 6.232924759387969971e-03 9.873230941593647003e-03 5.946248397231101990e-02
3.231000000000000000e+06 6.667701993137598038e-03 9.809643961489200592e-03 5.965231731534004211e-02 6.667701993137598038e-03 9.809643961489200592e-03 5.965231731534004211e-02
3.232000000000000000e+06 8.131084963679313660e-03 9.827924892306327820e-03 5.952814221382141113e-02 8.131084963679313660e-03 9.827924892306327820e-03 5.952814221382141113e-02
3.233000000000000000e+06 6.379243452101945877e-03 9.860521182417869568e-03 5.946804955601692200e-02 6.379243452101945877e-03 9.860521182417869568e-03 5.946804955601692200e-02
3.234000000000000000e+06 6.159989163279533386e-03 9.842098690569400787e-03 5.900967121124267578e-02 6.159989163279533386e-03 9.842098690569400787e-03 5.900967121124267578e-02
3.235000000000000000e+06 6.808403413742780685e-03 9.910082444548606873e-03 5.946038290858268738e-02 6.808403413742780685e-03 9.910082444548606873e-03 5.946038290858268738e-02
3.236000000000000000e+06 6.438426207751035690e-03 9.853106923401355743e-03 5.873680487275123596e-02 6.438426207751035690e-03 9.853106923401355743e-03 5.873680487275123596e-02
3.237000000000000000e+06 6.482443772256374359e-03 9.828941896557807922e-03 5.931114405393600464e-02 6.482443772256374359e-03 9.828941896557807922e-03 5.931114405393600464e-02
3.238000000000000000e+06 7.041183300316333771e-03 9.851789101958274841e-03 5.929638817906379700e-02 7.041183300316333771e-03 9.851789101958274841e-03 5.929638817906379700e-02
3.239000000000000000e+06 6.366764660924673080e-03 9.813914075493812561e-03 5.845677107572555542e-02 6.366764660924673080e-03 9.813914075493812561e-03 5.845677107572555542e-02
3.240000000000000000e+06 7.368485908955335617e-03 9.815476834774017334e-03 5.941241234540939331e-02 7.368485908955335617e-03 9.815476834774017334e-03 5.941241234540939331e-02
3.241000000000000000e+06 6.736965849995613098e-03 9.881212376058101654e-03 5.917005985975265503e-02 6.736965849995613098e-03 9.881212376058101654e-03 5.917005985975265503e-02
3.242000000000000000e+06 7.048088591545820236e-03 9.849924594163894653e-03 5.887675657868385315e-02 7.048088591545820236e-03 9.849924594163894653e-03 5.887675657868385315e-02
3.243000000000000000e+06 5.913002882152795792e-03 9.824298322200775146e-03 5.879271775484085083e-02 5.913002882152795792e-03 9.824298322200775146e-03 5.879271775484085083e-02
3.244000000000000000e+06 6.586853880435228348e-03 9.876059368252754211e-03 5.840329825878143311e-02 6.586853880435228348e-03 9.876059368252754211e-03 5.840329825878143311e-02
3.245000000000000000e+06 6.370422430336475372e-03 9.845262393355369568e-03 5.879023298621177673e-02 6.370422430336475372e-03 9.845262393355369568e-03 5.879023298621177673e-02
3.246000000000000000e+06 5.905674304813146591e-03 9.821971878409385681e-03 5.907968804240226746e-02 5.905674304813146591e-03 9.821971878409385681e-03 5.907968804240226746e-02
3.247000000000000000e+06 6.292746402323246002e-03 9.858880192041397095e-03 5.850831419229507446e-02 6.292746402323246002e-03 9.858880192041397095e-03 5.850831419229507446e-02
3.248000000000000000e+06 7.515934295952320099e-03 9.858414530754089355e-03 5.858097597956657410e-02 7.515934295952320099e-03 9.858414530754089355e-03 5.858097597956657410e-02
3.249000000000000000e+06 6.484263110905885696e-03 9.850666858255863190e-03 5.888778343796730042e-02 6.484263110905885696e-03 9.850666858255863190e-03 5.888778343796730042e-02
3.250000000000000000e+06 7.111450191587209702e-03 9.858193807303905487e-03 5.844828486442565918e-02 7.111450191587209702e-03 9.858193807303905487e-03 5.844828486442565918e-02
3.251000000000000000e+06 6.596053484827280045e-03 9.837854653596878052e-03 5.892369151115417480e-02 6.596053484827280045e-03 9.837854653596878052e-03 5.892369151115417480e-02
3.252000000000000000e+06 6.777231581509113312e-03 9.867486543953418732e-03 5.852488800883293152e-02 6.777231581509113312e-03 9.867486543953418732e-03 5.852488800883293152e-02
3.253000000000000000e+06 6.988228764384984970e-03 9.845886379480361938e-03 5.955435335636138916e-02 6.988228764384984970e-03 9.845886379480361938e-03 5.955435335636138916e-02
3.254000000000000000e+06 6.204912904649972916e-03 9.843027219176292419e-03 5.895367264747619629e-02 6.204912904649972916e-03 9.843027219176292419e-03 5.895367264747619629e-02
3.255000000000000000e+06 7.455223239958286285e-03 9.807442314922809601e-03 5.946321785449981689e-02 7.455223239958286285e-03 9.807442314922809601e-03 5.946321785449981689e-02
3.256000000000000000e+06 7.119634654372930527e-03 9.842847473919391632e-03 5.848833918571472168e-02 7.119634654372930527e-03 9.842847473919391632e-03 5.848833918571472168e-02
3.257000000000000000e+06 7.413393817842006683e-03 9.802511893212795258e-03 5.854810774326324463e-02 7.413393817842006683e-03 9.802511893212795258e-03 5.854810774326324463e-02
3.258000000000000000e+06 6.784121505916118622e-03 9.867091663181781769e-03 5.914717167615890503e-02 6.784121505916118622e-03 9.867091663181781769e-03 5.914717167615890503e-02
3.259000000000000000e+06 6.901624146848917007e-03 9.818969294428825378e-03 5.909320339560508728e-02 6.901624146848917007e-03 9.818969294428825378e-03 5.909320339560508728e-02
3.260000000000000000e+06 6.405277643352746964e-03 9.803622029721736908e-03 5.842178314924240112e-02 6.405277643352746964e-03 9.803622029721736908e-03 5.842178314924240112e-02
3.261000000000000000e+06 6.512514315545558929e-03 9.846763685345649719e-03 5.904138088226318359e-02 6.512514315545558929e-03 9.846763685345649719e-03 5.904138088226318359e-02
3.262000000000000000e+06 6.872070021927356720e-03 9.844803251326084137e-03 5.905676633119583130e-02 6.872070021927356720e-03 9.844803251326084137e-03 5.905676633119583130e-02
3.263000000000000000e+06 6.334397010505199432e-03 9.851281531155109406e-03 5.923619121313095093e-02 6.334397010505199432e-03 9.851281531155109406e-03 5.923619121313095093e-02
3.264000000000000000e+06 7.679706905037164688e-03 9.822255000472068787e-03 5.928967893123626709e-02 7.679706905037164688e-03 9.822255000472068787e-03 5.928967893123626709e-02
3.265000000000000000e+06 8.730581030249595642e-03 9.885730221867561340e-03 5.982034653425216675e-02 8.730581030249595642e-03 9.885730221867561340e-03 5.982034653425216675e-02
3.266000000000000000e+06 7.097905501723289490e-03 9.835216216742992401e-03 5.909050256013870239e-02 7.097905501723289490e-03 9.835216216742992401e-03 5.909050256013870239e-02
3.267000000000000000e+06 6.744324229657649994e-03 9.847502224147319794e-03 5.872446298599243164e-02 6.744324229657649994e-03 9.847502224147319794e-03 5.872446298599243164e-02
3.268000000000000000e+06 6.832908838987350464e-03 9.816529229283332825e-03 5.888722836971282959e-02 6.832908838987350464e-03 9.816529229283332825e-03 5.888722836971282959e-02
3.269000000000000000e+06 5.979872308671474457e-03 9.832039475440979004e-03 5.877579003572463989e-02 5.979872308671474457e-03 9.832039475440979004e-03 5.877579003572463989e-02
3.270000000000000000e+06 6.993456743657588959e-03 9.831443428993225098e-03 5.934086441993713379e-02 6.993456743657588959e-03 9.831443428993225098e-03 5.934086441993713379e-02
3.271000000000000000e+06 8.044905029237270355e-03 9.823309257626533508e-03 5.909399315714836121e-02 8.044905029237270355e-03 9.823309257626533508e-03 5.909399315714836121e-02
3.272000000000000000e+06 6.097388919442892075e-03 9.841404855251312256e-03 5.787856504321098328e-02 6.097388919442892075e-03 9.841404855251312256e-03 5.787856504321098328e-02
3.273000000000000000e+06 6.778342649340629578e-03 9.848650544881820679e-03 5.890526622533798218e-02 6.778342649340629578e-03 9.848650544881820679e-03 5.890526622533798218e-02
3.274000000000000000e+06 7.022743579000234604e-03 9.868268854916095734e-03 5.846916511654853821e-02 7.022743579000234604e-03 9.868268854916095734e-03 5.846916511654853821e-02
3.275000000000000000e+06 7.009447086602449417e-03 9.800291620194911957e-03 5.880174413323402405e-02 7.009447086602449417e-03 9.800291620194911957e-03 5.880174413323402405e-02
3.276000000000000000e+06 6.846183445304632187e-03 9.833999909460544586e-03 5.914903432130813599e-02 6.846183445304632187e-03 9.833999909460544586e-03 5.914903432130813599e-02
3.277000000000000000e+06 6.793823093175888062e-03 9.830454364418983459e-03 5.876450613141059875e-02 6.793823093175888062e-03 9.830454364418983459e-03 5.876450613141059875e-02
3.278000000000000000e+06 6.463345605880022049e-03 9.822811000049114227e-03 5.840621888637542725e-02 6.463345605880022049e-03 9.822811000049114227e-03 5.840621888637542725e-02
3.279000000000000000e+06 6.584059912711381912e-03 9.801991283893585205e-03 5.855594202876091003e-02 6.584059912711381912e-03 9.801991283893585205e-03 5.855594202876091003e-02
3.280000000000000000e+06 7.238280493766069412e-03 9.816944599151611328e-03 5.881454423069953918e-02 7.238280493766069412e-03 9.816944599151611328e-03 5.881454423069953918e-02
3.281000000000000000e+06 6.907138507813215256e-03 9.788808412849903107e-03 5.851297080516815186e-02 6.907138507813215256e-03 9.788808412849903107e-03 5.851297080516815186e-02
3.282000000000000000e+06 6.288981065154075623e-03 9.802207350730895996e-03 5.824534595012664795e-02 6.288981065154075623e-03 9.802207350730895996e-03 5.824534595012664795e-02
3.283000000000000000e+06 6.878143176436424255e-03 9.827992878854274750e-03 5.915862321853637695e-02 6.878143176436424255e-03 9.827992878854274750e-03 5.915862321853637695e-02
3.284000000000000000e+06 6.791963241994380951e-03 9.817750193178653717e-03 5.802777409553527832e-02 6.791963241994380951e-03 9.817750193178653717e-03 5.802777409553527832e-02
3.285000000000000000e+06 6.317439489066600800e-03 9.824678301811218262e-03 5.801588296890258789e-02 6.317439489066600800e-03 9.824678301811218262e-03 5.801588296890258789e-02
3.286000000000000000e+06 6.859156768769025803e-03 9.824784472584724426e-03 5.905781313776969910e-02 6.859156768769025803e-03 9.824784472584724426e-03 5.905781313776969910e-02
3.287000000000000000e+06 6.504744756966829300e-03 9.787919931113719940e-03 5.830392986536026001e-02 6.504744756966829300e-03 9.787919931113719940e-03 5.830392986536026001e-02
3.288000000000000000e+06 6.281848531216382980e-03 9.782530367374420166e-03 5.896681174635887146e-02 6.281848531216382980e-03 9.782530367374420166e-03 5.896681174635887146e-02
3.289000000000000000e+06 7.617692928761243820e-03 9.797418490052223206e-03 6.037244945764541626e-02 7.617692928761243820e-03 9.797418490052223206e-03 6.037244945764541626e-02
3.290000000000000000e+06 7.126165553927421570e-03 9.854488074779510498e-03 5.892870947718620300e-02 7.126165553927421570e-03 9.854488074779510498e-03 5.892870947718620300e-02
3.291000000000000000e+06 6.581670604646205902e-03 9.798608720302581787e-03 5.894759669899940491e-02 6.581670604646205902e-03 9.798608720302581787e-03 5.894759669899940491e-02
3.292000000000000000e+06 6.188943050801753998e-03 9.814980439841747284e-03 5.793105065822601318e-02 6.188943050801753998e-03 9.814980439841747284e-03 5.793105065822601318e-02
3.293000000000000000e+06 6.256250198930501938e-03 9.836331009864807129e-03 5.798946321010589600e-02 6.256250198930501938e-03 9.836331009864807129e-03 5.798946321010589600e-02
3.294000000000000000e+06 6.710087880492210388e-03 9.787188842892646790e-03 5.778366327285766602e-02 6.710087880492210388e-03 9.787188842892646790e-03 5.778366327285766602e-02
3.295000000000000000e+06 6.629579700529575348e-03 9.771228767931461334e-03 5.790083855390548706e-02 6.629579700529575348e-03 9.771228767931461334e-03 5.790083855390548706e-02
3.296000000000000000e+06 6.770124658942222595e-03 9.797101840376853943e-03 5.856553837656974792e-02 6.770124658942222595e-03 9.797101840376853943e-03 5.856553837656974792e-02
3.297000000000000000e+06 7.073364686220884323e-03 9.802140295505523682e-03 5.842510238289833069e-02 7.073364686220884323e-03 9.802140295505523682e-03 5.842510238289833069e-02
3.298000000000000000e+06 6.801927927881479263e-03 9.792921133339405060e-03 5.786462128162384033e-02 6.801927927881479263e-03 9.792921133339405060e-03 5.786462128162384033e-02
3.299000000000000000e+06 6.363717373460531235e-03 9.806601330637931824e-03 5.825198069214820862e-02 6.363717373460531235e-03 9.806601330637931824e-03 5.825198069214820862e-02
3.300000000000000000e+06 7.109328638762235641e-03 9.808948263525962830e-03 5.792349204421043396e-02 7.109328638762235641e-03 9.808948263525962830e-03 5.792349204421043396e-02
3.301000000000000000e+06 6.031731143593788147e-03 9.790237993001937866e-03 5.704674497246742249e-02 6.031731143593788147e-03 9.790237993001937866e-03 5.704674497246742249e-02
3.302000000000000000e+06 6.271956488490104675e-03 9.777714498341083527e-03 5.775482952594757080e-02 6.271956488490104675e-03 9.777714498341083527e-03 5.775482952594757080e-02
3.303000000000000000e+06 7.025408092886209488e-03 9.788673371076583862e-03 5.845470726490020752e-02 7.025408092886209488e-03 9.788673371076583862e-03 5.845470726490020752e-02
3.304000000000000000e+06 6.368533242493867874e-03 9.792935103178024292e-03 5.792035534977912903e-02 6.368533242493867874e-03 9.792935103178024292e-03 5.792035534977912903e-02
3.305000000000000000e+06 6.593774538487195969e-03 9.798497892916202545e-03 5.829051882028579712e-02 6.593774538487195969e-03 9.798497892916202545e-03 5.829051882028579712e-02
3.306000000000000000e+06 5.571081768721342087e-03 9.815127588808536530e-03 5.808779224753379822e-02 5.571081768721342087e-03 9.815127588808536530e-03 5.808779224753379822e-02
3.307000000000000000e+06 7.595710456371307373e-03 9.778900071978569031e-03 5.951469764113426208e-02 7.595710456371307373e-03 9.778900071978569031e-03 5.951469764113426208e-02
3.308000000000000000e+06 7.623628713190555573e-03 9.782357141375541687e-03 5.981042236089706421e-02 7.623628713190555573e-03 9.782357141375541687e-03 5.981042236089706421e-02
3.309000000000000000e+06 7.338396273553371429e-03 9.782060980796813965e-03 5.790416151285171509e-02 7.338396273553371429e-03 9.782060980796813965e-03 5.790416151285171509e-02
3.310000000000000000e+06 7.252968847751617432e-03 9.822295978665351868e-03 5.839606747031211853e-02 7.252968847751617432e-03 9.822295978665351868e-03 5.839606747031211853e-02
3.311000000000000000e+06 6.559130735695362091e-03 9.855046868324279785e-03 5.811249837279319763e-02 6.559130735695362091e-03 9.855046868324279785e-03 5.811249837279319763e-02
3.312000000000000000e+06 7.415940053761005402e-03 9.815732948482036591e-03 5.889696627855300903e-02 7.415940053761005402e-03 9.815732948482036591e-03 5.889696627855300903e-02
3.313000000000000000e+06 7.457379717379808426e-03 9.854525327682495117e-03 5.882155895233154297e-02 7.457379717379808426e-03 9.854525327682495117e-03 5.882155895233154297e-02
3.314000000000000000e+06 7.281480822712182999e-03 9.826806373894214630e-03 5.841003730893135071e-02 7.281480822712182999e-03 9.826806373894214630e-03 5.841003730893135071e-02
3.315000000000000000e+06 6.628538481891155243e-03 9.760101325809955597e-03 5.829663202166557312e-02 6.628538481891155243e-03 9.760101325809955597e-03 5.829663202166557312e-02
3.316000000000000000e+06 5.973492283374071121e-03 9.799392893910408020e-03 5.794546380639076233e-02 5.973492283374071121e-03 9.799392893910408020e-03 5.794546380639076233e-02
3.317000000000000000e+06 7.448525633662939072e-03 9.763771668076515198e-03 5.811654403805732727e-02 7.448525633662939072e-03 9.763771668076515198e-03 5.811654403805732727e-02
3.318000000000000000e+06 6.185824982821941376e-03 9.773069992661476135e-03 5.786100029945373535e-02 6.185824982821941376e-03 9.773069992661476135e-03 5.786100029945373535e-02
3.319000000000000000e+06 6.280604749917984009e-03 9.811114519834518433e-03 5.767877027392387390e-02 6.280604749917984009e-03 9.811114519834518433e-03 5.767877027392387390e-02
3.320000000000000000e+06 6.202087271958589554e-03 9.789178147912025452e-03 5.785391107201576233e-02 6.202087271958589554e-03 9.789178147912025452e-03 5.785391107201576233e-02
3.321000000000000000e+06 6.473606452345848083e-03 9.787843562662601471e-03 5.806442350149154663e-02 6.473606452345848083e-03 9.787843562662601471e-03 5.806442350149154663e-02
3.322000000000000000e+06 6.591702345758676529e-03 9.752130135893821716e-03 5.750392377376556396e-02 6.591702345758676529e-03 9.752130135893821716e-03 5.750392377376556396e-02
3.323000000000000000e+06 6.993533112108707428e-03 9.780781343579292297e-03 5.882533267140388489e-02 6.993533112108707428e-03 9.780781343579292297e-03 5.882533267140388489e-02
3.324000000000000000e+06 5.959745962172746658e-03 9.788383729755878448e-03 5.800197273492813110e-02 5.959745962172746658e-03 9.788383729755878448e-03 5.800197273492813110e-02
3.325000000000000000e+06 6.115110591053962708e-03 9.803714230656623840e-03 5.784506350755691528e-02 6.115110591053962708e-03 9.803714230656623840e-03 5.784506350755691528e-02
3.326000000000000000e+06 6.126545369625091553e-03 9.782999753952026367e-03 5.743672326207160950e-02 6.126545369625091553e-03 9.782999753952026367e-03 5.743672326207160950e-02
3.327000000000000000e+06 7.166373077780008316e-03 9.777783416211605072e-03 5.781856179237365723e-02 7.166373077780008316e-03 9.777783416211605072e-03 5.781856179237365723e-02
3.328000000000000000e+06 6.170046981424093246e-03 9.789399802684783936e-03 5.770311132073402405e-02 6.170046981424093246e-03 9.789399802684783936e-03 5.770311132073402405e-02
3.329000000000000000e+06 7.030034903436899185e-03 9.807828813791275024e-03 5.761655047535896301e-02 7.030034903436899185e-03 9.807828813791275024e-03 5.761655047535896301e-02
3.330000000000000000e+06 5.726807285100221634e-03 9.789600037038326263e-03 5.724370852112770081e-02 5.726807285100221634e-03 9.789600037038326263e-03 5.724370852112770081e-02
3.331000000000000000e+06 7.145250681787729263e-03 9.797218255698680878e-03 5.774703621864318848e-02 7.145250681787729263e-03 9.797218255698680878e-03 5.774703621864318848e-02
3.332000000000000000e+06 5.900540389120578766e-03 9.793316014111042023e-03 5.713041126728057861e-02 5.900540389120578766e-03 9.793316014111042023e-03 5.713041126728057861e-02
3.333000000000000000e+06 6.596716120839118958e-03 9.780830703675746918e-03 5.771534517407417297e-02 6.596716120839118958e-03 9.780830703675746918e-03 5.771534517407417297e-02
3.334000000000000000e+06 6.503445561975240707e-03 9.769094176590442657e-03 5.791275948286056519e-02 6.503445561975240707e-03 9.769094176590442657e-03 5.791275948286056519e-02
3.335000000000000000e+06 7.614916190505027771e-03 9.804259054362773895e-03 5.806835740804672241e-02 7.614916190505027771e-03 9.804259054362773895e-03 5.806835740804672241e-02
3.336000000000000000e+06 6.567933596670627594e-03 9.799003601074218750e-03 5.784111097455024719e-02 6.567933596670627594e-03 9.799003601074218750e-03 5.784111097455024719e-02
3.337000000000000000e+06 6.881366483867168427e-03 9.803157299757003784e-03 5.744783580303192139e-02 6.881366483867168427e-03 9.803157299757003784e-03 5.744783580303192139e-02
3.338000000000000000e+06 6.094613112509250641e-03 9.776425547897815704e-03 5.715290457010269165e-02 6.094613112509250641e-03 9.776425547897815704e-03 5.715290457010269165e-02
3.339000000000000000e+06 7.307987660169601440e-03 9.764157235622406006e-03 5.834368616342544556e-02 7.307987660169601440e-03 9.764157235622406006e-03 5.834368616342544556e-02
3.340000000000000000e+06 7.064627949148416519e-03 9.784867987036705017e-03 5.722264945507049561e-02 7.064627949148416519e-03 9.784867987036705017e-03 5.722264945507049561e-02
3.341000000000000000e+06 7.891350425779819489e-03 9.810641407966613770e-03 5.822832882404327393e-02 7.891350425779819489e-03 9.810641407966613770e-03 5.822832882404327393e-02
3.342000000000000000e+06 7.295869290828704834e-03 9.762487374246120453e-03 5.779418721795082092e-02 7.295869290828704834e-03 9.762487374246120453e-03 5.779418721795082092e-02
3.343000000000000000e+06 7.478079758584499359e-03 9.751651436090469360e-03 5.869169905781745911e-02 7.478079758584499359e-03 9.751651436090469360e-03 5.869169905781745911e-02
3.344000000000000000e+06 6.544201634824275970e-03 9.749191813170909882e-03 5.802550539374351501e-02 6.544201634824275970e-03 9.749191813170909882e-03 5.802550539374351501e-02
3.345000000000000000e+06 6.392104085534811020e-03 9.748231619596481323e-03 5.771015584468841553e-02 6.392104085534811020e-03 9.748231619596481323e-03 5.771015584468841553e-02
3.346000000000000000e+06 7.486674003303050995e-03 9.767123498022556305e-03 5.787339061498641968e-02 7.486674003303050995e-03 9.767123498022556305e-03 5.787339061498641968e-02
3.347000000000000000e+06 6.106152199208736420e-03 9.755177423357963562e-03 5.789535492658615112e-02 6.106152199208736420e-03 9.755177423357963562e-03 5.789535492658615112e-02
3.348000000000000000e+06 7.167709991335868835e-03 9.786606766283512115e-03 5.757529288530349731e-02 7.167709991335868835e-03 9.786606766283512115e-03 5.757529288530349731e-02
3.349000000000000000e+06 7.408220320940017700e-03 9.739337489008903503e-03 5.825134739279747009e-02 7.408220320940017700e-03 9.739337489008903503e-03 5.825134739279747009e-02
3.350000000000000000e+06 6.570647936314344406e-03 9.757005609571933746e-03 5.807287991046905518e-02 6.570647936314344406e-03 9.757005609571933746e-03 5.807287991046905518e-02
3.351000000000000000e+06 6.553402636200189590e-03 9.778039529919624329e-03 5.724579095840454102e-02 6.553402636200189590e-03 9.778039529919624329e-03 5.724579095840454102e-02
3.352000000000000000e+06 7.566791493445634842e-03 9.734715335071086884e-03 5.777551606297492981e-02 7.566791493445634842e-03 9.734715335071086884e-03 5.777551606297492981e-02
3.353000000000000000e+06 7.064264267683029175e-03 9.791280142962932587e-03 5.812779441475868225e-02 7.064264267683029175e-03 9.791280142962932587e-03 5.812779441475868225e-02
3.354000000000000000e+06 7.138671819120645523e-03 9.774957783520221710e-03 5.815920233726501465e-02 7.138671819120645523e-03 9.774957783520221710e-03 5.815920233726501465e-02
3.355000000000000000e+06 6.558835040777921677e-03 9.757729247212409973e-03 5.748001113533973694e-02 6.558835040777921677e-03 9.757729247212409973e-03 5.748001113533973694e-02
3.356000000000000000e+06 6.335546728223562241e-03 9.774900972843170166e-03 5.684595555067062378e-02 6.335546728223562241e-03 9.774900972843170166e-03 5.684595555067062378e-02
3.357000000000000000e+06 6.229826249182224274e-03 9.778277017176151276e-03 5.729023739695549011e-02 6.229826249182224274e-03 9.778277017176151276e-03 5.729023739695549011e-02
3.358000000000000000e+06 7.216435857117176056e-03 9.713799692690372467e-03 5.757266283035278320e-02 7.216435857117176056e-03 9.713799692690372467e-03 5.757266283035278320e-02
3.359000000000000000e+06 7.366861216723918915e-03 9.777394123375415802e-03 5.667111277580261230e-02 7.366861216723918915e-03 9.777394123375415802e-03 5.667111277580261230e-02
3.360000000000000000e+06 6.444455124437808990e-03 9.770677424967288971e-03 5.771819129586219788e-02 6.444455124437808990e-03 9.770677424967288971e-03 5.771819129586219788e-02
3.361000000000000000e+06 7.328386418521404266e-03 9.763416834175586700e-03 5.784948542714118958e-02 7.328386418521404266e-03 9.763416834175586700e-03 5.784948542714118958e-02
3.362000000000000000e+06 7.566938176751136780e-03 9.768323972821235657e-03 5.747962370514869690e-02 7.566938176751136780e-03 9.768323972821235657e-03 5.747962370514869690e-02
3.363000000000000000e+06 6.237005349248647690e-03 9.761847555637359619e-03 5.647721886634826660e-02 6.237005349248647690e-03 9.761847555637359619e-03 5.647721886634826660e-02
3.364000000000000000e+06 5.783226341009140015e-03 9.746322408318519592e-03 5.699471756815910339e-02 5.783226341009140015e-03 9.746322408318519592e-03 5.699471756815910339e-02
3.365000000000000000e+06 6.800675764679908752e-03 9.712491184473037720e-03 5.728981271386146545e-02 6.800675764679908752e-03 9.712491184473037720e-03 5.728981271386146545e-02
3.366000000000000000e+06 5.998136475682258606e-03 9.763520210981369019e-03 5.701820924878120422e-02 5.998136475682258606e-03 9.763520210981369019e-03 5.701820924878120422e-02
3.367000000000000000e+06 7.122126873582601547e-03 9.752106852829456329e-03 5.743747949600219727e-02 7.122126873582601547e-03 9.752106852829456329e-03 5.743747949600219727e-02
3.368000000000000000e+06 6.870245095342397690e-03 9.713674895465373993e-03 5.743845924735069275e-02 6.870245095342397690e-03 9.713674895465373993e-03 5.743845924735069275e-02
3.369000000000000000e+06 6.645419634878635406e-03 9.769163094460964203e-03 5.775101482868194580e-02 6.645419634878635406e-03 9.769163094460964203e-03 5.775101482868194580e-02
3.370000000000000000e+06 6.778798997402191162e-03 9.771213866770267487e-03 5.760982632637023926e-02 6.778798997402191162e-03 9.771213866770267487e-03 5.760982632637023926e-02
3.371000000000000000e+06 6.397548131644725800e-03 9.737650863826274872e-03 5.675495043396949768e-02 6.397548131644725800e-03 9.737650863826274872e-03 5.675495043396949768e-02
3.372000000000000000e+06 7.232346106320619583e-03 9.731182828545570374e-03 5.688895285129547119e-02 7.232346106320619583e-03 9.731182828545570374e-03 5.688895285129547119e-02
3.373000000000000000e+06 6.570640951395034790e-03 9.756904095411300659e-03 5.678188800811767578e-02 6.570640951395034790e-03 9.756904095411300659e-03 5.678188800811767578e-02
3.374000000000000000e+06 6.176752038300037384e-03 9.760336950421333313e-03 5.684250965714454651e-02 6.176752038300037384e-03 9.760336950421333313e-03 5.684250965714454651e-02
3.375000000000000000e+06 6.271885242313146591e-03 9.724850766360759735e-03 5.673170834779739380e-02 6.271885242313146591e-03 9.724850766360759735e-03 5.673170834779739380e-02
3.376000000000000000e+06 7.639094721525907516e-03 9.723803959786891937e-03 5.670120567083358765e-02 7.639094721525907516e-03 9.723803959786891937e-03 5.670120567083358765e-02
3.377000000000000000e+06 7.066717371344566345e-03 9.755332022905349731e-03 5.696268752217292786e-02 7.066717371344566345e-03 9.755332022905349731e-03 5.696268752217292786e-02
3.378000000000000000e+06 6.383337080478668213e-03 9.716324508190155029e-03 5.663402751088142395e-02 6.383337080478668213e-03 9.716324508190155029e-03 5.663402751088142395e-02
3.379000000000000000e+06 7.143438328057527542e-03 9.725026786327362061e-03 5.759526416659355164e-02 7.143438328057527542e-03 9.725026786327362061e-03 5.759526416659355164e-02
3.380000000000000000e+06 5.950736347585916519e-03 9.717107750475406647e-03 5.664722993969917297e-02 5.950736347585916519e-03 9.717107750475406647e-03 5.664722993969917297e-02
3.381000000000000000e+06 6.582733709365129471e-03 9.747633710503578186e-03 5.670180544257164001e-02 6.582733709365129471e-03 9.747633710503578186e-03 5.670180544257164001e-02
3.382000000000000000e+06 6.409009452909231186e-03 9.732486680150032043e-03 5.774338915944099426e-02 6.409009452909231186e-03 9.732486680150032043e-03 5.774338915944099426e-02
3.383000000000000000e+06 6.273844279348850250e-03 9.751974605023860931e-03 5.713648721575737000e-02 6.273844279348850250e-03 9.751974605023860931e-03 5.713648721575737000e-02
3.384000000000000000e+06 5.868980195373296738e-03 9.734424762427806854e-03 5.622677877545356750e-02 5.868980195373296738e-03 9.734424762427806854e-03 5.622677877545356750e-02
3.385000000000000000e+06 6.094900425523519516e-03 9.719245135784149170e-03 5.669001862406730652e-02 6.094900425523519516e-03 9.719245135784149170e-03 5.669001862406730652e-02
3.386000000000000000e+06 6.056113634258508682e-03 9.737303480505943298e-03 5.646778270602226257e-02 6.056113634258508682e-03 9.737303480505943298e-03 5.646778270602226257e-02
3.387000000000000000e+06 7.625690195709466934e-03 9.713135659694671631e-03 5.773621425032615662e-02 7.625690195709466934e-03 9.713135659694671631e-03 5.773621425032615662e-02
3.388000000000000000e+06 6.205369252711534500e-03 9.720322676002979279e-03 5.661714076995849609e-02 6.205369252711534500e-03 9.720322676002979279e-03 5.661714076995849609e-02
3.389000000000000000e+06 7.182319182902574539e-03 9.760228917002677917e-03 5.743124708533287048e-02 7.182319182902574539e-03 9.760228917002677917e-03 5.743124708533287048e-02
3.390000000000000000e+06 6.398536264896392822e-03 9.754175320267677307e-03 5.655849725008010864e-02 6.398536264896392822e-03 9.754175320267677307e-03 5.655849725008010864e-02
3.391000000000000000e+06 6.620189175009727478e-03 9.713724255561828613e-03 5.658341199159622192e-02 6.620189175009727478e-03 9.713724255561828613e-03 5.658341199159622192e-02
3.392000000000000000e+06 6.080858409404754639e-03 9.709582664072513580e-03 5.647719278931617737e-02 6.080858409404754639e-03 9.709582664072513580e-03 5.647719278931617737e-02
3.393000000000000000e+06 9.086931124329566956e-03 9.672594256699085236e-03 5.841479822993278503e-02 9.086931124329566956e-03 9.672594256699085236e-03 5.841479822993278503e-02
3.394000000000000000e+06 6.612164434045553207e-03 9.711479768157005310e-03 5.672283098101615906e-02 6.612164434045553207e-03 9.711479768157005310e-03 5.672283098101615906e-02
3.395000000000000000e+06 7.765677291899919510e-03 9.745316579937934875e-03 5.811062827706336975e-02 7.765677291899919510e-03 9.745316579937934875e-03 5.811062827706336975e-02
3.396000000000000000e+06 6.505052559077739716e-03 9.726841934025287628e-03 5.691584199666976929e-02 6.505052559077739716e-03 9.726841934025287628e-03 5.691584199666976929e-02
3.397000000000000000e+06 6.274613086134195328e-03 9.740997105836868286e-03 5.657704174518585205e-02 6.274613086134195328e-03 9.740997105836868286e-03 5.657704174518585205e-02
3.398000000000000000e+06 6.504195276647806168e-03 9.687344543635845184e-03 5.701923370361328125e-02 6.504195276647806168e-03 9.687344543635845184e-03 5.701923370361328125e-02
3.399000000000000000e+06 7.211209274828433990e-03 9.736380539834499359e-03 5.720262974500656128e-02 7.211209274828433990e-03 9.736380539834499359e-03 5.720262974500656128e-02
3.400000000000000000e+06 6.894960068166255951e-03 9.758021682500839233e-03 5.708460137248039246e-02 6.894960068166255951e-03 9.758021682500839233e-03 5.708460137248039246e-02
3.401000000000000000e+06 5.812772549688816071e-03 9.746130555868148804e-03 5.672910064458847046e-02 5.812772549688816071e-03 9.746130555868148804e-03 5.672910064458847046e-02
3.402000000000000000e+06 6.807051599025726318e-03 9.747124277055263519e-03 5.700960010290145874e-02 6.807051599025726318e-03 9.747124277055263519e-03 5.700960010290145874e-02
3.403000000000000000e+06 6.533508189022541046e-03 9.745522402226924896e-03 5.618472769856452942e-02 6.533508189022541046e-03 9.745522402226924896e-03 5.618472769856452942e-02
3.404000000000000000e+06 5.822494626045227051e-03 9.700174443423748016e-03 5.622939020395278931e-02 5.822494626045227051e-03 9.700174443423748016e-03 5.622939020395278931e-02
3.405000000000000000e+06 7.555875461548566818e-03 9.756769984960556030e-03 5.706825107336044312e-02 7.555875461548566818e-03 9.756769984960556030e-03 5.706825107336044312e-02
3.406000000000000000e+06 7.488496135920286179e-03 9.750413708388805389e-03 5.761201679706573486e-02 7.488496135920286179e-03 9.750413708388805389e-03 5.761201679706573486e-02
3.407000000000000000e+06 6.588164716958999634e-03 9.729371406137943268e-03 5.684025213122367859e-02 6.588164716958999634e-03 9.729371406137943268e-03 5.684025213122367859e-02
3.408000000000000000e+06 6.759973242878913879e-03 9.694283828139305115e-03 5.677313730120658875e-02 6.759973242878913879e-03 9.694283828139305115e-03 5.677313730120658875e-02
3.409000000000000000e+06 7.540476508438587189e-03 9.746897034347057343e-03 5.682731792330741882e-02 7.540476508438587189e-03 9.746897034347057343e-03 5.682731792330741882e-02
3.410000000000000000e+06 6.338205188512802124e-03 9.716627188026905060e-03 5.659792944788932800e-02 6.338205188512802124e-03 9.716627188026905060e-03 5.659792944788932800e-02
3.411000000000000000e+06 7.640553638339042664e-03 9.707873687148094177e-03 5.686592683196067810e-02 7.640553638339042664e-03 9.707873687148094177e-03 5.686592683196067810e-02
3.412000000000000000e+06 7.660726550966501236e-03 9.716782718896865845e-03 5.656428262591362000e-02 7.660726550966501236e-03 9.716782718896865845e-03 5.656428262591362000e-02
3.413000000000000000e+06 6.532644852995872498e-03 9.703018702566623688e-03 5.682494863867759705e-02 6.532644852995872498e-03 9.703018702566623688e-03 5.682494863867759705e-02
3.414000000000000000e+06 6.606521550565958023e-03 9.732104837894439697e-03 5.647777765989303589e-02 6.606521550565958023e-03 9.732104837894439697e-03 5.647777765989303589e-02
3.415000000000000000e+06 6.827893666923046112e-03 9.734822437167167664e-03 5.716972425580024719e-02 6.827893666923046112e-03 9.734822437167167664e-03 5.716972425580024719e-02
3.416000000000000000e+06 7.529700640588998795e-03 9.753214195370674133e-03 5.649192631244659424e-02 7.529700640588998795e-03 9.753214195370674133e-03 5.649192631244659424e-02
3.417000000000000000e+06 6.968986708670854568e-03 9.754041209816932678e-03 5.716126784682273865e-02 6.968986708670854568e-03 9.754041209816932678e-03 5.716126784682273865e-02
3.418000000000000000e+06 6.346601061522960663e-03 9.731440804898738861e-03 5.629545822739601135e-02 6.346601061522960663e-03 9.731440804898738861e-03 5.629545822739601135e-02
3.419000000000000000e+06 6.556464824825525284e-03 9.713790379464626312e-03 5.616552010178565979e-02 6.556464824825525284e-03 9.713790379464626312e-03 5.616552010178565979e-02
3.420000000000000000e+06 7.656086236238479614e-03 9.700560010969638824e-03 5.760571733117103577e-02 7.656086236238479614e-03 9.700560010969638824e-03 5.760571733117103577e-02
3.421000000000000000e+06 6.088131107389926910e-03 9.704768657684326172e-03 5.640586465597152710e-02 6.088131107389926910e-03 9.704768657684326172e-03 5.640586465597152710e-02
3.422000000000000000e+06 6.792746484279632568e-03 9.711569175124168396e-03 5.637781694531440735e-02 6.792746484279632568e-03 9.711569175124168396e-03 5.637781694531440735e-02
3.423000000000000000e+06 6.553806830197572708e-03 9.726086631417274475e-03 5.665958672761917114e-02 6.553806830197572708e-03 9.726086631417274475e-03 5.665958672761917114e-02
3.424000000000000000e+06 5.758896470069885254e-03 9.736326523125171661e-03 5.572696775197982788e-02 5.758896470069885254e-03 9.736326523125171661e-03 5.572696775197982788e-02
3.425000000000000000e+06 6.087685469537973404e-03 9.717499837279319763e-03 5.633484572172164917e-02 6.087685469537973404e-03 9.717499837279319763e-03 5.633484572172164917e-02
3.426000000000000000e+06 7.145097944885492325e-03 9.729367680847644806e-03 5.625304579734802246e-02 7.145097944885492325e-03 9.729367680847644806e-03 5.625304579734802246e-02
3.427000000000000000e+06 6.050604395568370819e-03 9.736870415508747101e-03 5.548749864101409912e-02 6.050604395568370819e-03 9.736870415508747101e-03 5.548749864101409912e-02
3.428000000000000000e+06 6.267125252634286880e-03 9.716612286865711212e-03 5.635619163513183594e-02 6.267125252634286880e-03 9.716612286865711212e-03 5.635619163513183594e-02
3.429000000000000000e+06 6.404381711035966873e-03 9.701950475573539734e-03 5.610124766826629639e-02 6.404381711035966873e-03 9.701950475573539734e-03 5.610124766826629639e-02
3.430000000000000000e+06 6.179890129715204239e-03 9.680797345936298370e-03 5.673100799322128296e-02 6.179890129715204239e-03 9.680797345936298370e-03 5.673100799322128296e-02
3.431000000000000000e+06 6.308347918093204498e-03 9.704125113785266876e-03 5.694987997412681580e-02 6.308347918093204498e-03 9.704125113785266876e-03 5.694987997412681580e-02
3.432000000000000000e+06 6.546700373291969299e-03 9.713871404528617859e-03 5.642810091376304626e-02 6.546700373291969299e-03 9.713871404528617859e-03 5.642810091376304626e-02
3.433000000000000000e+06 6.038400810211896896e-03 9.733998216688632965e-03 5.585210770368576050e-02 6.038400810211896896e-03 9.733998216688632965e-03 5.585210770368576050e-02
3.434000000000000000e+06 6.594429258257150650e-03 9.722910821437835693e-03 5.641992390155792236e-02 6.594429258257150650e-03 9.722910821437835693e-03 5.641992390155792236e-02
3.435000000000000000e+06 5.517798475921154022e-03 9.719169698655605316e-03 5.597424507141113281e-02 5.517798475921154022e-03 9.719169698655605316e-03 5.597424507141113281e-02
3.436000000000000000e+06 6.617534905672073364e-03 9.710495360195636749e-03 5.586943030357360840e-02 6.617534905672073364e-03 9.710495360195636749e-03 5.586943030357360840e-02
3.437000000000000000e+06 7.178664207458496094e-03 9.693300351500511169e-03 5.671787261962890625e-02 7.178664207458496094e-03 9.693300351500511169e-03 5.671787261962890625e-02
3.438000000000000000e+06 7.922125980257987976e-03 9.718980640172958374e-03 5.610406026244163513e-02 7.922125980257987976e-03 9.718980640172958374e-03 5.610406026244163513e-02
3.439000000000000000e+06 6.600492633879184723e-03 9.697622619569301605e-03 5.637025460600852966e-02 6.600492633879184723e-03 9.697622619569301605e-03 5.637025460600852966e-02
3.440000000000000000e+06 5.764769390225410461e-03 9.722211398184299469e-03 5.558995902538299561e-02 5.764769390225410461e-03 9.722211398184299469e-03 5.558995902538299561e-02
3.441000000000000000e+06 6.593986880034208298e-03 9.724741801619529724e-03 5.608776211738586426e-02 6.593986880034208298e-03 9.724741801619529724e-03 5.608776211738586426e-02
3.442000000000000000e+06 5.968570243567228317e-03 9.742708876729011536e-03 5.611099302768707275e-02 5.968570243567228317e-03 9.742708876729011536e-03 5.611099302768707275e-02
3.443000000000000000e+06 7.060849107801914215e-03 9.728133678436279297e-03 5.599932000041007996e-02 7.060849107801914215e-03 9.728133678436279297e-03 5.599932000041007996e-02
3.444000000000000000e+06 6.141056772321462631e-03 9.656889364123344421e-03 5.592915788292884827e-02 6.141056772321462631e-03 9.656889364123344421e-03 5.592915788292884827e-02
3.445000000000000000e+06 7.821717299520969391e-03 9.712657891213893890e-03 5.636791512370109558e-02 7.821717299520969391e-03 9.712657891213893890e-03 5.636791512370109558e-02
3.446000000000000000e+06 6.771699525415897369e-03 9.731333702802658081e-03 5.554914847016334534e-02 6.771699525415897369e-03 9.731333702802658081e-03 5.554914847016334534e-02
3.447000000000000000e+06 6.337460596114397049e-03 9.729753248393535614e-03 5.585413426160812378e-02 6.337460596114397049e-03 9.729753248393535614e-03 5.585413426160812378e-02
3.448000000000000000e+06 6.678134668618440628e-03 9.700009599328041077e-03 5.569019541144371033e-02 6.678134668618440628e-03 9.700009599328041077e-03 5.569019541144371033e-02
3.449000000000000000e+06 6.168502848595380783e-03 9.697417728602886200e-03 5.572367832064628601e-02 6.168502848595380783e-03 9.697417728602886200e-03 5.572367832064628601e-02
3.450000000000000000e+06 7.638125214725732803e-03 9.663811884820461273e-03 5.578720569610595703e-02 7.638125214725732803e-03 9.663811884820461273e-03 5.578720569610595703e-02
3.451000000000000000e+06 7.038374897092580795e-03 9.731232188642024994e-03 5.541771650314331055e-02 7.038374897092580795e-03 9.731232188642024994e-03 5.541771650314331055e-02
3.452000000000000000e+06 6.843758746981620789e-03 9.734641760587692261e-03 5.645585060119628906e-02 6.843758746981620789e-03 9.734641760587692261e-03 5.645585060119628906e-02
3.453000000000000000e+06 6.984806619584560394e-03 9.699556976556777954e-03 5.633742362260818481e-02 6.984806619584560394e-03 9.699556976556777954e-03 5.633742362260818481e-02
3.454000000000000000e+06 6.555887870490550995e-03 9.697175584733486176e-03 5.627779662609100342e-02 6.555887870490550995e-03 9.697175584733486176e-03 5.627779662609100342e-02
3.455000000000000000e+06 7.108497899025678635e-03 9.697986766695976257e-03 5.581728741526603699e-02 7.108497899025678635e-03 9.697986766695976257e-03 5.581728741526603699e-02
3.456000000000000000e+06 8.555850014090538025e-03 9.735514409840106964e-03 5.666080489754676819e-02 8.555850014090538025e-03 9.735514409840106964e-03 5.666080489754676819e-02
3.457000000000000000e+06 6.039434578269720078e-03 9.692192077636718750e-03 5.556706339120864868e-02 6.039434578269720078e-03 9.692192077636718750e-03 5.556706339120864868e-02
3.458000000000000000e+06 7.454792503267526627e-03 9.660110808908939362e-03 5.694881081581115723e-02 7.454792503267526627e-03 9.660110808908939362e-03 5.694881081581115723e-02
3.459000000000000000e+06 7.074709981679916382e-03 9.658735245466232300e-03 5.546160414814949036e-02 7.074709981679916382e-03 9.658735245466232300e-03 5.546160414814949036e-02
3.460000000000000000e+06 6.203257013112306595e-03 9.716521948575973511e-03 5.540279671549797058e-02 6.203257013112306595e-03 9.716521948575973511e-03 5.540279671549797058e-02
3.461000000000000000e+06 6.052797194570302963e-03 9.664953686296939850e-03 5.588936805725097656e-02 6.052797194570302963e-03 9.664953686296939850e-03 5.588936805725097656e-02
3.462000000000000000e+06 7.759406697005033493e-03 9.672635234892368317e-03 5.564007535576820374e-02 7.759406697005033493e-03 9.672635234892368317e-03 5.564007535576820374e-02
3.463000000000000000e+06 6.851543672382831573e-03 9.668529964983463287e-03 5.618198215961456299e-02 6.851543672382831573e-03 9.668529964983463287e-03 5.618198215961456299e-02
3.464000000000000000e+06 6.387545727193355560e-03 9.661587886512279510e-03 5.589829012751579285e-02 6.387545727193355560e-03 9.661587886512279510e-03 5.589829012751579285e-02
3.465000000000000000e+06 7.101639639586210251e-03 9.664083831012248993e-03 5.567600578069686890e-02 7.101639639586210251e-03 9.664083831012248993e-03 5.567600578069686890e-02
3.466000000000000000e+06 5.685328505933284760e-03 9.684287942945957184e-03 5.584903806447982788e-02 5.685328505933284760e-03 9.684287942945957184e-03 5.584903806447982788e-02
3.467000000000000000e+06 7.061938755214214325e-03 9.718178771436214447e-03 5.633230507373809814e-02 7.061938755214214325e-03 9.718178771436214447e-03 5.633230507373809814e-02
3.468000000000000000e+06 7.427389267832040787e-03 9.684862568974494934e-03 5.541181191802024841e-02 7.427389267832040787e-03 9.684862568974494934e-03 5.541181191802024841e-02
3.469000000000000000e+06 6.409439723938703537e-03 9.697357192635536194e-03 5.539603158831596375e-02 6.409439723938703537e-03 9.697357192635536194e-03 5.539603158831596375e-02
3.470000000000000000e+06 7.964540272951126099e-03 9.683107957243919373e-03 5.712186545133590698e-02 7.964540272951126099e-03 9.683107957243919373e-03 5.712186545133590698e-02
3.471000000000000000e+06 6.601595785468816757e-03 9.674977511167526245e-03 5.610713735222816467e-02 6.601595785468816757e-03 9.674977511167526245e-03 5.610713735222816467e-02
3.472000000000000000e+06 6.545272190123796463e-03 9.716284461319446564e-03 5.557062104344367981e-02 6.545272190123796463e-03 9.716284461319446564e-03 5.557062104344367981e-02
3.473000000000000000e+06 6.579964887350797653e-03 9.684779681265354156e-03 5.557986348867416382e-02 6.579964887350797653e-03 9.684779681265354156e-03 5.557986348867416382e-02
3.474000000000000000e+06 7.159287109971046448e-03 9.644945152103900909e-03 5.570480599999427795e-02 7.159287109971046448e-03 9.644945152103900909e-03 5.570480599999427795e-02
3.475000000000000000e+06 6.571143865585327148e-03 9.641530923545360565e-03 5.541247501969337463e-02 6.571143865585327148e-03 9.641530923545360565e-03 5.541247501969337463e-02
3.476000000000000000e+06 6.957573816180229187e-03 9.660862386226654053e-03 5.511296167969703674e-02 6.957573816180229187e-03 9.660862386226654053e-03 5.511296167969703674e-02
3.477000000000000000e+06 6.478232331573963165e-03 9.721029549837112427e-03 5.563287436962127686e-02 6.478232331573963165e-03 9.721029549837112427e-03 5.563287436962127686e-02
3.478000000000000000e+06 7.331560365855693817e-03 9.690428152680397034e-03 5.514961481094360352e-02 7.331560365855693817e-03 9.690428152680397034e-03 5.514961481094360352e-02
3.479000000000000000e+06 7.300707045942544937e-03 9.709665551781654358e-03 5.518543720245361328e-02 7.300707045942544937e-03 9.709665551781654358e-03 5.518543720245361328e-02
3.480000000000000000e+06 6.315215490758419037e-03 9.679649956524372101e-03 5.580735206604003906e-02 6.315215490758419037e-03 9.679649956524372101e-03 5.580735206604003906e-02
3.481000000000000000e+06 6.505035329610109329e-03 9.685657918453216553e-03 5.536648258566856384e-02 6.505035329610109329e-03 9.685657918453216553e-03 5.536648258566856384e-02
3.482000000000000000e+06 6.515989545732736588e-03 9.679487906396389008e-03 5.511962622404098511e-02 6.515989545732736588e-03 9.679487906396389008e-03 5.511962622404098511e-02
3.483000000000000000e+06 8.640126325190067291e-03 9.710446000099182129e-03 5.503213778138160706e-02 8.640126325190067291e-03 9.710446000099182129e-03 5.503213778138160706e-02
3.484000000000000000e+06 6.526920944452285767e-03 9.682985022664070129e-03 5.525187402963638306e-02 6.526920944452285767e-03 9.682985022664070129e-03 5.525187402963638306e-02
3.485000000000000000e+06 6.978508085012435913e-03 9.677617810666561127e-03 5.582809075713157654e-02 6.978508085012435913e-03 9.677617810666561127e-03 5.582809075713157654e-02
3.486000000000000000e+06 6.402410566806793213e-03 9.707516990602016449e-03 5.528892576694488525e-02 6.402410566806793213e-03 9.707516990602016449e-03 5.528892576694488525e-02
3.487000000000000000e+06 6.869281642138957977e-03 9.726923890411853790e-03 5.557151883840560913e-02 6.869281642138957977e-03 9.726923890411853790e-03 5.557151883840560913e-02
3.488000000000000000e+06 7.198529783636331558e-03 9.646075777709484100e-03 5.594478547573089600e-02 7.198529783636331558e-03 9.646075777709484100e-03 5.594478547573089600e-02
3.489000000000000000e+06 6.405037827789783478e-03 9.684810414910316467e-03 5.518193915486335754e-02 6.405037827789783478e-03 9.684810414910316467e-03 5.518193915486335754e-02
3.490000000000000000e+06 6.534779909998178482e-03 9.663237258791923523e-03 5.509698018431663513e-02 6.534779909998178482e-03 9.663237258791923523e-03 5.509698018431663513e-02
3.491000000000000000e+06 7.010545115917921066e-03 9.616213850677013397e-03 5.554748326539993286e-02 7.010545115917921066e-03 9.616213850677013397e-03 5.554748326539993286e-02
3.492000000000000000e+06 6.220598239451646805e-03 9.705550037324428558e-03 5.566324666142463684e-02 6.220598239451646805e-03 9.705550037324428558e-03 5.566324666142463684e-02
3.493000000000000000e+06 6.224597804248332977e-03 9.658063761889934540e-03 5.564924702048301697e-02 6.224597804248332977e-03 9.658063761889934540e-03 5.564924702048301697e-02
3.494000000000000000e+06 6.263490766286849976e-03 9.652947075664997101e-03 5.542882159352302551e-02 6.263490766286849976e-03 9.652947075664997101e-03 5.542882159352302551e-02
3.495000000000000000e+06 6.939581129699945450e-03 9.655047208070755005e-03 5.646488443017005920e-02 6.939581129699945450e-03 9.655047208070755005e-03 5.646488443017005920e-02
3.496000000000000000e+06 7.095399312674999237e-03 9.663281962275505066e-03 5.540590360760688782e-02 7.095399312674999237e-03 9.663281962275505066e-03 5.540590360760688782e-02
3.497000000000000000e+06 7.334925234317779541e-03 9.671299718320369720e-03 5.478121340274810791e-02 7.334925234317779541e-03 9.671299718320369720e-03 5.478121340274810791e-02
3.498000000000000000e+06 6.343510001897811890e-03 9.657127782702445984e-03 5.507420375943183899e-02 6.343510001897811890e-03 9.657127782702445984e-03 5.507420375943183899e-02
3.499000000000000000e+06 6.286676973104476929e-03 9.660822339355945587e-03 5.553643032908439636e-02 6.286676973104476929e-03 9.660822339355945587e-03 5.553643032908439636e-02
3.500000000000000000e+06 6.589653901755809784e-03 9.681872092187404633e-03 5.483640730381011963e-02 6.589653901755809784e-03 9.681872092187404633e-03 5.483640730381011963e-02
3.500000000000000000e+06 6.589653901755809784e-03 9.681872092187404633e-03 5.483640707097947598e-04 6.589653901755809784e-03 9.681872092187404633e-03 5.483640707097947598e-04
3.500019000000000000e+06 6.589653901755809784e-03 9.681872092187404633e-03 5.483640707097947598e-04 6.589653901755809784e-03 9.681872092187404633e-03 5.483640707097947598e-04
